[
    {
        "o": 32888,
        "r": "csb:2 Corinthians:13:1",
        "w": 9,
        "l": {},
        "c": "2Co 12:14*32878",
        "a": "a"
    },
    {
        "o": 32888,
        "r": "csb:2 Corinthians:13:1",
        "w": 22,
        "l": {},
        "t": "13:1*r Dt 17:6; 19:15",
        "a": "b"
    },
    {
        "o": 32888,
        "r": "csb:2 Corinthians:13:1",
        "w": 22,
        "l": {},
        "c": "Dt 17:6*5916; 19:15*5976",
        "a": "c"
    },
    {
        "o": 32889,
        "r": "csb:2 Corinthians:13:2",
        "w": 16,
        "l": {},
        "c": "Gl 5:21*33044; 1Th 3:4*33522",
        "a": "d"
    },
    {
        "o": 32890,
        "r": "csb:2 Corinthians:13:3",
        "w": 8,
        "l": {},
        "c": "Mt 10:20*26454; 1Co 5:4*32220",
        "a": "e"
    },
    {
        "o": 32891,
        "r": "csb:2 Corinthians:13:4",
        "w": 3,
        "l": {},
        "c": "Mt 27:22*27274; Php 2:7–8*33293",
        "a": "f"
    },
    {
        "o": 32891,
        "r": "csb:2 Corinthians:13:4",
        "w": 8,
        "l": {},
        "c": "Rm 14:9*32021; Php 1:21*33274; 1Pt 3:18*34512",
        "a": "g"
    },
    {
        "o": 32891,
        "r": "csb:2 Corinthians:13:4",
        "w": 20,
        "l": {},
        "c": "2Co 12:10*32873",
        "a": "h"
    },
    {
        "o": 32891,
        "r": "csb:2 Corinthians:13:4",
        "w": 28,
        "l": {},
        "c": "Rm 6:4,8*31772",
        "a": "i"
    },
    {
        "o": 32892,
        "r": "csb:2 Corinthians:13:5",
        "w": 0,
        "l": {},
        "c": "Jms 1:13*34322",
        "a": "j"
    },
    {
        "o": 32892,
        "r": "csb:2 Corinthians:13:5",
        "w": 28,
        "l": {},
        "t": "13:5*r Or you are disqualified, or you are counterfeit",
        "a": "k"
    },
    {
        "o": 32894,
        "r": "csb:2 Corinthians:13:7",
        "w": 26,
        "l": {},
        "c": "1Pt 2:12*34476",
        "a": "l"
    },
    {
        "o": 32895,
        "r": "csb:2 Corinthians:13:8",
        "w": 7,
        "l": {},
        "c": "2Th 2:10*33613",
        "a": "m"
    },
    {
        "o": 32896,
        "r": "csb:2 Corinthians:13:9",
        "w": 9,
        "l": {},
        "c": "Ac 25:5*31458",
        "a": "n"
    },
    {
        "o": 32896,
        "r": "csb:2 Corinthians:13:9",
        "w": 17,
        "l": {},
        "t": "13:9*r Or become complete, or be restored",
        "a": "o"
    },
    {
        "o": 32897,
        "r": "csb:2 Corinthians:13:10",
        "w": 36,
        "l": {},
        "c": "1Co 14:3*32472",
        "a": "p"
    },
    {
        "o": 32897,
        "r": "csb:2 Corinthians:13:10",
        "w": 41,
        "l": {},
        "c": "2Co 10:4,8*32810",
        "a": "q"
    },
    {
        "o": 32898,
        "r": "csb:2 Corinthians:13:11",
        "w": 4,
        "l": {},
        "t": "13:11*r Or farewell",
        "a": "r"
    },
    {
        "o": 32898,
        "r": "csb:2 Corinthians:13:11",
        "w": 8,
        "l": {},
        "t": "13:11*r Or listen to my appeal",
        "a": "s"
    },
    {
        "o": 32898,
        "r": "csb:2 Corinthians:13:11",
        "w": 13,
        "l": {},
        "c": "Rm 12:16*31987; Php 1:7*33258",
        "a": "t"
    },
    {
        "o": 32898,
        "r": "csb:2 Corinthians:13:11",
        "w": 16,
        "l": {},
        "c": "Mk 9:50*27774; Rm 16:20*32099; 2Tm 1:2*33786",
        "a": "u"
    },
    {
        "o": 32898,
        "r": "csb:2 Corinthians:13:11",
        "w": 21,
        "l": {},
        "c": "1Jn 4:16*34720",
        "a": "v"
    },
    {
        "o": 32899,
        "r": "csb:2 Corinthians:13:12",
        "w": 6,
        "l": {},
        "c": "Rm 16:16*32094; 1Co 16:20*32600; 1Th 5:26*33584; 1Pt 5:14*34556",
        "a": "w"
    },
    {
        "o": 32900,
        "r": "csb:2 Corinthians:13:13",
        "w": 9,
        "l": {},
        "c": "1Co 13:1*32455; 1Jn 4:16*34720",
        "a": "x"
    },
    {
        "o": 32900,
        "r": "csb:2 Corinthians:13:13",
        "w": 22,
        "l": {},
        "t": "13:12–13*r Some translations divide these two vv. into three vv. so that v. 13 begins with All the saints...  and v. 14 begins with The grace of...",
        "a": "y"
    },
    {
        "o": 32900,
        "r": "csb:2 Corinthians:13:13",
        "w": 22,
        "l": {},
        "c": "2Th 3:16*33641",
        "a": "z"
    }
]
