[
    {
        "o": 32886,
        "r": "csb:2 Corinthians:13:0",
        "t": "2 Corinthians 13",
        "h": 1
    },
    {
        "o": 32887,
        "r": "csb:2 Corinthians:13:0",
        "t": "Final Warnings and Exhortations",
        "h": 2
    },
    {
        "o": 32888,
        "r": "csb:2 Corinthians:13:1",
        "t": "This*p is the third time I am coming to you. Every*i matter*i must*i be*i established*i by*i the*i testimony*i of*i two*i or*i three*i witnesses.*i"
    },
    {
        "o": 32889,
        "r": "csb:2 Corinthians:13:2",
        "t": "I gave a warning when I was present the second time, and now I give a warning while I am absent to those who sinned before and to all the rest: If I come again, I will not be lenient,"
    },
    {
        "o": 32890,
        "r": "csb:2 Corinthians:13:3",
        "t": "since you seek proof of Christ speaking in me. He is not weak in dealing with you, but powerful among you."
    },
    {
        "o": 32891,
        "r": "csb:2 Corinthians:13:4",
        "t": "For he was crucified in weakness, but he lives by the power of God. For we also are weak in him, but in dealing with you we will live with him by God’s power."
    },
    {
        "o": 32892,
        "r": "csb:2 Corinthians:13:5",
        "t": "Test*p yourselves to see if you are in the faith. Examine yourselves. Or do you yourselves not recognize that Jesus Christ is in you? - unless you fail the test."
    },
    {
        "o": 32893,
        "r": "csb:2 Corinthians:13:6",
        "t": "And I hope you will recognize that we ourselves do not fail the test."
    },
    {
        "o": 32894,
        "r": "csb:2 Corinthians:13:7",
        "t": "But we pray to God that you do nothing wrong - not that we may appear to pass the test, but that you may do what is right, even though we may appear to fail."
    },
    {
        "o": 32895,
        "r": "csb:2 Corinthians:13:8",
        "t": "For we can’t do anything against the truth, but only for the truth."
    },
    {
        "o": 32896,
        "r": "csb:2 Corinthians:13:9",
        "t": "We rejoice when we are weak and you are strong. We also pray that you become fully mature."
    },
    {
        "o": 32897,
        "r": "csb:2 Corinthians:13:10",
        "t": "This is why I am writing these things while absent, so that when I am there I may not have to deal harshly with you, in keeping with the authority the Lord gave me for building up and not for tearing down."
    },
    {
        "o": 32898,
        "r": "csb:2 Corinthians:13:11",
        "t": "Finally,*p brothers and sisters, rejoice. Become mature, be encouraged, be of the same mind, be at peace, and the God of love and peace will be with you."
    },
    {
        "o": 32899,
        "r": "csb:2 Corinthians:13:12",
        "t": "Greet one another with a holy kiss. All the saints send you greetings."
    },
    {
        "o": 32900,
        "r": "csb:2 Corinthians:13:13",
        "t": "The*p grace of the Lord Jesus Christ, and the love of God, and the fellowship of the Holy Spirit be with you all."
    }
]
