[
    {
        "o": 13145,
        "r": "csb:2 Chronicles:30:1",
        "w": 36,
        "l": {},
        "c": "Ex 12:1–28*2006; 13:1–10*2060",
        "a": "a"
    },
    {
        "o": 13146,
        "r": "csb:2 Chronicles:30:2",
        "w": 23,
        "l": {},
        "c": "Nm 9:6–14*4368; 2Ch 30:13,15*13157",
        "a": "b"
    },
    {
        "o": 13147,
        "r": "csb:2 Chronicles:30:3",
        "w": 19,
        "l": {},
        "c": "2Ch 29:34*13140",
        "a": "c"
    },
    {
        "o": 13149,
        "r": "csb:2 Chronicles:30:5",
        "w": 15,
        "l": {},
        "c": "Jdg 20:1*7813",
        "a": "d"
    },
    {
        "o": 13149,
        "r": "csb:2 Chronicles:30:5",
        "w": 36,
        "l": {},
        "t": "30:5*r Or in great numbers",
        "a": "e"
    },
    {
        "o": 13149,
        "r": "csb:2 Chronicles:30:5",
        "w": 38,
        "l": {},
        "t": "30:5*r Lit often, according to what is written",
        "a": "f"
    },
    {
        "o": 13150,
        "r": "csb:2 Chronicles:30:6",
        "w": 2,
        "l": {},
        "c": "Est 8:14*14276; Jb 9:25*14544; Jr 51:31*22717",
        "a": "g"
    },
    {
        "o": 13150,
        "r": "csb:2 Chronicles:30:6",
        "w": 58,
        "l": {},
        "c": "2Ch 28:20*13094",
        "a": "h"
    },
    {
        "o": 13151,
        "r": "csb:2 Chronicles:30:7",
        "w": 18,
        "l": {},
        "c": "Ezk 20:13*23530",
        "a": "i"
    },
    {
        "o": 13151,
        "r": "csb:2 Chronicles:30:7",
        "w": 27,
        "l": {},
        "c": "2Ch 29:8*13112",
        "a": "j"
    },
    {
        "o": 13152,
        "r": "csb:2 Chronicles:30:8",
        "w": 2,
        "l": {},
        "t": "30:8*r Lit Don’t stiffen your neck",
        "a": "k"
    },
    {
        "o": 13152,
        "r": "csb:2 Chronicles:30:8",
        "w": 2,
        "l": {},
        "c": "Ex 32:9*2708",
        "a": "l"
    },
    {
        "o": 13152,
        "r": "csb:2 Chronicles:30:8",
        "w": 10,
        "l": {},
        "t": "30:8*r Lit hand",
        "a": "m"
    },
    {
        "o": 13152,
        "r": "csb:2 Chronicles:30:8",
        "w": 39,
        "l": {},
        "c": "2Ch 29:10*13114",
        "a": "n"
    },
    {
        "o": 13153,
        "r": "csb:2 Chronicles:30:9",
        "w": 26,
        "l": {},
        "c": "Dt 30:2–3*6309",
        "a": "o"
    },
    {
        "o": 13153,
        "r": "csb:2 Chronicles:30:9",
        "w": 35,
        "l": {},
        "c": "Ex 34:6–7*2768; Mc 7:18*25555",
        "a": "p"
    },
    {
        "o": 13154,
        "r": "csb:2 Chronicles:30:10",
        "w": 20,
        "l": {},
        "t": "30:10*r Lit but they",
        "a": "q"
    },
    {
        "o": 13154,
        "r": "csb:2 Chronicles:30:10",
        "w": 26,
        "l": {},
        "c": "2Ch 36:16*13357",
        "a": "r"
    },
    {
        "o": 13155,
        "r": "csb:2 Chronicles:30:11",
        "w": 12,
        "l": {},
        "c": "2Ch 30:18,21,25*13162",
        "a": "s"
    },
    {
        "o": 13156,
        "r": "csb:2 Chronicles:30:12",
        "w": 12,
        "l": {},
        "t": "30:12*r Lit to give them one heart",
        "a": "t"
    },
    {
        "o": 13158,
        "r": "csb:2 Chronicles:30:14",
        "w": 10,
        "l": {},
        "c": "2Ch 28:24*13098",
        "a": "u"
    },
    {
        "o": 13158,
        "r": "csb:2 Chronicles:30:14",
        "w": 24,
        "l": {},
        "c": "2Ch 29:16*13121",
        "a": "v"
    },
    {
        "o": 13159,
        "r": "csb:2 Chronicles:30:15",
        "w": 4,
        "l": {},
        "c": "2Ch 30:2–3*13146",
        "a": "w"
    },
    {
        "o": 13160,
        "r": "csb:2 Chronicles:30:16",
        "w": 5,
        "l": {},
        "c": "2Ch 35:10,15*13317",
        "a": "x"
    },
    {
        "o": 13161,
        "r": "csb:2 Chronicles:30:17",
        "w": 34,
        "l": {},
        "c": "2Ch 29:34*13140",
        "a": "y"
    },
    {
        "o": 13162,
        "r": "csb:2 Chronicles:30:18",
        "w": 21,
        "l": {},
        "c": "Nm 9:10*4372",
        "a": "z"
    },
    {
        "o": 13162,
        "r": "csb:2 Chronicles:30:18",
        "w": 26,
        "l": {},
        "c": "Ex 12:43–49*2050",
        "a": "a"
    },
    {
        "o": 13163,
        "r": "csb:2 Chronicles:30:19",
        "w": 7,
        "l": {},
        "c": "2Ch 19:3*12852",
        "a": "b"
    },
    {
        "o": 13164,
        "r": "csb:2 Chronicles:30:20",
        "w": 8,
        "l": {},
        "c": "Ps 41:4*16187; Hs 14:4*25083",
        "a": "c"
    },
    {
        "o": 13165,
        "r": "csb:2 Chronicles:30:21",
        "w": 17,
        "l": {},
        "c": "Ex 12:15*2020; 13:6*2065",
        "a": "d"
    },
    {
        "o": 13166,
        "r": "csb:2 Chronicles:30:22",
        "w": 2,
        "l": {},
        "t": "30:22*r Lit spoke to the heart of",
        "a": "e"
    },
    {
        "o": 13166,
        "r": "csb:2 Chronicles:30:22",
        "w": 2,
        "l": {},
        "c": "2Ch 32:6*13203",
        "a": "f"
    },
    {
        "o": 13166,
        "r": "csb:2 Chronicles:30:22",
        "w": 34,
        "l": {},
        "c": "Ezr 10:11*13645",
        "a": "g"
    },
    {
        "o": 13167,
        "r": "csb:2 Chronicles:30:23",
        "w": 5,
        "l": {},
        "c": "1Kg 8:65*9999",
        "a": "h"
    },
    {
        "o": 13168,
        "r": "csb:2 Chronicles:30:24",
        "w": 29,
        "l": {},
        "c": "2Ch 35:7–8*13314",
        "a": "i"
    },
    {
        "o": 13168,
        "r": "csb:2 Chronicles:30:24",
        "w": 34,
        "l": {},
        "c": "2Ch 29:34*13140; 30:3*13147",
        "a": "j"
    },
    {
        "o": 13170,
        "r": "csb:2 Chronicles:30:26",
        "w": 23,
        "l": {},
        "c": "2Ch 7:8–10*12566",
        "a": "k"
    },
    {
        "o": 13171,
        "r": "csb:2 Chronicles:30:27",
        "w": 5,
        "l": {},
        "c": "2Ch 23:18*12965",
        "a": "l"
    },
    {
        "o": 13171,
        "r": "csb:2 Chronicles:30:27",
        "w": 10,
        "l": {},
        "c": "Nm 6:23–27*4236",
        "a": "m"
    },
    {
        "o": 13171,
        "r": "csb:2 Chronicles:30:27",
        "w": 23,
        "l": {},
        "c": "Dt 26:15*6169; Ps 68:5*16627",
        "a": "n"
    }
]
