[
    {
        "o": 34584,
        "r": "csb:2 Peter:2:1",
        "w": 4,
        "l": {},
        "c": "Dt 13:1–5*5801; Mt 7:15*26329",
        "a": "a"
    },
    {
        "o": 34584,
        "r": "csb:2 Peter:2:1",
        "w": 14,
        "l": {},
        "c": "Ac 20:29*31296; 2Co 11:13–15*32839; Gl 2:4*32934; 1Tm 4:1*33708; 2Tm 4:3*33858",
        "a": "b"
    },
    {
        "o": 34584,
        "r": "csb:2 Peter:2:1",
        "w": 28,
        "l": {},
        "c": "1Co 6:20*32253; 7:23*32281",
        "a": "c"
    },
    {
        "o": 34585,
        "r": "csb:2 Peter:2:2",
        "w": 16,
        "l": {},
        "c": "Rm 2:24*31670",
        "a": "d"
    },
    {
        "o": 34586,
        "r": "csb:2 Peter:2:3",
        "w": 2,
        "l": {},
        "c": "Jms 4:13*34403",
        "a": "e"
    },
    {
        "o": 34586,
        "r": "csb:2 Peter:2:3",
        "w": 6,
        "l": {},
        "c": "Eph 5:3*33186",
        "a": "f"
    },
    {
        "o": 34586,
        "r": "csb:2 Peter:2:3",
        "w": 11,
        "l": {},
        "c": "Mt 12:41*26561; 23:33*27045; Rm 3:8*31686",
        "a": "g"
    },
    {
        "o": 34587,
        "r": "csb:2 Peter:2:4",
        "w": 4,
        "l": {},
        "c": "Rm 8:32*31858; Jd 6*34797",
        "a": "h"
    },
    {
        "o": 34587,
        "r": "csb:2 Peter:2:4",
        "w": 13,
        "l": {},
        "t": "2:4*r Gk Tartarus",
        "a": "i"
    },
    {
        "o": 34587,
        "r": "csb:2 Peter:2:4",
        "w": 13,
        "l": {},
        "c": "Rv 20:2–3,10*35241",
        "a": "j"
    },
    {
        "o": 34587,
        "r": "csb:2 Peter:2:4",
        "w": 18,
        "l": {},
        "t": "2:4*r Other mss read in pits",
        "a": "k"
    },
    {
        "o": 34587,
        "r": "csb:2 Peter:2:4",
        "w": 26,
        "l": {},
        "c": "Mt 25:41*27157",
        "a": "l"
    },
    {
        "o": 34588,
        "r": "csb:2 Peter:2:5",
        "w": 10,
        "l": {},
        "c": "Gn 5:29*147",
        "a": "m"
    },
    {
        "o": 34588,
        "r": "csb:2 Peter:2:5",
        "w": 17,
        "l": {},
        "t": "2:5*r Lit Noah, the eighth, a preacher of righteousness",
        "a": "n"
    },
    {
        "o": 34588,
        "r": "csb:2 Peter:2:5",
        "w": 17,
        "l": {},
        "c": "1Pt 3:20*34514",
        "a": "o"
    },
    {
        "o": 34589,
        "r": "csb:2 Peter:2:6",
        "w": 9,
        "l": {},
        "c": "Gn 19:24*532; Jd 7*34798",
        "a": "p"
    },
    {
        "o": 34589,
        "r": "csb:2 Peter:2:6",
        "w": 16,
        "l": {},
        "t": "2:6*r Other mss omit to extinction",
        "a": "q"
    },
    {
        "o": 34589,
        "r": "csb:2 Peter:2:6",
        "w": 27,
        "l": {},
        "c": "Is 1:9*19773; Jd 15*34807",
        "a": "r"
    },
    {
        "o": 34590,
        "r": "csb:2 Peter:2:7",
        "w": 5,
        "l": {},
        "c": "Gn 19:16*524",
        "a": "s"
    },
    {
        "o": 34591,
        "r": "csb:2 Peter:2:8",
        "w": 23,
        "l": {},
        "c": "Ps 119:136,158*17912; Ezk 9:4*23221",
        "a": "t"
    },
    {
        "o": 34592,
        "r": "csb:2 Peter:2:9",
        "w": 6,
        "l": {},
        "c": "1Co 10:13*32359",
        "a": "u"
    },
    {
        "o": 34592,
        "r": "csb:2 Peter:2:9",
        "w": 22,
        "l": {},
        "c": "Mt 10:15*26449; Jd 6*34797",
        "a": "v"
    },
    {
        "o": 34593,
        "r": "csb:2 Peter:2:10",
        "w": 12,
        "l": {},
        "c": "Jd 8–12*34799",
        "a": "w"
    },
    {
        "o": 34594,
        "r": "csb:2 Peter:2:11",
        "w": 19,
        "l": {},
        "t": "2:11*r Other mss read them from the Lord",
        "a": "x"
    },
    {
        "o": 34596,
        "r": "csb:2 Peter:2:13",
        "w": 31,
        "l": {},
        "t": "2:13*r Other mss read delighting in the love feasts",
        "a": "y"
    },
    {
        "o": 34597,
        "r": "csb:2 Peter:2:14",
        "w": 5,
        "l": {},
        "c": "Mt 5:27–28*26244",
        "a": "z"
    },
    {
        "o": 34597,
        "r": "csb:2 Peter:2:14",
        "w": 25,
        "l": {},
        "c": "Jr 23:14*21872; Hs 4:2*24904; Eph 2:3*33103; Heb 2:13*33996",
        "a": "a"
    },
    {
        "o": 34598,
        "r": "csb:2 Peter:2:15",
        "w": 8,
        "l": {},
        "c": "Ac 13:10*30975",
        "a": "b"
    },
    {
        "o": 34598,
        "r": "csb:2 Peter:2:15",
        "w": 15,
        "l": {},
        "c": "Nm 22:5–7*4819; Dt 23:4*6073; Neh 13:2*14099; Jd 11*34803; Rv 2:14*34860",
        "a": "c"
    },
    {
        "o": 34598,
        "r": "csb:2 Peter:2:15",
        "w": 19,
        "l": {},
        "t": "2:15*r Other mss read Beor",
        "a": "d"
    },
    {
        "o": 34598,
        "r": "csb:2 Peter:2:15",
        "w": 25,
        "l": {},
        "c": "Hs 9:1*24990; Mc 1:7*25438; Ac 1:18*30481",
        "a": "e"
    },
    {
        "o": 34599,
        "r": "csb:2 Peter:2:16",
        "w": 19,
        "l": {},
        "c": "Nm 22:22–35*4837",
        "a": "f"
    },
    {
        "o": 34600,
        "r": "csb:2 Peter:2:17",
        "w": 19,
        "l": {},
        "c": "Jd 13*34805",
        "a": "g"
    },
    {
        "o": 34601,
        "r": "csb:2 Peter:2:18",
        "w": 5,
        "l": {},
        "c": "Jd 16*34808",
        "a": "h"
    },
    {
        "o": 34601,
        "r": "csb:2 Peter:2:18",
        "w": 17,
        "l": {},
        "t": "2:18*r Or people who are actually escaping",
        "a": "i"
    },
    {
        "o": 34602,
        "r": "csb:2 Peter:2:19",
        "w": 18,
        "l": {},
        "c": "Jn 8:34*29872; Rm 6:16*31785; 7:5*31799",
        "a": "j"
    },
    {
        "o": 34603,
        "r": "csb:2 Peter:2:20",
        "w": 12,
        "l": {},
        "t": "2:20*r Other mss read our Lord",
        "a": "k"
    },
    {
        "o": 34603,
        "r": "csb:2 Peter:2:20",
        "w": 16,
        "l": {},
        "c": "2Pt 1:2*34561",
        "a": "l"
    },
    {
        "o": 34603,
        "r": "csb:2 Peter:2:20",
        "w": 35,
        "l": {},
        "c": "Mt 12:45*26567; Lk 11:26*28757",
        "a": "m"
    },
    {
        "o": 34604,
        "r": "csb:2 Peter:2:21",
        "w": 15,
        "l": {},
        "c": "Pr 8:20*18616; 12:28*18747; 16:31*18875; 21:21*19014; Mt 21:32*26945",
        "a": "n"
    },
    {
        "o": 34604,
        "r": "csb:2 Peter:2:21",
        "w": 26,
        "l": {},
        "c": "Rm 7:12*31807; 1Tm 6:14*33772",
        "a": "o"
    },
    {
        "o": 34604,
        "r": "csb:2 Peter:2:21",
        "w": 27,
        "l": {},
        "c": "Jd 3*34793",
        "a": "p"
    },
    {
        "o": 34604,
        "r": "csb:2 Peter:2:21",
        "w": 29,
        "l": {},
        "c": "Ezk 18:1–32*23468; Heb 6:4–6*34065; 10:26–27*34190",
        "a": "q"
    },
    {
        "o": 34605,
        "r": "csb:2 Peter:2:22",
        "w": 16,
        "l": {},
        "t": "2:22*r Pr 26:11",
        "a": "r"
    },
    {
        "o": 34605,
        "r": "csb:2 Peter:2:22",
        "w": 16,
        "l": {},
        "c": "Pr 26:11*19168",
        "a": "s"
    }
]
