[
    {
        "o": 7985,
        "r": "csb:1 Samuel:1:1",
        "w": 5,
        "l": {},
        "c": "1Sm 1:19*8004",
        "a": "a"
    },
    {
        "o": 7985,
        "r": "csb:1 Samuel:1:1",
        "w": 6,
        "l": {},
        "t": "1:1*r Or from Ramathaim, a Zuphite from",
        "a": "b"
    },
    {
        "o": 7985,
        "r": "csb:1 Samuel:1:1",
        "w": 11,
        "l": {},
        "c": "Jos 17:14–18*6954; Jdg 17:1*7733",
        "a": "c"
    },
    {
        "o": 7985,
        "r": "csb:1 Samuel:1:1",
        "w": 15,
        "l": {},
        "c": "1Ch 6:22–28,33–38*11618",
        "a": "d"
    },
    {
        "o": 7986,
        "r": "csb:1 Samuel:1:2",
        "w": 3,
        "l": {},
        "c": "Dt 21:15–17*6023",
        "a": "e"
    },
    {
        "o": 7986,
        "r": "csb:1 Samuel:1:2",
        "w": 7,
        "l": {},
        "c": "Lk 2:36*28262",
        "a": "f"
    },
    {
        "o": 7987,
        "r": "csb:1 Samuel:1:3",
        "w": 9,
        "l": {},
        "c": "Ex 34:23*2786; Dt 16:16*5900; Lk 2:41*28269",
        "a": "g"
    },
    {
        "o": 7987,
        "r": "csb:1 Samuel:1:3",
        "w": 14,
        "l": {},
        "c": "Ex 23:14–17*2384",
        "a": "h"
    },
    {
        "o": 7987,
        "r": "csb:1 Samuel:1:3",
        "w": 21,
        "l": {},
        "c": "Jos 18:1*6961",
        "a": "i"
    },
    {
        "o": 7988,
        "r": "csb:1 Samuel:1:4",
        "w": 11,
        "l": {},
        "c": "Dt 12:17–18*5783",
        "a": "j"
    },
    {
        "o": 7989,
        "r": "csb:1 Samuel:1:5",
        "w": 4,
        "l": {},
        "t": "1:5*r Or gave only one; Hb obscure",
        "a": "k"
    },
    {
        "o": 7989,
        "r": "csb:1 Samuel:1:5",
        "w": 5,
        "l": {},
        "c": "Gn 43:34*1454; 48:22*1620",
        "a": "l"
    },
    {
        "o": 7991,
        "r": "csb:1 Samuel:1:7",
        "w": 10,
        "l": {},
        "c": "Jos 18:1*6961",
        "a": "m"
    },
    {
        "o": 7992,
        "r": "csb:1 Samuel:1:8",
        "w": 26,
        "l": {},
        "c": "Ru 4:15*7974",
        "a": "n"
    },
    {
        "o": 7993,
        "r": "csb:1 Samuel:1:9",
        "w": 12,
        "l": {},
        "t": "1:9*r LXX adds and presented herself before the Lord",
        "a": "o"
    },
    {
        "o": 7993,
        "r": "csb:1 Samuel:1:9",
        "w": 27,
        "l": {},
        "c": "1Sm 3:3*8057",
        "a": "p"
    },
    {
        "o": 7994,
        "r": "csb:1 Samuel:1:10",
        "w": 11,
        "l": {},
        "c": "1Sm 30:6*8830; 2Kg 4:27*10649",
        "a": "q"
    },
    {
        "o": 7995,
        "r": "csb:1 Samuel:1:11",
        "w": 2,
        "l": {},
        "c": "Nm 30:6–11*5124",
        "a": "r"
    },
    {
        "o": 7995,
        "r": "csb:1 Samuel:1:11",
        "w": 16,
        "l": {},
        "c": "Gn 29:32*915",
        "a": "s"
    },
    {
        "o": 7995,
        "r": "csb:1 Samuel:1:11",
        "w": 47,
        "l": {},
        "t": "1:11*r Lit and no razor will go up on his head",
        "a": "t"
    },
    {
        "o": 7995,
        "r": "csb:1 Samuel:1:11",
        "w": 47,
        "l": {},
        "c": "Nm 6:5*4217; Jdg 13:5*7632; 16:7*7705",
        "a": "u"
    },
    {
        "o": 7997,
        "r": "csb:1 Samuel:1:13",
        "w": 3,
        "l": {},
        "c": "Gn 24:42–45*698",
        "a": "v"
    },
    {
        "o": 7998,
        "r": "csb:1 Samuel:1:14",
        "w": 11,
        "l": {},
        "c": "Ac 2:4,13*30495",
        "a": "w"
    },
    {
        "o": 7999,
        "r": "csb:1 Samuel:1:15",
        "w": 28,
        "l": {},
        "c": "Ps 62:8*16539",
        "a": "x"
    },
    {
        "o": 8000,
        "r": "csb:1 Samuel:1:16",
        "w": 7,
        "l": {},
        "c": "1Sm 2:12*8028",
        "a": "y"
    },
    {
        "o": 8000,
        "r": "csb:1 Samuel:1:16",
        "w": 18,
        "l": {},
        "c": "Lk 6:45*28473",
        "a": "z"
    },
    {
        "o": 8001,
        "r": "csb:1 Samuel:1:17",
        "w": 4,
        "l": {},
        "c": "1Sm 25:35*8732; 2Kg 5:19*10691; Mk 5:34*27562",
        "a": "a"
    },
    {
        "o": 8001,
        "r": "csb:1 Samuel:1:17",
        "w": 17,
        "l": {},
        "c": "Ru 2:13*7927",
        "a": "b"
    },
    {
        "o": 8002,
        "r": "csb:1 Samuel:1:18",
        "w": 6,
        "l": {},
        "c": "Ru 2:13*7927",
        "a": "c"
    },
    {
        "o": 8002,
        "r": "csb:1 Samuel:1:18",
        "w": 21,
        "l": {},
        "t": "1:18*r Lit and her face was not to her again",
        "a": "d"
    },
    {
        "o": 8002,
        "r": "csb:1 Samuel:1:18",
        "w": 21,
        "l": {},
        "c": "Rm 15:13*32053",
        "a": "e"
    },
    {
        "o": 8004,
        "r": "csb:1 Samuel:1:19",
        "w": 19,
        "l": {},
        "c": "1Sm 1:1*7985; 2:11*8027",
        "a": "f"
    },
    {
        "o": 8004,
        "r": "csb:1 Samuel:1:19",
        "w": 32,
        "l": {},
        "c": "Gn 8:1*206; 30:22*941; 1Sm 1:11*7995",
        "a": "g"
    },
    {
        "o": 8005,
        "r": "csb:1 Samuel:1:20",
        "w": 2,
        "l": {},
        "t": "1:20*r Lit In the turning of the days",
        "a": "h"
    },
    {
        "o": 8005,
        "r": "csb:1 Samuel:1:20",
        "w": 14,
        "l": {},
        "t": "1:20*r In Hb, the name Samuel sounds like the phrase “requested from God.”",
        "a": "i"
    },
    {
        "o": 8006,
        "r": "csb:1 Samuel:1:21",
        "w": 12,
        "l": {},
        "c": "Dt 12:11*5776; 1Sm 1:3*7987",
        "a": "j"
    },
    {
        "o": 8007,
        "r": "csb:1 Samuel:1:22",
        "w": 22,
        "l": {},
        "c": "Lk 2:22*28246",
        "a": "k"
    },
    {
        "o": 8007,
        "r": "csb:1 Samuel:1:22",
        "w": 27,
        "l": {},
        "c": "1Sm 1:11,28*7995",
        "a": "l"
    },
    {
        "o": 8008,
        "r": "csb:1 Samuel:1:23",
        "w": 9,
        "l": {},
        "c": "Nm 30:10–11*5128",
        "a": "m"
    },
    {
        "o": 8008,
        "r": "csb:1 Samuel:1:23",
        "w": 21,
        "l": {},
        "t": "1:23*r DSS, LXX, Syr; MT reads his",
        "a": "n"
    },
    {
        "o": 8008,
        "r": "csb:1 Samuel:1:23",
        "w": 22,
        "l": {},
        "c": "Nm 30:13*5131",
        "a": "o"
    },
    {
        "o": 8009,
        "r": "csb:1 Samuel:1:24",
        "w": 17,
        "l": {},
        "t": "1:24*r DSS, LXX, Syr; MT reads Shiloh with three bulls",
        "a": "p"
    },
    {
        "o": 8009,
        "r": "csb:1 Samuel:1:24",
        "w": 20,
        "l": {},
        "t": "1:24*r Lit bull and an ephah",
        "a": "q"
    },
    {
        "o": 8009,
        "r": "csb:1 Samuel:1:24",
        "w": 28,
        "l": {},
        "c": "Nm 15:9–10*4579",
        "a": "r"
    },
    {
        "o": 8009,
        "r": "csb:1 Samuel:1:24",
        "w": 34,
        "l": {},
        "t": "1:24*r Lit And the youth was a youth",
        "a": "s"
    },
    {
        "o": 8009,
        "r": "csb:1 Samuel:1:24",
        "w": 43,
        "l": {},
        "c": "Jos 18:1*6961; 1Sm 4:3–4*8081",
        "a": "t"
    },
    {
        "o": 8011,
        "r": "csb:1 Samuel:1:26",
        "w": 9,
        "l": {},
        "c": "2Kg 2:2,4,6*10562",
        "a": "u"
    },
    {
        "o": 8012,
        "r": "csb:1 Samuel:1:27",
        "w": 4,
        "l": {},
        "c": "1Sm 1:11–13*7995",
        "a": "v"
    },
    {
        "o": 8012,
        "r": "csb:1 Samuel:1:27",
        "w": 15,
        "l": {},
        "c": "1Sm 1:17,20*8001",
        "a": "w"
    },
    {
        "o": 8013,
        "r": "csb:1 Samuel:1:28",
        "w": 19,
        "l": {},
        "c": "1Sm 1:11*7995",
        "a": "x"
    },
    {
        "o": 8013,
        "r": "csb:1 Samuel:1:28",
        "w": 21,
        "l": {},
        "t": "1:28*r DSS read she; some Hb mss, Syr, Vg read they",
        "a": "y"
    },
    {
        "o": 8013,
        "r": "csb:1 Samuel:1:28",
        "w": 25,
        "l": {},
        "t": "1:28*r LXX reads Then she left him there before the Lord",
        "a": "z"
    }
]
