[
    {
        "o": 12040,
        "r": "csb:1 Chronicles:17:1",
        "w": 1,
        "l": {},
        "c": "2Sm 7:1–3*9044",
        "a": "a"
    },
    {
        "o": 12040,
        "r": "csb:1 Chronicles:17:1",
        "w": 31,
        "l": {},
        "c": "Hg 1:4*25747",
        "a": "b"
    },
    {
        "o": 12042,
        "r": "csb:1 Chronicles:17:3",
        "w": 2,
        "l": {},
        "c": "2Sm 7:4–17*9047",
        "a": "c"
    },
    {
        "o": 12043,
        "r": "csb:1 Chronicles:17:4",
        "w": 25,
        "l": {},
        "c": "1Ch 22:7–8*12161; 28:2–3*12349",
        "a": "d"
    },
    {
        "o": 12044,
        "r": "csb:1 Chronicles:17:5",
        "w": 34,
        "l": {},
        "t": "17:5*r Lit I was from tent to tent and from tabernacle",
        "a": "e"
    },
    {
        "o": 12044,
        "r": "csb:1 Chronicles:17:5",
        "w": 34,
        "l": {},
        "c": "Ex 40:2–3*3003; 2Sm 7:6*9049",
        "a": "f"
    },
    {
        "o": 12045,
        "r": "csb:1 Chronicles:17:6",
        "w": 36,
        "l": {},
        "c": "2Sm 7:7*9050",
        "a": "g"
    },
    {
        "o": 12046,
        "r": "csb:1 Chronicles:17:7",
        "w": 37,
        "l": {},
        "c": "1Sm 16:11–13*8417",
        "a": "h"
    },
    {
        "o": 12048,
        "r": "csb:1 Chronicles:17:9",
        "w": 11,
        "l": {},
        "c": "Ex 15:17*2135",
        "a": "i"
    },
    {
        "o": 12051,
        "r": "csb:1 Chronicles:17:12",
        "w": 10,
        "l": {},
        "c": "1Kg 5:2–5*9813; 6:14,38*9846; 8:17–20*9949; 2Ch 6:2*12515",
        "a": "j"
    },
    {
        "o": 12052,
        "r": "csb:1 Chronicles:17:13",
        "w": 10,
        "l": {},
        "c": "Heb 1:5*33971",
        "a": "k"
    },
    {
        "o": 12052,
        "r": "csb:1 Chronicles:17:13",
        "w": 30,
        "l": {},
        "c": "1Sm 15:23–28*8392; 1Ch 10:14*11832",
        "a": "l"
    },
    {
        "o": 12053,
        "r": "csb:1 Chronicles:17:14",
        "w": 17,
        "l": {},
        "c": "Ps 89:29,36*17141",
        "a": "m"
    },
    {
        "o": 12056,
        "r": "csb:1 Chronicles:17:16",
        "w": 0,
        "l": {},
        "c": "2Sm 7:18–29*9062",
        "a": "n"
    },
    {
        "o": 12057,
        "r": "csb:1 Chronicles:17:17",
        "w": 6,
        "l": {},
        "t": "17:17*r Lit thing in your eyes",
        "a": "o"
    },
    {
        "o": 12057,
        "r": "csb:1 Chronicles:17:17",
        "w": 27,
        "l": {},
        "t": "17:17*r Hb obscure",
        "a": "p"
    },
    {
        "o": 12059,
        "r": "csb:1 Chronicles:17:19",
        "w": 24,
        "l": {},
        "c": "Is 37:35*20599",
        "a": "q"
    },
    {
        "o": 12061,
        "r": "csb:1 Chronicles:17:21",
        "w": 42,
        "l": {},
        "c": "Dt 4:32–38*5538",
        "a": "r"
    },
    {
        "o": 12062,
        "r": "csb:1 Chronicles:17:22",
        "w": 15,
        "l": {},
        "c": "Ex 6:7*1832; 19:5–6*2239",
        "a": "s"
    },
    {
        "o": 12065,
        "r": "csb:1 Chronicles:17:25",
        "w": 6,
        "l": {},
        "t": "17:25*r Lit have uncovered the ear of",
        "a": "t"
    },
    {
        "o": 12065,
        "r": "csb:1 Chronicles:17:25",
        "w": 6,
        "l": {},
        "c": "Ex 6:7*1832; 19:5–6*2239",
        "a": "u"
    }
]
