[
    {
        "o": 11964,
        "r": "csb:1 Chronicles:15:1",
        "w": 25,
        "l": {},
        "c": "1Ch 16:1*11994; 17:1–5*12040",
        "a": "a"
    },
    {
        "o": 11965,
        "r": "csb:1 Chronicles:15:2",
        "w": 32,
        "l": {},
        "c": "Nm 4:15*4138; Dt 10:8*5713",
        "a": "b"
    },
    {
        "o": 11966,
        "r": "csb:1 Chronicles:15:3",
        "w": 5,
        "l": {},
        "c": "1Ch 13:5*11933",
        "a": "c"
    },
    {
        "o": 11966,
        "r": "csb:1 Chronicles:15:3",
        "w": 20,
        "l": {},
        "c": "2Sm 6:12,17*9030; 1Ch 15:12*11975",
        "a": "d"
    },
    {
        "o": 11970,
        "r": "csb:1 Chronicles:15:7",
        "w": 2,
        "l": {},
        "t": "15:7*r = Gershonites",
        "a": "e"
    },
    {
        "o": 11974,
        "r": "csb:1 Chronicles:15:11",
        "w": 4,
        "l": {},
        "c": "1Ch 12:28*11914; 18:16*12085; 24:3,6,31*12212; 27:17*12328; 29:22*12395",
        "a": "f"
    },
    {
        "o": 11974,
        "r": "csb:1 Chronicles:15:11",
        "w": 6,
        "l": {},
        "c": "1Sm 22:20–23*8635; 1Kg 1:7*9639; 2:26–27,35*9718; 1Ch 27:34*12345",
        "a": "g"
    },
    {
        "o": 11975,
        "r": "csb:1 Chronicles:15:12",
        "w": 18,
        "l": {},
        "c": "Ex 19:14*2248; 2Ch 35:6*13313",
        "a": "h"
    },
    {
        "o": 11975,
        "r": "csb:1 Chronicles:15:12",
        "w": 39,
        "l": {},
        "c": "1Ch 15:1,3*11964",
        "a": "i"
    },
    {
        "o": 11976,
        "r": "csb:1 Chronicles:15:13",
        "w": 30,
        "l": {},
        "c": "2Sm 6:3*9021; 1Ch 13:7*11935",
        "a": "j"
    },
    {
        "o": 11978,
        "r": "csb:1 Chronicles:15:15",
        "w": 25,
        "l": {},
        "c": "Ex 25:12–15*2439; Nm 4:6,15*4129",
        "a": "k"
    },
    {
        "o": 11979,
        "r": "csb:1 Chronicles:15:16",
        "w": 30,
        "l": {},
        "c": "1Ch 13:8*11936; 25:1*12244",
        "a": "l"
    },
    {
        "o": 11981,
        "r": "csb:1 Chronicles:15:18",
        "w": 9,
        "l": {},
        "t": "15:18*r Some Hb mss, LXX; other Hb mss read Zechariah son and Jaaziel",
        "a": "m"
    },
    {
        "o": 11983,
        "r": "csb:1 Chronicles:15:20",
        "w": 15,
        "l": {},
        "t": "15:20*r This may refer to a high pitch, perhaps a tune sung by soprano voices; the Hb word means “young women”; Ps 46 title",
        "a": "n"
    },
    {
        "o": 11987,
        "r": "csb:1 Chronicles:15:24",
        "w": 13,
        "l": {},
        "c": "1Ch 16:6*12000",
        "a": "o"
    },
    {
        "o": 11988,
        "r": "csb:1 Chronicles:15:25",
        "w": 0,
        "l": {},
        "c": "2Sm 6:12–16*9030",
        "a": "p"
    },
    {
        "o": 11988,
        "r": "csb:1 Chronicles:15:25",
        "w": 27,
        "l": {},
        "c": "1Ch 13:13*11941",
        "a": "q"
    },
    {
        "o": 11989,
        "r": "csb:1 Chronicles:15:26",
        "w": 25,
        "l": {},
        "c": "Nm 23:1–4,29*4859",
        "a": "r"
    },
    {
        "o": 11992,
        "r": "csb:1 Chronicles:15:29",
        "w": 27,
        "l": {},
        "t": "15:29*r Or whirling",
        "a": "s"
    }
]
