[
    {
        "o": 11962,
        "r": "csb:1 Chronicles:15:0",
        "t": "1 Chronicles 15",
        "h": 1
    },
    {
        "o": 11963,
        "r": "csb:1 Chronicles:15:0",
        "t": "The Ark Comes to Jerusalem",
        "h": 2
    },
    {
        "o": 11964,
        "r": "csb:1 Chronicles:15:1",
        "t": "David*p built houses for himself in the city of David, and he prepared a place for the ark of God and pitched a tent for it."
    },
    {
        "o": 11965,
        "r": "csb:1 Chronicles:15:2",
        "t": "Then David said, “No one but the Levites may carry the ark of God, because the Lord*s has chosen them to carry the ark of the Lord*s and to minister before him forever.”"
    },
    {
        "o": 11966,
        "r": "csb:1 Chronicles:15:3",
        "t": "David*p assembled all Israel at Jerusalem to bring the ark of the Lord*s to the place he had prepared for it."
    },
    {
        "o": 11967,
        "r": "csb:1 Chronicles:15:4",
        "t": "Then he gathered together the descendants of Aaron and the Levites:"
    },
    {
        "o": 11968,
        "r": "csb:1 Chronicles:15:5",
        "t": "From*p the Kohathites, Uriel the leader and 120 of his relatives;"
    },
    {
        "o": 11969,
        "r": "csb:1 Chronicles:15:6",
        "t": "from the Merarites, Asaiah the leader and 220 of his relatives;"
    },
    {
        "o": 11970,
        "r": "csb:1 Chronicles:15:7",
        "t": "from the Gershomites, Joel the leader and 130 of his relatives;"
    },
    {
        "o": 11971,
        "r": "csb:1 Chronicles:15:8",
        "t": "from the Elizaphanites, Shemaiah the leader and 200 of his relatives;"
    },
    {
        "o": 11972,
        "r": "csb:1 Chronicles:15:9",
        "t": "from the Hebronites, Eliel the leader and 80 of his relatives;"
    },
    {
        "o": 11973,
        "r": "csb:1 Chronicles:15:10",
        "t": "from the Uzzielites, Amminadab the leader and 112 of his relatives."
    },
    {
        "o": 11974,
        "r": "csb:1 Chronicles:15:11",
        "t": "David*p summoned the priests Zadok and Abiathar and the Levites Uriel, Asaiah, Joel, Shemaiah, Eliel, and Amminadab."
    },
    {
        "o": 11975,
        "r": "csb:1 Chronicles:15:12",
        "t": "He said to them, “You are the heads of the Levite families. You and your relatives must consecrate yourselves so that you may bring the ark of the Lord*s God of Israel to the place I have prepared for it."
    },
    {
        "o": 11976,
        "r": "csb:1 Chronicles:15:13",
        "t": "For the Lord*s our God burst out in anger against us because you Levites were not with us the first time, for we didn’t inquire of him about the proper procedures.”"
    },
    {
        "o": 11977,
        "r": "csb:1 Chronicles:15:14",
        "t": "So the priests and the Levites consecrated themselves to bring up the ark of the Lord*s God of Israel."
    },
    {
        "o": 11978,
        "r": "csb:1 Chronicles:15:15",
        "t": "Then the Levites carried the ark of God the way Moses had commanded according to the word of the Lord:*s on their shoulders with the poles."
    },
    {
        "o": 11979,
        "r": "csb:1 Chronicles:15:16",
        "t": "Then*p David told the leaders of the Levites to appoint their relatives as singers and to have them raise their voices with joy accompanied by musical instruments - harps, lyres, and cymbals."
    },
    {
        "o": 11980,
        "r": "csb:1 Chronicles:15:17",
        "t": "So the Levites appointed Heman son of Joel; from his relatives, Asaph son of Berechiah; and from their relatives the Merarites, Ethan son of Kushaiah."
    },
    {
        "o": 11981,
        "r": "csb:1 Chronicles:15:18",
        "t": "With them were their relatives second in rank: Zechariah, Jaaziel, Shemiramoth, Jehiel, Unni, Eliab, Benaiah, Maaseiah, Mattithiah, Eliphelehu, Mikneiah, and the gatekeepers Obed-edom and Jeiel."
    },
    {
        "o": 11982,
        "r": "csb:1 Chronicles:15:19",
        "t": "The singers Heman, Asaph, and Ethan were to sound the bronze cymbals;"
    },
    {
        "o": 11983,
        "r": "csb:1 Chronicles:15:20",
        "t": "Zechariah, Aziel, Shemiramoth, Jehiel, Unni, Eliab, Maaseiah, and Benaiah were to play harps according to Alamoth"
    },
    {
        "o": 11984,
        "r": "csb:1 Chronicles:15:21",
        "t": "and Mattithiah, Eliphelehu, Mikneiah, Obed-edom, Jeiel, and Azaziah were to lead the music with lyres according to the Sheminith."
    },
    {
        "o": 11985,
        "r": "csb:1 Chronicles:15:22",
        "t": "Chenaniah, the leader of the Levites in music, was to direct the music because he was skillful."
    },
    {
        "o": 11986,
        "r": "csb:1 Chronicles:15:23",
        "t": "Berechiah and Elkanah were to be gatekeepers for the ark."
    },
    {
        "o": 11987,
        "r": "csb:1 Chronicles:15:24",
        "t": "The priests, Shebaniah, Joshaphat, Nethanel, Amasai, Zechariah, Benaiah, and Eliezer, were to blow trumpets before the ark of God. Obed-edom and Jehiah were also to be gatekeepers for the ark."
    },
    {
        "o": 11988,
        "r": "csb:1 Chronicles:15:25",
        "t": "David,*p the elders of Israel, and the commanders of thousands went with rejoicing to bring the ark of the covenant of the Lord*s from the house of Obed-edom."
    },
    {
        "o": 11989,
        "r": "csb:1 Chronicles:15:26",
        "t": "Because God helped the Levites who were carrying the ark of the covenant of the Lord,*s with God’s help, they sacrificed seven bulls and seven rams."
    },
    {
        "o": 11990,
        "r": "csb:1 Chronicles:15:27",
        "t": "Now*p David was dressed in a robe of fine linen, as were all the Levites who were carrying the ark, as well as the singers and Chenaniah, the music leader of the singers. David also wore a linen ephod."
    },
    {
        "o": 11991,
        "r": "csb:1 Chronicles:15:28",
        "t": "So all Israel brought up the ark of the covenant of the Lord*s with shouts, the sound of the ram’s horn, trumpets, and cymbals, and the playing of harps and lyres."
    },
    {
        "o": 11992,
        "r": "csb:1 Chronicles:15:29",
        "t": "As the ark of the covenant of the Lord*s was entering the city of David, Saul’s daughter Michal looked down from the window and saw King David leaping and dancing, and she despised him in her heart."
    }
]
