[
    {
        "o": 33730,
        "r": "csb:1 Timothy:5:3",
        "w": 0,
        "l": {},
        "t": "5:3*r Lit Honor",
        "a": "a"
    },
    {
        "o": 33730,
        "r": "csb:1 Timothy:5:3",
        "w": 1,
        "l": {},
        "c": "Ex 22:22*2357; Jms 1:27*34337",
        "a": "b"
    },
    {
        "o": 33732,
        "r": "csb:1 Timothy:5:5",
        "w": 16,
        "l": {},
        "c": "1Co 7:34*32293",
        "a": "c"
    },
    {
        "o": 33733,
        "r": "csb:1 Timothy:5:6",
        "w": 10,
        "l": {},
        "c": "Lk 15:24*28969; Eph 2:1,5*33101; 5:14*33199; Rv 3:1*34879",
        "a": "d"
    },
    {
        "o": 33735,
        "r": "csb:1 Timothy:5:8",
        "w": 5,
        "l": {},
        "c": "Rm 12:17*31988; 2Co 8:21*32784",
        "a": "e"
    },
    {
        "o": 33735,
        "r": "csb:1 Timothy:5:8",
        "w": 19,
        "l": {},
        "c": "Mt 10:33*26469; Php 1:27*33280; 1Tm 1:2*33648; 2Pt 2:1*34584; Jd 4*34795; Rv 2:13*34859",
        "a": "f"
    },
    {
        "o": 33737,
        "r": "csb:1 Timothy:5:10",
        "w": 6,
        "l": {},
        "c": "Mk 14:6*27978; 2Co 9:8*32797; Gl 3:10*32965; Jms 2:14–26*34354",
        "a": "g"
    },
    {
        "o": 33737,
        "r": "csb:1 Timothy:5:10",
        "w": 16,
        "l": {},
        "c": "2Jn 10*34763",
        "a": "h"
    },
    {
        "o": 33737,
        "r": "csb:1 Timothy:5:10",
        "w": 20,
        "l": {},
        "c": "Lk 7:44*28527; Jn 13:5–14*30117",
        "a": "i"
    },
    {
        "o": 33737,
        "r": "csb:1 Timothy:5:10",
        "w": 23,
        "l": {},
        "c": "Heb 11:37*34242",
        "a": "j"
    },
    {
        "o": 33737,
        "r": "csb:1 Timothy:5:10",
        "w": 30,
        "l": {},
        "c": "2Co 9:8*32797",
        "a": "k"
    },
    {
        "o": 33738,
        "r": "csb:1 Timothy:5:11",
        "w": 19,
        "l": {},
        "c": "1Tm 5:14*33741",
        "a": "l"
    },
    {
        "o": 33739,
        "r": "csb:1 Timothy:5:12",
        "w": 4,
        "l": {},
        "c": "Mk 12:40*27920",
        "a": "m"
    },
    {
        "o": 33740,
        "r": "csb:1 Timothy:5:13",
        "w": 23,
        "l": {},
        "c": "Pr 17:9*18887; 3Jn 10*34781",
        "a": "n"
    },
    {
        "o": 33741,
        "r": "csb:1 Timothy:5:14",
        "w": 6,
        "l": {},
        "c": "Gn 2:18–25*53; 1Co 7:9–10*32266; 1Tm 4:3*33710; 5:11*33738",
        "a": "o"
    },
    {
        "o": 33741,
        "r": "csb:1 Timothy:5:14",
        "w": 20,
        "l": {},
        "c": "Ti 2:4–5*33904",
        "a": "p"
    },
    {
        "o": 33742,
        "r": "csb:1 Timothy:5:15",
        "w": 5,
        "l": {},
        "c": "Heb 12:13*34262",
        "a": "q"
    },
    {
        "o": 33743,
        "r": "csb:1 Timothy:5:16",
        "w": 1,
        "l": {},
        "t": "5:16*r Other mss add believing man or",
        "a": "r"
    },
    {
        "o": 33745,
        "r": "csb:1 Timothy:5:17",
        "w": 13,
        "l": {},
        "t": "5:17*r Or of respect and remuneration",
        "a": "s"
    },
    {
        "o": 33745,
        "r": "csb:1 Timothy:5:17",
        "w": 18,
        "l": {},
        "c": "1Th 5:12*33570",
        "a": "t"
    },
    {
        "o": 33746,
        "r": "csb:1 Timothy:5:18",
        "w": 15,
        "l": {},
        "t": "5:18*r Dt 25:4",
        "a": "u"
    },
    {
        "o": 33746,
        "r": "csb:1 Timothy:5:18",
        "w": 15,
        "l": {},
        "c": "Dt 25:4*6133; 1Co 9:9*32325",
        "a": "v"
    },
    {
        "o": 33746,
        "r": "csb:1 Timothy:5:18",
        "w": 23,
        "l": {},
        "c": "Lv 19:13*3642; Dt 24:14–15*6118; Mt 10:10*26443; Lk 10:7*28685; 1Co 9:4–14*32320; 2Pt 2:13*34596",
        "a": "w"
    },
    {
        "o": 33747,
        "r": "csb:1 Timothy:5:19",
        "w": 15,
        "l": {},
        "c": "Dt 19:15*5976",
        "a": "x"
    },
    {
        "o": 33749,
        "r": "csb:1 Timothy:5:21",
        "w": 14,
        "l": {},
        "c": "Lk 11:28*28760",
        "a": "y"
    },
    {
        "o": 33750,
        "r": "csb:1 Timothy:5:22",
        "w": 5,
        "l": {},
        "t": "5:22*r Lit to lay hands on",
        "a": "z"
    },
    {
        "o": 33750,
        "r": "csb:1 Timothy:5:22",
        "w": 5,
        "l": {},
        "c": "Ex 29:10*2595; Lv 4:15*3113; Lk 4:40*28369; Ac 6:6*30670; 28:8*31578; 1Tm 4:14*33723; Heb 6:2*34063",
        "a": "a"
    },
    {
        "o": 33750,
        "r": "csb:1 Timothy:5:22",
        "w": 20,
        "l": {},
        "c": "Php 4:8*33352",
        "a": "b"
    },
    {
        "o": 33752,
        "r": "csb:1 Timothy:5:24",
        "w": 8,
        "l": {},
        "c": "Mt 12:41*26561; Jn 5:22–30*29670; Heb 9:27*34159",
        "a": "c"
    },
    {
        "o": 33752,
        "r": "csb:1 Timothy:5:24",
        "w": 14,
        "l": {},
        "t": "5:24*r Lit follow",
        "a": "d"
    }
]
