[
    {
        "o": 8160,
        "r": "csb:1 Samuel:8:1",
        "w": 11,
        "l": {},
        "c": "Dt 16:18–19*5903",
        "a": "a"
    },
    {
        "o": 8161,
        "r": "csb:1 Samuel:8:2",
        "w": 15,
        "l": {},
        "c": "Gn 22:19*627; 1Kg 19:3*10380; Am 5:5*25248",
        "a": "b"
    },
    {
        "o": 8162,
        "r": "csb:1 Samuel:8:3",
        "w": 18,
        "l": {},
        "c": "Ex 23:1–9*2370",
        "a": "c"
    },
    {
        "o": 8163,
        "r": "csb:1 Samuel:8:4",
        "w": 13,
        "l": {},
        "c": "1Sm 7:17*8157",
        "a": "d"
    },
    {
        "o": 8164,
        "r": "csb:1 Samuel:8:5",
        "w": 31,
        "l": {},
        "c": "Dt 17:14–15*5926",
        "a": "e"
    },
    {
        "o": 8166,
        "r": "csb:1 Samuel:8:7",
        "w": 26,
        "l": {},
        "c": "Ex 16:8*2156; 1Sm 10:19*8231",
        "a": "f"
    },
    {
        "o": 8167,
        "r": "csb:1 Samuel:8:8",
        "w": 13,
        "l": {},
        "t": "8:8*r LXX; MT omits to me",
        "a": "g"
    },
    {
        "o": 8168,
        "r": "csb:1 Samuel:8:9",
        "w": 6,
        "l": {},
        "c": "Ezk 3:18*23101",
        "a": "h"
    },
    {
        "o": 8171,
        "r": "csb:1 Samuel:8:12",
        "w": 14,
        "l": {},
        "c": "Nm 31:14*5150; 1Sm 22:7*8621",
        "a": "i"
    },
    {
        "o": 8173,
        "r": "csb:1 Samuel:8:14",
        "w": 15,
        "l": {},
        "c": "1Kg 21:7*10456; Ezk 46:18*24380",
        "a": "j"
    },
    {
        "o": 8175,
        "r": "csb:1 Samuel:8:16",
        "w": 11,
        "l": {},
        "t": "8:16*r LXX; MT reads young men",
        "a": "k"
    },
    {
        "o": 8177,
        "r": "csb:1 Samuel:8:18",
        "w": 15,
        "l": {},
        "c": "Is 8:21*19958",
        "a": "l"
    },
    {
        "o": 8177,
        "r": "csb:1 Samuel:8:18",
        "w": 24,
        "l": {},
        "c": "Pr 1:25–28*18396; Mc 3:4*25471",
        "a": "m"
    },
    {
        "o": 8179,
        "r": "csb:1 Samuel:8:20",
        "w": 16,
        "l": {},
        "c": "Nm 27:17*5027; 1Sm 18:13*8506; 2Ch 1:10*12416",
        "a": "n"
    },
    {
        "o": 8181,
        "r": "csb:1 Samuel:8:22",
        "w": 11,
        "l": {},
        "c": "1Sm 8:7*8166",
        "a": "o"
    }
]
