[
    {
        "o": 34464,
        "r": "csb:1 Peter:2:1",
        "w": 3,
        "l": {},
        "c": "Rm 13:12*32008",
        "a": "a"
    },
    {
        "o": 34464,
        "r": "csb:1 Peter:2:1",
        "w": 12,
        "l": {},
        "c": "2Co 12:20*32884",
        "a": "b"
    },
    {
        "o": 34465,
        "r": "csb:1 Peter:2:2",
        "w": 9,
        "l": {},
        "t": "2:2*r Or desire pure spiritual milk",
        "a": "c"
    },
    {
        "o": 34465,
        "r": "csb:1 Peter:2:2",
        "w": 9,
        "l": {},
        "c": "1Co 3:2*32166; 9:7*32323; Heb 5:12–13*34057",
        "a": "d"
    },
    {
        "o": 34466,
        "r": "csb:1 Peter:2:3",
        "w": 3,
        "l": {},
        "c": "Heb 6:4–5*34065",
        "a": "e"
    },
    {
        "o": 34466,
        "r": "csb:1 Peter:2:3",
        "w": 8,
        "l": {},
        "t": "2:3*r Ps 34:8",
        "a": "f"
    },
    {
        "o": 34466,
        "r": "csb:1 Peter:2:3",
        "w": 8,
        "l": {},
        "c": "Ps 34:8*16016; Ti 3:4*33921",
        "a": "g"
    },
    {
        "o": 34467,
        "r": "csb:1 Peter:2:4",
        "w": 15,
        "l": {},
        "t": "2:4*r Or precious to",
        "a": "h"
    },
    {
        "o": 34468,
        "r": "csb:1 Peter:2:5",
        "w": 15,
        "l": {},
        "t": "2:5*r Or you yourselves, as living stones, are being built into a spiritual house for a holy priesthood",
        "a": "i"
    },
    {
        "o": 34468,
        "r": "csb:1 Peter:2:5",
        "w": 22,
        "l": {},
        "c": "Rm 12:1*31970; Heb 13:15*34295",
        "a": "j"
    },
    {
        "o": 34469,
        "r": "csb:1 Peter:2:6",
        "w": 11,
        "l": {},
        "c": "Ps 9:11*15579; Heb 12:22*34271",
        "a": "k"
    },
    {
        "o": 34469,
        "r": "csb:1 Peter:2:6",
        "w": 15,
        "l": {},
        "t": "2:6*r Or precious",
        "a": "l"
    },
    {
        "o": 34469,
        "r": "csb:1 Peter:2:6",
        "w": 16,
        "l": {},
        "c": "Eph 2:20*33121",
        "a": "m"
    },
    {
        "o": 34469,
        "r": "csb:1 Peter:2:6",
        "w": 29,
        "l": {},
        "t": "2:6*r Is 28:16 LXX",
        "a": "n"
    },
    {
        "o": 34469,
        "r": "csb:1 Peter:2:6",
        "w": 29,
        "l": {},
        "c": "Is 28:16*20366; Rm 9:33*31903; 10:11*31916",
        "a": "o"
    },
    {
        "o": 34470,
        "r": "csb:1 Peter:2:7",
        "w": 23,
        "l": {},
        "t": "2:7*r Ps 118:22",
        "a": "p"
    },
    {
        "o": 34470,
        "r": "csb:1 Peter:2:7",
        "w": 23,
        "l": {},
        "c": "Ps 118:22*17749; Mt 21:42*26955; Lk 20:17*29178; Ac 4:11*30584",
        "a": "q"
    },
    {
        "o": 34471,
        "r": "csb:1 Peter:2:8",
        "w": 11,
        "l": {},
        "t": "2:8*r Is 8:14",
        "a": "r"
    },
    {
        "o": 34471,
        "r": "csb:1 Peter:2:8",
        "w": 11,
        "l": {},
        "c": "Is 8:14*19951; Rm 9:33*31903; 14:20*32033",
        "a": "s"
    },
    {
        "o": 34471,
        "r": "csb:1 Peter:2:8",
        "w": 21,
        "l": {},
        "c": "Ac 2:23*30515; 4:27–28*30602; Rm 9:22*31891; 11:7*31936; Jd 4*34795",
        "a": "t"
    },
    {
        "o": 34472,
        "r": "csb:1 Peter:2:9",
        "w": 5,
        "l": {},
        "t": "2:9*r Or generation, or nation",
        "a": "u"
    },
    {
        "o": 34472,
        "r": "csb:1 Peter:2:9",
        "w": 5,
        "l": {},
        "t": "2:9*r Dt 7:6; 10:15; Is 43:20 LXX",
        "a": "v"
    },
    {
        "o": 34472,
        "r": "csb:1 Peter:2:9",
        "w": 5,
        "l": {},
        "c": "Dt 7:6*5629; 10:15*5721; Is 43:20*20752",
        "a": "w"
    },
    {
        "o": 34472,
        "r": "csb:1 Peter:2:9",
        "w": 8,
        "l": {},
        "t": "2:9*r Ex 19:6; 23:22 LXX; Is 61:6",
        "a": "x"
    },
    {
        "o": 34472,
        "r": "csb:1 Peter:2:9",
        "w": 8,
        "l": {},
        "c": "Is 61:6*21116; Rv 1:6*34826; 5:10*34928; 20:6*35247",
        "a": "y"
    },
    {
        "o": 34472,
        "r": "csb:1 Peter:2:9",
        "w": 11,
        "l": {},
        "t": "2:9*r Ex 19:6; 23:22 LXX",
        "a": "z"
    },
    {
        "o": 34472,
        "r": "csb:1 Peter:2:9",
        "w": 11,
        "l": {},
        "c": "Ex 19:6*2240",
        "a": "a"
    },
    {
        "o": 34472,
        "r": "csb:1 Peter:2:9",
        "w": 16,
        "l": {},
        "t": "2:9*r Ex 19:5; 23:22 LXX; Dt 4:20; 7:6; Is 43:21 LXX",
        "a": "b"
    },
    {
        "o": 34472,
        "r": "csb:1 Peter:2:9",
        "w": 16,
        "l": {},
        "c": "Ex 34:9*2772; Dt 7:6*5629; Ps 33:12*15995; Is 43:21*20753; Ti 2:14*33914",
        "a": "c"
    },
    {
        "o": 34472,
        "r": "csb:1 Peter:2:9",
        "w": 23,
        "l": {},
        "t": "2:9*r Or the mighty deeds",
        "a": "d"
    },
    {
        "o": 34472,
        "r": "csb:1 Peter:2:9",
        "w": 23,
        "l": {},
        "t": "2:9*r Is 42:12; 43:21",
        "a": "e"
    },
    {
        "o": 34472,
        "r": "csb:1 Peter:2:9",
        "w": 23,
        "l": {},
        "c": "Is 42:12*20715; 43:21*20753",
        "a": "f"
    },
    {
        "o": 34472,
        "r": "csb:1 Peter:2:9",
        "w": 36,
        "l": {},
        "c": "Is 9:2*19963; Ac 26:18*31503; Eph 5:8*33192; Col 1:12–13*33385",
        "a": "g"
    },
    {
        "o": 34473,
        "r": "csb:1 Peter:2:10",
        "w": 16,
        "l": {},
        "c": "Mt 5:7*26220; Mk 5:19*27546; Lk 1:50*28188",
        "a": "h"
    },
    {
        "o": 34475,
        "r": "csb:1 Peter:2:11",
        "w": 8,
        "l": {},
        "c": "1Pt 1:1*34435",
        "a": "i"
    },
    {
        "o": 34475,
        "r": "csb:1 Peter:2:11",
        "w": 10,
        "l": {},
        "c": "1Tm 4:3*33710",
        "a": "j"
    },
    {
        "o": 34475,
        "r": "csb:1 Peter:2:11",
        "w": 12,
        "l": {},
        "c": "Rm 7:23*31819; Php 3:3*33323",
        "a": "k"
    },
    {
        "o": 34475,
        "r": "csb:1 Peter:2:11",
        "w": 19,
        "l": {},
        "c": "Gl 5:17*33040; Jms 4:1*34390",
        "a": "l"
    },
    {
        "o": 34476,
        "r": "csb:1 Peter:2:12",
        "w": 0,
        "l": {},
        "c": "2Pt 3:11*34618",
        "a": "m"
    },
    {
        "o": 34476,
        "r": "csb:1 Peter:2:12",
        "w": 5,
        "l": {},
        "t": "2:12*r Or among the nations, or among the pagans",
        "a": "n"
    },
    {
        "o": 34476,
        "r": "csb:1 Peter:2:12",
        "w": 28,
        "l": {},
        "c": "Is 10:3*19987; Jr 6:15*21405; 8:12*21477; 10:15*21536; Lk 1:68*28208; 7:16*28496; 19:44*29154",
        "a": "o"
    },
    {
        "o": 34477,
        "r": "csb:1 Peter:2:13",
        "w": 0,
        "l": {},
        "c": "Rm 13:1–7*31995; Ti 3:1*33918",
        "a": "p"
    },
    {
        "o": 34477,
        "r": "csb:1 Peter:2:13",
        "w": 12,
        "l": {},
        "t": "2:13*r Or king",
        "a": "q"
    },
    {
        "o": 34477,
        "r": "csb:1 Peter:2:13",
        "w": 16,
        "l": {},
        "c": "Rm 13:1*31995",
        "a": "r"
    },
    {
        "o": 34479,
        "r": "csb:1 Peter:2:15",
        "w": 4,
        "l": {},
        "c": "Gl 1:4*32906; Eph 1:9*33082",
        "a": "s"
    },
    {
        "o": 34479,
        "r": "csb:1 Peter:2:15",
        "w": 9,
        "l": {},
        "c": "1Pt 3:16*34510",
        "a": "t"
    },
    {
        "o": 34480,
        "r": "csb:1 Peter:2:16",
        "w": 12,
        "l": {},
        "c": "1Co 14:20*32489",
        "a": "u"
    },
    {
        "o": 34480,
        "r": "csb:1 Peter:2:16",
        "w": 16,
        "l": {},
        "c": "Rm 1:1*31607; Ti 1:1*33882; Rv 2:20*34867",
        "a": "v"
    },
    {
        "o": 34481,
        "r": "csb:1 Peter:2:17",
        "w": 2,
        "l": {},
        "c": "Rv 12:11*35071",
        "a": "w"
    },
    {
        "o": 34481,
        "r": "csb:1 Peter:2:17",
        "w": 6,
        "l": {},
        "c": "Heb 13:1*34281; 1Pt 5:9*34551",
        "a": "x"
    },
    {
        "o": 34481,
        "r": "csb:1 Peter:2:17",
        "w": 8,
        "l": {},
        "c": "Pr 1:7*18377; 24:21*19113; Ac 10:2*30849; Rv 14:7*35110",
        "a": "y"
    },
    {
        "o": 34483,
        "r": "csb:1 Peter:2:18",
        "w": 5,
        "l": {},
        "c": "Eph 6:5*33227; Col 3:22*33455; Ti 2:9*33909; Jd 4*34795",
        "a": "z"
    },
    {
        "o": 34483,
        "r": "csb:1 Peter:2:18",
        "w": 8,
        "l": {},
        "c": "Rm 13:3,7*31997",
        "a": "a"
    },
    {
        "o": 34483,
        "r": "csb:1 Peter:2:18",
        "w": 21,
        "l": {},
        "c": "Php 2:15*33302",
        "a": "b"
    },
    {
        "o": 34485,
        "r": "csb:1 Peter:2:20",
        "w": 24,
        "l": {},
        "c": "1Pt 4:14*34534",
        "a": "c"
    },
    {
        "o": 34486,
        "r": "csb:1 Peter:2:21",
        "w": 9,
        "l": {},
        "c": "Mk 8:31*27711; 1Pt 3:18*34512; 1Jn 3:16*34693",
        "a": "d"
    },
    {
        "o": 34486,
        "r": "csb:1 Peter:2:21",
        "w": 15,
        "l": {},
        "c": "Jn 13:15*30128",
        "a": "e"
    },
    {
        "o": 34486,
        "r": "csb:1 Peter:2:21",
        "w": 19,
        "l": {},
        "c": "Jn 8:12*29848",
        "a": "f"
    },
    {
        "o": 34487,
        "r": "csb:1 Peter:2:22",
        "w": 4,
        "l": {},
        "c": "1Pt 4:1*34519; 1Jn 3:5*34681",
        "a": "g"
    },
    {
        "o": 34487,
        "r": "csb:1 Peter:2:22",
        "w": 7,
        "l": {},
        "c": "2Pt 2:1*34584",
        "a": "h"
    },
    {
        "o": 34487,
        "r": "csb:1 Peter:2:22",
        "w": 12,
        "l": {},
        "t": "2:22*r Is 53:9",
        "a": "i"
    },
    {
        "o": 34487,
        "r": "csb:1 Peter:2:22",
        "w": 12,
        "l": {},
        "c": "Is 53:9*20969",
        "a": "j"
    },
    {
        "o": 34488,
        "r": "csb:1 Peter:2:23",
        "w": 24,
        "l": {},
        "c": "Rv 18:8*35195; 19:11*35226",
        "a": "k"
    },
    {
        "o": 34489,
        "r": "csb:1 Peter:2:24",
        "w": 4,
        "l": {},
        "c": "Heb 7:27–28*34112; 9:27–28*34159",
        "a": "l"
    },
    {
        "o": 34489,
        "r": "csb:1 Peter:2:24",
        "w": 7,
        "l": {},
        "c": "Is 53:4–5,12*20964; Jn 2:21*29542",
        "a": "m"
    },
    {
        "o": 34489,
        "r": "csb:1 Peter:2:24",
        "w": 10,
        "l": {},
        "c": "Ac 5:30*30649; 10:39*30889; 13:29*30995; Gl 3:13*32968",
        "a": "n"
    },
    {
        "o": 34489,
        "r": "csb:1 Peter:2:24",
        "w": 16,
        "l": {},
        "c": "Rm 6:2,8–11*31770; 7:6*31801; Gl 2:19*32950; Col 2:20*33426; 3:3*33434",
        "a": "o"
    },
    {
        "o": 34489,
        "r": "csb:1 Peter:2:24",
        "w": 21,
        "l": {},
        "c": "Rm 6:2,11*31770; Ti 2:12*33912",
        "a": "p"
    },
    {
        "o": 34489,
        "r": "csb:1 Peter:2:24",
        "w": 24,
        "l": {},
        "t": "2:24*r Is 53:5",
        "a": "q"
    },
    {
        "o": 34489,
        "r": "csb:1 Peter:2:24",
        "w": 24,
        "l": {},
        "c": "Is 53:5*20965; Mt 13:15*26590; Jn 12:40*30099; Ac 28:27*31600",
        "a": "r"
    },
    {
        "o": 34490,
        "r": "csb:1 Peter:2:25",
        "w": 6,
        "l": {},
        "t": "2:25*r Is 53:6",
        "a": "s"
    },
    {
        "o": 34490,
        "r": "csb:1 Peter:2:25",
        "w": 6,
        "l": {},
        "c": "Ps 119:176*17956; Is 53:6*20966",
        "a": "t"
    },
    {
        "o": 34490,
        "r": "csb:1 Peter:2:25",
        "w": 14,
        "l": {},
        "c": "Gn 48:15*1613; 49:24*1646; Ps 23:1*15824; Jr 31:10*22107",
        "a": "u"
    },
    {
        "o": 34490,
        "r": "csb:1 Peter:2:25",
        "w": 16,
        "l": {},
        "t": "2:25*r Or Guardian",
        "a": "v"
    }
]
