[
    {
        "o": 34462,
        "r": "csb:1 Peter:2:0",
        "t": "1 Peter 2",
        "h": 1
    },
    {
        "o": 34463,
        "r": "csb:1 Peter:2:0",
        "t": "The Living Stone and a Holy People",
        "h": 2
    },
    {
        "o": 34464,
        "r": "csb:1 Peter:2:1",
        "t": "Therefore,*p rid yourselves of all malice, all deceit, hypocrisy, envy, and all slander."
    },
    {
        "o": 34465,
        "r": "csb:1 Peter:2:2",
        "t": "Like newborn infants, desire the pure milk of the word, so that by it you may grow up into your salvation,"
    },
    {
        "o": 34466,
        "r": "csb:1 Peter:2:3",
        "t": "if you*i have*i tasted*i that*i the*i Lord*i is*i good.*i"
    },
    {
        "o": 34467,
        "r": "csb:1 Peter:2:4",
        "t": "As you come to him, a living stone - rejected by people but chosen and honored by God -"
    },
    {
        "o": 34468,
        "r": "csb:1 Peter:2:5",
        "t": "you yourselves, as living stones, a spiritual house, are being built to be a holy priesthood to offer spiritual sacrifices acceptable to God through Jesus Christ."
    },
    {
        "o": 34469,
        "r": "csb:1 Peter:2:6",
        "t": "For it stands in Scripture: See,*ipn I*i lay*i a*i stone*i in*i Zion,*i a*iln chosen*i and*i honored*i cornerstone,*i and*iln the*i one*i who*i believes*i in*i him*i will*iln never*i be*i put*i to*i shame.*i"
    },
    {
        "o": 34470,
        "r": "csb:1 Peter:2:7",
        "t": "So*p honor will come to you who believe; but for the unbelieving, The*ipn stone*i that*i the*i builders*i rejected —*i this*iln one*i has*i become*i the*i cornerstone,*i"
    },
    {
        "o": 34471,
        "r": "csb:1 Peter:2:8",
        "t": "and*p A*ipn stone*i to*i stumble*i over,*i and*iln a*i rock*i to*i trip*i over.*i They*p stumble because they disobey the word; they were destined for this."
    },
    {
        "o": 34472,
        "r": "csb:1 Peter:2:9",
        "t": "But*p you are a*i chosen*i race,*i a*i royal*i priesthood,*i a*i holy*i nation,*i a*i people*i for*i his*i possession,*i so*i that*i you*i may*i proclaim*i the*i praises*i of the one who called you out of darkness into his marvelous light."
    },
    {
        "o": 34473,
        "r": "csb:1 Peter:2:10",
        "t": "Once you were not a people, but now you are God’s people; you had not received mercy, but now you have received mercy."
    },
    {
        "o": 34474,
        "r": "csb:1 Peter:2:10",
        "t": "A Call to Good Works",
        "h": 2
    },
    {
        "o": 34475,
        "r": "csb:1 Peter:2:11",
        "t": "Dear*p friends, I urge you as strangers and exiles to abstain from sinful desires that wage war against the soul."
    },
    {
        "o": 34476,
        "r": "csb:1 Peter:2:12",
        "t": "Conduct yourselves honorably among the Gentiles, so that when they slander you as evildoers, they will observe your good works and will glorify God on the day he visits."
    },
    {
        "o": 34477,
        "r": "csb:1 Peter:2:13",
        "t": "Submit*p to every human authority because of the Lord, whether to the emperor as the supreme authority"
    },
    {
        "o": 34478,
        "r": "csb:1 Peter:2:14",
        "t": "or to governors as those sent out by him to punish those who do what is evil and to praise those who do what is good."
    },
    {
        "o": 34479,
        "r": "csb:1 Peter:2:15",
        "t": "For it is God’s will that you silence the ignorance of foolish people by doing good."
    },
    {
        "o": 34480,
        "r": "csb:1 Peter:2:16",
        "t": "Submit as free people, not using your freedom as a cover-up for evil, but as God’s slaves."
    },
    {
        "o": 34481,
        "r": "csb:1 Peter:2:17",
        "t": "Honor everyone. Love the brothers and sisters. Fear God. Honor the emperor."
    },
    {
        "o": 34482,
        "r": "csb:1 Peter:2:17",
        "t": "Submission of Slaves to Masters",
        "h": 2
    },
    {
        "o": 34483,
        "r": "csb:1 Peter:2:18",
        "t": "Household*p slaves, submit to your masters with all reverence not only to the good and gentle ones but also to the cruel."
    },
    {
        "o": 34484,
        "r": "csb:1 Peter:2:19",
        "t": "For it brings favor if, because of a consciousness of God, someone endures grief from suffering unjustly."
    },
    {
        "o": 34485,
        "r": "csb:1 Peter:2:20",
        "t": "For what credit is there if when you do wrong and are beaten, you endure it? But when you do what is good and suffer, if you endure it, this brings favor with God."
    },
    {
        "o": 34486,
        "r": "csb:1 Peter:2:21",
        "t": "For*p you were called to this, because Christ also suffered for you, leaving you an example, that you should follow in his steps."
    },
    {
        "o": 34487,
        "r": "csb:1 Peter:2:22",
        "t": "He did not commit sin, and*i no*i deceit*i was*i found*i in*i his*i mouth;*i"
    },
    {
        "o": 34488,
        "r": "csb:1 Peter:2:23",
        "t": "when he was insulted, he did not insult in return; when he suffered, he did not threaten but entrusted himself to the one who judges justly."
    },
    {
        "o": 34489,
        "r": "csb:1 Peter:2:24",
        "t": "He himself bore our sins in his body on the tree; so that, having died to sins, we might live for righteousness. By*i his*i wounds*i you*i have*i been*i healed.*i"
    },
    {
        "o": 34490,
        "r": "csb:1 Peter:2:25",
        "t": "For you were*i like*i sheep*i going*i astray,*i but you have now returned to the Shepherd and Overseer of your souls."
    }
]
