[
    {
        "o": 9561,
        "r": "csb:2 Samuel:23:1",
        "w": 13,
        "l": {},
        "c": "Lk 3:32*28317",
        "a": "a"
    },
    {
        "o": 9561,
        "r": "csb:2 Samuel:23:1",
        "w": 21,
        "l": {},
        "t": "23:1*r Or raised up by the high God",
        "a": "b"
    },
    {
        "o": 9561,
        "r": "csb:2 Samuel:23:1",
        "w": 29,
        "l": {},
        "c": "1Sm 16:12–13*8418; Ps 89:20*17132",
        "a": "c"
    },
    {
        "o": 9562,
        "r": "csb:2 Samuel:23:2",
        "w": 13,
        "l": {},
        "c": "Mt 22:43*27008; 2Pt 1:21*34581",
        "a": "d"
    },
    {
        "o": 9563,
        "r": "csb:2 Samuel:23:3",
        "w": 26,
        "l": {},
        "c": "Ps 72:1–3*16734; Is 11:1–5*20025",
        "a": "e"
    },
    {
        "o": 9565,
        "r": "csb:2 Samuel:23:5",
        "w": 15,
        "l": {},
        "c": "Gn 9:16*246; 17:7,19*449; 1Ch 16:17*12011; Ps 105:10*17443",
        "a": "f"
    },
    {
        "o": 9565,
        "r": "csb:2 Samuel:23:5",
        "w": 23,
        "l": {},
        "c": "2Sm 7:12–16*9055; Ps 89:29*17141; Is 55:3*20996",
        "a": "g"
    },
    {
        "o": 9569,
        "r": "csb:2 Samuel:23:8",
        "w": 6,
        "l": {},
        "c": "1Ch 11:11–47*11847",
        "a": "h"
    },
    {
        "o": 9569,
        "r": "csb:2 Samuel:23:8",
        "w": 14,
        "l": {},
        "t": "23:8*r Some Hb mss, LXX read Three",
        "a": "i"
    },
    {
        "o": 9569,
        "r": "csb:2 Samuel:23:8",
        "w": 18,
        "l": {},
        "t": "23:8*r Some Hb mss; other Hb mss, LXX read He was Adino the Eznite",
        "a": "j"
    },
    {
        "o": 9574,
        "r": "csb:2 Samuel:23:13",
        "w": 19,
        "l": {},
        "c": "1Sm 22:1*8615",
        "a": "k"
    },
    {
        "o": 9575,
        "r": "csb:2 Samuel:23:14",
        "w": 7,
        "l": {},
        "c": "1Sm 22:4–5*8618",
        "a": "l"
    },
    {
        "o": 9576,
        "r": "csb:2 Samuel:23:15",
        "w": 3,
        "l": {},
        "t": "23:15*r Lit And David craved",
        "a": "m"
    },
    {
        "o": 9579,
        "r": "csb:2 Samuel:23:18",
        "w": 6,
        "l": {},
        "c": "1Sm 26:3–6*8746",
        "a": "n"
    },
    {
        "o": 9579,
        "r": "csb:2 Samuel:23:18",
        "w": 11,
        "l": {},
        "t": "23:18*r Some Hb mss, Syr read the Thirty",
        "a": "o"
    },
    {
        "o": 9580,
        "r": "csb:2 Samuel:23:19",
        "w": 21,
        "l": {},
        "c": "1Ch 11:21*11857",
        "a": "p"
    },
    {
        "o": 9581,
        "r": "csb:2 Samuel:23:20",
        "w": 3,
        "l": {},
        "c": "2Sm 8:18*9093; 20:23*9476",
        "a": "q"
    },
    {
        "o": 9581,
        "r": "csb:2 Samuel:23:20",
        "w": 21,
        "l": {},
        "t": "23:20*r LXX; MT omits sons",
        "a": "r"
    },
    {
        "o": 9581,
        "r": "csb:2 Samuel:23:20",
        "w": 23,
        "l": {},
        "t": "23:20*r Or two warriors",
        "a": "s"
    },
    {
        "o": 9585,
        "r": "csb:2 Samuel:23:24",
        "w": 6,
        "l": {},
        "c": "2Sm 2:18–23*8919; 1Ch 27:7*12318",
        "a": "t"
    },
    {
        "o": 9591,
        "r": "csb:2 Samuel:23:30",
        "w": 8,
        "l": {},
        "t": "23:30*r Or from Nahale-gaash",
        "a": "u"
    },
    {
        "o": 9593,
        "r": "csb:2 Samuel:23:32",
        "w": 9,
        "l": {},
        "t": "23:32*r Some LXX mss; MT omits son of; 1Ch 11:34",
        "a": "v"
    },
    {
        "o": 9595,
        "r": "csb:2 Samuel:23:34",
        "w": 13,
        "l": {},
        "c": "2Sm 15:12*9287",
        "a": "w"
    },
    {
        "o": 9600,
        "r": "csb:2 Samuel:23:39",
        "w": 1,
        "l": {},
        "c": "Mt 1:6*26111",
        "a": "x"
    },
    {
        "o": 9600,
        "r": "csb:2 Samuel:23:39",
        "w": 3,
        "l": {},
        "c": "2Sm 11:3–26*9134",
        "a": "y"
    }
]
