[
    {
        "o": 13037,
        "r": "csb:2 Chronicles:26:1",
        "w": 2,
        "l": {},
        "c": "2Kg 14:21–22*10978",
        "a": "a"
    },
    {
        "o": 13037,
        "r": "csb:2 Chronicles:26:1",
        "w": 6,
        "l": {},
        "t": "26:1*r = Azariah in 2Kg 14:21",
        "a": "b"
    },
    {
        "o": 13038,
        "r": "csb:2 Chronicles:26:2",
        "w": 10,
        "l": {},
        "t": "26:2*r LXX, Syr, Vg read Elath",
        "a": "c"
    },
    {
        "o": 13038,
        "r": "csb:2 Chronicles:26:2",
        "w": 10,
        "l": {},
        "c": "1Kg 9:26*10031; 2Kg 14:22*10980; 16:6*11041",
        "a": "d"
    },
    {
        "o": 13039,
        "r": "csb:2 Chronicles:26:3",
        "w": 4,
        "l": {},
        "c": "2Kg 15:2–3*10991",
        "a": "e"
    },
    {
        "o": 13041,
        "r": "csb:2 Chronicles:26:5",
        "w": 2,
        "l": {},
        "c": "2Ch 24:2*12972",
        "a": "f"
    },
    {
        "o": 13041,
        "r": "csb:2 Chronicles:26:5",
        "w": 12,
        "l": {},
        "t": "26:5*r Some Hb mss, LXX, Syr, Tg, Arabic; other Hb mss, Vg read visions",
        "a": "g"
    },
    {
        "o": 13041,
        "r": "csb:2 Chronicles:26:5",
        "w": 12,
        "l": {},
        "c": "Dn 1:17*24471",
        "a": "h"
    },
    {
        "o": 13041,
        "r": "csb:2 Chronicles:26:5",
        "w": 26,
        "l": {},
        "c": "2Ch 15:2*12750",
        "a": "i"
    },
    {
        "o": 13043,
        "r": "csb:2 Chronicles:26:6",
        "w": 8,
        "l": {},
        "c": "Is 14:29*20107",
        "a": "j"
    },
    {
        "o": 13045,
        "r": "csb:2 Chronicles:26:8",
        "w": 1,
        "l": {},
        "t": "26:8*r LXX reads Meunites",
        "a": "k"
    },
    {
        "o": 13045,
        "r": "csb:2 Chronicles:26:8",
        "w": 5,
        "l": {},
        "c": "2Ch 17:11*12800",
        "a": "l"
    },
    {
        "o": 13046,
        "r": "csb:2 Chronicles:26:9",
        "w": 8,
        "l": {},
        "c": "2Ch 25:23*13028",
        "a": "m"
    },
    {
        "o": 13046,
        "r": "csb:2 Chronicles:26:9",
        "w": 11,
        "l": {},
        "c": "Neh 2:13,15*13710; 3:13*13735",
        "a": "n"
    },
    {
        "o": 13047,
        "r": "csb:2 Chronicles:26:10",
        "w": 9,
        "l": {},
        "t": "26:10*r Or the Shephelah",
        "a": "o"
    },
    {
        "o": 13047,
        "r": "csb:2 Chronicles:26:10",
        "w": 22,
        "l": {},
        "c": "Gn 26:18–21*785",
        "a": "p"
    },
    {
        "o": 13047,
        "r": "csb:2 Chronicles:26:10",
        "w": 44,
        "l": {},
        "t": "26:10*r Or in Carmel",
        "a": "q"
    },
    {
        "o": 13050,
        "r": "csb:2 Chronicles:26:13",
        "w": 20,
        "l": {},
        "c": "2Ch 25:5*13009",
        "a": "r"
    },
    {
        "o": 13054,
        "r": "csb:2 Chronicles:26:16",
        "w": 7,
        "l": {},
        "c": "Dt 32:15*6378; 2Ch 25:19*13024",
        "a": "s"
    },
    {
        "o": 13054,
        "r": "csb:2 Chronicles:26:16",
        "w": 35,
        "l": {},
        "c": "1Kg 13:1–4*10152",
        "a": "t"
    },
    {
        "o": 13055,
        "r": "csb:2 Chronicles:26:17",
        "w": 2,
        "l": {},
        "c": "1Ch 6:10*11606",
        "a": "u"
    },
    {
        "o": 13056,
        "r": "csb:2 Chronicles:26:18",
        "w": 3,
        "l": {},
        "c": "2Ch 19:2*12850",
        "a": "v"
    },
    {
        "o": 13056,
        "r": "csb:2 Chronicles:26:18",
        "w": 19,
        "l": {},
        "c": "Nm 16:39–40*4654",
        "a": "w"
    },
    {
        "o": 13056,
        "r": "csb:2 Chronicles:26:18",
        "w": 33,
        "l": {},
        "c": "Ex 30:7–8*2640",
        "a": "x"
    },
    {
        "o": 13057,
        "r": "csb:2 Chronicles:26:19",
        "w": 37,
        "l": {},
        "c": "2Kg 5:25–27*10697",
        "a": "y"
    },
    {
        "o": 13059,
        "r": "csb:2 Chronicles:26:21",
        "w": 10,
        "l": {},
        "c": "2Kg 15:5–7*10994",
        "a": "z"
    },
    {
        "o": 13059,
        "r": "csb:2 Chronicles:26:21",
        "w": 14,
        "l": {},
        "t": "26:21*r Lit in a house of exemption from duty",
        "a": "a"
    },
    {
        "o": 13059,
        "r": "csb:2 Chronicles:26:21",
        "w": 14,
        "l": {},
        "c": "Lv 13:46*3432",
        "a": "b"
    },
    {
        "o": 13060,
        "r": "csb:2 Chronicles:26:22",
        "w": 3,
        "l": {},
        "c": "Is 1:1*19765",
        "a": "c"
    },
    {
        "o": 13061,
        "r": "csb:2 Chronicles:26:23",
        "w": 19,
        "l": {},
        "c": "2Ch 21:20*12929",
        "a": "d"
    }
]
