[
    {
        "o": 32679,
        "r": "csb:2 Corinthians:4:1",
        "w": 10,
        "l": {},
        "c": "Mt 5:7*26220; Mk 5:19*27546; Lk 1:50*28188",
        "a": "a"
    },
    {
        "o": 32679,
        "r": "csb:2 Corinthians:4:1",
        "w": 15,
        "l": {},
        "c": "2Th 3:13*33637",
        "a": "b"
    },
    {
        "o": 32680,
        "r": "csb:2 Corinthians:4:2",
        "w": 9,
        "l": {},
        "c": "2Jn 6*34759",
        "a": "c"
    },
    {
        "o": 32680,
        "r": "csb:2 Corinthians:4:2",
        "w": 16,
        "l": {},
        "c": "2Co 2:17*32654; 2Tm 2:15*33822; Heb 4:12*34037",
        "a": "d"
    },
    {
        "o": 32680,
        "r": "csb:2 Corinthians:4:2",
        "w": 31,
        "l": {},
        "c": "2Co 5:11–12*32710; 6:7*32730; 7:14*32758",
        "a": "e"
    },
    {
        "o": 32682,
        "r": "csb:2 Corinthians:4:4",
        "w": 7,
        "l": {},
        "c": "Lk 16:8*28987",
        "a": "f"
    },
    {
        "o": 32682,
        "r": "csb:2 Corinthians:4:4",
        "w": 29,
        "l": {},
        "t": "4:4*r Or the gospel of the glorious Christ, or the glorious gospel of Christ",
        "a": "g"
    },
    {
        "o": 32682,
        "r": "csb:2 Corinthians:4:4",
        "w": 29,
        "l": {},
        "c": "Mk 10:37*27818",
        "a": "h"
    },
    {
        "o": 32682,
        "r": "csb:2 Corinthians:4:4",
        "w": 35,
        "l": {},
        "c": "Gn 1:27*29",
        "a": "i"
    },
    {
        "o": 32683,
        "r": "csb:2 Corinthians:4:5",
        "w": 10,
        "l": {},
        "c": "Php 2:11*33298",
        "a": "j"
    },
    {
        "o": 32684,
        "r": "csb:2 Corinthians:4:6",
        "w": 9,
        "l": {},
        "c": "Gn 1:3*5; Mt 6:23*26298",
        "a": "k"
    },
    {
        "o": 32684,
        "r": "csb:2 Corinthians:4:6",
        "w": 21,
        "l": {},
        "c": "Php 3:8*33328; 1Jn 4:8*34712",
        "a": "l"
    },
    {
        "o": 32684,
        "r": "csb:2 Corinthians:4:6",
        "w": 24,
        "l": {},
        "c": "Mk 10:37*27818; Lk 9:32*28639; Jn 17:24*30288; 2Co 3:18*32676; 2Pt 3:18*34626",
        "a": "m"
    },
    {
        "o": 32686,
        "r": "csb:2 Corinthians:4:7",
        "w": 12,
        "l": {},
        "c": "Mk 5:30*27558; Lk 1:35*28171; 6:19*28442; Ac 19:11*31231; 2Co 13:4*32891; Rv 11:17*35055",
        "a": "n"
    },
    {
        "o": 32689,
        "r": "csb:2 Corinthians:4:10",
        "w": 6,
        "l": {},
        "c": "Lk 9:23*28629; Rm 5:6–8*31750; 6:5–8*31773; 8:34–36*31860; Gl 6:17*33069",
        "a": "o"
    },
    {
        "o": 32690,
        "r": "csb:2 Corinthians:4:11",
        "w": 10,
        "l": {},
        "c": "Mt 10:21*26455; Jn 8:51*29890; Php 3:10*33330",
        "a": "p"
    },
    {
        "o": 32692,
        "r": "csb:2 Corinthians:4:13",
        "w": 19,
        "l": {},
        "t": "4:13*r Ps 116:10 LXX",
        "a": "q"
    },
    {
        "o": 32692,
        "r": "csb:2 Corinthians:4:13",
        "w": 19,
        "l": {},
        "c": "Ps 116:10 LXX*17712",
        "a": "r"
    },
    {
        "o": 32693,
        "r": "csb:2 Corinthians:4:14",
        "w": 16,
        "l": {},
        "c": "1Th 4:14*33551",
        "a": "s"
    },
    {
        "o": 32694,
        "r": "csb:2 Corinthians:4:15",
        "w": 19,
        "l": {},
        "c": "2Co 9:11*32800",
        "a": "t"
    },
    {
        "o": 32695,
        "r": "csb:2 Corinthians:4:16",
        "w": 5,
        "l": {},
        "c": "2Th 3:13*33637",
        "a": "u"
    },
    {
        "o": 32695,
        "r": "csb:2 Corinthians:4:16",
        "w": 16,
        "l": {},
        "c": "Rm 7:22*31818",
        "a": "v"
    },
    {
        "o": 32696,
        "r": "csb:2 Corinthians:4:17",
        "w": 4,
        "l": {},
        "c": "Gl 6:2*33053",
        "a": "w"
    },
    {
        "o": 32696,
        "r": "csb:2 Corinthians:4:17",
        "w": 15,
        "l": {},
        "c": "Lk 24:26*29433; 1Pt 5:1,4*34542",
        "a": "x"
    },
    {
        "o": 32697,
        "r": "csb:2 Corinthians:4:18",
        "w": 8,
        "l": {},
        "c": "Rm 8:24*31849",
        "a": "y"
    }
]
