[
    {
        "o": 32677,
        "r": "csb:2 Corinthians:4:0",
        "t": "2 Corinthians 4",
        "h": 1
    },
    {
        "o": 32678,
        "r": "csb:2 Corinthians:4:0",
        "t": "The Light of the Gospel",
        "h": 2
    },
    {
        "o": 32679,
        "r": "csb:2 Corinthians:4:1",
        "t": "Therefore,*p since we have this ministry because we were shown mercy, we do not give up."
    },
    {
        "o": 32680,
        "r": "csb:2 Corinthians:4:2",
        "t": "Instead, we have renounced secret and shameful things, not acting deceitfully or distorting the word of God, but commending ourselves before God to everyone’s conscience by an open display of the truth."
    },
    {
        "o": 32681,
        "r": "csb:2 Corinthians:4:3",
        "t": "But if our gospel is veiled, it is veiled to those who are perishing."
    },
    {
        "o": 32682,
        "r": "csb:2 Corinthians:4:4",
        "t": "In their case, the god of this age has blinded the minds of the unbelievers to keep them from seeing the light of the gospel of the glory of Christ, who is the image of God."
    },
    {
        "o": 32683,
        "r": "csb:2 Corinthians:4:5",
        "t": "For we are not proclaiming ourselves but Jesus Christ as Lord, and ourselves as your servants for Jesus’s sake."
    },
    {
        "o": 32684,
        "r": "csb:2 Corinthians:4:6",
        "t": "For God who said, “Let light shine out of darkness,” has shone in our hearts to give the light of the knowledge of God’s glory in the face of Jesus Christ."
    },
    {
        "o": 32685,
        "r": "csb:2 Corinthians:4:6",
        "t": "Treasure in Clay Jars",
        "h": 2
    },
    {
        "o": 32686,
        "r": "csb:2 Corinthians:4:7",
        "t": "Now*p we have this treasure in clay jars, so that this extraordinary power may be from God and not from us."
    },
    {
        "o": 32687,
        "r": "csb:2 Corinthians:4:8",
        "t": "We are afflicted in every way but not crushed; we are perplexed but not in despair;"
    },
    {
        "o": 32688,
        "r": "csb:2 Corinthians:4:9",
        "t": "we are persecuted but not abandoned; we are struck down but not destroyed."
    },
    {
        "o": 32689,
        "r": "csb:2 Corinthians:4:10",
        "t": "We always carry the death of Jesus in our body, so that the life of Jesus may also be displayed in our body."
    },
    {
        "o": 32690,
        "r": "csb:2 Corinthians:4:11",
        "t": "For we who live are always being given over to death for Jesus’s sake, so that Jesus’s life may also be displayed in our mortal flesh."
    },
    {
        "o": 32691,
        "r": "csb:2 Corinthians:4:12",
        "t": "So then, death is at work in us, but life in you."
    },
    {
        "o": 32692,
        "r": "csb:2 Corinthians:4:13",
        "t": "And since we have the same spirit of faith in keeping with what is written, I*i believed,*i therefore*i I*i spoke,*i we also believe, and therefore speak."
    },
    {
        "o": 32693,
        "r": "csb:2 Corinthians:4:14",
        "t": "For we know that the one who raised the Lord Jesus will also raise us with Jesus and present us with you."
    },
    {
        "o": 32694,
        "r": "csb:2 Corinthians:4:15",
        "t": "Indeed, everything is for your benefit so that, as grace extends through more and more people, it may cause thanksgiving to increase to the glory of God."
    },
    {
        "o": 32695,
        "r": "csb:2 Corinthians:4:16",
        "t": "Therefore*p we do not give up. Even though our outer person is being destroyed, our inner person is being renewed day by day."
    },
    {
        "o": 32696,
        "r": "csb:2 Corinthians:4:17",
        "t": "For our momentary light affliction is producing for us an absolutely incomparable eternal weight of glory."
    },
    {
        "o": 32697,
        "r": "csb:2 Corinthians:4:18",
        "t": "So we do not focus on what is seen, but on what is unseen. For what is seen is temporary, but what is unseen is eternal."
    }
]
