[
    {
        "o": 12559,
        "r": "csb:2 Chronicles:7:1",
        "w": 3,
        "l": {},
        "c": "1Kg 8:54*9988",
        "a": "a"
    },
    {
        "o": 12559,
        "r": "csb:2 Chronicles:7:1",
        "w": 15,
        "l": {},
        "c": "Gn 15:7–17*408; Lv 9:24*3296; Jdg 6:21–24*7392; 1Kg 18:24,38*10353",
        "a": "b"
    },
    {
        "o": 12561,
        "r": "csb:2 Chronicles:7:3",
        "w": 46,
        "l": {},
        "c": "1Ch 16:41*12035; 2Ch 5:13*12510; 20:21*12886; Ezr 3:11*13467; Ps 106:1*17481; Jr 33:11*22199",
        "a": "c"
    },
    {
        "o": 12562,
        "r": "csb:2 Chronicles:7:4",
        "w": 12,
        "l": {},
        "c": "1Kg 8:62–63*9996",
        "a": "d"
    },
    {
        "o": 12564,
        "r": "csb:2 Chronicles:7:6",
        "w": 41,
        "l": {},
        "c": "1Ch 15:16–21*11979; 16:42*12036; 23:5*12180; 2Ch 29:26–30*13132; Neh 12:36*14083",
        "a": "e"
    },
    {
        "o": 12565,
        "r": "csb:2 Chronicles:7:7",
        "w": 7,
        "l": {},
        "c": "2Ch 4:1*12470",
        "a": "f"
    },
    {
        "o": 12565,
        "r": "csb:2 Chronicles:7:7",
        "w": 31,
        "l": {},
        "c": "1Kg 8:64–66*9998",
        "a": "g"
    },
    {
        "o": 12565,
        "r": "csb:2 Chronicles:7:7",
        "w": 53,
        "l": {},
        "c": "Lv 7:30–31*3224",
        "a": "h"
    },
    {
        "o": 12566,
        "r": "csb:2 Chronicles:7:8",
        "w": 15,
        "l": {},
        "t": "7:8*r Or from Lebo-hamath",
        "a": "i"
    },
    {
        "o": 12567,
        "r": "csb:2 Chronicles:7:9",
        "w": 3,
        "l": {},
        "t": "7:9*r = the day after the festival, or the 15th day",
        "a": "j"
    },
    {
        "o": 12567,
        "r": "csb:2 Chronicles:7:9",
        "w": 8,
        "l": {},
        "c": "Lv 23:36*3798",
        "a": "k"
    },
    {
        "o": 12568,
        "r": "csb:2 Chronicles:7:10",
        "w": 12,
        "l": {},
        "t": "7:10*r Lit people to their tents",
        "a": "l"
    },
    {
        "o": 12569,
        "r": "csb:2 Chronicles:7:11",
        "w": 27,
        "l": {},
        "c": "1Kg 9:1–9*10003",
        "a": "m"
    },
    {
        "o": 12571,
        "r": "csb:2 Chronicles:7:12",
        "w": 28,
        "l": {},
        "c": "Dt 12:5,11*5770",
        "a": "n"
    },
    {
        "o": 12572,
        "r": "csb:2 Chronicles:7:13",
        "w": 27,
        "l": {},
        "c": "2Ch 6:26–28*12540",
        "a": "o"
    },
    {
        "o": 12573,
        "r": "csb:2 Chronicles:7:14",
        "w": 32,
        "l": {},
        "c": "2Ch 6:37–39*12551",
        "a": "p"
    },
    {
        "o": 12574,
        "r": "csb:2 Chronicles:7:15",
        "w": 14,
        "l": {},
        "c": "2Ch 6:20,40*12534",
        "a": "q"
    },
    {
        "o": 12575,
        "r": "csb:2 Chronicles:7:16",
        "w": 27,
        "l": {},
        "c": "2Ch 7:12*12571",
        "a": "r"
    },
    {
        "o": 12577,
        "r": "csb:2 Chronicles:7:18",
        "w": 22,
        "l": {},
        "c": "2Ch 6:16*12530",
        "a": "s"
    },
    {
        "o": 12578,
        "r": "csb:2 Chronicles:7:19",
        "w": 31,
        "l": {},
        "c": "Lv 26:14*3905; Dt 28:15*6220",
        "a": "t"
    },
    {
        "o": 12579,
        "r": "csb:2 Chronicles:7:20",
        "w": 27,
        "l": {},
        "c": "Lv 26:33*3924; Dt 29:28*6304; 1Kg 14:15*10203",
        "a": "u"
    },
    {
        "o": 12579,
        "r": "csb:2 Chronicles:7:20",
        "w": 41,
        "l": {},
        "c": "Dt 28:37*6242",
        "a": "v"
    },
    {
        "o": 12580,
        "r": "csb:2 Chronicles:7:21",
        "w": 16,
        "l": {},
        "c": "Dt 29:24–25*6300",
        "a": "w"
    }
]
