[
    {
        "o": 9132,
        "r": "csb:2 Samuel:11:1",
        "w": 29,
        "l": {},
        "c": "2Sm 12:26–29*9191; 1Ch 20:1*12110",
        "a": "a"
    },
    {
        "o": 9134,
        "r": "csb:2 Samuel:11:3",
        "w": 13,
        "l": {},
        "c": "2Sm 12:24*9188; Ps 51*16362",
        "a": "b"
    },
    {
        "o": 9134,
        "r": "csb:2 Samuel:11:3",
        "w": 20,
        "l": {},
        "c": "Mt 1:6*26111",
        "a": "c"
    },
    {
        "o": 9134,
        "r": "csb:2 Samuel:11:3",
        "w": 22,
        "l": {},
        "t": "11:3*r DSS add Joab’s armor-bearer",
        "a": "d"
    },
    {
        "o": 9135,
        "r": "csb:2 Samuel:11:4",
        "w": 25,
        "l": {},
        "c": "Lv 15:18–30*3525; 18:19*3616",
        "a": "e"
    },
    {
        "o": 9142,
        "r": "csb:2 Samuel:11:11",
        "w": 18,
        "l": {},
        "t": "11:11*r Lit servants",
        "a": "f"
    },
    {
        "o": 9142,
        "r": "csb:2 Samuel:11:11",
        "w": 53,
        "l": {},
        "c": "1Sm 21:5*8601",
        "a": "g"
    },
    {
        "o": 9147,
        "r": "csb:2 Samuel:11:15",
        "w": 6,
        "l": {},
        "c": "Mt 1:6*26111",
        "a": "h"
    },
    {
        "o": 9153,
        "r": "csb:2 Samuel:11:21",
        "w": 7,
        "l": {},
        "t": "11:21*r LXX reads Jerubbaal",
        "a": "i"
    },
    {
        "o": 9153,
        "r": "csb:2 Samuel:11:21",
        "w": 7,
        "l": {},
        "t": "11:21*r = Gideon",
        "a": "j"
    },
    {
        "o": 9153,
        "r": "csb:2 Samuel:11:21",
        "w": 26,
        "l": {},
        "c": "Jdg 9:50–54*7535",
        "a": "k"
    },
    {
        "o": 9158,
        "r": "csb:2 Samuel:11:26",
        "w": 1,
        "l": {},
        "c": "Mt 1:6*26111",
        "a": "l"
    },
    {
        "o": 9158,
        "r": "csb:2 Samuel:11:26",
        "w": 13,
        "l": {},
        "t": "11:26*r Lit her husband",
        "a": "m"
    },
    {
        "o": 9159,
        "r": "csb:2 Samuel:11:27",
        "w": 32,
        "l": {},
        "c": "2Sm 12:9*9170; 15:19*9294",
        "a": "n"
    }
]
