[
    {
        "o": 11107,
        "r": "csb:2 Kings:18:1",
        "w": 7,
        "l": {},
        "c": "2Kg 17:1*11060",
        "a": "a"
    },
    {
        "o": 11107,
        "r": "csb:2 Kings:18:1",
        "w": 11,
        "l": {},
        "c": "2Ch 28:27*13102",
        "a": "b"
    },
    {
        "o": 11108,
        "r": "csb:2 Kings:18:2",
        "w": 20,
        "l": {},
        "t": "18:2*r = Abijah in 2Ch 29:1",
        "a": "c"
    },
    {
        "o": 11109,
        "r": "csb:2 Kings:18:3",
        "w": 15,
        "l": {},
        "c": "2Ch 29:1–2*13105",
        "a": "d"
    },
    {
        "o": 11110,
        "r": "csb:2 Kings:18:4",
        "w": 14,
        "l": {},
        "c": "2Kg 17:10*11071; 18:22*11131; 2Ch 31:1*13175",
        "a": "e"
    },
    {
        "o": 11110,
        "r": "csb:2 Kings:18:4",
        "w": 24,
        "l": {},
        "c": "Nm 21:5–9*4780",
        "a": "f"
    },
    {
        "o": 11110,
        "r": "csb:2 Kings:18:4",
        "w": 38,
        "l": {},
        "t": "18:4*r = A Bronze Thing",
        "a": "g"
    },
    {
        "o": 11111,
        "r": "csb:2 Kings:18:5",
        "w": 7,
        "l": {},
        "c": "2Kg 19:10*11159",
        "a": "h"
    },
    {
        "o": 11111,
        "r": "csb:2 Kings:18:5",
        "w": 23,
        "l": {},
        "c": "1Kg 3:12*9754; 2Kg 23:25*11299",
        "a": "i"
    },
    {
        "o": 11112,
        "r": "csb:2 Kings:18:6",
        "w": 5,
        "l": {},
        "c": "Dt 10:20*5726; Jos 23:8*7161",
        "a": "j"
    },
    {
        "o": 11113,
        "r": "csb:2 Kings:18:7",
        "w": 10,
        "l": {},
        "c": "Gn 39:2–3*1268; 1Sm 18:14*8507",
        "a": "k"
    },
    {
        "o": 11113,
        "r": "csb:2 Kings:18:7",
        "w": 22,
        "l": {},
        "c": "2Kg 16:7*11042",
        "a": "l"
    },
    {
        "o": 11114,
        "r": "csb:2 Kings:18:8",
        "w": 10,
        "l": {},
        "c": "2Ch 28:18*13092; Is 14:29*20107",
        "a": "m"
    },
    {
        "o": 11114,
        "r": "csb:2 Kings:18:8",
        "w": 12,
        "l": {},
        "c": "2Kg 17:9*11070",
        "a": "n"
    },
    {
        "o": 11116,
        "r": "csb:2 Kings:18:9",
        "w": 27,
        "l": {},
        "c": "2Kg 17:3–7*11062",
        "a": "o"
    },
    {
        "o": 11118,
        "r": "csb:2 Kings:18:11",
        "w": 25,
        "l": {},
        "c": "2Kg 17:6*11067; 1Ch 5:26*11594",
        "a": "p"
    },
    {
        "o": 11119,
        "r": "csb:2 Kings:18:12",
        "w": 32,
        "l": {},
        "c": "1Kg 9:6*10008; 2Kg 17:7–18*11068; Dn 9:6,10*24745",
        "a": "q"
    },
    {
        "o": 11121,
        "r": "csb:2 Kings:18:13",
        "w": 19,
        "l": {},
        "c": "2Ch 32:1*13198; Is 36:1*20537",
        "a": "r"
    },
    {
        "o": 11122,
        "r": "csb:2 Kings:18:14",
        "w": 13,
        "l": {},
        "c": "2Kg 19:8*11157",
        "a": "s"
    },
    {
        "o": 11122,
        "r": "csb:2 Kings:18:14",
        "w": 17,
        "l": {},
        "c": "Is 24:5*20275; 33:8*20486",
        "a": "t"
    },
    {
        "o": 11122,
        "r": "csb:2 Kings:18:14",
        "w": 35,
        "l": {},
        "t": "18:14*r Lit 300 talents",
        "a": "u"
    },
    {
        "o": 11122,
        "r": "csb:2 Kings:18:14",
        "w": 40,
        "l": {},
        "t": "18:14*r Lit 30 talents",
        "a": "v"
    },
    {
        "o": 11124,
        "r": "csb:2 Kings:18:16",
        "w": 28,
        "l": {},
        "c": "2Kg 12:18*10920; 16:8*11043; 2Ch 16:2*12771",
        "a": "w"
    },
    {
        "o": 11125,
        "r": "csb:2 Kings:18:17",
        "w": 8,
        "l": {},
        "c": "Is 20:1*20194",
        "a": "x"
    },
    {
        "o": 11125,
        "r": "csb:2 Kings:18:17",
        "w": 28,
        "l": {},
        "c": "2Ch 32:9*13207",
        "a": "y"
    },
    {
        "o": 11125,
        "r": "csb:2 Kings:18:17",
        "w": 35,
        "l": {},
        "t": "18:17*r LXX, Syr, Vg; MT reads and came and",
        "a": "z"
    },
    {
        "o": 11125,
        "r": "csb:2 Kings:18:17",
        "w": 53,
        "l": {},
        "c": "2Kg 20:20*11213; Is 7:3*19911",
        "a": "a"
    },
    {
        "o": 11126,
        "r": "csb:2 Kings:18:18",
        "w": 6,
        "l": {},
        "c": "2Kg 19:2*11150; Is 22:20*20243",
        "a": "b"
    },
    {
        "o": 11126,
        "r": "csb:2 Kings:18:18",
        "w": 17,
        "l": {},
        "c": "Is 22:15*20238",
        "a": "c"
    },
    {
        "o": 11126,
        "r": "csb:2 Kings:18:18",
        "w": 32,
        "l": {},
        "c": "Is 36:2–3*20538",
        "a": "d"
    },
    {
        "o": 11128,
        "r": "csb:2 Kings:18:19",
        "w": 0,
        "l": {},
        "c": "Is 36:4–22*20540",
        "a": "e"
    },
    {
        "o": 11128,
        "r": "csb:2 Kings:18:19",
        "w": 24,
        "l": {},
        "t": "18:19*r Lit ‘What is this trust which you trust",
        "a": "f"
    },
    {
        "o": 11128,
        "r": "csb:2 Kings:18:19",
        "w": 24,
        "l": {},
        "c": "2Kg 18:5*11111; 2Ch 32:10*13208",
        "a": "g"
    },
    {
        "o": 11129,
        "r": "csb:2 Kings:18:20",
        "w": 22,
        "l": {},
        "c": "2Kg 18:7*11113",
        "a": "h"
    },
    {
        "o": 11130,
        "r": "csb:2 Kings:18:21",
        "w": 12,
        "l": {},
        "c": "Is 30:2–3,7*20410",
        "a": "i"
    },
    {
        "o": 11130,
        "r": "csb:2 Kings:18:21",
        "w": 26,
        "l": {},
        "c": "Ezk 29:6–7*23840",
        "a": "j"
    },
    {
        "o": 11131,
        "r": "csb:2 Kings:18:22",
        "w": 23,
        "l": {},
        "c": "2Kg 18:4*11110; 2Ch 31:1*13175; 32:11–12*13209",
        "a": "k"
    },
    {
        "o": 11133,
        "r": "csb:2 Kings:18:24",
        "w": 8,
        "l": {},
        "c": "Is 10:8*19993",
        "a": "l"
    },
    {
        "o": 11134,
        "r": "csb:2 Kings:18:25",
        "w": 12,
        "l": {},
        "c": "2Kg 19:6,22*11154; 24:3*11319; 2Ch 35:21*13329",
        "a": "m"
    },
    {
        "o": 11135,
        "r": "csb:2 Kings:18:26",
        "w": 19,
        "l": {},
        "c": "Ezr 4:7*13479; Dn 2:4*24481",
        "a": "n"
    },
    {
        "o": 11135,
        "r": "csb:2 Kings:18:26",
        "w": 29,
        "l": {},
        "t": "18:26*r Lit Judahite, also in v. 28",
        "a": "o"
    },
    {
        "o": 11136,
        "r": "csb:2 Kings:18:27",
        "w": 48,
        "l": {},
        "c": "Is 36:11–12*20547",
        "a": "p"
    },
    {
        "o": 11138,
        "r": "csb:2 Kings:18:29",
        "w": 9,
        "l": {},
        "c": "2Kg 19:10*11159",
        "a": "q"
    },
    {
        "o": 11138,
        "r": "csb:2 Kings:18:29",
        "w": 17,
        "l": {},
        "c": "2Ch 32:15*13213",
        "a": "r"
    },
    {
        "o": 11139,
        "r": "csb:2 Kings:18:30",
        "w": 29,
        "l": {},
        "c": "2Ch 32:18*13216",
        "a": "s"
    },
    {
        "o": 11140,
        "r": "csb:2 Kings:18:31",
        "w": 14,
        "l": {},
        "t": "18:31*r Lit a blessing",
        "a": "t"
    },
    {
        "o": 11140,
        "r": "csb:2 Kings:18:31",
        "w": 35,
        "l": {},
        "c": "1Kg 4:25*9799",
        "a": "u"
    },
    {
        "o": 11141,
        "r": "csb:2 Kings:18:32",
        "w": 33,
        "l": {},
        "c": "Dt 8:7–9*5658; 11:12*5742",
        "a": "v"
    },
    {
        "o": 11141,
        "r": "csb:2 Kings:18:32",
        "w": 38,
        "l": {},
        "c": "Dt 30:19*6327",
        "a": "w"
    },
    {
        "o": 11142,
        "r": "csb:2 Kings:18:33",
        "w": 9,
        "l": {},
        "c": "2Kg 19:12*11161; Is 10:10–11*19995",
        "a": "x"
    },
    {
        "o": 11143,
        "r": "csb:2 Kings:18:34",
        "w": 16,
        "l": {},
        "t": "18:34*r Some LXX mss, Old Lat read Sepharvaim? Where are the gods of the land of Samaria?",
        "a": "y"
    },
    {
        "o": 11143,
        "r": "csb:2 Kings:18:34",
        "w": 23,
        "l": {},
        "c": "2Kg 17:24*11087; 19:13*11163",
        "a": "z"
    },
    {
        "o": 11144,
        "r": "csb:2 Kings:18:35",
        "w": 23,
        "l": {},
        "c": "2Ch 32:14*13212; Ps 2:1–4*15472; Dn 3:15*24546",
        "a": "a"
    },
    {
        "o": 11146,
        "r": "csb:2 Kings:18:37",
        "w": 23,
        "l": {},
        "c": "2Kg 18:26*11135; 19:2*11150",
        "a": "b"
    },
    {
        "o": 11146,
        "r": "csb:2 Kings:18:37",
        "w": 30,
        "l": {},
        "c": "2Kg 6:30*10733; Is 33:7*20485",
        "a": "c"
    }
]
