[
    {
        "o": 10760,
        "r": "csb:2 Kings:8:1",
        "w": 11,
        "l": {},
        "c": "2Kg 4:8–37*10628",
        "a": "a"
    },
    {
        "o": 10760,
        "r": "csb:2 Kings:8:1",
        "w": 35,
        "l": {},
        "c": "Gn 41:27,54*1344",
        "a": "b"
    },
    {
        "o": 10762,
        "r": "csb:2 Kings:8:3",
        "w": 15,
        "l": {},
        "c": "2Kg 7:1–2*10738",
        "a": "c"
    },
    {
        "o": 10762,
        "r": "csb:2 Kings:8:3",
        "w": 27,
        "l": {},
        "c": "Dt 15:1–6*5855",
        "a": "d"
    },
    {
        "o": 10763,
        "r": "csb:2 Kings:8:4",
        "w": 6,
        "l": {},
        "c": "2Kg 4:12*10633; 5:20–27*10692",
        "a": "e"
    },
    {
        "o": 10764,
        "r": "csb:2 Kings:8:5",
        "w": 53,
        "l": {},
        "c": "2Kg 4:35*10657",
        "a": "f"
    },
    {
        "o": 10767,
        "r": "csb:2 Kings:8:7",
        "w": 3,
        "l": {},
        "c": "1Kg 11:24*10092",
        "a": "g"
    },
    {
        "o": 10767,
        "r": "csb:2 Kings:8:7",
        "w": 6,
        "l": {},
        "c": "2Kg 6:24*10727",
        "a": "h"
    },
    {
        "o": 10767,
        "r": "csb:2 Kings:8:7",
        "w": 19,
        "l": {},
        "c": "2Kg 5:20*10692",
        "a": "i"
    },
    {
        "o": 10768,
        "r": "csb:2 Kings:8:8",
        "w": 5,
        "l": {},
        "c": "1Kg 19:15,17*10394",
        "a": "j"
    },
    {
        "o": 10768,
        "r": "csb:2 Kings:8:8",
        "w": 8,
        "l": {},
        "c": "1Kg 14:3*10191",
        "a": "k"
    },
    {
        "o": 10768,
        "r": "csb:2 Kings:8:8",
        "w": 29,
        "l": {},
        "c": "2Kg 1:2*10542",
        "a": "l"
    },
    {
        "o": 10769,
        "r": "csb:2 Kings:8:9",
        "w": 29,
        "l": {},
        "c": "2Kg 5:13*10683",
        "a": "m"
    },
    {
        "o": 10770,
        "r": "csb:2 Kings:8:10",
        "w": 10,
        "l": {},
        "t": "8:10*r Alt Hb tradition reads You will not",
        "a": "n"
    },
    {
        "o": 10771,
        "r": "csb:2 Kings:8:11",
        "w": 9,
        "l": {},
        "c": "Jdg 3:25*7302; 2Kg 2:17*10579",
        "a": "o"
    },
    {
        "o": 10771,
        "r": "csb:2 Kings:8:11",
        "w": 14,
        "l": {},
        "c": "Lk 19:41*29150",
        "a": "p"
    },
    {
        "o": 10772,
        "r": "csb:2 Kings:8:12",
        "w": 52,
        "l": {},
        "c": "1Kg 19:17*10396; 2Kg 10:32–33*10868; 13:3*10928",
        "a": "q"
    },
    {
        "o": 10773,
        "r": "csb:2 Kings:8:13",
        "w": 8,
        "l": {},
        "c": "2Sm 9:8*9103",
        "a": "r"
    },
    {
        "o": 10773,
        "r": "csb:2 Kings:8:13",
        "w": 27,
        "l": {},
        "c": "1Kg 19:15*10394",
        "a": "s"
    },
    {
        "o": 10777,
        "r": "csb:2 Kings:8:16",
        "w": 3,
        "l": {},
        "c": "2Ch 21:5–20*12912",
        "a": "t"
    },
    {
        "o": 10777,
        "r": "csb:2 Kings:8:16",
        "w": 7,
        "l": {},
        "c": "2Kg 1:17*10557; 3:1*10590",
        "a": "u"
    },
    {
        "o": 10777,
        "r": "csb:2 Kings:8:16",
        "w": 11,
        "l": {},
        "t": "8:16*r = The Lord is Exalted",
        "a": "v"
    },
    {
        "o": 10777,
        "r": "csb:2 Kings:8:16",
        "w": 11,
        "l": {},
        "c": "2Ch 21:1*12907",
        "a": "w"
    },
    {
        "o": 10777,
        "r": "csb:2 Kings:8:16",
        "w": 21,
        "l": {},
        "t": "8:16*r Lit Judah; Jehoshaphat had been king of Judah",
        "a": "x"
    },
    {
        "o": 10777,
        "r": "csb:2 Kings:8:16",
        "w": 21,
        "l": {},
        "c": "1Kg 22:50*10535",
        "a": "y"
    },
    {
        "o": 10778,
        "r": "csb:2 Kings:8:17",
        "w": 15,
        "l": {},
        "c": "2Ch 21:5*12912",
        "a": "z"
    },
    {
        "o": 10779,
        "r": "csb:2 Kings:8:18",
        "w": 31,
        "l": {},
        "c": "2Ch 21:6*12913",
        "a": "a"
    },
    {
        "o": 10780,
        "r": "csb:2 Kings:8:19",
        "w": 21,
        "l": {},
        "t": "8:19*r Or dominion",
        "a": "b"
    },
    {
        "o": 10780,
        "r": "csb:2 Kings:8:19",
        "w": 21,
        "l": {},
        "c": "1Kg 11:36*10104; 15:4*10226",
        "a": "c"
    },
    {
        "o": 10780,
        "r": "csb:2 Kings:8:19",
        "w": 27,
        "l": {},
        "c": "2Ch 21:7*12914",
        "a": "d"
    },
    {
        "o": 10781,
        "r": "csb:2 Kings:8:20",
        "w": 12,
        "l": {},
        "c": "1Kg 22:47*10531; 2Kg 3:9*10599",
        "a": "e"
    },
    {
        "o": 10782,
        "r": "csb:2 Kings:8:21",
        "w": 34,
        "l": {},
        "c": "2Sm 18:17*9390; 19:8*9416",
        "a": "f"
    },
    {
        "o": 10783,
        "r": "csb:2 Kings:8:22",
        "w": 10,
        "l": {},
        "c": "Jos 21:13*7076; 2Kg 19:8*11157",
        "a": "g"
    },
    {
        "o": 10784,
        "r": "csb:2 Kings:8:23",
        "w": 21,
        "l": {},
        "c": "1Kg 22:39*10522; 2Kg 1:18*10558",
        "a": "h"
    },
    {
        "o": 10785,
        "r": "csb:2 Kings:8:24",
        "w": 24,
        "l": {},
        "c": "1Kg 22:40*10524; 2Kg 1:17*10557",
        "a": "i"
    },
    {
        "o": 10787,
        "r": "csb:2 Kings:8:25",
        "w": 10,
        "l": {},
        "c": "2Ch 22:1–6*12932",
        "a": "j"
    },
    {
        "o": 10787,
        "r": "csb:2 Kings:8:25",
        "w": 18,
        "l": {},
        "c": "2Kg 9:29*10824",
        "a": "k"
    },
    {
        "o": 10788,
        "r": "csb:2 Kings:8:26",
        "w": 25,
        "l": {},
        "c": "1Kg 16:23*10286; 2Ch 22:2*12933",
        "a": "l"
    },
    {
        "o": 10789,
        "r": "csb:2 Kings:8:27",
        "w": 23,
        "l": {},
        "c": "2Ch 22:3*12934",
        "a": "m"
    },
    {
        "o": 10789,
        "r": "csb:2 Kings:8:27",
        "w": 29,
        "l": {},
        "t": "8:27*r Lit for he was related by marriage to",
        "a": "n"
    },
    {
        "o": 10790,
        "r": "csb:2 Kings:8:28",
        "w": 11,
        "l": {},
        "c": "1Kg 19:15*10394",
        "a": "o"
    },
    {
        "o": 10790,
        "r": "csb:2 Kings:8:28",
        "w": 15,
        "l": {},
        "c": "1Kg 22:3,29*10484",
        "a": "p"
    },
    {
        "o": 10791,
        "r": "csb:2 Kings:8:29",
        "w": 5,
        "l": {},
        "c": "1Kg 21:1*10450",
        "a": "q"
    },
    {
        "o": 10791,
        "r": "csb:2 Kings:8:29",
        "w": 19,
        "l": {},
        "t": "8:29*r Lit Ramah",
        "a": "r"
    },
    {
        "o": 10791,
        "r": "csb:2 Kings:8:29",
        "w": 26,
        "l": {},
        "c": "2Kg 9:15*10809",
        "a": "s"
    }
]
