[
    {
        "o": 10590,
        "r": "csb:2 Kings:3:1",
        "w": 22,
        "l": {},
        "c": "2Kg 1:17*10557",
        "a": "a"
    },
    {
        "o": 10591,
        "r": "csb:2 Kings:3:2",
        "w": 15,
        "l": {},
        "c": "1Kg 21:25–26*10475",
        "a": "b"
    },
    {
        "o": 10592,
        "r": "csb:2 Kings:3:3",
        "w": 15,
        "l": {},
        "c": "1Kg 16:31–32*10295",
        "a": "c"
    },
    {
        "o": 10594,
        "r": "csb:2 Kings:3:4",
        "w": 3,
        "l": {},
        "c": "Gn 19:37*546; 2Kg 1:1*10541",
        "a": "d"
    },
    {
        "o": 10594,
        "r": "csb:2 Kings:3:4",
        "w": 11,
        "l": {},
        "c": "2Sm 8:2*9077",
        "a": "e"
    },
    {
        "o": 10594,
        "r": "csb:2 Kings:3:4",
        "w": 27,
        "l": {},
        "c": "Is 16:1–2*20123",
        "a": "f"
    },
    {
        "o": 10595,
        "r": "csb:2 Kings:3:5",
        "w": 13,
        "l": {},
        "c": "2Kg 1:1*10541",
        "a": "g"
    },
    {
        "o": 10597,
        "r": "csb:2 Kings:3:7",
        "w": 7,
        "l": {},
        "c": "1Kg 22:41–50*10525",
        "a": "h"
    },
    {
        "o": 10597,
        "r": "csb:2 Kings:3:7",
        "w": 17,
        "l": {},
        "c": "2Kg 1:1*10541",
        "a": "i"
    },
    {
        "o": 10597,
        "r": "csb:2 Kings:3:7",
        "w": 46,
        "l": {},
        "c": "1Kg 22:4*10485",
        "a": "j"
    },
    {
        "o": 10599,
        "r": "csb:2 Kings:3:9",
        "w": 13,
        "l": {},
        "c": "1Kg 22:47*10531; 2Kg 8:20*10781",
        "a": "k"
    },
    {
        "o": 10601,
        "r": "csb:2 Kings:3:11",
        "w": 17,
        "l": {},
        "c": "1Kg 22:7*10488",
        "a": "l"
    },
    {
        "o": 10601,
        "r": "csb:2 Kings:3:11",
        "w": 31,
        "l": {},
        "c": "1Kg 19:16,19–21*10395; 2Kg 2:9*10569",
        "a": "m"
    },
    {
        "o": 10602,
        "r": "csb:2 Kings:3:12",
        "w": 24,
        "l": {},
        "c": "2Kg 2:25*10587",
        "a": "n"
    },
    {
        "o": 10603,
        "r": "csb:2 Kings:3:13",
        "w": 23,
        "l": {},
        "c": "1Kg 18:19,22*10348; 22:6*10487",
        "a": "o"
    },
    {
        "o": 10604,
        "r": "csb:2 Kings:3:14",
        "w": 9,
        "l": {},
        "c": "1Kg 17:1*10301; 2Kg 5:16*10686",
        "a": "p"
    },
    {
        "o": 10604,
        "r": "csb:2 Kings:3:14",
        "w": 24,
        "l": {},
        "c": "1Kg 22:41–50*10525",
        "a": "q"
    },
    {
        "o": 10605,
        "r": "csb:2 Kings:3:15",
        "w": 4,
        "l": {},
        "c": "1Sm 10:5*8216",
        "a": "r"
    },
    {
        "o": 10605,
        "r": "csb:2 Kings:3:15",
        "w": 8,
        "l": {},
        "c": "1Sm 16:23*8430",
        "a": "s"
    },
    {
        "o": 10605,
        "r": "csb:2 Kings:3:15",
        "w": 11,
        "l": {},
        "c": "Ezk 3:14*23096",
        "a": "t"
    },
    {
        "o": 10607,
        "r": "csb:2 Kings:3:17",
        "w": 18,
        "l": {},
        "c": "Ps 107:35*17567; Is 32:2*20458",
        "a": "u"
    },
    {
        "o": 10608,
        "r": "csb:2 Kings:3:18",
        "w": 6,
        "l": {},
        "c": "Gn 18:14*486",
        "a": "v"
    },
    {
        "o": 10608,
        "r": "csb:2 Kings:3:18",
        "w": 14,
        "l": {},
        "c": "2Kg 3:7*10597",
        "a": "w"
    },
    {
        "o": 10610,
        "r": "csb:2 Kings:3:20",
        "w": 6,
        "l": {},
        "c": "Ex 29:39–40*2624",
        "a": "x"
    },
    {
        "o": 10611,
        "r": "csb:2 Kings:3:21",
        "w": 6,
        "l": {},
        "c": "2Kg 3:9*10599",
        "a": "y"
    },
    {
        "o": 10612,
        "r": "csb:2 Kings:3:22",
        "w": 28,
        "l": {},
        "c": "Ex 7:17,20*1876",
        "a": "z"
    },
    {
        "o": 10613,
        "r": "csb:2 Kings:3:23",
        "w": 6,
        "l": {},
        "c": "2Kg 3:9*10599",
        "a": "a"
    },
    {
        "o": 10613,
        "r": "csb:2 Kings:3:23",
        "w": 9,
        "l": {},
        "t": "3:23*r Or have been laid waste",
        "a": "b"
    },
    {
        "o": 10615,
        "r": "csb:2 Kings:3:25",
        "w": 40,
        "l": {},
        "c": "Jr 48:31,36*22570",
        "a": "c"
    },
    {
        "o": 10616,
        "r": "csb:2 Kings:3:26",
        "w": 30,
        "l": {},
        "c": "2Kg 3:9*10599",
        "a": "d"
    },
    {
        "o": 10617,
        "r": "csb:2 Kings:3:27",
        "w": 5,
        "l": {},
        "c": "Dt 12:31*5797; 2Kg 16:3*11038",
        "a": "e"
    }
]
