[
    {
        "o": 10835,
        "r": "csb:2 Kings:10:1",
        "w": 6,
        "l": {},
        "c": "1Kg 16:24,29*10287",
        "a": "a"
    },
    {
        "o": 10835,
        "r": "csb:2 Kings:10:1",
        "w": 19,
        "l": {},
        "c": "1Kg 21:1*10450; 2Kg 9:30*10825",
        "a": "b"
    },
    {
        "o": 10835,
        "r": "csb:2 Kings:10:1",
        "w": 29,
        "l": {},
        "t": "10:1*r LXX; MT reads of Ahab",
        "a": "c"
    },
    {
        "o": 10836,
        "r": "csb:2 Kings:10:2",
        "w": 19,
        "l": {},
        "c": "2Kg 5:6*10676",
        "a": "d"
    },
    {
        "o": 10837,
        "r": "csb:2 Kings:10:3",
        "w": 3,
        "l": {},
        "t": "10:3*r Lit the good and the upright",
        "a": "e"
    },
    {
        "o": 10838,
        "r": "csb:2 Kings:10:4",
        "w": 8,
        "l": {},
        "c": "2Kg 9:24,27*10818",
        "a": "f"
    },
    {
        "o": 10839,
        "r": "csb:2 Kings:10:5",
        "w": 44,
        "l": {},
        "t": "10:5*r Lit Do what is good in your eyes",
        "a": "g"
    },
    {
        "o": 10839,
        "r": "csb:2 Kings:10:5",
        "w": 44,
        "l": {},
        "c": "Jos 9:8,11*6680; 1Kg 20:4,32*10407; 2Kg 18:14*11122",
        "a": "h"
    },
    {
        "o": 10840,
        "r": "csb:2 Kings:10:6",
        "w": 27,
        "l": {},
        "t": "10:6*r Lit heads of the men of the sons of your master",
        "a": "i"
    },
    {
        "o": 10843,
        "r": "csb:2 Kings:10:9",
        "w": 31,
        "l": {},
        "c": "2Kg 9:14–24*10807",
        "a": "j"
    },
    {
        "o": 10844,
        "r": "csb:2 Kings:10:10",
        "w": 15,
        "l": {},
        "c": "2Kg 9:7–10*10800",
        "a": "k"
    },
    {
        "o": 10844,
        "r": "csb:2 Kings:10:10",
        "w": 27,
        "l": {},
        "c": "1Kg 21:19–29*10469",
        "a": "l"
    },
    {
        "o": 10847,
        "r": "csb:2 Kings:10:13",
        "w": 17,
        "l": {},
        "c": "2Kg 9:27–29*10821",
        "a": "m"
    },
    {
        "o": 10847,
        "r": "csb:2 Kings:10:13",
        "w": 30,
        "l": {},
        "c": "1Kg 2:19*9710",
        "a": "n"
    },
    {
        "o": 10848,
        "r": "csb:2 Kings:10:14",
        "w": 27,
        "l": {},
        "c": "2Ch 22:8*12939",
        "a": "o"
    },
    {
        "o": 10849,
        "r": "csb:2 Kings:10:15",
        "w": 9,
        "l": {},
        "c": "Jr 35:6–19*22248",
        "a": "p"
    },
    {
        "o": 10849,
        "r": "csb:2 Kings:10:15",
        "w": 25,
        "l": {},
        "t": "10:15*r Lit heart upright like my heart is with your heart",
        "a": "q"
    },
    {
        "o": 10849,
        "r": "csb:2 Kings:10:15",
        "w": 34,
        "l": {},
        "t": "10:15*r LXX, Syr, Vg; MT reads mine?” Jehonadab said, “It is and it is",
        "a": "r"
    },
    {
        "o": 10849,
        "r": "csb:2 Kings:10:15",
        "w": 38,
        "l": {},
        "c": "Ezr 10:19*13654",
        "a": "s"
    },
    {
        "o": 10850,
        "r": "csb:2 Kings:10:16",
        "w": 9,
        "l": {},
        "c": "1Kg 19:10*10389",
        "a": "t"
    },
    {
        "o": 10851,
        "r": "csb:2 Kings:10:17",
        "w": 33,
        "l": {},
        "c": "1Kg 21:19–21*10469; 2Kg 9:8*10801",
        "a": "u"
    },
    {
        "o": 10853,
        "r": "csb:2 Kings:10:18",
        "w": 13,
        "l": {},
        "c": "1Kg 16:31–32*10295",
        "a": "v"
    },
    {
        "o": 10854,
        "r": "csb:2 Kings:10:19",
        "w": 16,
        "l": {},
        "c": "1Kg 18:19*10348; 22:6*10487",
        "a": "w"
    },
    {
        "o": 10855,
        "r": "csb:2 Kings:10:20",
        "w": 5,
        "l": {},
        "c": "Jl 1:14*25105",
        "a": "x"
    },
    {
        "o": 10856,
        "r": "csb:2 Kings:10:21",
        "w": 12,
        "l": {},
        "t": "10:21*r LXX adds —  all his priests and all his prophets  —",
        "a": "y"
    },
    {
        "o": 10856,
        "r": "csb:2 Kings:10:21",
        "w": 18,
        "l": {},
        "c": "1Kg 22:6*10487",
        "a": "z"
    },
    {
        "o": 10856,
        "r": "csb:2 Kings:10:21",
        "w": 24,
        "l": {},
        "c": "1Kg 16:32*10296",
        "a": "a"
    },
    {
        "o": 10859,
        "r": "csb:2 Kings:10:24",
        "w": 40,
        "l": {},
        "c": "1Kg 20:39*10443",
        "a": "b"
    },
    {
        "o": 10860,
        "r": "csb:2 Kings:10:25",
        "w": 22,
        "l": {},
        "c": "1Kg 18:40*10369",
        "a": "c"
    },
    {
        "o": 10862,
        "r": "csb:2 Kings:10:27",
        "w": 5,
        "l": {},
        "c": "1Kg 14:23*10212; 2Kg 3:2*10591",
        "a": "d"
    },
    {
        "o": 10862,
        "r": "csb:2 Kings:10:27",
        "w": 20,
        "l": {},
        "c": "Ezr 6:11*13531",
        "a": "e"
    },
    {
        "o": 10865,
        "r": "csb:2 Kings:10:29",
        "w": 28,
        "l": {},
        "c": "1Kg 12:28–29*10144",
        "a": "f"
    },
    {
        "o": 10866,
        "r": "csb:2 Kings:10:30",
        "w": 45,
        "l": {},
        "c": "2Kg 15:12*11003",
        "a": "g"
    },
    {
        "o": 10868,
        "r": "csb:2 Kings:10:32",
        "w": 11,
        "l": {},
        "c": "2Kg 13:25*10953",
        "a": "h"
    },
    {
        "o": 10868,
        "r": "csb:2 Kings:10:32",
        "w": 12,
        "l": {},
        "c": "1Kg 19:17*10396; 2Kg 8:12*10772",
        "a": "i"
    },
    {
        "o": 10869,
        "r": "csb:2 Kings:10:33",
        "w": 17,
        "l": {},
        "c": "Dt 2:36*5469; Jdg 11:26*7592",
        "a": "j"
    },
    {
        "o": 10869,
        "r": "csb:2 Kings:10:33",
        "w": 23,
        "l": {},
        "c": "Nm 21:13*4789",
        "a": "k"
    },
    {
        "o": 10869,
        "r": "csb:2 Kings:10:33",
        "w": 27,
        "l": {},
        "t": "10:33*r Lit Arnon Valley and Gilead and Bashan",
        "a": "l"
    },
    {
        "o": 10870,
        "r": "csb:2 Kings:10:34",
        "w": 25,
        "l": {},
        "c": "2Kg 1:18*10558",
        "a": "m"
    },
    {
        "o": 10871,
        "r": "csb:2 Kings:10:35",
        "w": 12,
        "l": {},
        "c": "2Kg 13:1*10926",
        "a": "n"
    },
    {
        "o": 10872,
        "r": "csb:2 Kings:10:36",
        "w": 11,
        "l": {},
        "c": "2Kg 1:17*10557",
        "a": "o"
    }
]
