[
    {
        "o": 34770,
        "r": "csb:3 John:1:1",
        "w": 1,
        "l": {},
        "c": "2Jn 1*34753",
        "a": "a"
    },
    {
        "o": 34770,
        "r": "csb:3 John:1:1",
        "w": 12,
        "l": {},
        "c": "Jn 14:6*30162; 1Jn 5:20*34749",
        "a": "b"
    },
    {
        "o": 34771,
        "r": "csb:3 John:1:2",
        "w": 15,
        "l": {},
        "c": "1Tm 1:10*33656",
        "a": "c"
    },
    {
        "o": 34771,
        "r": "csb:3 John:1:2",
        "w": 23,
        "l": {},
        "t": "2*r Or as your soul prospers",
        "a": "d"
    },
    {
        "o": 34772,
        "r": "csb:3 John:1:3",
        "w": 10,
        "l": {},
        "c": "Jn 15:26*30223; Ac 26:5*31489",
        "a": "e"
    },
    {
        "o": 34772,
        "r": "csb:3 John:1:3",
        "w": 22,
        "l": {},
        "c": "2Jn 4*34757",
        "a": "f"
    },
    {
        "o": 34773,
        "r": "csb:3 John:1:4",
        "w": 4,
        "l": {},
        "c": "Jn 15:11*30206",
        "a": "g"
    },
    {
        "o": 34773,
        "r": "csb:3 John:1:4",
        "w": 11,
        "l": {},
        "c": "1Co 4:14*32207; Gl 4:19*33007; Php 2:22*33310",
        "a": "h"
    },
    {
        "o": 34776,
        "r": "csb:3 John:1:6",
        "w": 8,
        "l": {},
        "c": "Mt 16:18*26749; 1Co 14:4*32473; Rv 1:4*34824",
        "a": "i"
    },
    {
        "o": 34776,
        "r": "csb:3 John:1:6",
        "w": 18,
        "l": {},
        "c": "Ac 15:3*31056; 20:38*31305; 21:5*31312; Rm 15:24*32065; 1Co 16:6*32584; 2Co 1:16*32625; Ti 3:13*33931",
        "a": "j"
    },
    {
        "o": 34776,
        "r": "csb:3 John:1:6",
        "w": 24,
        "l": {},
        "c": "1Co 10:31*32378; 1Th 2:12*33507",
        "a": "k"
    },
    {
        "o": 34777,
        "r": "csb:3 John:1:7",
        "w": 9,
        "l": {},
        "c": "Jn 10:25*29971; Ac 15:14*31068; Rv 14:1*35103",
        "a": "l"
    },
    {
        "o": 34777,
        "r": "csb:3 John:1:7",
        "w": 13,
        "l": {},
        "t": "7*r Or Gentiles",
        "a": "m"
    },
    {
        "o": 34777,
        "r": "csb:3 John:1:7",
        "w": 13,
        "l": {},
        "c": "1Co 9:15–18*32331",
        "a": "n"
    },
    {
        "o": 34780,
        "r": "csb:3 John:1:9",
        "w": 15,
        "l": {},
        "c": "Mt 20:25–28*26895; 23:5–12*27018; Col 1:18*33392; 1Pt 5:2–3*34543; 2Jn 9*34762",
        "a": "o"
    },
    {
        "o": 34780,
        "r": "csb:3 John:1:9",
        "w": 20,
        "l": {},
        "c": "Ac 18:27*31215; Rm 16:1–2*32077; 2Co 3:1*32657",
        "a": "p"
    },
    {
        "o": 34781,
        "r": "csb:3 John:1:10",
        "w": 16,
        "l": {},
        "c": "1Tm 5:13*33740",
        "a": "q"
    },
    {
        "o": 34782,
        "r": "csb:3 John:1:11",
        "w": 7,
        "l": {},
        "c": "1Pt 3:17*34511",
        "a": "r"
    },
    {
        "o": 34782,
        "r": "csb:3 John:1:11",
        "w": 19,
        "l": {},
        "c": "1Jn 4:4*34707",
        "a": "s"
    },
    {
        "o": 34782,
        "r": "csb:3 John:1:11",
        "w": 28,
        "l": {},
        "c": "Ex 33:20*2757",
        "a": "t"
    },
    {
        "o": 34783,
        "r": "csb:3 John:1:12",
        "w": 18,
        "l": {},
        "c": "1Jn 2:20–21*34664",
        "a": "u"
    },
    {
        "o": 34783,
        "r": "csb:3 John:1:12",
        "w": 23,
        "l": {},
        "c": "Jn 21:24*30456",
        "a": "v"
    }
]
