[
    {
        "o": 9276,
        "r": "csb:2 Samuel:15:1",
        "w": 14,
        "l": {},
        "c": "1Sm 8:11*8170; 1Kg 1:5*9637",
        "a": "a"
    },
    {
        "o": 9277,
        "r": "csb:2 Samuel:15:2",
        "w": 14,
        "l": {},
        "c": "Ru 4:1–11*7960; 2Sm 19:8*9416; Jb 29:7*15043",
        "a": "b"
    },
    {
        "o": 9280,
        "r": "csb:2 Samuel:15:5",
        "w": 20,
        "l": {},
        "c": "Gn 29:13*895; Ex 18:7*2212; 1Sm 10:1*8212; 2Sm 19:39*9447",
        "a": "c"
    },
    {
        "o": 9282,
        "r": "csb:2 Samuel:15:7",
        "w": 1,
        "l": {},
        "t": "15:7*r Some LXX mss, Syr, Vg; other LXX mss, MT read 40",
        "a": "d"
    },
    {
        "o": 9283,
        "r": "csb:2 Samuel:15:8",
        "w": 12,
        "l": {},
        "c": "2Sm 13:37–38*9236",
        "a": "e"
    },
    {
        "o": 9283,
        "r": "csb:2 Samuel:15:8",
        "w": 29,
        "l": {},
        "t": "15:8*r Some LXX mss; MT omits in Hebron",
        "a": "f"
    },
    {
        "o": 9283,
        "r": "csb:2 Samuel:15:8",
        "w": 29,
        "l": {},
        "c": "Gn 28:20–21*877; 1Sm 1:11*7995",
        "a": "g"
    },
    {
        "o": 9284,
        "r": "csb:2 Samuel:15:9",
        "w": 7,
        "l": {},
        "c": "Ex 4:18*1783; Jdg 18:6*7753; 1Sm 1:17*8001; 2Kg 5:19*10691; Lk 7:50*28533; 8:48*28591",
        "a": "h"
    },
    {
        "o": 9285,
        "r": "csb:2 Samuel:15:10",
        "w": 20,
        "l": {},
        "c": "2Sm 6:15*9033; 1Kg 1:41*9676; Jr 4:19,21*21340; 6:17*21407; 42:14*22432; Am 2:2*25191",
        "a": "i"
    },
    {
        "o": 9285,
        "r": "csb:2 Samuel:15:10",
        "w": 30,
        "l": {},
        "c": "1Kg 1:11,18,33–34*9644; 2Kg 9:13*10806",
        "a": "j"
    },
    {
        "o": 9287,
        "r": "csb:2 Samuel:15:12",
        "w": 13,
        "l": {},
        "c": "1Ch 27:33*12344; Ps 41:9*16192; 55:12–14*16427",
        "a": "k"
    },
    {
        "o": 9289,
        "r": "csb:2 Samuel:15:14",
        "w": 22,
        "l": {},
        "c": "Ps 3*15486",
        "a": "l"
    },
    {
        "o": 9293,
        "r": "csb:2 Samuel:15:18",
        "w": 26,
        "l": {},
        "c": "1Sm 27:2–7*8772",
        "a": "m"
    },
    {
        "o": 9294,
        "r": "csb:2 Samuel:15:19",
        "w": 6,
        "l": {},
        "c": "2Sm 18:2*9374",
        "a": "n"
    },
    {
        "o": 9295,
        "r": "csb:2 Samuel:15:20",
        "w": 32,
        "l": {},
        "t": "15:20*r LXX; MT omits Lit May the Lord show you",
        "a": "o"
    },
    {
        "o": 9296,
        "r": "csb:2 Samuel:15:21",
        "w": 35,
        "l": {},
        "c": "Ru 1:16*7906",
        "a": "p"
    },
    {
        "o": 9299,
        "r": "csb:2 Samuel:15:24",
        "w": 29,
        "l": {},
        "t": "15:24*r Or Abiathar went up",
        "a": "q"
    },
    {
        "o": 9299,
        "r": "csb:2 Samuel:15:24",
        "w": 36,
        "l": {},
        "c": "2Sm 8:17*9092; 20:25*9478",
        "a": "r"
    },
    {
        "o": 9300,
        "r": "csb:2 Samuel:15:25",
        "w": 12,
        "l": {},
        "c": "1Sm 4:3*8081",
        "a": "s"
    },
    {
        "o": 9300,
        "r": "csb:2 Samuel:15:25",
        "w": 33,
        "l": {},
        "t": "15:25*r Or his",
        "a": "t"
    },
    {
        "o": 9300,
        "r": "csb:2 Samuel:15:25",
        "w": 35,
        "l": {},
        "c": "Ps 43:3*16216",
        "a": "u"
    },
    {
        "o": 9301,
        "r": "csb:2 Samuel:15:26",
        "w": 22,
        "l": {},
        "t": "15:26*r Lit me what is good in his eyes",
        "a": "v"
    },
    {
        "o": 9301,
        "r": "csb:2 Samuel:15:26",
        "w": 22,
        "l": {},
        "c": "1Sm 3:18*8072",
        "a": "w"
    },
    {
        "o": 9302,
        "r": "csb:2 Samuel:15:27",
        "w": 7,
        "l": {},
        "c": "2Sm 8:17*9092; 20:25–26*9478; 1Kg 1:7–8*9639",
        "a": "x"
    },
    {
        "o": 9302,
        "r": "csb:2 Samuel:15:27",
        "w": 8,
        "l": {},
        "t": "15:27*r LXX; MT reads “Are you a seer?",
        "a": "y"
    },
    {
        "o": 9303,
        "r": "csb:2 Samuel:15:28",
        "w": 5,
        "l": {},
        "t": "15:28*r Alt Hb tradition reads plains",
        "a": "z"
    },
    {
        "o": 9305,
        "r": "csb:2 Samuel:15:30",
        "w": 9,
        "l": {},
        "c": "Zch 14:4*26015; Mt 21:1*26908; 24:3*27058; 26:30*27198; Ac 1:12*30474",
        "a": "a"
    },
    {
        "o": 9305,
        "r": "csb:2 Samuel:15:30",
        "w": 17,
        "l": {},
        "c": "Est 6:12*14246; Jr 14:3–4*21630",
        "a": "b"
    },
    {
        "o": 9305,
        "r": "csb:2 Samuel:15:30",
        "w": 22,
        "l": {},
        "c": "Jb 12:17,19*14618; Is 20:2–4*20195; Mc 1:8*25439",
        "a": "c"
    },
    {
        "o": 9306,
        "r": "csb:2 Samuel:15:31",
        "w": 22,
        "l": {},
        "c": "2Sm 16:21*9337; 17:14,23*9355",
        "a": "d"
    },
    {
        "o": 9307,
        "r": "csb:2 Samuel:15:32",
        "w": 14,
        "l": {},
        "c": "Jos 16:2*6928",
        "a": "e"
    },
    {
        "o": 9312,
        "r": "csb:2 Samuel:15:37",
        "w": 1,
        "l": {},
        "c": "1Ch 27:33*12344",
        "a": "f"
    }
]
