[
    {
        "o": 8184,
        "r": "csb:1 Samuel:9:1",
        "w": 8,
        "l": {},
        "c": "1Sm 14:51*8366; 1Ch 9:36–39*11808",
        "a": "a"
    },
    {
        "o": 8185,
        "r": "csb:1 Samuel:9:2",
        "w": 9,
        "l": {},
        "c": "1Sm 10:24*8236",
        "a": "b"
    },
    {
        "o": 8185,
        "r": "csb:1 Samuel:9:2",
        "w": 28,
        "l": {},
        "t": "9:2*r Lit From his shoulder and up higher than any of the people",
        "a": "c"
    },
    {
        "o": 8185,
        "r": "csb:1 Samuel:9:2",
        "w": 28,
        "l": {},
        "c": "1Sm 10:23*8235",
        "a": "d"
    },
    {
        "o": 8187,
        "r": "csb:1 Samuel:9:4",
        "w": 10,
        "l": {},
        "c": "Jos 24:33*7206",
        "a": "e"
    },
    {
        "o": 8187,
        "r": "csb:1 Samuel:9:4",
        "w": 17,
        "l": {},
        "c": "2Kg 4:42*10666",
        "a": "f"
    },
    {
        "o": 8187,
        "r": "csb:1 Samuel:9:4",
        "w": 29,
        "l": {},
        "c": "Jos 19:42*7039",
        "a": "g"
    },
    {
        "o": 8188,
        "r": "csb:1 Samuel:9:5",
        "w": 7,
        "l": {},
        "c": "1Sm 1:1*7985",
        "a": "h"
    },
    {
        "o": 8188,
        "r": "csb:1 Samuel:9:5",
        "w": 35,
        "l": {},
        "c": "1Sm 10:2*8213",
        "a": "i"
    },
    {
        "o": 8189,
        "r": "csb:1 Samuel:9:6",
        "w": 8,
        "l": {},
        "c": "Dt 33:1*6419; 2Kg 5:8*10678",
        "a": "j"
    },
    {
        "o": 8189,
        "r": "csb:1 Samuel:9:6",
        "w": 23,
        "l": {},
        "c": "1Sm 3:19*8073",
        "a": "k"
    },
    {
        "o": 8189,
        "r": "csb:1 Samuel:9:6",
        "w": 36,
        "l": {},
        "c": "Gn 24:42*698",
        "a": "l"
    },
    {
        "o": 8190,
        "r": "csb:1 Samuel:9:7",
        "w": 32,
        "l": {},
        "c": "1Kg 14:3*10191; 2Kg 5:15*10685; 8:8–9*10768; Ezk 13:19*23334",
        "a": "m"
    },
    {
        "o": 8191,
        "r": "csb:1 Samuel:9:8",
        "w": 8,
        "l": {},
        "t": "9:8*r Lit a quarter of a shekel (about a tenth of an ounce)",
        "a": "n"
    },
    {
        "o": 8192,
        "r": "csb:1 Samuel:9:9",
        "w": 29,
        "l": {},
        "c": "2Sm 24:11*9614; 1Ch 9:22*11793; 26:28*12305; Is 30:10*20418",
        "a": "o"
    },
    {
        "o": 8194,
        "r": "csb:1 Samuel:9:11",
        "w": 18,
        "l": {},
        "c": "Gn 24:15*671; 29:9*890; Ex 2:16*1729",
        "a": "p"
    },
    {
        "o": 8195,
        "r": "csb:1 Samuel:9:12",
        "w": 19,
        "l": {},
        "c": "Nm 28:11–15*5050",
        "a": "q"
    },
    {
        "o": 8195,
        "r": "csb:1 Samuel:9:12",
        "w": 26,
        "l": {},
        "c": "1Sm 7:17*8157; 10:5*8216",
        "a": "r"
    },
    {
        "o": 8198,
        "r": "csb:1 Samuel:9:15",
        "w": 10,
        "l": {},
        "c": "1Sm 15:1*8370; Ac 13:21*30987",
        "a": "s"
    },
    {
        "o": 8199,
        "r": "csb:1 Samuel:9:16",
        "w": 21,
        "l": {},
        "c": "1Sm 10:1*8212",
        "a": "t"
    },
    {
        "o": 8199,
        "r": "csb:1 Samuel:9:16",
        "w": 37,
        "l": {},
        "c": "Ex 3:7,9*1747",
        "a": "u"
    },
    {
        "o": 8200,
        "r": "csb:1 Samuel:9:17",
        "w": 15,
        "l": {},
        "c": "1Sm 16:12*8418",
        "a": "v"
    },
    {
        "o": 8202,
        "r": "csb:1 Samuel:9:19",
        "w": 5,
        "l": {},
        "t": "9:19*r Lit answered Saul",
        "a": "w"
    },
    {
        "o": 8203,
        "r": "csb:1 Samuel:9:20",
        "w": 11,
        "l": {},
        "c": "1Sm 9:3*8186",
        "a": "x"
    },
    {
        "o": 8203,
        "r": "csb:1 Samuel:9:20",
        "w": 25,
        "l": {},
        "c": "1Sm 8:5*8164; 12:13*8272",
        "a": "y"
    },
    {
        "o": 8204,
        "r": "csb:1 Samuel:9:21",
        "w": 6,
        "l": {},
        "c": "1Sm 15:17*8386",
        "a": "z"
    },
    {
        "o": 8204,
        "r": "csb:1 Samuel:9:21",
        "w": 27,
        "l": {},
        "c": "Jdg 20:46–48*7858",
        "a": "a"
    },
    {
        "o": 8205,
        "r": "csb:1 Samuel:9:22",
        "w": 22,
        "l": {},
        "t": "9:22*r LXX reads 70",
        "a": "b"
    },
    {
        "o": 8207,
        "r": "csb:1 Samuel:9:24",
        "w": 5,
        "l": {},
        "c": "Ex 29:22,27*2607; Lv 7:32–33*3226; Nm 18:18*4701",
        "a": "c"
    },
    {
        "o": 8208,
        "r": "csb:1 Samuel:9:25",
        "w": 18,
        "l": {},
        "t": "9:25*r LXX reads city. They prepared a bed for Saul on the roof, and he slept.",
        "a": "d"
    },
    {
        "o": 8208,
        "r": "csb:1 Samuel:9:25",
        "w": 18,
        "l": {},
        "c": "Dt 22:8*6044; Ac 10:9*30857",
        "a": "e"
    }
]
