[
    {
        "o": 8182,
        "r": "csb:1 Samuel:9:0",
        "t": "1 Samuel 9",
        "h": 1
    },
    {
        "o": 8183,
        "r": "csb:1 Samuel:9:0",
        "t": "Saul Anointed King",
        "h": 2
    },
    {
        "o": 8184,
        "r": "csb:1 Samuel:9:1",
        "t": "There*p was a prominent man of Benjamin named Kish son of Abiel, son of Zeror, son of Becorath, son of Aphiah, son of a Benjaminite."
    },
    {
        "o": 8185,
        "r": "csb:1 Samuel:9:2",
        "t": "He had a son named Saul, an impressive young man. There was no one more impressive among the Israelites than he. He stood a head taller than anyone else."
    },
    {
        "o": 8186,
        "r": "csb:1 Samuel:9:3",
        "t": "One*p day the donkeys of Saul’s father Kish wandered off. Kish said to his son Saul, “Take one of the servants with you and go look for the donkeys.”"
    },
    {
        "o": 8187,
        "r": "csb:1 Samuel:9:4",
        "t": "Saul and his servant went through the hill country of Ephraim and then through the region of Shalishah, but they didn’t find them. They went through the region of Shaalim- nothing. Then they went through the Benjaminite region but still didn’t find them."
    },
    {
        "o": 8188,
        "r": "csb:1 Samuel:9:5",
        "t": "When*p they came to the land of Zuph, Saul said to the servant who was with him, “Come on, let’s go back, or my father will stop worrying about the donkeys and start worrying about us.”"
    },
    {
        "o": 8189,
        "r": "csb:1 Samuel:9:6",
        "t": "“Look,”*p the servant said, “there’s a man of God in this city who is highly respected; everything he says is sure to come true. Let’s go there now. Maybe he’ll tell us which way we should go.”"
    },
    {
        "o": 8190,
        "r": "csb:1 Samuel:9:7",
        "t": "“Suppose*p we do go,” Saul said to his servant, “what do we take the man? The food from our packs is gone, and there’s no gift to take to the man of God. What do we have?”"
    },
    {
        "o": 8191,
        "r": "csb:1 Samuel:9:8",
        "t": "The*p servant answered Saul, “Here, I have a little silver. I’ll give it to the man of God, and he will tell us which way we should go.”"
    },
    {
        "o": 8192,
        "r": "csb:1 Samuel:9:9",
        "t": "Formerly*p in Israel, a man who was going to inquire of God would say, “Come, let’s go to the seer,” for the prophet of today was formerly called the seer."
    },
    {
        "o": 8193,
        "r": "csb:1 Samuel:9:10",
        "t": "“Good,”*p Saul replied to his servant. “Come on, let’s go.” So they went to the city where the man of God was."
    },
    {
        "o": 8194,
        "r": "csb:1 Samuel:9:11",
        "t": "As they were climbing the hill to the city, they found some young women coming out to draw water and asked, “Is the seer here?”"
    },
    {
        "o": 8195,
        "r": "csb:1 Samuel:9:12",
        "t": "The*p women answered, “Yes, he is ahead of you. Hurry, he just now entered the city, because there’s a sacrifice for the people at the high place today."
    },
    {
        "o": 8196,
        "r": "csb:1 Samuel:9:13",
        "t": "As soon as you enter the city, you will find him before he goes to the high place to eat. The people won’t eat until he comes because he must bless the sacrifice; after that, the guests can eat. Go up immediately - you can find him now.”"
    },
    {
        "o": 8197,
        "r": "csb:1 Samuel:9:14",
        "t": "So they went up toward the city. Saul*p and his servant were entering the city when they saw Samuel coming toward them on his way to the high place."
    },
    {
        "o": 8198,
        "r": "csb:1 Samuel:9:15",
        "t": "Now the day before Saul’s arrival, the Lord*s had informed Samuel,"
    },
    {
        "o": 8199,
        "r": "csb:1 Samuel:9:16",
        "t": "“At this time tomorrow I will send you a man from the land of Benjamin. Anoint him ruler over my people Israel. He will save them from the Philistines because I have seen the affliction of my people, for their cry has come to me.”"
    },
    {
        "o": 8200,
        "r": "csb:1 Samuel:9:17",
        "t": "When Samuel saw Saul, the Lord*s told him, “Here is the man I told you about; he will govern my people.”"
    },
    {
        "o": 8201,
        "r": "csb:1 Samuel:9:18",
        "t": "Saul*p approached Samuel in the city gate and asked, “Would you please tell me where the seer’s house is?”"
    },
    {
        "o": 8202,
        "r": "csb:1 Samuel:9:19",
        "t": "“I*p am the seer,” Samuel answered. “Go up ahead of me to the high place and eat with me today. When I send you off in the morning, I’ll tell you everything that’s in your heart."
    },
    {
        "o": 8203,
        "r": "csb:1 Samuel:9:20",
        "t": "As for the donkeys that wandered away from you three days ago, don’t worry about them because they’ve been found. And who does all Israel desire but you and all your father’s family?”"
    },
    {
        "o": 8204,
        "r": "csb:1 Samuel:9:21",
        "t": "Saul*p responded, “Am I not a Benjaminite from the smallest of Israel’s tribes and isn’t my clan the least important of all the clans of the Benjaminite tribe? So why have you said something like this to me?”"
    },
    {
        "o": 8205,
        "r": "csb:1 Samuel:9:22",
        "t": "Samuel*p took Saul and his servant, brought them to the banquet hall, and gave them a place at the head of the thirty or so men who had been invited."
    },
    {
        "o": 8206,
        "r": "csb:1 Samuel:9:23",
        "t": "Then Samuel said to the cook, “Get the portion of meat that I gave you and told you to set aside.”"
    },
    {
        "o": 8207,
        "r": "csb:1 Samuel:9:24",
        "t": "The*p cook picked up the thigh and what was attached to it and set it before Saul. Then Samuel said, “Notice that the reserved piece is set before you. Eat it because it was saved for you for this solemn event at the time I said, ‘I’ve invited the people.’” So Saul ate with Samuel that day."
    },
    {
        "o": 8208,
        "r": "csb:1 Samuel:9:25",
        "t": "Afterward, they went down from the high place to the city, and Samuel spoke with Saul on the roof."
    },
    {
        "o": 8209,
        "r": "csb:1 Samuel:9:26",
        "t": "They*p got up early, and just before dawn, Samuel called to Saul on the roof, “Get up, and I’ll send you on your way!” Saul got up, and both he and Samuel went outside."
    },
    {
        "o": 8210,
        "r": "csb:1 Samuel:9:27",
        "t": "As they were going down to the edge of the city, Samuel said to Saul, “Tell the servant to go on ahead of us, but you stay for a while, and I’ll reveal the word of God to you.” So the servant went on."
    }
]
