[
    {
        "o": 8873,
        "r": "csb:2 Samuel:1:1",
        "w": 4,
        "l": {},
        "c": "1Sm 31:1–5*8858",
        "a": "a"
    },
    {
        "o": 8873,
        "r": "csb:2 Samuel:1:1",
        "w": 10,
        "l": {},
        "c": "1Sm 30:1–20*8825",
        "a": "b"
    },
    {
        "o": 8874,
        "r": "csb:2 Samuel:1:2",
        "w": 13,
        "l": {},
        "c": "Jos 7:6*6611; 1Sm 4:12*8091",
        "a": "c"
    },
    {
        "o": 8876,
        "r": "csb:2 Samuel:1:4",
        "w": 33,
        "l": {},
        "c": "1Sm 31:6*8863",
        "a": "d"
    },
    {
        "o": 8878,
        "r": "csb:2 Samuel:1:6",
        "w": 6,
        "l": {},
        "c": "1Sm 31:1–5*8858; 1Ch 10:1–6*11819",
        "a": "e"
    },
    {
        "o": 8880,
        "r": "csb:2 Samuel:1:8",
        "w": 11,
        "l": {},
        "c": "Gn 36:12,16*1160; Ex 17:8–16*2195; Nm 24:20*4913; Dt 25:19*6150; 1Sm 15:1–34*8370; 30:1–20*8825; 1Ch 1:36*11413",
        "a": "f"
    },
    {
        "o": 8881,
        "r": "csb:2 Samuel:1:9",
        "w": 13,
        "l": {},
        "t": "1:9*r LXX reads for terrible darkness has taken hold of me",
        "a": "g"
    },
    {
        "o": 8881,
        "r": "csb:2 Samuel:1:9",
        "w": 18,
        "l": {},
        "c": "Jdg 9:54*7539",
        "a": "h"
    },
    {
        "o": 8883,
        "r": "csb:2 Samuel:1:11",
        "w": 9,
        "l": {},
        "c": "Jos 7:6*6611; 2Sm 3:31*8967; 13:31*9230",
        "a": "i"
    },
    {
        "o": 8884,
        "r": "csb:2 Samuel:1:12",
        "w": 7,
        "l": {},
        "c": "2Sm 3:35*8971",
        "a": "j"
    },
    {
        "o": 8886,
        "r": "csb:2 Samuel:1:14",
        "w": 19,
        "l": {},
        "c": "1Sm 24:6*8679; 26:6–12*8749; 31:4*8861",
        "a": "k"
    },
    {
        "o": 8887,
        "r": "csb:2 Samuel:1:15",
        "w": 20,
        "l": {},
        "c": "2Sm 4:10*8987",
        "a": "l"
    },
    {
        "o": 8888,
        "r": "csb:2 Samuel:1:16",
        "w": 13,
        "l": {},
        "c": "Jos 2:19*6504; Mt 27:24–25*27276; Ac 18:5–6*31191",
        "a": "m"
    },
    {
        "o": 8889,
        "r": "csb:2 Samuel:1:17",
        "w": 4,
        "l": {},
        "c": "2Sm 3:33*8969; 2Ch 35:24–25*13332",
        "a": "n"
    },
    {
        "o": 8890,
        "r": "csb:2 Samuel:1:18",
        "w": 20,
        "l": {},
        "t": "1:18*r Or of the Upright",
        "a": "o"
    },
    {
        "o": 8890,
        "r": "csb:2 Samuel:1:18",
        "w": 20,
        "l": {},
        "c": "Jos 10:12–13*6714",
        "a": "p"
    },
    {
        "o": 8892,
        "r": "csb:2 Samuel:1:20",
        "w": 21,
        "l": {},
        "c": "1Sm 31:8–9*8865",
        "a": "q"
    },
    {
        "o": 8893,
        "r": "csb:2 Samuel:1:21",
        "w": 14,
        "l": {},
        "t": "1:21*r LXX reads firstfruits",
        "a": "r"
    },
    {
        "o": 8893,
        "r": "csb:2 Samuel:1:21",
        "w": 23,
        "l": {},
        "c": "1Sm 31:4*8861",
        "a": "s"
    },
    {
        "o": 8893,
        "r": "csb:2 Samuel:1:21",
        "w": 32,
        "l": {},
        "c": "1Sm 10:1*8212",
        "a": "t"
    },
    {
        "o": 8894,
        "r": "csb:2 Samuel:1:22",
        "w": 8,
        "l": {},
        "t": "1:22*r Lit empty",
        "a": "u"
    },
    {
        "o": 8894,
        "r": "csb:2 Samuel:1:22",
        "w": 17,
        "l": {},
        "t": "1:22*r Lit fat",
        "a": "v"
    },
    {
        "o": 8896,
        "r": "csb:2 Samuel:1:24",
        "w": 20,
        "l": {},
        "c": "Ezk 16:1–11*23377",
        "a": "w"
    },
    {
        "o": 8898,
        "r": "csb:2 Samuel:1:26",
        "w": 25,
        "l": {},
        "c": "1Sm 18:1–3*8493",
        "a": "x"
    },
    {
        "o": 8902,
        "r": "csb:2 Samuel:2:1",
        "w": 7,
        "l": {},
        "c": "1Sm 23:1–12*8641",
        "a": "a"
    },
    {
        "o": 8902,
        "r": "csb:2 Samuel:2:1",
        "w": 31,
        "l": {},
        "c": "1Sm 30:26–31*8850; 2Sm 2:11*8912; 5:5*8996; 1Kg 2:11*9701; 1Ch 3:4*11496; 29:27*12401",
        "a": "b"
    },
    {
        "o": 8903,
        "r": "csb:2 Samuel:2:2",
        "w": 18,
        "l": {},
        "c": "1Sm 25:42–43*8739",
        "a": "c"
    },
    {
        "o": 8904,
        "r": "csb:2 Samuel:2:3",
        "w": 22,
        "l": {},
        "c": "1Sm 27:2–3*8772; 30:9*8833; 1Ch 12:1,23–37*11886",
        "a": "d"
    },
    {
        "o": 8905,
        "r": "csb:2 Samuel:2:4",
        "w": 16,
        "l": {},
        "c": "1Sm 16:13*8420; 2Sm 5:3–5*8994",
        "a": "e"
    },
    {
        "o": 8905,
        "r": "csb:2 Samuel:2:4",
        "w": 28,
        "l": {},
        "c": "1Sm 31:11–13*8868",
        "a": "f"
    },
    {
        "o": 8908,
        "r": "csb:2 Samuel:2:7",
        "w": 2,
        "l": {},
        "t": "2:7*r Lit Therefore, strengthen your hands",
        "a": "g"
    },
    {
        "o": 8909,
        "r": "csb:2 Samuel:2:8",
        "w": 7,
        "l": {},
        "c": "1Sm 14:50*8365",
        "a": "h"
    },
    {
        "o": 8909,
        "r": "csb:2 Samuel:2:8",
        "w": 11,
        "l": {},
        "t": "2:8*r Some LXX mss read Ishbaal; 1Ch 8:33; 9:39",
        "a": "i"
    },
    {
        "o": 8909,
        "r": "csb:2 Samuel:2:8",
        "w": 11,
        "l": {},
        "t": "2:8*r = Man of Shame",
        "a": "j"
    },
    {
        "o": 8912,
        "r": "csb:2 Samuel:2:11",
        "w": 20,
        "l": {},
        "c": "2Sm 5:5*8996; 1Kg 2:11*9701",
        "a": "k"
    },
    {
        "o": 8914,
        "r": "csb:2 Samuel:2:13",
        "w": 17,
        "l": {},
        "c": "Jr 41:11–12*22408",
        "a": "l"
    },
    {
        "o": 8917,
        "r": "csb:2 Samuel:2:16",
        "w": 34,
        "l": {},
        "t": "2:16*r Or Helkath-hazzurim",
        "a": "m"
    },
    {
        "o": 8919,
        "r": "csb:2 Samuel:2:18",
        "w": 10,
        "l": {},
        "c": "1Ch 2:16*11451",
        "a": "n"
    },
    {
        "o": 8919,
        "r": "csb:2 Samuel:2:18",
        "w": 21,
        "l": {},
        "c": "1Ch 12:8*11893; Sg 8:14*19762",
        "a": "o"
    },
    {
        "o": 8923,
        "r": "csb:2 Samuel:2:22",
        "w": 26,
        "l": {},
        "c": "2Sm 3:27*8963",
        "a": "p"
    },
    {
        "o": 8924,
        "r": "csb:2 Samuel:2:23",
        "w": 46,
        "l": {},
        "c": "2Sm 20:12*9465",
        "a": "q"
    },
    {
        "o": 8928,
        "r": "csb:2 Samuel:2:27",
        "w": 20,
        "l": {},
        "c": "2Sm 2:14*8915",
        "a": "r"
    },
    {
        "o": 8930,
        "r": "csb:2 Samuel:2:29",
        "w": 18,
        "l": {},
        "t": "2:29*r Or marched through the Bithron",
        "a": "s"
    },
    {
        "o": 8930,
        "r": "csb:2 Samuel:2:29",
        "w": 22,
        "l": {},
        "c": "2Sm 2:8*8909",
        "a": "t"
    },
    {
        "o": 8936,
        "r": "csb:2 Samuel:3:1",
        "w": 13,
        "l": {},
        "c": "1Sm 20:16*8568; 1Kg 12:19*10134; 2Ch 21:7*12914; Ps 122:5*17985; Is 22:22*20245; Zch 12:8,10*25991; 13:1*26001; Lk 1:27*28163",
        "a": "a"
    },
    {
        "o": 8936,
        "r": "csb:2 Samuel:3:1",
        "w": 17,
        "l": {},
        "c": "Jb 17:9*14750",
        "a": "b"
    },
    {
        "o": 8937,
        "r": "csb:2 Samuel:3:2",
        "w": 10,
        "l": {},
        "c": "2Sm 13:1–29*9199",
        "a": "c"
    },
    {
        "o": 8937,
        "r": "csb:2 Samuel:3:2",
        "w": 12,
        "l": {},
        "c": "1Sm 25:42–43*8739",
        "a": "d"
    },
    {
        "o": 8938,
        "r": "csb:2 Samuel:3:3",
        "w": 5,
        "l": {},
        "c": "1Sm 25:3–42*8700",
        "a": "e"
    },
    {
        "o": 8938,
        "r": "csb:2 Samuel:3:3",
        "w": 15,
        "l": {},
        "c": "2Sm 13:34*9233; 14:23–25,33*9263; 15:6,10–14*9281; 18:9–12,33*9382",
        "a": "f"
    },
    {
        "o": 8938,
        "r": "csb:2 Samuel:3:3",
        "w": 25,
        "l": {},
        "c": "1Sm 27:8*8778; 2Sm 13:37–38*9236; 14:32*9272; 15:8*9283",
        "a": "g"
    },
    {
        "o": 8939,
        "r": "csb:2 Samuel:3:4",
        "w": 3,
        "l": {},
        "c": "1Kg 1:5*9637",
        "a": "h"
    },
    {
        "o": 8940,
        "r": "csb:2 Samuel:3:5",
        "w": 14,
        "l": {},
        "c": "1Ch 3:1–5*11493",
        "a": "i"
    },
    {
        "o": 8941,
        "r": "csb:2 Samuel:3:6",
        "w": 22,
        "l": {},
        "c": "2Sm 2:8–9*8909",
        "a": "j"
    },
    {
        "o": 8942,
        "r": "csb:2 Samuel:3:7",
        "w": 8,
        "l": {},
        "c": "2Sm 21:8–10*9489",
        "a": "k"
    },
    {
        "o": 8943,
        "r": "csb:2 Samuel:3:8",
        "w": 11,
        "l": {},
        "t": "3:8*r = a despised person",
        "a": "l"
    },
    {
        "o": 8943,
        "r": "csb:2 Samuel:3:8",
        "w": 11,
        "l": {},
        "c": "Ex 22:31*2367; 1Sm 17:43*8475; 24:14*8687; 2Sm 9:8*9103; 16:9*9324",
        "a": "m"
    },
    {
        "o": 8945,
        "r": "csb:2 Samuel:3:10",
        "w": 18,
        "l": {},
        "c": "1Sm 15:28*8397; 16:1–13*8407; 28:17*8801; 1Ch 12:23*11909",
        "a": "n"
    },
    {
        "o": 8948,
        "r": "csb:2 Samuel:3:13",
        "w": 30,
        "l": {},
        "c": "1Sm 14:49*8364",
        "a": "o"
    },
    {
        "o": 8949,
        "r": "csb:2 Samuel:3:14",
        "w": 29,
        "l": {},
        "c": "1Sm 18:20–27*8514",
        "a": "p"
    },
    {
        "o": 8950,
        "r": "csb:2 Samuel:3:15",
        "w": 14,
        "l": {},
        "c": "1Sm 25:44*8741",
        "a": "q"
    },
    {
        "o": 8955,
        "r": "csb:2 Samuel:3:19",
        "w": 25,
        "l": {},
        "c": "1Ch 12:29*11915",
        "a": "r"
    },
    {
        "o": 8957,
        "r": "csb:2 Samuel:3:21",
        "w": 25,
        "l": {},
        "c": "2Sm 3:12*8947",
        "a": "s"
    },
    {
        "o": 8961,
        "r": "csb:2 Samuel:3:25",
        "w": 18,
        "l": {},
        "t": "3:25*r Lit your going out and your coming in",
        "a": "t"
    },
    {
        "o": 8962,
        "r": "csb:2 Samuel:3:26",
        "w": 15,
        "l": {},
        "t": "3:26*r Or cistern",
        "a": "u"
    },
    {
        "o": 8963,
        "r": "csb:2 Samuel:3:27",
        "w": 40,
        "l": {},
        "t": "3:27*r Lit And he died for the blood of Asahel",
        "a": "v"
    },
    {
        "o": 8963,
        "r": "csb:2 Samuel:3:27",
        "w": 42,
        "l": {},
        "c": "2Sm 2:23*8924; 1Kg 2:5,32*9695",
        "a": "w"
    },
    {
        "o": 8965,
        "r": "csb:2 Samuel:3:29",
        "w": 28,
        "l": {},
        "c": "Lv 14:2–8*3449",
        "a": "x"
    },
    {
        "o": 8965,
        "r": "csb:2 Samuel:3:29",
        "w": 37,
        "l": {},
        "t": "3:29*r LXX reads who uses a crutch",
        "a": "y"
    },
    {
        "o": 8966,
        "r": "csb:2 Samuel:3:30",
        "w": 20,
        "l": {},
        "c": "2Sm 2:23*8924",
        "a": "z"
    },
    {
        "o": 8967,
        "r": "csb:2 Samuel:3:31",
        "w": 17,
        "l": {},
        "c": "Gn 37:34*1230; Jos 7:6*6611",
        "a": "a"
    },
    {
        "o": 8967,
        "r": "csb:2 Samuel:3:31",
        "w": 28,
        "l": {},
        "t": "3:31*r Or the bier; lit the bed",
        "a": "b"
    },
    {
        "o": 8969,
        "r": "csb:2 Samuel:3:33",
        "w": 7,
        "l": {},
        "c": "2Sm 1:17*8889; 2Ch 35:25*13333",
        "a": "c"
    },
    {
        "o": 8971,
        "r": "csb:2 Samuel:3:35",
        "w": 35,
        "l": {},
        "c": "2Sm 12:17*9180",
        "a": "d"
    },
    {
        "o": 8975,
        "r": "csb:2 Samuel:3:39",
        "w": 25,
        "l": {},
        "c": "2Sm 16:10*9325; 19:22*9430",
        "a": "e"
    },
    {
        "o": 8975,
        "r": "csb:2 Samuel:3:39",
        "w": 35,
        "l": {},
        "c": "Ps 28:4*15906; 2Tm 4:14*33870",
        "a": "f"
    },
    {
        "o": 8978,
        "r": "csb:2 Samuel:4:1",
        "w": 13,
        "l": {},
        "t": "4:1*r Lit his hands dropped",
        "a": "a"
    },
    {
        "o": 8981,
        "r": "csb:2 Samuel:4:4",
        "w": 47,
        "l": {},
        "c": "2Sm 9:3–7*9098",
        "a": "b"
    },
    {
        "o": 8984,
        "r": "csb:2 Samuel:4:7",
        "w": 32,
        "l": {},
        "c": "Dt 1:1*5380",
        "a": "c"
    },
    {
        "o": 8986,
        "r": "csb:2 Samuel:4:9",
        "w": 26,
        "l": {},
        "c": "1Kg 1:29*9663",
        "a": "d"
    },
    {
        "o": 8987,
        "r": "csb:2 Samuel:4:10",
        "w": 28,
        "l": {},
        "c": "2Sm 1:2–15*8874",
        "a": "e"
    },
    {
        "o": 8988,
        "r": "csb:2 Samuel:4:11",
        "w": 33,
        "l": {},
        "c": "Gn 9:5–6*235",
        "a": "f"
    },
    {
        "o": 8989,
        "r": "csb:2 Samuel:4:12",
        "w": 42,
        "l": {},
        "c": "2Sm 3:32*8968",
        "a": "g"
    },
    {
        "o": 8992,
        "r": "csb:2 Samuel:5:1",
        "w": 9,
        "l": {},
        "c": "1Ch 11:1–3*11835",
        "a": "a"
    },
    {
        "o": 8992,
        "r": "csb:2 Samuel:5:1",
        "w": 19,
        "l": {},
        "t": "5:1*r Lit your bone and your flesh",
        "a": "b"
    },
    {
        "o": 8992,
        "r": "csb:2 Samuel:5:1",
        "w": 19,
        "l": {},
        "c": "Gn 29:14*896",
        "a": "c"
    },
    {
        "o": 8993,
        "r": "csb:2 Samuel:5:2",
        "w": 20,
        "l": {},
        "c": "1Sm 18:5,12–16*8497",
        "a": "d"
    },
    {
        "o": 8994,
        "r": "csb:2 Samuel:5:3",
        "w": 18,
        "l": {},
        "c": "2Sm 3:12–13,21*8947",
        "a": "e"
    },
    {
        "o": 8995,
        "r": "csb:2 Samuel:5:4",
        "w": 9,
        "l": {},
        "c": "1Kg 2:11*9701; 1Ch 29:26–27*12400",
        "a": "f"
    },
    {
        "o": 8997,
        "r": "csb:2 Samuel:5:6",
        "w": 10,
        "l": {},
        "c": "Jos 15:63*6924; Jdg 1:21*7231",
        "a": "g"
    },
    {
        "o": 8998,
        "r": "csb:2 Samuel:5:7",
        "w": 13,
        "l": {},
        "c": "Lk 2:4*28226",
        "a": "h"
    },
    {
        "o": 8999,
        "r": "csb:2 Samuel:5:8",
        "w": 25,
        "l": {},
        "t": "5:8*r Alt Hb tradition, LXX, Tg, Syr read who despise David",
        "a": "i"
    },
    {
        "o": 8999,
        "r": "csb:2 Samuel:5:8",
        "w": 41,
        "l": {},
        "t": "5:8*r Or temple, or palace",
        "a": "j"
    },
    {
        "o": 9001,
        "r": "csb:2 Samuel:5:10",
        "w": 5,
        "l": {},
        "c": "2Sm 3:1*8936",
        "a": "k"
    },
    {
        "o": 9001,
        "r": "csb:2 Samuel:5:10",
        "w": 14,
        "l": {},
        "c": "1Ch 11:9*11845",
        "a": "l"
    },
    {
        "o": 9002,
        "r": "csb:2 Samuel:5:11",
        "w": 15,
        "l": {},
        "c": "1Kg 5:1,10,18*9812",
        "a": "m"
    },
    {
        "o": 9005,
        "r": "csb:2 Samuel:5:14",
        "w": 13,
        "l": {},
        "c": "Lk 3:31*28316",
        "a": "n"
    },
    {
        "o": 9007,
        "r": "csb:2 Samuel:5:16",
        "w": 3,
        "l": {},
        "c": "1Ch 3:5–8*11497; 14:1–7*11945",
        "a": "o"
    },
    {
        "o": 9008,
        "r": "csb:2 Samuel:5:17",
        "w": 11,
        "l": {},
        "c": "1Ch 14:8–17*11952",
        "a": "p"
    },
    {
        "o": 9008,
        "r": "csb:2 Samuel:5:17",
        "w": 29,
        "l": {},
        "c": "1Sm 22:4–5*8618; 2Sm 23:14*9575",
        "a": "q"
    },
    {
        "o": 9010,
        "r": "csb:2 Samuel:5:19",
        "w": 5,
        "l": {},
        "c": "2Sm 2:1*8902",
        "a": "r"
    },
    {
        "o": 9011,
        "r": "csb:2 Samuel:5:20",
        "w": 24,
        "l": {},
        "c": "Is 28:21*20371",
        "a": "s"
    },
    {
        "o": 9011,
        "r": "csb:2 Samuel:5:20",
        "w": 33,
        "l": {},
        "t": "5:20*r Or Baal-perazim; 2Sm 6:8; 1Ch 13:11",
        "a": "t"
    },
    {
        "o": 9015,
        "r": "csb:2 Samuel:5:24",
        "w": 34,
        "l": {},
        "c": "2Kg 7:6*10743",
        "a": "u"
    },
    {
        "o": 9019,
        "r": "csb:2 Samuel:6:1",
        "w": 9,
        "l": {},
        "c": "2Sm 10:9*9119; 1Ch 19:10*12098",
        "a": "a"
    },
    {
        "o": 9020,
        "r": "csb:2 Samuel:6:2",
        "w": 6,
        "l": {},
        "c": "1Ch 13:6–14*11934",
        "a": "b"
    },
    {
        "o": 9020,
        "r": "csb:2 Samuel:6:2",
        "w": 14,
        "l": {},
        "t": "6:2*r = Kiriath-jearim in 1Sm 7:1; 1Ch 13:6; 2Ch 1:4",
        "a": "c"
    },
    {
        "o": 9020,
        "r": "csb:2 Samuel:6:2",
        "w": 32,
        "l": {},
        "c": "Ex 25:22*2450; 1Sm 4:4*8082",
        "a": "d"
    },
    {
        "o": 9021,
        "r": "csb:2 Samuel:6:3",
        "w": 23,
        "l": {},
        "t": "6:3*r Or And his brothers",
        "a": "e"
    },
    {
        "o": 9021,
        "r": "csb:2 Samuel:6:3",
        "w": 30,
        "l": {},
        "c": "1Ch 15:2,12–15*11965",
        "a": "f"
    },
    {
        "o": 9023,
        "r": "csb:2 Samuel:6:5",
        "w": 18,
        "l": {},
        "t": "6:5*r DSS, LXX read with tuned instruments with strength, with songs; 1Ch 13:8",
        "a": "g"
    },
    {
        "o": 9023,
        "r": "csb:2 Samuel:6:5",
        "w": 22,
        "l": {},
        "t": "6:5*r = an Egyptian percussion instrument",
        "a": "h"
    },
    {
        "o": 9023,
        "r": "csb:2 Samuel:6:5",
        "w": 24,
        "l": {},
        "c": "Ps 150:3–5*18364",
        "a": "i"
    },
    {
        "o": 9025,
        "r": "csb:2 Samuel:6:7",
        "w": 6,
        "l": {},
        "c": "Ex 25:14*2441; Nm 4:5,15,20*4128",
        "a": "j"
    },
    {
        "o": 9025,
        "r": "csb:2 Samuel:6:7",
        "w": 17,
        "l": {},
        "c": "1Sm 6:19–20*8136",
        "a": "k"
    },
    {
        "o": 9026,
        "r": "csb:2 Samuel:6:8",
        "w": 17,
        "l": {},
        "t": "6:8*r Or Perez-uzzah; 2Sm 5:20",
        "a": "l"
    },
    {
        "o": 9028,
        "r": "csb:2 Samuel:6:10",
        "w": 16,
        "l": {},
        "c": "Lk 2:4*28226",
        "a": "m"
    },
    {
        "o": 9029,
        "r": "csb:2 Samuel:6:11",
        "w": 15,
        "l": {},
        "c": "1Ch 26:4–8*12280",
        "a": "n"
    },
    {
        "o": 9030,
        "r": "csb:2 Samuel:6:12",
        "w": 44,
        "l": {},
        "c": "1Ch 15:25*11988",
        "a": "o"
    },
    {
        "o": 9031,
        "r": "csb:2 Samuel:6:13",
        "w": 18,
        "l": {},
        "c": "1Kg 8:1–5*9933",
        "a": "p"
    },
    {
        "o": 9032,
        "r": "csb:2 Samuel:6:14",
        "w": 2,
        "l": {},
        "t": "6:14*r Or whirling",
        "a": "q"
    },
    {
        "o": 9032,
        "r": "csb:2 Samuel:6:14",
        "w": 13,
        "l": {},
        "c": "Ex 28:4–28*2539; 1Sm 2:18*8034",
        "a": "r"
    },
    {
        "o": 9034,
        "r": "csb:2 Samuel:6:16",
        "w": 11,
        "l": {},
        "c": "Lk 2:4*28226",
        "a": "s"
    },
    {
        "o": 9035,
        "r": "csb:2 Samuel:6:17",
        "w": 20,
        "l": {},
        "c": "1Ch 15:1*11964; 2Ch 1:4*12410",
        "a": "t"
    },
    {
        "o": 9037,
        "r": "csb:2 Samuel:6:19",
        "w": 25,
        "l": {},
        "c": "1Ch 15:25–16:3*11988",
        "a": "u"
    },
    {
        "o": 9038,
        "r": "csb:2 Samuel:6:20",
        "w": 7,
        "l": {},
        "c": "1Ch 16:43*12037",
        "a": "v"
    },
    {
        "o": 9039,
        "r": "csb:2 Samuel:6:21",
        "w": 27,
        "l": {},
        "c": "1Sm 13:14*8300; 15:28*8397",
        "a": "w"
    },
    {
        "o": 9040,
        "r": "csb:2 Samuel:6:22",
        "w": 9,
        "l": {},
        "t": "6:22*r LXX reads more and I will be humble in your eyes",
        "a": "x"
    },
    {
        "o": 9040,
        "r": "csb:2 Samuel:6:22",
        "w": 9,
        "l": {},
        "t": "6:22*r Lit more and I will be humble in my own eyes",
        "a": "y"
    },
    {
        "o": 9044,
        "r": "csb:2 Samuel:7:1",
        "w": 7,
        "l": {},
        "c": "2Sm 5:11*9002",
        "a": "a"
    },
    {
        "o": 9045,
        "r": "csb:2 Samuel:7:2",
        "w": 6,
        "l": {},
        "c": "2Sm 12:1–7*9162; 1Kg 1:8–11,34–45*9640; 2Ch 9:29*12636; 29:25*13131",
        "a": "b"
    },
    {
        "o": 9045,
        "r": "csb:2 Samuel:7:2",
        "w": 23,
        "l": {},
        "c": "Ex 26:1*2472; 1Ch 17:1*12040",
        "a": "c"
    },
    {
        "o": 9048,
        "r": "csb:2 Samuel:7:5",
        "w": 22,
        "l": {},
        "c": "1Kg 5:3*9814; 8:19*9951; 1Ch 22:8*12162; 28:3*12350",
        "a": "d"
    },
    {
        "o": 9049,
        "r": "csb:2 Samuel:7:6",
        "w": 30,
        "l": {},
        "c": "Ex 25:8–9*2434; 26:1*2472",
        "a": "e"
    },
    {
        "o": 9051,
        "r": "csb:2 Samuel:7:8",
        "w": 37,
        "l": {},
        "c": "1Sm 16:11–13*8417",
        "a": "f"
    },
    {
        "o": 9052,
        "r": "csb:2 Samuel:7:9",
        "w": 23,
        "l": {},
        "c": "Gn 11:4*300; 12:2*333; 2Sm 7:23*9067; Neh 9:10*13936; Is 55:13*21006; 63:14*21153; Jr 32:20*22162",
        "a": "g"
    },
    {
        "o": 9052,
        "r": "csb:2 Samuel:7:9",
        "w": 33,
        "l": {},
        "c": "1Sm 18:14*8507; 2Sm 5:10*9001; 8:6*9081",
        "a": "h"
    },
    {
        "o": 9053,
        "r": "csb:2 Samuel:7:10",
        "w": 4,
        "l": {},
        "c": "1Kg 8:21*9954",
        "a": "i"
    },
    {
        "o": 9053,
        "r": "csb:2 Samuel:7:10",
        "w": 11,
        "l": {},
        "c": "Ex 15:17*2135; Ps 44:2*16223; 80:8,16*16965; Is 5:2*19862; Jr 1:10*21238; 2:21*21271; 11:17*21567; 12:2*21577; 18:9*21747; 24:6*21907; 31:28*22127; 32:41*22183; 42:10*22428; 45:4*22495; Am 9:15*25345",
        "a": "j"
    },
    {
        "o": 9054,
        "r": "csb:2 Samuel:7:11",
        "w": 12,
        "l": {},
        "c": "Jdg 2:14–16*7264; 1Sm 12:9–11*8268",
        "a": "k"
    },
    {
        "o": 9055,
        "r": "csb:2 Samuel:7:12",
        "w": 29,
        "l": {},
        "c": "Ac 13:23*30989",
        "a": "l"
    },
    {
        "o": 9056,
        "r": "csb:2 Samuel:7:13",
        "w": 11,
        "l": {},
        "c": "1Kg 5:2–5*9813; 6:12*9844; 8:18–19*9950; Ac 7:47*30733",
        "a": "m"
    },
    {
        "o": 9056,
        "r": "csb:2 Samuel:7:13",
        "w": 21,
        "l": {},
        "c": "Lk 1:32–33*28168",
        "a": "n"
    },
    {
        "o": 9057,
        "r": "csb:2 Samuel:7:14",
        "w": 10,
        "l": {},
        "c": "Ps 2:7*15478; Heb 1:5*33971; Rv 21:7*35266",
        "a": "o"
    },
    {
        "o": 9058,
        "r": "csb:2 Samuel:7:15",
        "w": 7,
        "l": {},
        "c": "Ps 89:21,28,33*17133",
        "a": "p"
    },
    {
        "o": 9058,
        "r": "csb:2 Samuel:7:15",
        "w": 22,
        "l": {},
        "c": "1Sm 15:24–28*8393",
        "a": "q"
    },
    {
        "o": 9059,
        "r": "csb:2 Samuel:7:16",
        "w": 7,
        "l": {},
        "t": "7:16*r Some Hb mss, LXX, Syr; other Hb mss read you",
        "a": "r"
    },
    {
        "o": 9059,
        "r": "csb:2 Samuel:7:16",
        "w": 8,
        "l": {},
        "c": "Lk 1:32–33*28168",
        "a": "s"
    },
    {
        "o": 9059,
        "r": "csb:2 Samuel:7:16",
        "w": 15,
        "l": {},
        "c": "Ps 89:3–4,26–37*17115; Ezk 34:23–24*24002; Rv 11:15*35053",
        "a": "t"
    },
    {
        "o": 9062,
        "r": "csb:2 Samuel:7:18",
        "w": 4,
        "l": {},
        "c": "1Ch 17:16–27*12056",
        "a": "u"
    },
    {
        "o": 9063,
        "r": "csb:2 Samuel:7:19",
        "w": 5,
        "l": {},
        "t": "7:19*r Lit Yet this",
        "a": "v"
    },
    {
        "o": 9063,
        "r": "csb:2 Samuel:7:19",
        "w": 31,
        "l": {},
        "t": "7:19*r Or custom, or instruction",
        "a": "w"
    },
    {
        "o": 9064,
        "r": "csb:2 Samuel:7:20",
        "w": 10,
        "l": {},
        "c": "Ps 139:1–4*18179",
        "a": "x"
    },
    {
        "o": 9066,
        "r": "csb:2 Samuel:7:22",
        "w": 5,
        "l": {},
        "c": "1Ch 16:25*12019; 2Ch 2:5*12431",
        "a": "y"
    },
    {
        "o": 9066,
        "r": "csb:2 Samuel:7:22",
        "w": 20,
        "l": {},
        "c": "Mk 12:32*27909",
        "a": "z"
    },
    {
        "o": 9067,
        "r": "csb:2 Samuel:7:23",
        "w": 32,
        "l": {},
        "t": "7:23*r Some Hb mss, Tg, Vg, Syr; other Hb mss read you",
        "a": "a"
    },
    {
        "o": 9067,
        "r": "csb:2 Samuel:7:23",
        "w": 36,
        "l": {},
        "t": "7:23*r LXX; MT reads acts for your land",
        "a": "b"
    },
    {
        "o": 9067,
        "r": "csb:2 Samuel:7:23",
        "w": 51,
        "l": {},
        "c": "Dt 4:32–38*5538",
        "a": "c"
    },
    {
        "o": 9068,
        "r": "csb:2 Samuel:7:24",
        "w": 17,
        "l": {},
        "c": "Ex 6:7*1832; Dt 26:18*6172",
        "a": "d"
    },
    {
        "o": 9070,
        "r": "csb:2 Samuel:7:26",
        "w": 25,
        "l": {},
        "c": "Lk 1:69*28209",
        "a": "e"
    },
    {
        "o": 9073,
        "r": "csb:2 Samuel:7:29",
        "w": 30,
        "l": {},
        "c": "2Sm 22:51*9558; Ps 89:28–29*17140",
        "a": "f"
    },
    {
        "o": 9076,
        "r": "csb:2 Samuel:8:1",
        "w": 5,
        "l": {},
        "c": "1Ch 18:1–17*12070",
        "a": "a"
    },
    {
        "o": 9076,
        "r": "csb:2 Samuel:8:1",
        "w": 10,
        "l": {},
        "t": "8:1*r Or took control of the mother city; Hb obscure",
        "a": "b"
    },
    {
        "o": 9076,
        "r": "csb:2 Samuel:8:1",
        "w": 13,
        "l": {},
        "t": "8:1*r LXX reads them, and David took tribute out of the hand of the Philistines",
        "a": "c"
    },
    {
        "o": 9076,
        "r": "csb:2 Samuel:8:1",
        "w": 13,
        "l": {},
        "c": "2Sm 3:18*8954",
        "a": "d"
    },
    {
        "o": 9077,
        "r": "csb:2 Samuel:8:2",
        "w": 52,
        "l": {},
        "c": "Nm 24:17*4910",
        "a": "e"
    },
    {
        "o": 9078,
        "r": "csb:2 Samuel:8:3",
        "w": 3,
        "l": {},
        "c": "2Sm 10:16–19*9126",
        "a": "f"
    },
    {
        "o": 9079,
        "r": "csb:2 Samuel:8:4",
        "w": 4,
        "l": {},
        "t": "8:4*r LXX, DSS read 1,000 chariots and 7,000 horsemen",
        "a": "g"
    },
    {
        "o": 9079,
        "r": "csb:2 Samuel:8:4",
        "w": 17,
        "l": {},
        "c": "Jos 11:6*6755",
        "a": "h"
    },
    {
        "o": 9079,
        "r": "csb:2 Samuel:8:4",
        "w": 22,
        "l": {},
        "t": "8:4*r Or chariot horses",
        "a": "i"
    },
    {
        "o": 9080,
        "r": "csb:2 Samuel:8:5",
        "w": 4,
        "l": {},
        "c": "Gn 14:15*389; Ac 9:2–27*30797",
        "a": "j"
    },
    {
        "o": 9081,
        "r": "csb:2 Samuel:8:6",
        "w": 24,
        "l": {},
        "c": "2Sm 8:14*9089",
        "a": "k"
    },
    {
        "o": 9082,
        "r": "csb:2 Samuel:8:7",
        "w": 12,
        "l": {},
        "c": "2Kg 11:10*10885; 2Ch 23:9*12955",
        "a": "l"
    },
    {
        "o": 9083,
        "r": "csb:2 Samuel:8:8",
        "w": 9,
        "l": {},
        "t": "8:8*r Some LXX mss, Syr read Tebah",
        "a": "m"
    },
    {
        "o": 9084,
        "r": "csb:2 Samuel:8:9",
        "w": 4,
        "l": {},
        "c": "Gn 10:15–18*277; Ezk 47:16–17*24405",
        "a": "n"
    },
    {
        "o": 9086,
        "r": "csb:2 Samuel:8:11",
        "w": 23,
        "l": {},
        "c": "1Kg 7:51*9930; 1Ch 26:26*12303",
        "a": "o"
    },
    {
        "o": 9087,
        "r": "csb:2 Samuel:8:12",
        "w": 1,
        "l": {},
        "t": "8:12*r Some Hb mss, LXX, Syr; other Hb mss read Aram; 1Ch 18:11",
        "a": "p"
    },
    {
        "o": 9088,
        "r": "csb:2 Samuel:8:13",
        "w": 3,
        "l": {},
        "c": "2Sm 7:9*9052",
        "a": "q"
    },
    {
        "o": 9088,
        "r": "csb:2 Samuel:8:13",
        "w": 14,
        "l": {},
        "t": "8:13*r Some Hb mss, LXX, Syr; other Hb mss read Arameans; 1Ch 18:12",
        "a": "r"
    },
    {
        "o": 9088,
        "r": "csb:2 Samuel:8:13",
        "w": 17,
        "l": {},
        "t": "8:13*r = the Dead Sea region",
        "a": "s"
    },
    {
        "o": 9088,
        "r": "csb:2 Samuel:8:13",
        "w": 17,
        "l": {},
        "c": "2Kg 14:7*10962",
        "a": "t"
    },
    {
        "o": 9089,
        "r": "csb:2 Samuel:8:14",
        "w": 12,
        "l": {},
        "c": "Gn 25:23*751; 27:29–40*836; Nm 24:18*4911",
        "a": "u"
    },
    {
        "o": 9089,
        "r": "csb:2 Samuel:8:14",
        "w": 20,
        "l": {},
        "c": "Dt 20:4*5988; 2Sm 8:6*9081",
        "a": "v"
    },
    {
        "o": 9090,
        "r": "csb:2 Samuel:8:15",
        "w": 13,
        "l": {},
        "c": "1Kg 10:9*10044; Ps 99:4*17314; Jr 9:23*21516; 22:3,15*21824; 23:5*21862; 33:15*22204; Ezk 18:5*23472",
        "a": "w"
    },
    {
        "o": 9093,
        "r": "csb:2 Samuel:8:18",
        "w": 10,
        "l": {},
        "c": "2Sm 23:20–23*9581",
        "a": "x"
    },
    {
        "o": 9093,
        "r": "csb:2 Samuel:8:18",
        "w": 16,
        "l": {},
        "t": "8:18*r LXX; MT reads were priests; 1Ch 18:17",
        "a": "y"
    },
    {
        "o": 9096,
        "r": "csb:2 Samuel:9:1",
        "w": 14,
        "l": {},
        "c": "Gn 19:19*527; 24:12*668; 40:14*1306; 47:29*1593; Jos 2:12*6497; Jdg 8:35*7481; 2Sm 2:6*8907",
        "a": "a"
    },
    {
        "o": 9096,
        "r": "csb:2 Samuel:9:1",
        "w": 18,
        "l": {},
        "c": "1Sm 18:3*8495; 20:14–17,42*8566",
        "a": "b"
    },
    {
        "o": 9097,
        "r": "csb:2 Samuel:9:2",
        "w": 8,
        "l": {},
        "c": "2Sm 16:1–4*9315",
        "a": "c"
    },
    {
        "o": 9098,
        "r": "csb:2 Samuel:9:3",
        "w": 35,
        "l": {},
        "c": "2Sm 4:4*8981",
        "a": "d"
    },
    {
        "o": 9102,
        "r": "csb:2 Samuel:9:7",
        "w": 39,
        "l": {},
        "c": "1Kg 2:7*9697",
        "a": "e"
    },
    {
        "o": 9103,
        "r": "csb:2 Samuel:9:8",
        "w": 17,
        "l": {},
        "c": "1Sm 24:14*8687; 2Sm 16:9*9324",
        "a": "f"
    },
    {
        "o": 9106,
        "r": "csb:2 Samuel:9:11",
        "w": 19,
        "l": {},
        "t": "9:11*r LXX; Syr reads the king’s; Vg reads your; MT reads my",
        "a": "g"
    },
    {
        "o": 9107,
        "r": "csb:2 Samuel:9:12",
        "w": 8,
        "l": {},
        "c": "1Ch 8:34*11763",
        "a": "h"
    },
    {
        "o": 9111,
        "r": "csb:2 Samuel:10:1",
        "w": 17,
        "l": {},
        "c": "1Ch 19:1–19*12089",
        "a": "a"
    },
    {
        "o": 9113,
        "r": "csb:2 Samuel:10:3",
        "w": 46,
        "l": {},
        "c": "1Sm 11:1–10*8242",
        "a": "b"
    },
    {
        "o": 9114,
        "r": "csb:2 Samuel:10:4",
        "w": 9,
        "l": {},
        "c": "Is 50:6*20912",
        "a": "c"
    },
    {
        "o": 9114,
        "r": "csb:2 Samuel:10:4",
        "w": 21,
        "l": {},
        "c": "Is 7:20*19929; 20:4*20197",
        "a": "d"
    },
    {
        "o": 9122,
        "r": "csb:2 Samuel:10:12",
        "w": 15,
        "l": {},
        "c": "Dt 31:6*6336; Jos 1:6*6469",
        "a": "e"
    },
    {
        "o": 9122,
        "r": "csb:2 Samuel:10:12",
        "w": 21,
        "l": {},
        "t": "10:12*r Lit the Lord do what is good in his eyes",
        "a": "f"
    },
    {
        "o": 9122,
        "r": "csb:2 Samuel:10:12",
        "w": 21,
        "l": {},
        "c": "Ac 21:14*31322",
        "a": "g"
    },
    {
        "o": 9128,
        "r": "csb:2 Samuel:10:18",
        "w": 18,
        "l": {},
        "t": "10:18*r Some LXX mss; MT reads horsemen; 1Ch 19:18",
        "a": "h"
    },
    {
        "o": 9132,
        "r": "csb:2 Samuel:11:1",
        "w": 29,
        "l": {},
        "c": "2Sm 12:26–29*9191; 1Ch 20:1*12110",
        "a": "a"
    },
    {
        "o": 9134,
        "r": "csb:2 Samuel:11:3",
        "w": 13,
        "l": {},
        "c": "2Sm 12:24*9188; Ps 51*16362",
        "a": "b"
    },
    {
        "o": 9134,
        "r": "csb:2 Samuel:11:3",
        "w": 20,
        "l": {},
        "c": "Mt 1:6*26111",
        "a": "c"
    },
    {
        "o": 9134,
        "r": "csb:2 Samuel:11:3",
        "w": 22,
        "l": {},
        "t": "11:3*r DSS add Joab’s armor-bearer",
        "a": "d"
    },
    {
        "o": 9135,
        "r": "csb:2 Samuel:11:4",
        "w": 25,
        "l": {},
        "c": "Lv 15:18–30*3525; 18:19*3616",
        "a": "e"
    },
    {
        "o": 9142,
        "r": "csb:2 Samuel:11:11",
        "w": 18,
        "l": {},
        "t": "11:11*r Lit servants",
        "a": "f"
    },
    {
        "o": 9142,
        "r": "csb:2 Samuel:11:11",
        "w": 53,
        "l": {},
        "c": "1Sm 21:5*8601",
        "a": "g"
    },
    {
        "o": 9147,
        "r": "csb:2 Samuel:11:15",
        "w": 6,
        "l": {},
        "c": "Mt 1:6*26111",
        "a": "h"
    },
    {
        "o": 9153,
        "r": "csb:2 Samuel:11:21",
        "w": 7,
        "l": {},
        "t": "11:21*r LXX reads Jerubbaal",
        "a": "i"
    },
    {
        "o": 9153,
        "r": "csb:2 Samuel:11:21",
        "w": 7,
        "l": {},
        "t": "11:21*r = Gideon",
        "a": "j"
    },
    {
        "o": 9153,
        "r": "csb:2 Samuel:11:21",
        "w": 26,
        "l": {},
        "c": "Jdg 9:50–54*7535",
        "a": "k"
    },
    {
        "o": 9158,
        "r": "csb:2 Samuel:11:26",
        "w": 1,
        "l": {},
        "c": "Mt 1:6*26111",
        "a": "l"
    },
    {
        "o": 9158,
        "r": "csb:2 Samuel:11:26",
        "w": 13,
        "l": {},
        "t": "11:26*r Lit her husband",
        "a": "m"
    },
    {
        "o": 9159,
        "r": "csb:2 Samuel:11:27",
        "w": 32,
        "l": {},
        "c": "2Sm 12:9*9170; 15:19*9294",
        "a": "n"
    },
    {
        "o": 9162,
        "r": "csb:2 Samuel:12:1",
        "w": 6,
        "l": {},
        "c": "Ps 51*16362",
        "a": "a"
    },
    {
        "o": 9165,
        "r": "csb:2 Samuel:12:4",
        "w": 47,
        "l": {},
        "t": "12:4*r Lit for the man who had come to him",
        "a": "b"
    },
    {
        "o": 9167,
        "r": "csb:2 Samuel:12:6",
        "w": 17,
        "l": {},
        "c": "Ex 22:1*2331; Lk 19:8*29114",
        "a": "c"
    },
    {
        "o": 9168,
        "r": "csb:2 Samuel:12:7",
        "w": 22,
        "l": {},
        "c": "1Sm 16:13*8420",
        "a": "d"
    },
    {
        "o": 9169,
        "r": "csb:2 Samuel:12:8",
        "w": 13,
        "l": {},
        "t": "12:8*r Lit bosom",
        "a": "e"
    },
    {
        "o": 9170,
        "r": "csb:2 Samuel:12:9",
        "w": 12,
        "l": {},
        "t": "12:9*r Alt Hb tradition reads what he considers",
        "a": "f"
    },
    {
        "o": 9170,
        "r": "csb:2 Samuel:12:9",
        "w": 13,
        "l": {},
        "c": "Nm 15:30–31*4600; 1Sm 15:19*8388",
        "a": "g"
    },
    {
        "o": 9170,
        "r": "csb:2 Samuel:12:9",
        "w": 17,
        "l": {},
        "c": "Mt 1:6*26111",
        "a": "h"
    },
    {
        "o": 9170,
        "r": "csb:2 Samuel:12:9",
        "w": 37,
        "l": {},
        "c": "2Sm 11:14–17*9146",
        "a": "i"
    },
    {
        "o": 9171,
        "r": "csb:2 Samuel:12:10",
        "w": 8,
        "l": {},
        "c": "2Sm 12:18*9181; 13:28–29*9227; 18:14–18*9387; 1Kg 2:22–25*9713; 2Kg 11:1*10875",
        "a": "j"
    },
    {
        "o": 9172,
        "r": "csb:2 Samuel:12:11",
        "w": 5,
        "l": {},
        "c": "2Sm 16:21–22*9337",
        "a": "k"
    },
    {
        "o": 9172,
        "r": "csb:2 Samuel:12:11",
        "w": 27,
        "l": {},
        "t": "12:11*r Or to your neighbor",
        "a": "l"
    },
    {
        "o": 9172,
        "r": "csb:2 Samuel:12:11",
        "w": 40,
        "l": {},
        "t": "12:11*r Lit in the eyes of this sun",
        "a": "m"
    },
    {
        "o": 9173,
        "r": "csb:2 Samuel:12:12",
        "w": 15,
        "l": {},
        "t": "12:12*r Lit and before the sun",
        "a": "n"
    },
    {
        "o": 9174,
        "r": "csb:2 Samuel:12:13",
        "w": 9,
        "l": {},
        "c": "2Sm 24:10*9613; Ps 32:5*15975; 51:4*16366",
        "a": "o"
    },
    {
        "o": 9174,
        "r": "csb:2 Samuel:12:13",
        "w": 26,
        "l": {},
        "c": "Lv 20:10*3679; 24:17*3826; Ps 32:1–5*15971; Pr 28:13*19227",
        "a": "p"
    },
    {
        "o": 9175,
        "r": "csb:2 Samuel:12:14",
        "w": 3,
        "l": {},
        "t": "12:14*r Alt Hb tradition, one LXX ms; MT reads treated the enemies of; DSS read treated the word of",
        "a": "q"
    },
    {
        "o": 9175,
        "r": "csb:2 Samuel:12:14",
        "w": 18,
        "l": {},
        "c": "2Sm 12:18*9181",
        "a": "r"
    },
    {
        "o": 9178,
        "r": "csb:2 Samuel:12:15",
        "w": 6,
        "l": {},
        "c": "Mt 1:6*26111",
        "a": "s"
    },
    {
        "o": 9179,
        "r": "csb:2 Samuel:12:16",
        "w": 18,
        "l": {},
        "c": "2Sm 13:31*9230; Jb 1:20*14341",
        "a": "t"
    },
    {
        "o": 9185,
        "r": "csb:2 Samuel:12:22",
        "w": 26,
        "l": {},
        "c": "Jl 2:14*25127; Jnh 3:9*25414",
        "a": "u"
    },
    {
        "o": 9186,
        "r": "csb:2 Samuel:12:23",
        "w": 26,
        "l": {},
        "c": "Jb 7:8–10*14480",
        "a": "v"
    },
    {
        "o": 9188,
        "r": "csb:2 Samuel:12:24",
        "w": 2,
        "l": {},
        "c": "Gn 37:35*1231; Ps 23:4*15827; 119:76,82*17844",
        "a": "w"
    },
    {
        "o": 9188,
        "r": "csb:2 Samuel:12:24",
        "w": 21,
        "l": {},
        "t": "12:24*r Alt Hb tradition reads he named",
        "a": "x"
    },
    {
        "o": 9188,
        "r": "csb:2 Samuel:12:24",
        "w": 23,
        "l": {},
        "t": "12:24*r In Hb, the name Solomon sounds like “peace.”",
        "a": "y"
    },
    {
        "o": 9188,
        "r": "csb:2 Samuel:12:24",
        "w": 23,
        "l": {},
        "c": "1Ch 22:9*12163",
        "a": "z"
    },
    {
        "o": 9189,
        "r": "csb:2 Samuel:12:25",
        "w": 10,
        "l": {},
        "t": "12:25*r Or prophet to name",
        "a": "a"
    },
    {
        "o": 9189,
        "r": "csb:2 Samuel:12:25",
        "w": 12,
        "l": {},
        "t": "12:25*r = Beloved of the Lord",
        "a": "b"
    },
    {
        "o": 9191,
        "r": "csb:2 Samuel:12:26",
        "w": 6,
        "l": {},
        "c": "1Ch 20:1–3*12110",
        "a": "c"
    },
    {
        "o": 9195,
        "r": "csb:2 Samuel:12:30",
        "w": 9,
        "l": {},
        "t": "12:30*r LXX reads of Milcom; some emend to Molech; 1Kg 11:5,33",
        "a": "d"
    },
    {
        "o": 9195,
        "r": "csb:2 Samuel:12:30",
        "w": 21,
        "l": {},
        "t": "12:30*r Lit a talent",
        "a": "e"
    },
    {
        "o": 9196,
        "r": "csb:2 Samuel:12:31",
        "w": 25,
        "l": {},
        "c": "Ex 1:13–14*1701",
        "a": "f"
    },
    {
        "o": 9199,
        "r": "csb:2 Samuel:13:1",
        "w": 5,
        "l": {},
        "c": "2Sm 3:3*8938",
        "a": "a"
    },
    {
        "o": 9199,
        "r": "csb:2 Samuel:13:1",
        "w": 11,
        "l": {},
        "c": "2Sm 14:27*9267; 1Ch 3:9*11502",
        "a": "b"
    },
    {
        "o": 9199,
        "r": "csb:2 Samuel:13:1",
        "w": 15,
        "l": {},
        "c": "2Sm 3:2*8937",
        "a": "c"
    },
    {
        "o": 9201,
        "r": "csb:2 Samuel:13:3",
        "w": 11,
        "l": {},
        "c": "1Sm 16:9*8415; 17:13*8445; 1Ch 2:13*11448",
        "a": "d"
    },
    {
        "o": 9202,
        "r": "csb:2 Samuel:13:4",
        "w": 11,
        "l": {},
        "c": "Gn 41:19*1336; 2Sm 3:1*8936",
        "a": "e"
    },
    {
        "o": 9203,
        "r": "csb:2 Samuel:13:5",
        "w": 42,
        "l": {},
        "c": "Jr 7:18*21444",
        "a": "f"
    },
    {
        "o": 9209,
        "r": "csb:2 Samuel:13:11",
        "w": 12,
        "l": {},
        "t": "13:11*r Lit said to her",
        "a": "g"
    },
    {
        "o": 9210,
        "r": "csb:2 Samuel:13:12",
        "w": 6,
        "l": {},
        "c": "Dt 21:14*6022; Ru 2:15*7929; 2Sm 19:3*9411; Jb 19:3*14785; Ps 35:4*16037; 44:9*16230; 136:23*18150; Pr 28:7*19221; Jr 14:3*21630; 50:12*22645; Ezk 36:32*24062; 2Co 12:21*32885",
        "a": "h"
    },
    {
        "o": 9210,
        "r": "csb:2 Samuel:13:12",
        "w": 17,
        "l": {},
        "c": "Gn 20:9*558; 34:7*1088; Lv 18:9*3606; 20:17*3686",
        "a": "i"
    },
    {
        "o": 9210,
        "r": "csb:2 Samuel:13:12",
        "w": 21,
        "l": {},
        "c": "Dt 22:21*6058; Jos 7:15*6621; Jdg 19:23–24*7803; 20:6*7818; Jr 29:23*22055",
        "a": "j"
    },
    {
        "o": 9214,
        "r": "csb:2 Samuel:13:16",
        "w": 2,
        "l": {},
        "t": "13:16*r Lit she said to him",
        "a": "k"
    },
    {
        "o": 9216,
        "r": "csb:2 Samuel:13:18",
        "w": 16,
        "l": {},
        "t": "13:18*r Or ornate; Gn 37:3",
        "a": "l"
    },
    {
        "o": 9217,
        "r": "csb:2 Samuel:13:19",
        "w": 20,
        "l": {},
        "c": "Jr 2:37*21288",
        "a": "m"
    },
    {
        "o": 9218,
        "r": "csb:2 Samuel:13:20",
        "w": 35,
        "l": {},
        "c": "Is 54:1*20975; 62:4*21127",
        "a": "n"
    },
    {
        "o": 9220,
        "r": "csb:2 Samuel:13:21",
        "w": 10,
        "l": {},
        "t": "13:21*r LXX, DSS add but he did not grieve the spirit of Amnon his son, for he loved him because he was his firstborn; 1Kg 1:6",
        "a": "o"
    },
    {
        "o": 9226,
        "r": "csb:2 Samuel:13:27",
        "w": 12,
        "l": {},
        "t": "13:27*r LXX adds And Absalom prepared a feast like a royal feast.",
        "a": "p"
    },
    {
        "o": 9227,
        "r": "csb:2 Samuel:13:28",
        "w": 43,
        "l": {},
        "c": "Jos 1:9*6473",
        "a": "q"
    },
    {
        "o": 9230,
        "r": "csb:2 Samuel:13:31",
        "w": 24,
        "l": {},
        "c": "2Sm 1:11*8883",
        "a": "r"
    },
    {
        "o": 9231,
        "r": "csb:2 Samuel:13:32",
        "w": 6,
        "l": {},
        "c": "2Sm 13:3–5*9201",
        "a": "s"
    },
    {
        "o": 9231,
        "r": "csb:2 Samuel:13:32",
        "w": 34,
        "l": {},
        "t": "13:32*r Lit In fact, it was established on the mouth of Absalom",
        "a": "t"
    },
    {
        "o": 9233,
        "r": "csb:2 Samuel:13:34",
        "w": 30,
        "l": {},
        "t": "13:34*r LXX adds And the watchman came and reported to the king saying, “I see men on the Horonaim road on the side of the mountain.”",
        "a": "u"
    },
    {
        "o": 9236,
        "r": "csb:2 Samuel:13:37",
        "w": 12,
        "l": {},
        "c": "2Sm 3:3*8938; 1Ch 3:2*11494",
        "a": "v"
    },
    {
        "o": 9236,
        "r": "csb:2 Samuel:13:37",
        "w": 18,
        "l": {},
        "t": "13:37*r Probably Amnon",
        "a": "w"
    },
    {
        "o": 9238,
        "r": "csb:2 Samuel:13:39",
        "w": 1,
        "l": {},
        "t": "13:39*r DSS, LXX, Tg read David’s spirit",
        "a": "x"
    },
    {
        "o": 9242,
        "r": "csb:2 Samuel:14:2",
        "w": 5,
        "l": {},
        "c": "2Ch 20:20*12885; Am 1:1*25173",
        "a": "a"
    },
    {
        "o": 9242,
        "r": "csb:2 Samuel:14:2",
        "w": 9,
        "l": {},
        "c": "2Sm 13:3*9201; 14:20*9260; 20:16*9469; Jb 5:13*14425",
        "a": "b"
    },
    {
        "o": 9242,
        "r": "csb:2 Samuel:14:2",
        "w": 30,
        "l": {},
        "c": "Dn 10:2–3*24771",
        "a": "c"
    },
    {
        "o": 9243,
        "r": "csb:2 Samuel:14:3",
        "w": 17,
        "l": {},
        "t": "14:3*r Lit Joab put the words into her mouth",
        "a": "d"
    },
    {
        "o": 9244,
        "r": "csb:2 Samuel:14:4",
        "w": 5,
        "l": {},
        "t": "14:4*r Some Hb mss, LXX, Syr, Tg, Vg; other Hb mss read spoke",
        "a": "e"
    },
    {
        "o": 9244,
        "r": "csb:2 Samuel:14:4",
        "w": 16,
        "l": {},
        "c": "1Sm 20:41*8593; 25:23*8720; 2Ch 20:18*12882",
        "a": "f"
    },
    {
        "o": 9245,
        "r": "csb:2 Samuel:14:5",
        "w": 16,
        "l": {},
        "c": "2Sm 12:1*9162",
        "a": "g"
    },
    {
        "o": 9247,
        "r": "csb:2 Samuel:14:7",
        "w": 56,
        "l": {},
        "c": "Nah 1:14*25576",
        "a": "h"
    },
    {
        "o": 9249,
        "r": "csb:2 Samuel:14:9",
        "w": 18,
        "l": {},
        "c": "1Sm 25:24*8721",
        "a": "i"
    },
    {
        "o": 9251,
        "r": "csb:2 Samuel:14:11",
        "w": 28,
        "l": {},
        "c": "Nm 35:19–21*5347; Dt 19:12*5971",
        "a": "j"
    },
    {
        "o": 9251,
        "r": "csb:2 Samuel:14:11",
        "w": 45,
        "l": {},
        "c": "1Sm 14:45*8359; Dn 3:27*24559; Lk 21:18*29234; Ac 27:34*31556",
        "a": "k"
    },
    {
        "o": 9254,
        "r": "csb:2 Samuel:14:14",
        "w": 3,
        "l": {},
        "c": "Jn 8:51*29890",
        "a": "l"
    },
    {
        "o": 9257,
        "r": "csb:2 Samuel:14:17",
        "w": 31,
        "l": {},
        "c": "2Sm 19:27*9435",
        "a": "m"
    },
    {
        "o": 9259,
        "r": "csb:2 Samuel:14:19",
        "w": 8,
        "l": {},
        "t": "14:19*r Lit “Is the hand of Joab in",
        "a": "n"
    },
    {
        "o": 9259,
        "r": "csb:2 Samuel:14:19",
        "w": 56,
        "l": {},
        "t": "14:19*r Lit he put all these words into the mouth of your servant",
        "a": "o"
    },
    {
        "o": 9260,
        "r": "csb:2 Samuel:14:20",
        "w": 10,
        "l": {},
        "t": "14:20*r Lit to go around the face of the matter",
        "a": "p"
    },
    {
        "o": 9263,
        "r": "csb:2 Samuel:14:23",
        "w": 9,
        "l": {},
        "c": "2Sm 13:38*9237",
        "a": "q"
    },
    {
        "o": 9264,
        "r": "csb:2 Samuel:14:24",
        "w": 29,
        "l": {},
        "t": "14:24*r Lit king’s face",
        "a": "r"
    },
    {
        "o": 9265,
        "r": "csb:2 Samuel:14:25",
        "w": 7,
        "l": {},
        "c": "Gn 39:6*1272; 1Sm 16:12,18*8418; 17:42*8474; 1Kg 1:6*9638; Ps 45:2*16252",
        "a": "s"
    },
    {
        "o": 9266,
        "r": "csb:2 Samuel:14:26",
        "w": 42,
        "l": {},
        "t": "14:26*r Lit 200 shekels",
        "a": "t"
    },
    {
        "o": 9270,
        "r": "csb:2 Samuel:14:30",
        "w": 33,
        "l": {},
        "t": "14:30*r DSS, LXX add So Joab’s servants came to him with their clothes torn and said, “Absalom’s servants have set the field on fire!”",
        "a": "u"
    },
    {
        "o": 9276,
        "r": "csb:2 Samuel:15:1",
        "w": 14,
        "l": {},
        "c": "1Sm 8:11*8170; 1Kg 1:5*9637",
        "a": "a"
    },
    {
        "o": 9277,
        "r": "csb:2 Samuel:15:2",
        "w": 14,
        "l": {},
        "c": "Ru 4:1–11*7960; 2Sm 19:8*9416; Jb 29:7*15043",
        "a": "b"
    },
    {
        "o": 9280,
        "r": "csb:2 Samuel:15:5",
        "w": 20,
        "l": {},
        "c": "Gn 29:13*895; Ex 18:7*2212; 1Sm 10:1*8212; 2Sm 19:39*9447",
        "a": "c"
    },
    {
        "o": 9282,
        "r": "csb:2 Samuel:15:7",
        "w": 1,
        "l": {},
        "t": "15:7*r Some LXX mss, Syr, Vg; other LXX mss, MT read 40",
        "a": "d"
    },
    {
        "o": 9283,
        "r": "csb:2 Samuel:15:8",
        "w": 12,
        "l": {},
        "c": "2Sm 13:37–38*9236",
        "a": "e"
    },
    {
        "o": 9283,
        "r": "csb:2 Samuel:15:8",
        "w": 29,
        "l": {},
        "t": "15:8*r Some LXX mss; MT omits in Hebron",
        "a": "f"
    },
    {
        "o": 9283,
        "r": "csb:2 Samuel:15:8",
        "w": 29,
        "l": {},
        "c": "Gn 28:20–21*877; 1Sm 1:11*7995",
        "a": "g"
    },
    {
        "o": 9284,
        "r": "csb:2 Samuel:15:9",
        "w": 7,
        "l": {},
        "c": "Ex 4:18*1783; Jdg 18:6*7753; 1Sm 1:17*8001; 2Kg 5:19*10691; Lk 7:50*28533; 8:48*28591",
        "a": "h"
    },
    {
        "o": 9285,
        "r": "csb:2 Samuel:15:10",
        "w": 20,
        "l": {},
        "c": "2Sm 6:15*9033; 1Kg 1:41*9676; Jr 4:19,21*21340; 6:17*21407; 42:14*22432; Am 2:2*25191",
        "a": "i"
    },
    {
        "o": 9285,
        "r": "csb:2 Samuel:15:10",
        "w": 30,
        "l": {},
        "c": "1Kg 1:11,18,33–34*9644; 2Kg 9:13*10806",
        "a": "j"
    },
    {
        "o": 9287,
        "r": "csb:2 Samuel:15:12",
        "w": 13,
        "l": {},
        "c": "1Ch 27:33*12344; Ps 41:9*16192; 55:12–14*16427",
        "a": "k"
    },
    {
        "o": 9289,
        "r": "csb:2 Samuel:15:14",
        "w": 22,
        "l": {},
        "c": "Ps 3*15486",
        "a": "l"
    },
    {
        "o": 9293,
        "r": "csb:2 Samuel:15:18",
        "w": 26,
        "l": {},
        "c": "1Sm 27:2–7*8772",
        "a": "m"
    },
    {
        "o": 9294,
        "r": "csb:2 Samuel:15:19",
        "w": 6,
        "l": {},
        "c": "2Sm 18:2*9374",
        "a": "n"
    },
    {
        "o": 9295,
        "r": "csb:2 Samuel:15:20",
        "w": 32,
        "l": {},
        "t": "15:20*r LXX; MT omits Lit May the Lord show you",
        "a": "o"
    },
    {
        "o": 9296,
        "r": "csb:2 Samuel:15:21",
        "w": 35,
        "l": {},
        "c": "Ru 1:16*7906",
        "a": "p"
    },
    {
        "o": 9299,
        "r": "csb:2 Samuel:15:24",
        "w": 29,
        "l": {},
        "t": "15:24*r Or Abiathar went up",
        "a": "q"
    },
    {
        "o": 9299,
        "r": "csb:2 Samuel:15:24",
        "w": 36,
        "l": {},
        "c": "2Sm 8:17*9092; 20:25*9478",
        "a": "r"
    },
    {
        "o": 9300,
        "r": "csb:2 Samuel:15:25",
        "w": 12,
        "l": {},
        "c": "1Sm 4:3*8081",
        "a": "s"
    },
    {
        "o": 9300,
        "r": "csb:2 Samuel:15:25",
        "w": 33,
        "l": {},
        "t": "15:25*r Or his",
        "a": "t"
    },
    {
        "o": 9300,
        "r": "csb:2 Samuel:15:25",
        "w": 35,
        "l": {},
        "c": "Ps 43:3*16216",
        "a": "u"
    },
    {
        "o": 9301,
        "r": "csb:2 Samuel:15:26",
        "w": 22,
        "l": {},
        "t": "15:26*r Lit me what is good in his eyes",
        "a": "v"
    },
    {
        "o": 9301,
        "r": "csb:2 Samuel:15:26",
        "w": 22,
        "l": {},
        "c": "1Sm 3:18*8072",
        "a": "w"
    },
    {
        "o": 9302,
        "r": "csb:2 Samuel:15:27",
        "w": 7,
        "l": {},
        "c": "2Sm 8:17*9092; 20:25–26*9478; 1Kg 1:7–8*9639",
        "a": "x"
    },
    {
        "o": 9302,
        "r": "csb:2 Samuel:15:27",
        "w": 8,
        "l": {},
        "t": "15:27*r LXX; MT reads “Are you a seer?",
        "a": "y"
    },
    {
        "o": 9303,
        "r": "csb:2 Samuel:15:28",
        "w": 5,
        "l": {},
        "t": "15:28*r Alt Hb tradition reads plains",
        "a": "z"
    },
    {
        "o": 9305,
        "r": "csb:2 Samuel:15:30",
        "w": 9,
        "l": {},
        "c": "Zch 14:4*26015; Mt 21:1*26908; 24:3*27058; 26:30*27198; Ac 1:12*30474",
        "a": "a"
    },
    {
        "o": 9305,
        "r": "csb:2 Samuel:15:30",
        "w": 17,
        "l": {},
        "c": "Est 6:12*14246; Jr 14:3–4*21630",
        "a": "b"
    },
    {
        "o": 9305,
        "r": "csb:2 Samuel:15:30",
        "w": 22,
        "l": {},
        "c": "Jb 12:17,19*14618; Is 20:2–4*20195; Mc 1:8*25439",
        "a": "c"
    },
    {
        "o": 9306,
        "r": "csb:2 Samuel:15:31",
        "w": 22,
        "l": {},
        "c": "2Sm 16:21*9337; 17:14,23*9355",
        "a": "d"
    },
    {
        "o": 9307,
        "r": "csb:2 Samuel:15:32",
        "w": 14,
        "l": {},
        "c": "Jos 16:2*6928",
        "a": "e"
    },
    {
        "o": 9312,
        "r": "csb:2 Samuel:15:37",
        "w": 1,
        "l": {},
        "c": "1Ch 27:33*12344",
        "a": "f"
    },
    {
        "o": 9315,
        "r": "csb:2 Samuel:16:1",
        "w": 8,
        "l": {},
        "t": "16:1*r = Mount of Olives",
        "a": "a"
    },
    {
        "o": 9315,
        "r": "csb:2 Samuel:16:1",
        "w": 11,
        "l": {},
        "c": "2Sm 9:12*9107",
        "a": "b"
    },
    {
        "o": 9317,
        "r": "csb:2 Samuel:16:3",
        "w": 32,
        "l": {},
        "c": "2Sm 19:26–27*9434",
        "a": "c"
    },
    {
        "o": 9318,
        "r": "csb:2 Samuel:16:4",
        "w": 12,
        "l": {},
        "c": "2Sm 9:3–11*9098",
        "a": "d"
    },
    {
        "o": 9320,
        "r": "csb:2 Samuel:16:5",
        "w": 20,
        "l": {},
        "c": "2Sm 3:16*8952",
        "a": "e"
    },
    {
        "o": 9320,
        "r": "csb:2 Samuel:16:5",
        "w": 27,
        "l": {},
        "c": "2Sm 19:16*9424; 1Kg 2:8–9,36–46*9698",
        "a": "f"
    },
    {
        "o": 9321,
        "r": "csb:2 Samuel:16:6",
        "w": 9,
        "l": {},
        "t": "16:6*r Lit all King David’s",
        "a": "g"
    },
    {
        "o": 9322,
        "r": "csb:2 Samuel:16:7",
        "w": 15,
        "l": {},
        "c": "Ex 22:28*2364",
        "a": "h"
    },
    {
        "o": 9324,
        "r": "csb:2 Samuel:16:9",
        "w": 13,
        "l": {},
        "c": "1Sm 24:14*8687; 2Sm 9:8*9103",
        "a": "i"
    },
    {
        "o": 9324,
        "r": "csb:2 Samuel:16:9",
        "w": 18,
        "l": {},
        "c": "Ex 22:28*2364",
        "a": "j"
    },
    {
        "o": 9325,
        "r": "csb:2 Samuel:16:10",
        "w": 10,
        "l": {},
        "c": "2Sm 3:39*8975; 19:22*9430",
        "a": "k"
    },
    {
        "o": 9325,
        "r": "csb:2 Samuel:16:10",
        "w": 12,
        "l": {},
        "c": "1Sm 17:43*8475; 2Sm 16:5*9320; Ec 7:21–22*19494",
        "a": "l"
    },
    {
        "o": 9325,
        "r": "csb:2 Samuel:16:10",
        "w": 18,
        "l": {},
        "t": "16:10*r Alt Hb tradition reads If he curses, and if the Lord",
        "a": "m"
    },
    {
        "o": 9325,
        "r": "csb:2 Samuel:16:10",
        "w": 22,
        "l": {},
        "c": "2Sm 12:11*9172",
        "a": "n"
    },
    {
        "o": 9326,
        "r": "csb:2 Samuel:16:11",
        "w": 17,
        "l": {},
        "t": "16:11*r Lit son who came from my belly",
        "a": "o"
    },
    {
        "o": 9326,
        "r": "csb:2 Samuel:16:11",
        "w": 22,
        "l": {},
        "c": "2Sm 12:10–11*9171",
        "a": "p"
    },
    {
        "o": 9327,
        "r": "csb:2 Samuel:16:12",
        "w": 6,
        "l": {},
        "t": "16:12*r Some Hb mss, LXX, Syr, Vg; one Hb tradition reads iniquity; alt Hb tradition reads eyes; another Hb tradition reads will look with his eye",
        "a": "q"
    },
    {
        "o": 9329,
        "r": "csb:2 Samuel:16:14",
        "w": 9,
        "l": {},
        "t": "16:14*r LXX adds at the Jordan",
        "a": "r"
    },
    {
        "o": 9332,
        "r": "csb:2 Samuel:16:16",
        "w": 20,
        "l": {},
        "c": "1Sm 10:24*8236; 1Kg 1:25*9658; 2Kg 11:12*10887",
        "a": "s"
    },
    {
        "o": 9335,
        "r": "csb:2 Samuel:16:19",
        "w": 21,
        "l": {},
        "c": "2Sm 15:34*9309",
        "a": "t"
    },
    {
        "o": 9337,
        "r": "csb:2 Samuel:16:21",
        "w": 17,
        "l": {},
        "c": "2Sm 15:16*9291; 20:3*9456",
        "a": "u"
    },
    {
        "o": 9337,
        "r": "csb:2 Samuel:16:21",
        "w": 35,
        "l": {},
        "t": "16:21*r Lit father, the hands of everyone with you will be strong",
        "a": "v"
    },
    {
        "o": 9338,
        "r": "csb:2 Samuel:16:22",
        "w": 22,
        "l": {},
        "c": "2Sm 12:11–12*9172",
        "a": "w"
    },
    {
        "o": 9339,
        "r": "csb:2 Samuel:16:23",
        "w": 16,
        "l": {},
        "c": "2Sm 15:12*9287",
        "a": "x"
    },
    {
        "o": 9342,
        "r": "csb:2 Samuel:17:2",
        "w": 9,
        "l": {},
        "t": "17:2*r Lit and weak of hands",
        "a": "a"
    },
    {
        "o": 9342,
        "r": "csb:2 Samuel:17:2",
        "w": 29,
        "l": {},
        "c": "1Kg 22:31*10514",
        "a": "b"
    },
    {
        "o": 9343,
        "r": "csb:2 Samuel:17:3",
        "w": 17,
        "l": {},
        "t": "17:3*r LXX reads to you as a bride returns to her husband. You seek the life of only one man, and all",
        "a": "c"
    },
    {
        "o": 9348,
        "r": "csb:2 Samuel:17:8",
        "w": 22,
        "l": {},
        "c": "Pr 17:12*18890; Hs 13:8*25067",
        "a": "d"
    },
    {
        "o": 9349,
        "r": "csb:2 Samuel:17:9",
        "w": 8,
        "l": {},
        "t": "17:9*r Or pits, or ravines",
        "a": "e"
    },
    {
        "o": 9349,
        "r": "csb:2 Samuel:17:9",
        "w": 18,
        "l": {},
        "t": "17:9*r Lit And it will be when a falling on them at",
        "a": "f"
    },
    {
        "o": 9350,
        "r": "csb:2 Samuel:17:10",
        "w": 10,
        "l": {},
        "c": "Am 3:8*25217",
        "a": "g"
    },
    {
        "o": 9350,
        "r": "csb:2 Samuel:17:10",
        "w": 13,
        "l": {},
        "t": "17:10*r Lit melt",
        "a": "h"
    },
    {
        "o": 9351,
        "r": "csb:2 Samuel:17:11",
        "w": 17,
        "l": {},
        "c": "Gn 22:17*624",
        "a": "i"
    },
    {
        "o": 9353,
        "r": "csb:2 Samuel:17:13",
        "w": 19,
        "l": {},
        "t": "17:13*r Lit drag it",
        "a": "j"
    },
    {
        "o": 9354,
        "r": "csb:2 Samuel:17:14",
        "w": 4,
        "l": {},
        "c": "Pr 21:30*19023; 1Co 1:19*32130",
        "a": "k"
    },
    {
        "o": 9354,
        "r": "csb:2 Samuel:17:14",
        "w": 10,
        "l": {},
        "c": "2Sm 15:31–34*9306",
        "a": "l"
    },
    {
        "o": 9356,
        "r": "csb:2 Samuel:17:15",
        "w": 10,
        "l": {},
        "t": "17:15*r Lit “Like this and like this",
        "a": "m"
    },
    {
        "o": 9356,
        "r": "csb:2 Samuel:17:15",
        "w": 22,
        "l": {},
        "t": "17:15*r Lit and like this and like this",
        "a": "n"
    },
    {
        "o": 9357,
        "r": "csb:2 Samuel:17:16",
        "w": 14,
        "l": {},
        "t": "17:16*r Some Hb mss; MT reads plains",
        "a": "o"
    },
    {
        "o": 9357,
        "r": "csb:2 Samuel:17:16",
        "w": 22,
        "l": {},
        "t": "17:16*r the Jordan supplied for clarity",
        "a": "p"
    },
    {
        "o": 9357,
        "r": "csb:2 Samuel:17:16",
        "w": 22,
        "l": {},
        "c": "2Sm 15:28*9303",
        "a": "q"
    },
    {
        "o": 9361,
        "r": "csb:2 Samuel:17:20",
        "w": 21,
        "l": {},
        "t": "17:20*r Or brook; Hb obscure",
        "a": "r"
    },
    {
        "o": 9364,
        "r": "csb:2 Samuel:17:23",
        "w": 31,
        "l": {},
        "c": "Mt 27:5*27255",
        "a": "s"
    },
    {
        "o": 9366,
        "r": "csb:2 Samuel:17:25",
        "w": 4,
        "l": {},
        "c": "2Sm 19:13*9421; 20:9–12*9462; 1Kg 2:5,32*9695",
        "a": "t"
    },
    {
        "o": 9366,
        "r": "csb:2 Samuel:17:25",
        "w": 19,
        "l": {},
        "t": "17:25*r Or Jether",
        "a": "u"
    },
    {
        "o": 9366,
        "r": "csb:2 Samuel:17:25",
        "w": 21,
        "l": {},
        "t": "17:25*r Some LXX mss read Ishmaelite",
        "a": "v"
    },
    {
        "o": 9366,
        "r": "csb:2 Samuel:17:25",
        "w": 21,
        "l": {},
        "c": "1Ch 2:13–17*11448",
        "a": "w"
    },
    {
        "o": 9366,
        "r": "csb:2 Samuel:17:25",
        "w": 28,
        "l": {},
        "t": "17:25*r Some LXX mss read Jesse",
        "a": "x"
    },
    {
        "o": 9368,
        "r": "csb:2 Samuel:17:27",
        "w": 8,
        "l": {},
        "c": "2Sm 10:1–2*9111",
        "a": "y"
    },
    {
        "o": 9368,
        "r": "csb:2 Samuel:17:27",
        "w": 10,
        "l": {},
        "c": "2Sm 12:26–29*9191",
        "a": "z"
    },
    {
        "o": 9368,
        "r": "csb:2 Samuel:17:27",
        "w": 19,
        "l": {},
        "c": "2Sm 9:4*9099",
        "a": "a"
    },
    {
        "o": 9368,
        "r": "csb:2 Samuel:17:27",
        "w": 25,
        "l": {},
        "c": "2Sm 19:31–32*9439; 1Kg 2:7*9697; Ezr 2:61*13442",
        "a": "b"
    },
    {
        "o": 9369,
        "r": "csb:2 Samuel:17:28",
        "w": 2,
        "l": {},
        "t": "17:28*r LXX reads brought 10 embroidered beds with double coverings, 10 vessels",
        "a": "c"
    },
    {
        "o": 9369,
        "r": "csb:2 Samuel:17:28",
        "w": 15,
        "l": {},
        "t": "17:28*r LXX, Syr; MT adds roasted grain",
        "a": "d"
    },
    {
        "o": 9370,
        "r": "csb:2 Samuel:17:29",
        "w": 5,
        "l": {},
        "t": "17:29*r Hb obscure",
        "a": "e"
    },
    {
        "o": 9375,
        "r": "csb:2 Samuel:18:3",
        "w": 3,
        "l": {},
        "c": "2Sm 21:17*9500",
        "a": "a"
    },
    {
        "o": 9375,
        "r": "csb:2 Samuel:18:3",
        "w": 37,
        "l": {},
        "t": "18:3*r Some Hb mss, LXX, Vg; other Hb mss read because there would now be about",
        "a": "b"
    },
    {
        "o": 9382,
        "r": "csb:2 Samuel:18:9",
        "w": 45,
        "l": {},
        "t": "18:9*r Lit was between heaven and earth",
        "a": "c"
    },
    {
        "o": 9384,
        "r": "csb:2 Samuel:18:11",
        "w": 5,
        "l": {},
        "t": "18:11*r Lit Joab said to the man who told him",
        "a": "d"
    },
    {
        "o": 9384,
        "r": "csb:2 Samuel:18:11",
        "w": 23,
        "l": {},
        "t": "18:11*r About four ounces of silver",
        "a": "e"
    },
    {
        "o": 9385,
        "r": "csb:2 Samuel:18:12",
        "w": 16,
        "l": {},
        "t": "18:12*r About 25 pounds of silver",
        "a": "f"
    },
    {
        "o": 9385,
        "r": "csb:2 Samuel:18:12",
        "w": 46,
        "l": {},
        "t": "18:12*r Some Hb mss, LXX, Tg, Vg; other Hb mss read ‘Protect, whoever, the young man Absalom’; Hb obscure",
        "a": "g"
    },
    {
        "o": 9385,
        "r": "csb:2 Samuel:18:12",
        "w": 46,
        "l": {},
        "c": "2Sm 18:5*9377",
        "a": "h"
    },
    {
        "o": 9386,
        "r": "csb:2 Samuel:18:13",
        "w": 5,
        "l": {},
        "t": "18:13*r Alt Hb tradition reads jeopardized his",
        "a": "i"
    },
    {
        "o": 9387,
        "r": "csb:2 Samuel:18:14",
        "w": 14,
        "l": {},
        "t": "18:14*r Lit rods",
        "a": "j"
    },
    {
        "o": 9390,
        "r": "csb:2 Samuel:18:17",
        "w": 21,
        "l": {},
        "c": "Jos 7:24–26*6630; 8:29*6664",
        "a": "k"
    },
    {
        "o": 9390,
        "r": "csb:2 Samuel:18:17",
        "w": 29,
        "l": {},
        "c": "1Sm 4:10*8088; 2Sm 19:8*9416; 20:1,22*9454; 2Kg 8:21*10782",
        "a": "l"
    },
    {
        "o": 9391,
        "r": "csb:2 Samuel:18:18",
        "w": 12,
        "l": {},
        "c": "Gn 28:18*875; Dt 16:22*5908; 1Sm 15:12*8381; 2Kg 18:4*11110",
        "a": "m"
    },
    {
        "o": 9391,
        "r": "csb:2 Samuel:18:18",
        "w": 18,
        "l": {},
        "c": "Gn 14:17*392",
        "a": "n"
    },
    {
        "o": 9391,
        "r": "csb:2 Samuel:18:18",
        "w": 25,
        "l": {},
        "c": "2Sm 14:27*9267",
        "a": "o"
    },
    {
        "o": 9392,
        "r": "csb:2 Samuel:18:19",
        "w": 3,
        "l": {},
        "c": "2Sm 15:36*9311",
        "a": "p"
    },
    {
        "o": 9395,
        "r": "csb:2 Samuel:18:22",
        "w": 36,
        "l": {},
        "t": "18:22*r Or you have no good news?",
        "a": "q"
    },
    {
        "o": 9397,
        "r": "csb:2 Samuel:18:24",
        "w": 6,
        "l": {},
        "c": "2Sm 19:8*9416",
        "a": "r"
    },
    {
        "o": 9397,
        "r": "csb:2 Samuel:18:24",
        "w": 23,
        "l": {},
        "c": "2Sm 13:34*9233; 2Kg 9:17*10811",
        "a": "s"
    },
    {
        "o": 9400,
        "r": "csb:2 Samuel:18:27",
        "w": 19,
        "l": {},
        "c": "2Kg 9:20*10814",
        "a": "t"
    },
    {
        "o": 9400,
        "r": "csb:2 Samuel:18:27",
        "w": 29,
        "l": {},
        "c": "1Kg 1:42*9677",
        "a": "u"
    },
    {
        "o": 9405,
        "r": "csb:2 Samuel:18:32",
        "w": 41,
        "l": {},
        "c": "1Sm 25:26*8723",
        "a": "v"
    },
    {
        "o": 9406,
        "r": "csb:2 Samuel:18:33",
        "w": 42,
        "l": {},
        "c": "2Sm 19:4*9412",
        "a": "w"
    },
    {
        "o": 9412,
        "r": "csb:2 Samuel:19:4",
        "w": 5,
        "l": {},
        "c": "2Sm 15:30*9305",
        "a": "a"
    },
    {
        "o": 9414,
        "r": "csb:2 Samuel:19:6",
        "w": 46,
        "l": {},
        "t": "19:6*r Lit be right in your eyes",
        "a": "b"
    },
    {
        "o": 9415,
        "r": "csb:2 Samuel:19:7",
        "w": 6,
        "l": {},
        "t": "19:7*r Lit speak to the heart of",
        "a": "c"
    },
    {
        "o": 9415,
        "r": "csb:2 Samuel:19:7",
        "w": 28,
        "l": {},
        "c": "Pr 14:28*18802",
        "a": "d"
    },
    {
        "o": 9416,
        "r": "csb:2 Samuel:19:8",
        "w": 10,
        "l": {},
        "c": "2Sm 18:4,24,33*9376",
        "a": "e"
    },
    {
        "o": 9416,
        "r": "csb:2 Samuel:19:8",
        "w": 41,
        "l": {},
        "c": "2Sm 18:17*9390",
        "a": "f"
    },
    {
        "o": 9417,
        "r": "csb:2 Samuel:19:9",
        "w": 21,
        "l": {},
        "c": "2Sm 8:1–14*9076",
        "a": "g"
    },
    {
        "o": 9417,
        "r": "csb:2 Samuel:19:9",
        "w": 31,
        "l": {},
        "c": "2Sm 5:20*9011; 8:1*9076",
        "a": "h"
    },
    {
        "o": 9417,
        "r": "csb:2 Samuel:19:9",
        "w": 42,
        "l": {},
        "c": "2Sm 15:14*9289",
        "a": "i"
    },
    {
        "o": 9419,
        "r": "csb:2 Samuel:19:11",
        "w": 9,
        "l": {},
        "c": "2Sm 15:29*9304",
        "a": "j"
    },
    {
        "o": 9420,
        "r": "csb:2 Samuel:19:12",
        "w": 7,
        "l": {},
        "t": "19:12*r Lit my bone and my flesh",
        "a": "k"
    },
    {
        "o": 9420,
        "r": "csb:2 Samuel:19:12",
        "w": 7,
        "l": {},
        "c": "Gn 29:14*896; 2Sm 5:1*8992",
        "a": "l"
    },
    {
        "o": 9421,
        "r": "csb:2 Samuel:19:13",
        "w": 2,
        "l": {},
        "c": "2Sm 17:25*9366",
        "a": "m"
    },
    {
        "o": 9421,
        "r": "csb:2 Samuel:19:13",
        "w": 8,
        "l": {},
        "t": "19:13*r Lit my bone and my flesh?",
        "a": "n"
    },
    {
        "o": 9422,
        "r": "csb:2 Samuel:19:14",
        "w": 3,
        "l": {},
        "t": "19:14*r Lit he turned the heart of",
        "a": "o"
    },
    {
        "o": 9424,
        "r": "csb:2 Samuel:19:16",
        "w": 3,
        "l": {},
        "c": "2Sm 16:5*9320; 1Kg 2:8*9698",
        "a": "p"
    },
    {
        "o": 9425,
        "r": "csb:2 Samuel:19:17",
        "w": 16,
        "l": {},
        "c": "2Sm 16:1–4*9315",
        "a": "q"
    },
    {
        "o": 9426,
        "r": "csb:2 Samuel:19:18",
        "w": 15,
        "l": {},
        "t": "19:18*r Lit do what is good in his eyes",
        "a": "r"
    },
    {
        "o": 9427,
        "r": "csb:2 Samuel:19:19",
        "w": 24,
        "l": {},
        "c": "2Sm 16:5–13*9320",
        "a": "s"
    },
    {
        "o": 9429,
        "r": "csb:2 Samuel:19:21",
        "w": 18,
        "l": {},
        "c": "Ex 22:28*2364",
        "a": "t"
    },
    {
        "o": 9430,
        "r": "csb:2 Samuel:19:22",
        "w": 9,
        "l": {},
        "c": "2Sm 3:39*8975; 16:10*9325",
        "a": "u"
    },
    {
        "o": 9431,
        "r": "csb:2 Samuel:19:23",
        "w": 16,
        "l": {},
        "c": "1Kg 2:8–9,37,46*9698",
        "a": "v"
    },
    {
        "o": 9432,
        "r": "csb:2 Samuel:19:24",
        "w": 0,
        "l": {},
        "c": "2Sm 9:6*9101",
        "a": "w"
    },
    {
        "o": 9434,
        "r": "csb:2 Samuel:19:26",
        "w": 20,
        "l": {},
        "t": "19:26*r LXX, Syr, Vg read said to him, ‘Saddle the donkey for me",
        "a": "x"
    },
    {
        "o": 9434,
        "r": "csb:2 Samuel:19:26",
        "w": 36,
        "l": {},
        "c": "2Sm 4:4*8981; 9:3*9098",
        "a": "y"
    },
    {
        "o": 9435,
        "r": "csb:2 Samuel:19:27",
        "w": 8,
        "l": {},
        "c": "2Sm 16:1–4*9315",
        "a": "z"
    },
    {
        "o": 9435,
        "r": "csb:2 Samuel:19:27",
        "w": 19,
        "l": {},
        "c": "2Sm 14:17,20*9257",
        "a": "a"
    },
    {
        "o": 9435,
        "r": "csb:2 Samuel:19:27",
        "w": 25,
        "l": {},
        "t": "19:27*r Lit do what is good in your eyes",
        "a": "b"
    },
    {
        "o": 9436,
        "r": "csb:2 Samuel:19:28",
        "w": 23,
        "l": {},
        "c": "2Sm 9:1–13*9096",
        "a": "c"
    },
    {
        "o": 9437,
        "r": "csb:2 Samuel:19:29",
        "w": 24,
        "l": {},
        "c": "2Sm 9:9*9104; 16:4*9319",
        "a": "d"
    },
    {
        "o": 9439,
        "r": "csb:2 Samuel:19:31",
        "w": 2,
        "l": {},
        "c": "1Kg 2:7*9697",
        "a": "e"
    },
    {
        "o": 9440,
        "r": "csb:2 Samuel:19:32",
        "w": 30,
        "l": {},
        "c": "2Sm 17:27–29*9368",
        "a": "f"
    },
    {
        "o": 9441,
        "r": "csb:2 Samuel:19:33",
        "w": 13,
        "l": {},
        "t": "19:33*r LXX reads for your old age; Ru 4:15",
        "a": "g"
    },
    {
        "o": 9443,
        "r": "csb:2 Samuel:19:35",
        "w": 4,
        "l": {},
        "c": "Ps 90:10*17179",
        "a": "h"
    },
    {
        "o": 9443,
        "r": "csb:2 Samuel:19:35",
        "w": 47,
        "l": {},
        "c": "2Sm 15:33*9308",
        "a": "i"
    },
    {
        "o": 9445,
        "r": "csb:2 Samuel:19:37",
        "w": 27,
        "l": {},
        "c": "1Kg 2:7*9697; Jr 41:17*22414",
        "a": "j"
    },
    {
        "o": 9445,
        "r": "csb:2 Samuel:19:37",
        "w": 44,
        "l": {},
        "t": "19:37*r Lit what is good in your eyes, also in v. 38",
        "a": "k"
    },
    {
        "o": 9450,
        "r": "csb:2 Samuel:19:42",
        "w": 35,
        "l": {},
        "t": "19:42*r LXX reads king’s or has he given us a gift or granted us a portion",
        "a": "l"
    },
    {
        "o": 9451,
        "r": "csb:2 Samuel:19:43",
        "w": 15,
        "l": {},
        "c": "1Kg 11:31*10099",
        "a": "m"
    },
    {
        "o": 9451,
        "r": "csb:2 Samuel:19:43",
        "w": 41,
        "l": {},
        "c": "2Sm 19:9–10*9417",
        "a": "n"
    },
    {
        "o": 9454,
        "r": "csb:2 Samuel:20:1",
        "w": 37,
        "l": {},
        "t": "20:1*r Alt Hb tradition reads gods",
        "a": "a"
    },
    {
        "o": 9455,
        "r": "csb:2 Samuel:20:2",
        "w": 31,
        "l": {},
        "c": "1Kg 12:16–17*10130",
        "a": "b"
    },
    {
        "o": 9456,
        "r": "csb:2 Samuel:20:3",
        "w": 26,
        "l": {},
        "c": "2Sm 15:16*9291; 16:21–22*9337",
        "a": "c"
    },
    {
        "o": 9459,
        "r": "csb:2 Samuel:20:6",
        "w": 32,
        "l": {},
        "t": "20:6*r Lit and snatch away our eyes",
        "a": "d"
    },
    {
        "o": 9460,
        "r": "csb:2 Samuel:20:7",
        "w": 15,
        "l": {},
        "t": "20:7*r Lit out following him",
        "a": "e"
    },
    {
        "o": 9462,
        "r": "csb:2 Samuel:20:9",
        "w": 21,
        "l": {},
        "c": "Mt 26:49*27219; Mk 14:45*28023; Lk 22:47*29314",
        "a": "f"
    },
    {
        "o": 9463,
        "r": "csb:2 Samuel:20:10",
        "w": 36,
        "l": {},
        "c": "1Kg 2:5*9695",
        "a": "g"
    },
    {
        "o": 9465,
        "r": "csb:2 Samuel:20:12",
        "w": 50,
        "l": {},
        "c": "2Sm 2:23*8924",
        "a": "h"
    },
    {
        "o": 9467,
        "r": "csb:2 Samuel:20:14",
        "w": 14,
        "l": {},
        "t": "20:14*r LXX, Vg read Bichrites",
        "a": "i"
    },
    {
        "o": 9468,
        "r": "csb:2 Samuel:20:15",
        "w": 14,
        "l": {},
        "c": "2Kg 19:32*11183; Is 37:33*20596; Jr 6:6*21394; Ezk 4:2*23114; 26:8*23751",
        "a": "j"
    },
    {
        "o": 9475,
        "r": "csb:2 Samuel:20:22",
        "w": 10,
        "l": {},
        "c": "Ec 9:14–15*19539",
        "a": "k"
    },
    {
        "o": 9476,
        "r": "csb:2 Samuel:20:23",
        "w": 6,
        "l": {},
        "c": "2Sm 8:16–18*9091; 1Kg 4:3–6*9776",
        "a": "l"
    },
    {
        "o": 9477,
        "r": "csb:2 Samuel:20:24",
        "w": 0,
        "l": {},
        "t": "20:24*r Some Hb mss, LXX, Syr read Adoniram; 1Kg 4:6; 5:14",
        "a": "m"
    },
    {
        "o": 9477,
        "r": "csb:2 Samuel:20:24",
        "w": 4,
        "l": {},
        "c": "1Kg 12:18*10132",
        "a": "n"
    },
    {
        "o": 9482,
        "r": "csb:2 Samuel:21:1",
        "w": 13,
        "l": {},
        "t": "21:1*r Lit sought the face of",
        "a": "a"
    },
    {
        "o": 9483,
        "r": "csb:2 Samuel:21:2",
        "w": 19,
        "l": {},
        "c": "Jos 9:3–17*6675",
        "a": "b"
    },
    {
        "o": 9484,
        "r": "csb:2 Samuel:21:3",
        "w": 22,
        "l": {},
        "t": "21:3*r Lit will bless",
        "a": "c"
    },
    {
        "o": 9485,
        "r": "csb:2 Samuel:21:4",
        "w": 17,
        "l": {},
        "c": "Nm 35:31–32*5359",
        "a": "d"
    },
    {
        "o": 9485,
        "r": "csb:2 Samuel:21:4",
        "w": 26,
        "l": {},
        "c": "Lv 24:21–22*3830",
        "a": "e"
    },
    {
        "o": 9487,
        "r": "csb:2 Samuel:21:6",
        "w": 14,
        "l": {},
        "t": "21:6*r Or impale, or expose",
        "a": "f"
    },
    {
        "o": 9487,
        "r": "csb:2 Samuel:21:6",
        "w": 21,
        "l": {},
        "c": "Nm 25:4*4924",
        "a": "g"
    },
    {
        "o": 9487,
        "r": "csb:2 Samuel:21:6",
        "w": 25,
        "l": {},
        "c": "1Sm 15:34*8403",
        "a": "h"
    },
    {
        "o": 9487,
        "r": "csb:2 Samuel:21:6",
        "w": 28,
        "l": {},
        "c": "1Sm 10:24*8236",
        "a": "i"
    },
    {
        "o": 9488,
        "r": "csb:2 Samuel:21:7",
        "w": 23,
        "l": {},
        "c": "1Sm 18:3*8495; 20:12–17*8564; 23:18*8660",
        "a": "j"
    },
    {
        "o": 9489,
        "r": "csb:2 Samuel:21:8",
        "w": 13,
        "l": {},
        "c": "2Sm 3:7*8942",
        "a": "k"
    },
    {
        "o": 9489,
        "r": "csb:2 Samuel:21:8",
        "w": 26,
        "l": {},
        "t": "21:8*r Some Hb mss, LXX, Syr, Tg; other Hb mss read Michal",
        "a": "l"
    },
    {
        "o": 9489,
        "r": "csb:2 Samuel:21:8",
        "w": 26,
        "l": {},
        "c": "1Sm 18:19*8513",
        "a": "m"
    },
    {
        "o": 9490,
        "r": "csb:2 Samuel:21:9",
        "w": 8,
        "l": {},
        "t": "21:9*r Or impaled, or exposed, also in v. 13",
        "a": "n"
    },
    {
        "o": 9490,
        "r": "csb:2 Samuel:21:9",
        "w": 41,
        "l": {},
        "t": "21:9*r = March–April",
        "a": "o"
    },
    {
        "o": 9492,
        "r": "csb:2 Samuel:21:10",
        "w": 19,
        "l": {},
        "t": "21:10*r = April to October",
        "a": "p"
    },
    {
        "o": 9494,
        "r": "csb:2 Samuel:21:12",
        "w": 41,
        "l": {},
        "c": "1Sm 31:11–13*8868",
        "a": "q"
    },
    {
        "o": 9496,
        "r": "csb:2 Samuel:21:14",
        "w": 39,
        "l": {},
        "c": "2Sm 24:25*9629",
        "a": "r"
    },
    {
        "o": 9499,
        "r": "csb:2 Samuel:21:16",
        "w": 8,
        "l": {},
        "t": "21:16*r Or Raphah, also in vv. 18,20,22",
        "a": "s"
    },
    {
        "o": 9499,
        "r": "csb:2 Samuel:21:16",
        "w": 15,
        "l": {},
        "t": "21:16*r Lit 300 (shekels)",
        "a": "t"
    },
    {
        "o": 9500,
        "r": "csb:2 Samuel:21:17",
        "w": 38,
        "l": {},
        "c": "2Sm 18:3*9375; 1Kg 11:36*10104; 15:4*10226; 2Ch 21:7*12914; Ps 132:17*18089",
        "a": "u"
    },
    {
        "o": 9501,
        "r": "csb:2 Samuel:21:18",
        "w": 1,
        "l": {},
        "c": "1Ch 20:4–8*12114",
        "a": "v"
    },
    {
        "o": 9502,
        "r": "csb:2 Samuel:21:19",
        "w": 18,
        "l": {},
        "t": "21:19*r 1Ch 20:5 adds the brother of",
        "a": "w"
    },
    {
        "o": 9502,
        "r": "csb:2 Samuel:21:19",
        "w": 31,
        "l": {},
        "c": "1Sm 17:7*8439",
        "a": "x"
    },
    {
        "o": 9509,
        "r": "csb:2 Samuel:22:2",
        "w": 1,
        "l": {},
        "c": "Ps 18:2–50*15693",
        "a": "a"
    },
    {
        "o": 9509,
        "r": "csb:2 Samuel:22:2",
        "w": 8,
        "l": {},
        "c": "Ps 31:3*15946; 71:3*16709",
        "a": "b"
    },
    {
        "o": 9510,
        "r": "csb:2 Samuel:22:3",
        "w": 1,
        "l": {},
        "t": "22:3*r LXX, Ps 18:2 read my God; MT reads God of",
        "a": "c"
    },
    {
        "o": 9510,
        "r": "csb:2 Samuel:22:3",
        "w": 14,
        "l": {},
        "c": "Lk 1:69*28209",
        "a": "d"
    },
    {
        "o": 9510,
        "r": "csb:2 Samuel:22:3",
        "w": 16,
        "l": {},
        "c": "Ps 9:9*15577; 59:9,16–17*16494; 62:2,6*16533",
        "a": "e"
    },
    {
        "o": 9510,
        "r": "csb:2 Samuel:22:3",
        "w": 18,
        "l": {},
        "c": "Ps 14:6*15647; 71:7*16713; Jr 16:19*21701",
        "a": "f"
    },
    {
        "o": 9511,
        "r": "csb:2 Samuel:22:4",
        "w": 9,
        "l": {},
        "c": "1Ch 16:25*12019; Ps 48:1*16297; 96:4*17273",
        "a": "g"
    },
    {
        "o": 9512,
        "r": "csb:2 Samuel:22:5",
        "w": 6,
        "l": {},
        "c": "Ps 42:7*16208; Jnh 2:3*25396",
        "a": "h"
    },
    {
        "o": 9513,
        "r": "csb:2 Samuel:22:6",
        "w": 11,
        "l": {},
        "c": "Ps 116:3*17705",
        "a": "i"
    },
    {
        "o": 9514,
        "r": "csb:2 Samuel:22:7",
        "w": 12,
        "l": {},
        "c": "Ps 116:4*17706; 120:1*17960; Jnh 2:2*25395",
        "a": "j"
    },
    {
        "o": 9515,
        "r": "csb:2 Samuel:22:8",
        "w": 10,
        "l": {},
        "t": "22:8*r Some Hb mss, Syr, Vg read mountains; Ps 18:7",
        "a": "k"
    },
    {
        "o": 9515,
        "r": "csb:2 Samuel:22:8",
        "w": 11,
        "l": {},
        "c": "Jdg 5:4*7341; Ps 77:18*16861; 97:4*17288",
        "a": "l"
    },
    {
        "o": 9515,
        "r": "csb:2 Samuel:22:8",
        "w": 18,
        "l": {},
        "c": "Jb 26:11*14977",
        "a": "m"
    },
    {
        "o": 9516,
        "r": "csb:2 Samuel:22:9",
        "w": 17,
        "l": {},
        "t": "22:9*r Or him",
        "a": "n"
    },
    {
        "o": 9517,
        "r": "csb:2 Samuel:22:10",
        "w": 6,
        "l": {},
        "c": "Ps 144:5*18264; Is 64:1*21160",
        "a": "o"
    },
    {
        "o": 9518,
        "r": "csb:2 Samuel:22:11",
        "w": 7,
        "l": {},
        "t": "22:11*r Some Hb mss; other Hb mss, Syr, Tg read he was seen",
        "a": "p"
    },
    {
        "o": 9519,
        "r": "csb:2 Samuel:22:12",
        "w": 8,
        "l": {},
        "t": "22:12*r Or sieve, or mass; Hb obscure",
        "a": "q"
    },
    {
        "o": 9519,
        "r": "csb:2 Samuel:22:12",
        "w": 13,
        "l": {},
        "c": "Ps 97:2*17286",
        "a": "r"
    },
    {
        "o": 9521,
        "r": "csb:2 Samuel:22:14",
        "w": 11,
        "l": {},
        "c": "Jb 37:4*15287",
        "a": "s"
    },
    {
        "o": 9522,
        "r": "csb:2 Samuel:22:15",
        "w": 5,
        "l": {},
        "c": "Dt 32:23*6386; Ps 7:13*15549; 77:17*16860; Hab 3:11*25671",
        "a": "t"
    },
    {
        "o": 9522,
        "r": "csb:2 Samuel:22:15",
        "w": 12,
        "l": {},
        "c": "Ps 144:6*18265",
        "a": "u"
    },
    {
        "o": 9523,
        "r": "csb:2 Samuel:22:16",
        "w": 25,
        "l": {},
        "c": "Jb 4:9*14399; Is 30:33*20443",
        "a": "v"
    },
    {
        "o": 9523,
        "r": "csb:2 Samuel:22:16",
        "w": 28,
        "l": {},
        "c": "Ex 15:8*2126",
        "a": "w"
    },
    {
        "o": 9524,
        "r": "csb:2 Samuel:22:17",
        "w": 17,
        "l": {},
        "c": "Ps 144:7*18266",
        "a": "x"
    },
    {
        "o": 9527,
        "r": "csb:2 Samuel:22:20",
        "w": 7,
        "l": {},
        "c": "Ps 31:8*15951; 118:5*17732",
        "a": "y"
    },
    {
        "o": 9528,
        "r": "csb:2 Samuel:22:21",
        "w": 7,
        "l": {},
        "c": "1Sm 26:23*8766; 1Kg 8:32*9965; Ps 7:8*15544",
        "a": "z"
    },
    {
        "o": 9528,
        "r": "csb:2 Samuel:22:21",
        "w": 17,
        "l": {},
        "c": "Ps 24:3–4*15835",
        "a": "a"
    },
    {
        "o": 9529,
        "r": "csb:2 Samuel:22:22",
        "w": 8,
        "l": {},
        "c": "Pr 8:32*18628",
        "a": "b"
    },
    {
        "o": 9530,
        "r": "csb:2 Samuel:22:23",
        "w": 5,
        "l": {},
        "c": "Ps 119:30,102*17792",
        "a": "c"
    },
    {
        "o": 9530,
        "r": "csb:2 Samuel:22:23",
        "w": 7,
        "l": {},
        "t": "22:23*r Lit Indeed, all his ordinances have been in front of me",
        "a": "d"
    },
    {
        "o": 9532,
        "r": "csb:2 Samuel:22:25",
        "w": 12,
        "l": {},
        "t": "22:25*r LXX, Syr, Vg read to the cleanness of my hands; Ps 18:24",
        "a": "e"
    },
    {
        "o": 9535,
        "r": "csb:2 Samuel:22:28",
        "w": 4,
        "l": {},
        "c": "Ps 72:12–13*16745",
        "a": "f"
    },
    {
        "o": 9535,
        "r": "csb:2 Samuel:22:28",
        "w": 15,
        "l": {},
        "c": "Is 2:11–12,17*19810; Lk 1:51*28189",
        "a": "g"
    },
    {
        "o": 9536,
        "r": "csb:2 Samuel:22:29",
        "w": 9,
        "l": {},
        "c": "Jb 29:3*15039; Ps 27:1*15886",
        "a": "h"
    },
    {
        "o": 9537,
        "r": "csb:2 Samuel:22:30",
        "w": 6,
        "l": {},
        "t": "22:30*r Or a ridge, or raiders",
        "a": "i"
    },
    {
        "o": 9537,
        "r": "csb:2 Samuel:22:30",
        "w": 16,
        "l": {},
        "c": "2Sm 5:6–9*8997",
        "a": "j"
    },
    {
        "o": 9538,
        "r": "csb:2 Samuel:22:31",
        "w": 4,
        "l": {},
        "c": "Dt 32:4*6367",
        "a": "k"
    },
    {
        "o": 9538,
        "r": "csb:2 Samuel:22:31",
        "w": 11,
        "l": {},
        "c": "Ps 119:140*17916",
        "a": "l"
    },
    {
        "o": 9540,
        "r": "csb:2 Samuel:22:33",
        "w": 4,
        "l": {},
        "t": "22:33*r DSS, some LXX mss, Syr, Vg read God clothes me with strength; Ps 18:32",
        "a": "m"
    },
    {
        "o": 9540,
        "r": "csb:2 Samuel:22:33",
        "w": 9,
        "l": {},
        "t": "22:33*r Some LXX mss, Syr; MT reads he sets free the blameless his way; Hb obscure",
        "a": "n"
    },
    {
        "o": 9541,
        "r": "csb:2 Samuel:22:34",
        "w": 15,
        "l": {},
        "t": "22:34*r LXX; some Hb mss read my; other Hb mss read his",
        "a": "o"
    },
    {
        "o": 9541,
        "r": "csb:2 Samuel:22:34",
        "w": 16,
        "l": {},
        "t": "22:34*r Or on my high places",
        "a": "p"
    },
    {
        "o": 9542,
        "r": "csb:2 Samuel:22:35",
        "w": 5,
        "l": {},
        "c": "Ps 144:1*18260",
        "a": "q"
    },
    {
        "o": 9543,
        "r": "csb:2 Samuel:22:36",
        "w": 8,
        "l": {},
        "c": "Eph 6:16–17*33239",
        "a": "r"
    },
    {
        "o": 9543,
        "r": "csb:2 Samuel:22:36",
        "w": 10,
        "l": {},
        "t": "22:36*r LXX reads humility; Ps 18:35",
        "a": "s"
    },
    {
        "o": 9547,
        "r": "csb:2 Samuel:22:40",
        "w": 13,
        "l": {},
        "c": "Ps 44:5*16226",
        "a": "t"
    },
    {
        "o": 9548,
        "r": "csb:2 Samuel:22:41",
        "w": 7,
        "l": {},
        "t": "22:41*r Lit you gave me the neck of my enemies",
        "a": "u"
    },
    {
        "o": 9549,
        "r": "csb:2 Samuel:22:42",
        "w": 20,
        "l": {},
        "c": "1Sm 28:6*8790; Pr 1:28*18399",
        "a": "v"
    },
    {
        "o": 9550,
        "r": "csb:2 Samuel:22:43",
        "w": 18,
        "l": {},
        "c": "Is 10:6*19991; Mc 7:10*25546; Zch 10:5*25955",
        "a": "w"
    },
    {
        "o": 9551,
        "r": "csb:2 Samuel:22:44",
        "w": 9,
        "l": {},
        "c": "2Sm 2:8–10*8909; 15:1–6*9276; 20:1–2*9454",
        "a": "x"
    },
    {
        "o": 9551,
        "r": "csb:2 Samuel:22:44",
        "w": 25,
        "l": {},
        "c": "2Sm 8:1–14*9076; Is 55:5*20998",
        "a": "y"
    },
    {
        "o": 9553,
        "r": "csb:2 Samuel:22:46",
        "w": 8,
        "l": {},
        "c": "Mc 7:17*25554",
        "a": "z"
    },
    {
        "o": 9554,
        "r": "csb:2 Samuel:22:47",
        "w": 12,
        "l": {},
        "c": "Ps 89:26*17138; 95:1*17257",
        "a": "a"
    },
    {
        "o": 9555,
        "r": "csb:2 Samuel:22:48",
        "w": 10,
        "l": {},
        "c": "Ps 144:2*18261",
        "a": "b"
    },
    {
        "o": 9556,
        "r": "csb:2 Samuel:22:49",
        "w": 17,
        "l": {},
        "c": "Ps 140:1*18206",
        "a": "c"
    },
    {
        "o": 9557,
        "r": "csb:2 Samuel:22:50",
        "w": 17,
        "l": {},
        "c": "Rm 15:9*32048",
        "a": "d"
    },
    {
        "o": 9558,
        "r": "csb:2 Samuel:22:51",
        "w": 6,
        "l": {},
        "t": "22:51*r DSS read he gives great victory to",
        "a": "e"
    },
    {
        "o": 9558,
        "r": "csb:2 Samuel:22:51",
        "w": 20,
        "l": {},
        "c": "2Sm 7:12–16*9055; Lk 1:55*28193",
        "a": "f"
    },
    {
        "o": 9561,
        "r": "csb:2 Samuel:23:1",
        "w": 13,
        "l": {},
        "c": "Lk 3:32*28317",
        "a": "a"
    },
    {
        "o": 9561,
        "r": "csb:2 Samuel:23:1",
        "w": 21,
        "l": {},
        "t": "23:1*r Or raised up by the high God",
        "a": "b"
    },
    {
        "o": 9561,
        "r": "csb:2 Samuel:23:1",
        "w": 29,
        "l": {},
        "c": "1Sm 16:12–13*8418; Ps 89:20*17132",
        "a": "c"
    },
    {
        "o": 9562,
        "r": "csb:2 Samuel:23:2",
        "w": 13,
        "l": {},
        "c": "Mt 22:43*27008; 2Pt 1:21*34581",
        "a": "d"
    },
    {
        "o": 9563,
        "r": "csb:2 Samuel:23:3",
        "w": 26,
        "l": {},
        "c": "Ps 72:1–3*16734; Is 11:1–5*20025",
        "a": "e"
    },
    {
        "o": 9565,
        "r": "csb:2 Samuel:23:5",
        "w": 15,
        "l": {},
        "c": "Gn 9:16*246; 17:7,19*449; 1Ch 16:17*12011; Ps 105:10*17443",
        "a": "f"
    },
    {
        "o": 9565,
        "r": "csb:2 Samuel:23:5",
        "w": 23,
        "l": {},
        "c": "2Sm 7:12–16*9055; Ps 89:29*17141; Is 55:3*20996",
        "a": "g"
    },
    {
        "o": 9569,
        "r": "csb:2 Samuel:23:8",
        "w": 6,
        "l": {},
        "c": "1Ch 11:11–47*11847",
        "a": "h"
    },
    {
        "o": 9569,
        "r": "csb:2 Samuel:23:8",
        "w": 14,
        "l": {},
        "t": "23:8*r Some Hb mss, LXX read Three",
        "a": "i"
    },
    {
        "o": 9569,
        "r": "csb:2 Samuel:23:8",
        "w": 18,
        "l": {},
        "t": "23:8*r Some Hb mss; other Hb mss, LXX read He was Adino the Eznite",
        "a": "j"
    },
    {
        "o": 9574,
        "r": "csb:2 Samuel:23:13",
        "w": 19,
        "l": {},
        "c": "1Sm 22:1*8615",
        "a": "k"
    },
    {
        "o": 9575,
        "r": "csb:2 Samuel:23:14",
        "w": 7,
        "l": {},
        "c": "1Sm 22:4–5*8618",
        "a": "l"
    },
    {
        "o": 9576,
        "r": "csb:2 Samuel:23:15",
        "w": 3,
        "l": {},
        "t": "23:15*r Lit And David craved",
        "a": "m"
    },
    {
        "o": 9579,
        "r": "csb:2 Samuel:23:18",
        "w": 6,
        "l": {},
        "c": "1Sm 26:3–6*8746",
        "a": "n"
    },
    {
        "o": 9579,
        "r": "csb:2 Samuel:23:18",
        "w": 11,
        "l": {},
        "t": "23:18*r Some Hb mss, Syr read the Thirty",
        "a": "o"
    },
    {
        "o": 9580,
        "r": "csb:2 Samuel:23:19",
        "w": 21,
        "l": {},
        "c": "1Ch 11:21*11857",
        "a": "p"
    },
    {
        "o": 9581,
        "r": "csb:2 Samuel:23:20",
        "w": 3,
        "l": {},
        "c": "2Sm 8:18*9093; 20:23*9476",
        "a": "q"
    },
    {
        "o": 9581,
        "r": "csb:2 Samuel:23:20",
        "w": 21,
        "l": {},
        "t": "23:20*r LXX; MT omits sons",
        "a": "r"
    },
    {
        "o": 9581,
        "r": "csb:2 Samuel:23:20",
        "w": 23,
        "l": {},
        "t": "23:20*r Or two warriors",
        "a": "s"
    },
    {
        "o": 9585,
        "r": "csb:2 Samuel:23:24",
        "w": 6,
        "l": {},
        "c": "2Sm 2:18–23*8919; 1Ch 27:7*12318",
        "a": "t"
    },
    {
        "o": 9591,
        "r": "csb:2 Samuel:23:30",
        "w": 8,
        "l": {},
        "t": "23:30*r Or from Nahale-gaash",
        "a": "u"
    },
    {
        "o": 9593,
        "r": "csb:2 Samuel:23:32",
        "w": 9,
        "l": {},
        "t": "23:32*r Some LXX mss; MT omits son of; 1Ch 11:34",
        "a": "v"
    },
    {
        "o": 9595,
        "r": "csb:2 Samuel:23:34",
        "w": 13,
        "l": {},
        "c": "2Sm 15:12*9287",
        "a": "w"
    },
    {
        "o": 9600,
        "r": "csb:2 Samuel:23:39",
        "w": 1,
        "l": {},
        "c": "Mt 1:6*26111",
        "a": "x"
    },
    {
        "o": 9600,
        "r": "csb:2 Samuel:23:39",
        "w": 3,
        "l": {},
        "c": "2Sm 11:3–26*9134",
        "a": "y"
    },
    {
        "o": 9603,
        "r": "csb:2 Samuel:24:1",
        "w": 23,
        "l": {},
        "c": "1Ch 21:1–28*12121",
        "a": "a"
    },
    {
        "o": 9604,
        "r": "csb:2 Samuel:24:2",
        "w": 31,
        "l": {},
        "c": "Nm 1:2–3*3977; 1Sm 13:15*8301",
        "a": "b"
    },
    {
        "o": 9605,
        "r": "csb:2 Samuel:24:3",
        "w": 19,
        "l": {},
        "c": "Dt 1:11*5392",
        "a": "c"
    },
    {
        "o": 9607,
        "r": "csb:2 Samuel:24:5",
        "w": 7,
        "l": {},
        "c": "Dt 2:36*5469; Jos 13:9,16*6812",
        "a": "d"
    },
    {
        "o": 9608,
        "r": "csb:2 Samuel:24:6",
        "w": 10,
        "l": {},
        "t": "24:6*r LXX; MT reads of Tahtim-hodshi; Hb obscure",
        "a": "e"
    },
    {
        "o": 9611,
        "r": "csb:2 Samuel:24:9",
        "w": 19,
        "l": {},
        "t": "24:9*r Lit men of valor drawing the sword",
        "a": "f"
    },
    {
        "o": 9611,
        "r": "csb:2 Samuel:24:9",
        "w": 28,
        "l": {},
        "c": "Nm 1:45–46*4020",
        "a": "g"
    },
    {
        "o": 9612,
        "r": "csb:2 Samuel:24:10",
        "w": 3,
        "l": {},
        "c": "1Sm 24:5*8678",
        "a": "h"
    },
    {
        "o": 9612,
        "r": "csb:2 Samuel:24:10",
        "w": 32,
        "l": {},
        "c": "Nm 12:9–12*4476; 1Sm 13:13*8299",
        "a": "i"
    },
    {
        "o": 9614,
        "r": "csb:2 Samuel:24:11",
        "w": 17,
        "l": {},
        "c": "1Sm 22:5*8619",
        "a": "j"
    },
    {
        "o": 9614,
        "r": "csb:2 Samuel:24:11",
        "w": 19,
        "l": {},
        "c": "1Sm 9:9*8192",
        "a": "k"
    },
    {
        "o": 9616,
        "r": "csb:2 Samuel:24:13",
        "w": 15,
        "l": {},
        "t": "24:13*r LXX; MT reads seven; 1Ch 21:12",
        "a": "l"
    },
    {
        "o": 9616,
        "r": "csb:2 Samuel:24:13",
        "w": 47,
        "l": {},
        "t": "24:13*r Lit Now, know and see",
        "a": "m"
    },
    {
        "o": 9617,
        "r": "csb:2 Samuel:24:14",
        "w": 19,
        "l": {},
        "c": "Ps 103:8–18*17380; 119:156*17934",
        "a": "n"
    },
    {
        "o": 9619,
        "r": "csb:2 Samuel:24:16",
        "w": 10,
        "l": {},
        "c": "2Kg 19:35*11187",
        "a": "o"
    },
    {
        "o": 9619,
        "r": "csb:2 Samuel:24:16",
        "w": 17,
        "l": {},
        "c": "Ex 32:14*2713; Am 7:3–6*25294",
        "a": "p"
    },
    {
        "o": 9619,
        "r": "csb:2 Samuel:24:16",
        "w": 25,
        "l": {},
        "c": "1Co 10:10*32355",
        "a": "q"
    },
    {
        "o": 9619,
        "r": "csb:2 Samuel:24:16",
        "w": 45,
        "l": {},
        "t": "24:16*r = Ornan in 1Ch 21:15–28; 2Ch 3:1",
        "a": "r"
    },
    {
        "o": 9619,
        "r": "csb:2 Samuel:24:16",
        "w": 47,
        "l": {},
        "c": "2Ch 3:1*12449",
        "a": "s"
    },
    {
        "o": 9620,
        "r": "csb:2 Samuel:24:17",
        "w": 24,
        "l": {},
        "t": "24:17*r LXX reads shepherd",
        "a": "t"
    },
    {
        "o": 9625,
        "r": "csb:2 Samuel:24:21",
        "w": 38,
        "l": {},
        "c": "Nm 16:44–50*4659",
        "a": "u"
    },
    {
        "o": 9626,
        "r": "csb:2 Samuel:24:22",
        "w": 12,
        "l": {},
        "t": "24:22*r Lit take what is good in his eyes",
        "a": "v"
    },
    {
        "o": 9626,
        "r": "csb:2 Samuel:24:22",
        "w": 33,
        "l": {},
        "c": "1Sm 6:14*8131; 1Kg 19:21*10401",
        "a": "w"
    },
    {
        "o": 9628,
        "r": "csb:2 Samuel:24:24",
        "w": 41,
        "l": {},
        "t": "24:24*r Lit 50 shekels",
        "a": "x"
    },
    {
        "o": 9629,
        "r": "csb:2 Samuel:24:25",
        "w": 24,
        "l": {},
        "c": "2Sm 21:14*9497",
        "a": "y"
    }
]
