[
    {
        "o": 33604,
        "r": "csb:2 Thessalonians:2:1",
        "w": 3,
        "l": {},
        "c": "1Th 1:10*33492; 1Jn 2:28*34674",
        "a": "a"
    },
    {
        "o": 33604,
        "r": "csb:2 Thessalonians:2:1",
        "w": 6,
        "l": {},
        "c": "Rv 11:8*35044",
        "a": "b"
    },
    {
        "o": 33605,
        "r": "csb:2 Thessalonians:2:2",
        "w": 10,
        "l": {},
        "t": "2:2*r Or spiritual utterance",
        "a": "c"
    },
    {
        "o": 33605,
        "r": "csb:2 Thessalonians:2:2",
        "w": 10,
        "l": {},
        "c": "1Jn 4:1*34704",
        "a": "d"
    },
    {
        "o": 33605,
        "r": "csb:2 Thessalonians:2:2",
        "w": 28,
        "l": {},
        "t": "2:2*r Other mss read Christ",
        "a": "e"
    },
    {
        "o": 33605,
        "r": "csb:2 Thessalonians:2:2",
        "w": 28,
        "l": {},
        "c": "Mt 25:13*27128; Ac 2:20*30512; Php 1:6*33257",
        "a": "f"
    },
    {
        "o": 33605,
        "r": "csb:2 Thessalonians:2:2",
        "w": 30,
        "l": {},
        "c": "2Tm 2:18*33825; 1Jn 2:28*34674",
        "a": "g"
    },
    {
        "o": 33606,
        "r": "csb:2 Thessalonians:2:3",
        "w": 16,
        "l": {},
        "t": "2:3*r Or rebellion",
        "a": "h"
    },
    {
        "o": 33606,
        "r": "csb:2 Thessalonians:2:3",
        "w": 23,
        "l": {},
        "t": "2:3*r Other mss read man of sin",
        "a": "i"
    },
    {
        "o": 33607,
        "r": "csb:2 Thessalonians:2:4",
        "w": 8,
        "l": {},
        "c": "1Co 8:5*32306",
        "a": "j"
    },
    {
        "o": 33607,
        "r": "csb:2 Thessalonians:2:4",
        "w": 12,
        "l": {},
        "c": "Is 14:12–15*20088; Ezk 28:2*23806; Ac 17:23*31173",
        "a": "k"
    },
    {
        "o": 33607,
        "r": "csb:2 Thessalonians:2:4",
        "w": 16,
        "l": {},
        "t": "2:4*r Other mss add as God",
        "a": "l"
    },
    {
        "o": 33609,
        "r": "csb:2 Thessalonians:2:6",
        "w": 15,
        "l": {},
        "c": "Lk 21:8*29224",
        "a": "m"
    },
    {
        "o": 33610,
        "r": "csb:2 Thessalonians:2:7",
        "w": 4,
        "l": {},
        "c": "Mt 13:41*26621",
        "a": "n"
    },
    {
        "o": 33611,
        "r": "csb:2 Thessalonians:2:8",
        "w": 19,
        "l": {},
        "c": "Is 11:4*20028; 30:28*20438",
        "a": "o"
    },
    {
        "o": 33612,
        "r": "csb:2 Thessalonians:2:9",
        "w": 22,
        "l": {},
        "c": "Mt 24:24*27081; Mk 13:22*27951; Rv 13:13*35095",
        "a": "p"
    },
    {
        "o": 33613,
        "r": "csb:2 Thessalonians:2:10",
        "w": 25,
        "l": {},
        "c": "Ac 16:30*31133; Eph 2:8*33108",
        "a": "q"
    },
    {
        "o": 33615,
        "r": "csb:2 Thessalonians:2:12",
        "w": 5,
        "l": {},
        "c": "Jn 5:22–30*29670",
        "a": "r"
    },
    {
        "o": 33615,
        "r": "csb:2 Thessalonians:2:12",
        "w": 10,
        "l": {},
        "c": "Jn 6:64*29766",
        "a": "s"
    },
    {
        "o": 33617,
        "r": "csb:2 Thessalonians:2:13",
        "w": 19,
        "l": {},
        "t": "2:13*r Other mss read because as a firstfruit",
        "a": "t"
    },
    {
        "o": 33617,
        "r": "csb:2 Thessalonians:2:13",
        "w": 22,
        "l": {},
        "c": "Rm 9:11*31879; 11:5*31934; Eph 1:4*33077; 1Th 1:4*33486",
        "a": "u"
    },
    {
        "o": 33617,
        "r": "csb:2 Thessalonians:2:13",
        "w": 27,
        "l": {},
        "c": "Rm 6:19*31788; 1Co 1:30*32142; 1Th 4:3*33538; 1Tm 2:15*33686; Heb 12:14*34263; 1Pt 1:2*34437",
        "a": "v"
    },
    {
        "o": 33618,
        "r": "csb:2 Thessalonians:2:14",
        "w": 14,
        "l": {},
        "c": "Lk 9:32*28639; Jn 17:24*30288; 2Co 3:18*32676; 1Pt 5:1,4*34542; 2Pt 3:18*34626",
        "a": "w"
    },
    {
        "o": 33619,
        "r": "csb:2 Thessalonians:2:15",
        "w": 6,
        "l": {},
        "c": "Rm 14:4*32016; 1Co 16:13*32592; Php 1:27*33280",
        "a": "x"
    },
    {
        "o": 33619,
        "r": "csb:2 Thessalonians:2:15",
        "w": 14,
        "l": {},
        "c": "Mk 7:3*27639; 1Tm 4:11*33720; Jd 3*34793",
        "a": "y"
    },
    {
        "o": 33620,
        "r": "csb:2 Thessalonians:2:16",
        "w": 12,
        "l": {},
        "c": "Jn 3:16*29564; Rv 12:11*35071",
        "a": "z"
    }
]
