[
    {
        "o": 33602,
        "r": "csb:2 Thessalonians:2:0",
        "t": "2 Thessalonians 2",
        "h": 1
    },
    {
        "o": 33603,
        "r": "csb:2 Thessalonians:2:0",
        "t": "The Man of Lawlessness",
        "h": 2
    },
    {
        "o": 33604,
        "r": "csb:2 Thessalonians:2:1",
        "t": "Now*p concerning the coming of our Lord Jesus Christ and our being gathered to him: We ask you, brothers and sisters,"
    },
    {
        "o": 33605,
        "r": "csb:2 Thessalonians:2:2",
        "t": "not to be easily upset or troubled, either by a prophecy or by a message or by a letter supposedly from us, alleging that the day of the Lord has come."
    },
    {
        "o": 33606,
        "r": "csb:2 Thessalonians:2:3",
        "t": "Don’t let anyone deceive you in any way. For that day will not come unless the apostasy comes first and the man of lawlessness is revealed, the man doomed to destruction."
    },
    {
        "o": 33607,
        "r": "csb:2 Thessalonians:2:4",
        "t": "He opposes and exalts himself above every so-called god or object of worship, so that he sits in God’s temple, proclaiming that he himself is God."
    },
    {
        "o": 33608,
        "r": "csb:2 Thessalonians:2:5",
        "t": "Don’t*p you remember that when I was still with you I used to tell you about this?"
    },
    {
        "o": 33609,
        "r": "csb:2 Thessalonians:2:6",
        "t": "And you know what currently restrains him, so that he will be revealed in his time."
    },
    {
        "o": 33610,
        "r": "csb:2 Thessalonians:2:7",
        "t": "For the mystery of lawlessness is already at work, but the one now restraining will do so until he is out of the way,"
    },
    {
        "o": 33611,
        "r": "csb:2 Thessalonians:2:8",
        "t": "and then the lawless one will be revealed. The Lord Jesus will destroy him with the breath of his mouth and will bring him to nothing at the appearance of his coming."
    },
    {
        "o": 33612,
        "r": "csb:2 Thessalonians:2:9",
        "t": "The coming of the lawless one is based on Satan’s working, with every kind of miracle, both signs and wonders serving the lie,"
    },
    {
        "o": 33613,
        "r": "csb:2 Thessalonians:2:10",
        "t": "and with every wicked deception among those who are perishing. They perish because they did not accept the love of the truth and so be saved."
    },
    {
        "o": 33614,
        "r": "csb:2 Thessalonians:2:11",
        "t": "For this reason God sends them a strong delusion so that they will believe the lie,"
    },
    {
        "o": 33615,
        "r": "csb:2 Thessalonians:2:12",
        "t": "so that all will be condemned- those who did not believe the truth but delighted in unrighteousness."
    },
    {
        "o": 33616,
        "r": "csb:2 Thessalonians:2:12",
        "t": "Stand Firm",
        "h": 2
    },
    {
        "o": 33617,
        "r": "csb:2 Thessalonians:2:13",
        "t": "But*p we ought to thank God always for you, brothers and sisters loved by the Lord, because from the beginning God has chosen you for salvation through sanctification by the Spirit and through belief in the truth."
    },
    {
        "o": 33618,
        "r": "csb:2 Thessalonians:2:14",
        "t": "He called you to this through our gospel, so that you might obtain the glory of our Lord Jesus Christ."
    },
    {
        "o": 33619,
        "r": "csb:2 Thessalonians:2:15",
        "t": "So then, brothers and sisters, stand firm and hold to the traditions you were taught, whether by what we said or what we wrote."
    },
    {
        "o": 33620,
        "r": "csb:2 Thessalonians:2:16",
        "t": "May*p our Lord Jesus Christ himself and God our Father, who has loved us and given us eternal encouragement and good hope by grace,"
    },
    {
        "o": 33621,
        "r": "csb:2 Thessalonians:2:17",
        "t": "encourage your hearts and strengthen you in every good work and word."
    }
]
