[
    {
        "o": 11835,
        "r": "csb:1 Chronicles:11:1",
        "w": 1,
        "l": {},
        "c": "2Sm 5:1–3*8992",
        "a": "a"
    },
    {
        "o": 11835,
        "r": "csb:1 Chronicles:11:1",
        "w": 17,
        "l": {},
        "t": "11:1*r Lit your bone and your flesh",
        "a": "b"
    },
    {
        "o": 11837,
        "r": "csb:1 Chronicles:11:3",
        "w": 38,
        "l": {},
        "c": "1Sm 16:1–13*8407",
        "a": "c"
    },
    {
        "o": 11839,
        "r": "csb:1 Chronicles:11:4",
        "w": 0,
        "l": {},
        "c": "2Sm 5:6–10*8997",
        "a": "d"
    },
    {
        "o": 11839,
        "r": "csb:1 Chronicles:11:4",
        "w": 17,
        "l": {},
        "c": "Jos 15:8,63*6867; Jdg 1:21*7231",
        "a": "e"
    },
    {
        "o": 11841,
        "r": "csb:1 Chronicles:11:6",
        "w": 14,
        "l": {},
        "c": "2Sm 8:16*9091; 1Ch 18:15*12084",
        "a": "f"
    },
    {
        "o": 11844,
        "r": "csb:1 Chronicles:11:9",
        "w": 4,
        "l": {},
        "c": "2Sm 3:1*8936",
        "a": "g"
    },
    {
        "o": 11846,
        "r": "csb:1 Chronicles:11:10",
        "w": 29,
        "l": {},
        "c": "1Ch 11:3*11838",
        "a": "h"
    },
    {
        "o": 11847,
        "r": "csb:1 Chronicles:11:11",
        "w": 0,
        "l": {},
        "c": "2Sm 23:8–23*9569",
        "a": "i"
    },
    {
        "o": 11847,
        "r": "csb:1 Chronicles:11:11",
        "w": 12,
        "l": {},
        "c": "1Ch 12:18*11903",
        "a": "j"
    },
    {
        "o": 11847,
        "r": "csb:1 Chronicles:11:11",
        "w": 15,
        "l": {},
        "t": "11:11*r Alt Hb tradition reads Three",
        "a": "k"
    },
    {
        "o": 11848,
        "r": "csb:1 Chronicles:11:12",
        "w": 5,
        "l": {},
        "c": "1Ch 27:4*12315",
        "a": "l"
    },
    {
        "o": 11849,
        "r": "csb:1 Chronicles:11:13",
        "w": 31,
        "l": {},
        "c": "2Sm 23:11–12*9572",
        "a": "m"
    },
    {
        "o": 11850,
        "r": "csb:1 Chronicles:11:14",
        "w": 3,
        "l": {},
        "t": "11:14*r Lit But they",
        "a": "n"
    },
    {
        "o": 11851,
        "r": "csb:1 Chronicles:11:15",
        "w": 17,
        "l": {},
        "c": "1Sm 22:1*8615",
        "a": "o"
    },
    {
        "o": 11851,
        "r": "csb:1 Chronicles:11:15",
        "w": 26,
        "l": {},
        "c": "1Ch 14:9*11953",
        "a": "p"
    },
    {
        "o": 11852,
        "r": "csb:1 Chronicles:11:16",
        "w": 7,
        "l": {},
        "c": "1Sm 22:4–5*8618; 2Sm 5:9*9000",
        "a": "q"
    },
    {
        "o": 11852,
        "r": "csb:1 Chronicles:11:16",
        "w": 11,
        "l": {},
        "c": "1Sm 10:5*8216",
        "a": "r"
    },
    {
        "o": 11853,
        "r": "csb:1 Chronicles:11:17",
        "w": 3,
        "l": {},
        "t": "11:17*r Lit And David craved",
        "a": "s"
    },
    {
        "o": 11856,
        "r": "csb:1 Chronicles:11:20",
        "w": 0,
        "l": {},
        "c": "1Sm 26:6*8749; 2Sm 18:2*9374",
        "a": "t"
    },
    {
        "o": 11856,
        "r": "csb:1 Chronicles:11:20",
        "w": 8,
        "l": {},
        "t": "11:20*r Syr reads Thirty",
        "a": "u"
    },
    {
        "o": 11858,
        "r": "csb:1 Chronicles:11:22",
        "w": 3,
        "l": {},
        "c": "2Sm 8:18*9093; 20:23*9476; 23:20–23*9581; 1Kg 1:8*9640; 1Ch 18:17*12086; 27:5–6,34*12316",
        "a": "v"
    },
    {
        "o": 11858,
        "r": "csb:1 Chronicles:11:22",
        "w": 10,
        "l": {},
        "t": "11:22*r Or was a valiant man",
        "a": "w"
    },
    {
        "o": 11858,
        "r": "csb:1 Chronicles:11:22",
        "w": 25,
        "l": {},
        "t": "11:22*r Or He killed two Moabite warriors",
        "a": "x"
    },
    {
        "o": 11859,
        "r": "csb:1 Chronicles:11:23",
        "w": 12,
        "l": {},
        "t": "11:23*r Lit who measured five cubits",
        "a": "y"
    },
    {
        "o": 11859,
        "r": "csb:1 Chronicles:11:23",
        "w": 26,
        "l": {},
        "c": "1Sm 17:7*8439; 1Ch 20:5*12115",
        "a": "z"
    },
    {
        "o": 11862,
        "r": "csb:1 Chronicles:11:26",
        "w": 2,
        "l": {},
        "c": "2Sm 23:24–39*9585",
        "a": "a"
    },
    {
        "o": 11862,
        "r": "csb:1 Chronicles:11:26",
        "w": 6,
        "l": {},
        "c": "2Sm 2:18–23*8919",
        "a": "b"
    },
    {
        "o": 11870,
        "r": "csb:1 Chronicles:11:34",
        "w": 2,
        "l": {},
        "t": "11:34*r LXX omits the sons of; 2Sm 23:32",
        "a": "c"
    },
    {
        "o": 11870,
        "r": "csb:1 Chronicles:11:34",
        "w": 2,
        "l": {},
        "c": "2Sm 23:32*9593",
        "a": "d"
    }
]
