[
    {
        "o": 11833,
        "r": "csb:1 Chronicles:11:0",
        "t": "1 Chronicles 11",
        "h": 1
    },
    {
        "o": 11834,
        "r": "csb:1 Chronicles:11:0",
        "t": "David’s Anointing as King",
        "h": 2
    },
    {
        "o": 11835,
        "r": "csb:1 Chronicles:11:1",
        "t": "All*p Israel came together to David at Hebron and said, “Here we are, your own flesh and blood."
    },
    {
        "o": 11836,
        "r": "csb:1 Chronicles:11:2",
        "t": "Even previously when Saul was king, you were leading Israel out to battle and bringing us back. The Lord*s your God also said to you, ‘You will shepherd my people Israel, and you will be ruler over my people Israel.’”"
    },
    {
        "o": 11837,
        "r": "csb:1 Chronicles:11:3",
        "t": "So*p all the elders of Israel came to the king at Hebron. David made a covenant with them at Hebron in the Lord’s*s presence, and they anointed David king over Israel, in keeping with the Lord’s*s word through Samuel."
    },
    {
        "o": 11838,
        "r": "csb:1 Chronicles:11:3",
        "t": "David’s Capture of Jerusalem",
        "h": 2
    },
    {
        "o": 11839,
        "r": "csb:1 Chronicles:11:4",
        "t": "David*p and all Israel marched to Jerusalem (that is, Jebus); the Jebusites who inhabited the land were there."
    },
    {
        "o": 11840,
        "r": "csb:1 Chronicles:11:5",
        "t": "The inhabitants of Jebus said to David, “You will never get in here.” Yet David did capture the stronghold of Zion, that is, the city of David."
    },
    {
        "o": 11841,
        "r": "csb:1 Chronicles:11:6",
        "t": "David*p said, “Whoever is the first to kill a Jebusite will become chief commander.” Joab son of Zeruiah went up first, so he became the chief."
    },
    {
        "o": 11842,
        "r": "csb:1 Chronicles:11:7",
        "t": "Then*p David took up residence in the stronghold; therefore, it was called the city of David."
    },
    {
        "o": 11843,
        "r": "csb:1 Chronicles:11:8",
        "t": "He built up the city all the way around, from the supporting terraces to the surrounding parts, and Joab restored the rest of the city."
    },
    {
        "o": 11844,
        "r": "csb:1 Chronicles:11:9",
        "t": "David steadily grew more powerful, and the Lord*s of Armies was with him."
    },
    {
        "o": 11845,
        "r": "csb:1 Chronicles:11:9",
        "t": "Exploits of David’s Warriors",
        "h": 2
    },
    {
        "o": 11846,
        "r": "csb:1 Chronicles:11:10",
        "t": "The*p following were the chiefs of David’s warriors who, together with all Israel, strongly supported him in his reign to make him king according to the Lord’s*s word about Israel."
    },
    {
        "o": 11847,
        "r": "csb:1 Chronicles:11:11",
        "t": "This is the list of David’s warriors: Jashobeam*p son of Hachmoni was chief of the Thirty; he wielded his spear against three hundred and killed them at one time."
    },
    {
        "o": 11848,
        "r": "csb:1 Chronicles:11:12",
        "t": "After*p him, Eleazar son of Dodo the Ahohite was one of the three warriors."
    },
    {
        "o": 11849,
        "r": "csb:1 Chronicles:11:13",
        "t": "He was with David at Pas-dammim when the Philistines had gathered there for battle. There was a portion of a field full of barley, where the troops had fled from the Philistines."
    },
    {
        "o": 11850,
        "r": "csb:1 Chronicles:11:14",
        "t": "But Eleazar and David took their stand in the middle of the field and defended it. They killed the Philistines, and the Lord*s gave them a great victory."
    },
    {
        "o": 11851,
        "r": "csb:1 Chronicles:11:15",
        "t": "Three*p of the thirty chief men went down to David, to the rock at the cave of Adullam, while the Philistine army was encamped in Rephaim Valley."
    },
    {
        "o": 11852,
        "r": "csb:1 Chronicles:11:16",
        "t": "At that time David was in the stronghold, and a Philistine garrison was at Bethlehem."
    },
    {
        "o": 11853,
        "r": "csb:1 Chronicles:11:17",
        "t": "David was extremely thirsty and said, “If only someone would bring me water to drink from the well at the city gate of Bethlehem!”"
    },
    {
        "o": 11854,
        "r": "csb:1 Chronicles:11:18",
        "t": "So the Three broke through the Philistine camp and drew water from the well at the gate of Bethlehem. They brought it back to David, but he refused to drink it. Instead, he poured it out to the Lord.*s"
    },
    {
        "o": 11855,
        "r": "csb:1 Chronicles:11:19",
        "t": "David said, “I would never do such a thing in the presence of my God! How can I drink the blood of these men who risked their lives?” For they brought it at the risk of their lives. So he would not drink it. Such were the exploits of the three warriors."
    },
    {
        "o": 11856,
        "r": "csb:1 Chronicles:11:20",
        "t": "Abishai,*p Joab’s brother, was the leader of the Three. He raised his spear against three hundred men and killed them, gaining a reputation among the Three."
    },
    {
        "o": 11857,
        "r": "csb:1 Chronicles:11:21",
        "t": "He was more honored than the Three and became their commander even though he did not become one of the Three."
    },
    {
        "o": 11858,
        "r": "csb:1 Chronicles:11:22",
        "t": "Benaiah*p son of Jehoiada was the son of a brave man from Kabzeel, a man of many exploits. Benaiah killed two sons of Ariel of Moab, and he went down into a pit on a snowy day and killed a lion."
    },
    {
        "o": 11859,
        "r": "csb:1 Chronicles:11:23",
        "t": "He also killed an Egyptian who was seven and a half feet tall. Even though the Egyptian had a spear in his hand like a weaver’s beam, Benaiah went down to him with a staff, snatched the spear out of the Egyptian’s hand, and then killed him with his own spear."
    },
    {
        "o": 11860,
        "r": "csb:1 Chronicles:11:24",
        "t": "These were the exploits of Benaiah son of Jehoiada, who had a reputation among the three warriors."
    },
    {
        "o": 11861,
        "r": "csb:1 Chronicles:11:25",
        "t": "He was the most honored of the Thirty, but he did not become one of the Three. David put him in charge of his bodyguard."
    },
    {
        "o": 11862,
        "r": "csb:1 Chronicles:11:26",
        "t": "The*p best soldiers were Joab’s*ln brother Asahel, Elhanan*ln son of Dodo of Bethlehem,"
    },
    {
        "o": 11863,
        "r": "csb:1 Chronicles:11:27",
        "t": "Shammoth*ln the Harorite, Helez*ln the Pelonite,"
    },
    {
        "o": 11864,
        "r": "csb:1 Chronicles:11:28",
        "t": "Ira*ln son of Ikkesh the Tekoite, Abiezer*ln the Anathothite,"
    },
    {
        "o": 11865,
        "r": "csb:1 Chronicles:11:29",
        "t": "Sibbecai*ln the Hushathite, Ilai*ln the Ahohite,"
    },
    {
        "o": 11866,
        "r": "csb:1 Chronicles:11:30",
        "t": "Maharai*ln the Netophathite, Heled*ln son of Baanah the Netophathite,"
    },
    {
        "o": 11867,
        "r": "csb:1 Chronicles:11:31",
        "t": "Ithai*ln son of Ribai from Gibeah of the Benjaminites, Benaiah*ln the Pirathonite,"
    },
    {
        "o": 11868,
        "r": "csb:1 Chronicles:11:32",
        "t": "Hurai*ln from the wadis of Gaash, Abiel*ln the Arbathite,"
    },
    {
        "o": 11869,
        "r": "csb:1 Chronicles:11:33",
        "t": "Azmaveth*ln the Baharumite, Eliahba*ln the Shaalbonite,"
    },
    {
        "o": 11870,
        "r": "csb:1 Chronicles:11:34",
        "t": "the*ln sons of Hashem the Gizonite, Jonathan*ln son of Shagee the Hararite,"
    },
    {
        "o": 11871,
        "r": "csb:1 Chronicles:11:35",
        "t": "Ahiam*ln son of Sachar the Hararite, Eliphal*ln son of Ur,"
    },
    {
        "o": 11872,
        "r": "csb:1 Chronicles:11:36",
        "t": "Hepher*ln the Mecherathite, Ahijah*ln the Pelonite,"
    },
    {
        "o": 11873,
        "r": "csb:1 Chronicles:11:37",
        "t": "Hezro*ln the Carmelite, Naarai*ln son of Ezbai,"
    },
    {
        "o": 11874,
        "r": "csb:1 Chronicles:11:38",
        "t": "Joel*ln the brother of Nathan, Mibhar*ln son of Hagri,"
    },
    {
        "o": 11875,
        "r": "csb:1 Chronicles:11:39",
        "t": "Zelek*ln the Ammonite, Naharai*ln the Beerothite, the armor-bearer for Joab son of Zeruiah,"
    },
    {
        "o": 11876,
        "r": "csb:1 Chronicles:11:40",
        "t": "Ira*ln the Ithrite, Gareb*ln the Ithrite,"
    },
    {
        "o": 11877,
        "r": "csb:1 Chronicles:11:41",
        "t": "Uriah*ln the Hethite, Zabad*ln son of Ahlai,"
    },
    {
        "o": 11878,
        "r": "csb:1 Chronicles:11:42",
        "t": "Adina*ln son of Shiza the Reubenite, chief of the Reubenites, and thirty with him,"
    },
    {
        "o": 11879,
        "r": "csb:1 Chronicles:11:43",
        "t": "Hanan*ln son of Maacah, Joshaphat*ln the Mithnite,"
    },
    {
        "o": 11880,
        "r": "csb:1 Chronicles:11:44",
        "t": "Uzzia*ln the Ashterathite, Shama*ln and Jeiel the sons of Hotham the Aroerite,"
    },
    {
        "o": 11881,
        "r": "csb:1 Chronicles:11:45",
        "t": "Jediael*ln son of Shimri and his brother Joha the Tizite,"
    },
    {
        "o": 11882,
        "r": "csb:1 Chronicles:11:46",
        "t": "Eliel*ln the Mahavite, Jeribai*ln and Joshaviah, the sons of Elnaam, Ithmah*ln the Moabite,"
    },
    {
        "o": 11883,
        "r": "csb:1 Chronicles:11:47",
        "t": "Eliel,*ln Obed, and Jaasiel the Mezobaite."
    }
]
