[
    {
        "o": 12932,
        "r": "csb:2 Chronicles:22:1",
        "w": 22,
        "l": {},
        "c": "2Ch 21:16*12925",
        "a": "a"
    },
    {
        "o": 12932,
        "r": "csb:2 Chronicles:22:1",
        "w": 31,
        "l": {},
        "t": "22:1*r Lit the former ones",
        "a": "b"
    },
    {
        "o": 12933,
        "r": "csb:2 Chronicles:22:2",
        "w": 0,
        "l": {},
        "c": "2Kg 8:24–29*10786",
        "a": "c"
    },
    {
        "o": 12933,
        "r": "csb:2 Chronicles:22:2",
        "w": 2,
        "l": {},
        "t": "22:2*r Some LXX mss, Syr; MT reads 42; 2Kg 8:26",
        "a": "d"
    },
    {
        "o": 12933,
        "r": "csb:2 Chronicles:22:2",
        "w": 21,
        "l": {},
        "t": "22:2*r Lit daughter",
        "a": "e"
    },
    {
        "o": 12936,
        "r": "csb:2 Chronicles:22:5",
        "w": 8,
        "l": {},
        "t": "22:5*r = Jehoram",
        "a": "f"
    },
    {
        "o": 12936,
        "r": "csb:2 Chronicles:22:5",
        "w": 24,
        "l": {},
        "t": "22:5*r Lit Rammites",
        "a": "g"
    },
    {
        "o": 12937,
        "r": "csb:2 Chronicles:22:6",
        "w": 15,
        "l": {},
        "t": "22:6*r Lit in Ramah",
        "a": "h"
    },
    {
        "o": 12937,
        "r": "csb:2 Chronicles:22:6",
        "w": 27,
        "l": {},
        "t": "22:6*r Some Hb mss, LXX, Syr, Vg; other Hb mss read Azariah",
        "a": "i"
    },
    {
        "o": 12938,
        "r": "csb:2 Chronicles:22:7",
        "w": 9,
        "l": {},
        "c": "2Ch 10:15*12655",
        "a": "j"
    },
    {
        "o": 12938,
        "r": "csb:2 Chronicles:22:7",
        "w": 23,
        "l": {},
        "c": "2Kg 9:21*10815",
        "a": "k"
    },
    {
        "o": 12938,
        "r": "csb:2 Chronicles:22:7",
        "w": 34,
        "l": {},
        "c": "2Kg 9:6–7*10799",
        "a": "l"
    },
    {
        "o": 12939,
        "r": "csb:2 Chronicles:22:8",
        "w": 9,
        "l": {},
        "c": "2Kg 10:11–14*10845",
        "a": "m"
    },
    {
        "o": 12940,
        "r": "csb:2 Chronicles:22:9",
        "w": 4,
        "l": {},
        "c": "2Kg 9:27–28*10821",
        "a": "n"
    },
    {
        "o": 12940,
        "r": "csb:2 Chronicles:22:9",
        "w": 45,
        "l": {},
        "c": "2Ch 17:4*12791",
        "a": "o"
    },
    {
        "o": 12942,
        "r": "csb:2 Chronicles:22:10",
        "w": 0,
        "l": {},
        "c": "2Kg 11:1–3*10875",
        "a": "p"
    },
    {
        "o": 12942,
        "r": "csb:2 Chronicles:22:10",
        "w": 17,
        "l": {},
        "t": "22:10*r Lit seed",
        "a": "q"
    },
    {
        "o": 12943,
        "r": "csb:2 Chronicles:22:11",
        "w": 0,
        "l": {},
        "t": "22:11*r = Jehosheba; 2Kg 11:2",
        "a": "r"
    }
]
