[
    {
        "o": 11377,
        "r": "csb:1 Chronicles:1:1",
        "w": 0,
        "l": {},
        "c": "Gn 4:25–5:32*115",
        "a": "a"
    },
    {
        "o": 11380,
        "r": "csb:1 Chronicles:1:4",
        "w": 2,
        "l": {},
        "t": "1:4*r LXX; MT omits Noah’s sons",
        "a": "b"
    },
    {
        "o": 11381,
        "r": "csb:1 Chronicles:1:5",
        "w": 0,
        "l": {},
        "c": "Gn 10:2–4*264",
        "a": "c"
    },
    {
        "o": 11382,
        "r": "csb:1 Chronicles:1:6",
        "w": 3,
        "l": {},
        "t": "1:6*r Some Hb mss, LXX, Vg; other Hb mss read Diphath; Gn 10:3",
        "a": "d"
    },
    {
        "o": 11383,
        "r": "csb:1 Chronicles:1:7",
        "w": 6,
        "l": {},
        "t": "1:7*r Some Hb mss, Syr read Dodanim; Gn 10:4",
        "a": "e"
    },
    {
        "o": 11384,
        "r": "csb:1 Chronicles:1:8",
        "w": 3,
        "l": {},
        "t": "1:8*r = Egypt",
        "a": "f"
    },
    {
        "o": 11387,
        "r": "csb:1 Chronicles:1:11",
        "w": 0,
        "l": {},
        "c": "Gn 10:13–18*275",
        "a": "g"
    },
    {
        "o": 11388,
        "r": "csb:1 Chronicles:1:12",
        "w": 8,
        "l": {},
        "c": "Dt 2:23*5456; Am 9:7*25336",
        "a": "h"
    },
    {
        "o": 11393,
        "r": "csb:1 Chronicles:1:17",
        "w": 0,
        "l": {},
        "c": "Gn 10:21–29*283",
        "a": "i"
    },
    {
        "o": 11395,
        "r": "csb:1 Chronicles:1:19",
        "w": 11,
        "l": {},
        "t": "1:19*r = Division",
        "a": "j"
    },
    {
        "o": 11400,
        "r": "csb:1 Chronicles:1:24",
        "w": 0,
        "l": {},
        "c": "Gn 11:10–26*307; Lk 3:34–36*28319",
        "a": "k"
    },
    {
        "o": 11406,
        "r": "csb:1 Chronicles:1:29",
        "w": 0,
        "l": {},
        "c": "Gn 25:12–16*739",
        "a": "l"
    },
    {
        "o": 11409,
        "r": "csb:1 Chronicles:1:32",
        "w": 1,
        "l": {},
        "c": "Gn 25:1–4*726",
        "a": "m"
    },
    {
        "o": 11411,
        "r": "csb:1 Chronicles:1:34",
        "w": 0,
        "l": {},
        "c": "1Ch 1:28*11405",
        "a": "n"
    },
    {
        "o": 11411,
        "r": "csb:1 Chronicles:1:34",
        "w": 7,
        "l": {},
        "c": "Gn 25:24–26*752; 32:28*1053",
        "a": "o"
    },
    {
        "o": 11412,
        "r": "csb:1 Chronicles:1:35",
        "w": 0,
        "l": {},
        "c": "Gn 36:4–5,9–14*1152",
        "a": "p"
    },
    {
        "o": 11413,
        "r": "csb:1 Chronicles:1:36",
        "w": 11,
        "l": {},
        "t": "1:36*r LXX; MT reads and Timna and Amalek; Gn 36:12",
        "a": "q"
    },
    {
        "o": 11416,
        "r": "csb:1 Chronicles:1:38",
        "w": 0,
        "l": {},
        "c": "Gn 36:20–30*1169",
        "a": "r"
    },
    {
        "o": 11421,
        "r": "csb:1 Chronicles:1:43",
        "w": 0,
        "l": {},
        "c": "Gn 36:31–39*1181",
        "a": "s"
    },
    {
        "o": 11422,
        "r": "csb:1 Chronicles:1:44",
        "w": 8,
        "l": {},
        "c": "Is 34:6*20511",
        "a": "t"
    },
    {
        "o": 11423,
        "r": "csb:1 Chronicles:1:45",
        "w": 9,
        "l": {},
        "c": "Jb 2:11*14357",
        "a": "u"
    },
    {
        "o": 11429,
        "r": "csb:1 Chronicles:1:51",
        "w": 3,
        "l": {},
        "c": "Gn 36:40–43*1190",
        "a": "v"
    },
    {
        "o": 11429,
        "r": "csb:1 Chronicles:1:51",
        "w": 6,
        "l": {},
        "t": "1:51*r Alt Hb tradition reads Aliah",
        "a": "w"
    }
]
