[
    {
        "o": 11375,
        "r": "csb:1 Chronicles:1:0",
        "t": "1 Chronicles 1",
        "h": 1
    },
    {
        "o": 11376,
        "r": "csb:1 Chronicles:1:0",
        "t": "From Adam to Abraham",
        "h": 2
    },
    {
        "o": 11377,
        "r": "csb:1 Chronicles:1:1",
        "t": "Adam,*ln Seth, Enosh,"
    },
    {
        "o": 11378,
        "r": "csb:1 Chronicles:1:2",
        "t": "Kenan,*ln Mahalalel, Jared,"
    },
    {
        "o": 11379,
        "r": "csb:1 Chronicles:1:3",
        "t": "Enoch,*ln Methuselah, Lamech,"
    },
    {
        "o": 11380,
        "r": "csb:1 Chronicles:1:4",
        "t": "Noah,*ln Noah’s sons: Shem,*ln Ham, and Japheth."
    },
    {
        "o": 11381,
        "r": "csb:1 Chronicles:1:5",
        "t": "Japheth’s*ln sons: Gomer, Magog, Madai, Javan, Tubal, Meshech, and Tiras."
    },
    {
        "o": 11382,
        "r": "csb:1 Chronicles:1:6",
        "t": "Gomer’s*ln sons: Ashkenaz, Riphath, and Togarmah."
    },
    {
        "o": 11383,
        "r": "csb:1 Chronicles:1:7",
        "t": "Javan’s*ln sons: Elishah, Tarshish, Kittim, and Rodanim."
    },
    {
        "o": 11384,
        "r": "csb:1 Chronicles:1:8",
        "t": "Ham’s*ln sons: Cush, Mizraim, Put, and Canaan."
    },
    {
        "o": 11385,
        "r": "csb:1 Chronicles:1:9",
        "t": "Cush’s*ln sons: Seba, Havilah, Sabta, Raama, and Sabteca. Raama’s*ln sons: Sheba and Dedan."
    },
    {
        "o": 11386,
        "r": "csb:1 Chronicles:1:10",
        "t": "Cush*ln fathered Nimrod, who was the first to become a great warrior on earth."
    },
    {
        "o": 11387,
        "r": "csb:1 Chronicles:1:11",
        "t": "Mizraim*ln fathered the people of Lud, Anam, Lehab, Naphtuh,"
    },
    {
        "o": 11388,
        "r": "csb:1 Chronicles:1:12",
        "t": "Pathrus, Casluh (the Philistines came from them), and Caphtor."
    },
    {
        "o": 11389,
        "r": "csb:1 Chronicles:1:13",
        "t": "Canaan*ln fathered Sidon as his firstborn and Heth,"
    },
    {
        "o": 11390,
        "r": "csb:1 Chronicles:1:14",
        "t": "as well as the Jebusites, Amorites, Girgashites,"
    },
    {
        "o": 11391,
        "r": "csb:1 Chronicles:1:15",
        "t": "Hivites, Arkites, Sinites,"
    },
    {
        "o": 11392,
        "r": "csb:1 Chronicles:1:16",
        "t": "Arvadites, Zemarites, and Hamathites."
    },
    {
        "o": 11393,
        "r": "csb:1 Chronicles:1:17",
        "t": "Shem’s*ln sons: Elam, Asshur, Arpachshad, Lud, Aram, Uz, Hul, Gether, and Meshech."
    },
    {
        "o": 11394,
        "r": "csb:1 Chronicles:1:18",
        "t": "Arpachshad*ln fathered Shelah, and Shelah fathered Eber."
    },
    {
        "o": 11395,
        "r": "csb:1 Chronicles:1:19",
        "t": "Two sons were born to Eber. One of them was named Peleg because the earth was divided during his lifetime, and the name of his brother was Joktan."
    },
    {
        "o": 11396,
        "r": "csb:1 Chronicles:1:20",
        "t": "Joktan fathered Almodad, Sheleph, Hazarmaveth, Jerah,"
    },
    {
        "o": 11397,
        "r": "csb:1 Chronicles:1:21",
        "t": "Hadoram, Uzal, Diklah,"
    },
    {
        "o": 11398,
        "r": "csb:1 Chronicles:1:22",
        "t": "Ebal, Abimael, Sheba,"
    },
    {
        "o": 11399,
        "r": "csb:1 Chronicles:1:23",
        "t": "Ophir, Havilah, and Jobab. All of these were Joktan’s sons."
    },
    {
        "o": 11400,
        "r": "csb:1 Chronicles:1:24",
        "t": "Shem,*ln Arpachshad, Shelah,"
    },
    {
        "o": 11401,
        "r": "csb:1 Chronicles:1:25",
        "t": "Eber,*ln Peleg, Reu,"
    },
    {
        "o": 11402,
        "r": "csb:1 Chronicles:1:26",
        "t": "Serug,*ln Nahor, Terah,"
    },
    {
        "o": 11403,
        "r": "csb:1 Chronicles:1:27",
        "t": "and*ln Abram (that is, Abraham)."
    },
    {
        "o": 11404,
        "r": "csb:1 Chronicles:1:27",
        "t": "Abraham’s Descendants",
        "h": 2
    },
    {
        "o": 11405,
        "r": "csb:1 Chronicles:1:28",
        "t": "Abraham’s*ln sons: Isaac and Ishmael."
    },
    {
        "o": 11406,
        "r": "csb:1 Chronicles:1:29",
        "t": "These*ln are their family records: Nebaioth, Ishmael’s firstborn, Kedar, Adbeel, Mibsam,"
    },
    {
        "o": 11407,
        "r": "csb:1 Chronicles:1:30",
        "t": "Mishma, Dumah, Massa, Hadad, Tema,"
    },
    {
        "o": 11408,
        "r": "csb:1 Chronicles:1:31",
        "t": "Jetur, Naphish, and Kedemah. These*ln were Ishmael’s sons."
    },
    {
        "o": 11409,
        "r": "csb:1 Chronicles:1:32",
        "t": "The*ln sons born to Keturah, Abraham’s concubine: Zimran, Jokshan, Medan, Midian, Ishbak, and Shuah. Jokshan’s*ln sons: Sheba and Dedan."
    },
    {
        "o": 11410,
        "r": "csb:1 Chronicles:1:33",
        "t": "Midian’s*ln sons: Ephah, Epher, Hanoch, Abida, and Eldaah. All*ln of these were Keturah’s descendants."
    },
    {
        "o": 11411,
        "r": "csb:1 Chronicles:1:34",
        "t": "Abraham*ln fathered Isaac. Isaac’s*ln sons: Esau and Israel."
    },
    {
        "o": 11412,
        "r": "csb:1 Chronicles:1:35",
        "t": "Esau’s*ln sons: Eliphaz, Reuel, Jeush, Jalam, and Korah."
    },
    {
        "o": 11413,
        "r": "csb:1 Chronicles:1:36",
        "t": "Eliphaz’s*ln sons: Teman, Omar, Zephi, Gatam, and Kenaz; and by Timna, Amalek."
    },
    {
        "o": 11414,
        "r": "csb:1 Chronicles:1:37",
        "t": "Reuel’s*ln sons: Nahath, Zerah, Shammah, and Mizzah."
    },
    {
        "o": 11415,
        "r": "csb:1 Chronicles:1:37",
        "t": "The Edomites",
        "h": 2
    },
    {
        "o": 11416,
        "r": "csb:1 Chronicles:1:38",
        "t": "Seir’s*ln sons: Lotan, Shobal, Zibeon, Anah, Dishon, Ezer, and Dishan."
    },
    {
        "o": 11417,
        "r": "csb:1 Chronicles:1:39",
        "t": "Lotan’s*ln sons: Hori and Homam. Timna was Lotan’s sister."
    },
    {
        "o": 11418,
        "r": "csb:1 Chronicles:1:40",
        "t": "Shobal’s*ln sons: Alian, Manahath, Ebal, Shephi, and Onam. Zibeon’s*ln sons: Aiah and Anah."
    },
    {
        "o": 11419,
        "r": "csb:1 Chronicles:1:41",
        "t": "Anah’s*ln son: Dishon. Dishon’s*ln sons: Hamran, Eshban, Ithran, and Cheran."
    },
    {
        "o": 11420,
        "r": "csb:1 Chronicles:1:42",
        "t": "Ezer’s*ln sons: Bilhan, Zaavan, and Jaakan. Dishan’s*ln sons: Uz and Aran."
    },
    {
        "o": 11421,
        "r": "csb:1 Chronicles:1:43",
        "t": "These*ln were the kings who reigned in the land of Edom before*ln any king reigned over the Israelites: Bela*ln son of Beor. Bela’s*ln town was named Dinhabah."
    },
    {
        "o": 11422,
        "r": "csb:1 Chronicles:1:44",
        "t": "When*ln Bela died, Jobab son of Zerah from Bozrah reigned in his place."
    },
    {
        "o": 11423,
        "r": "csb:1 Chronicles:1:45",
        "t": "When*ln Jobab died, Husham from the land of the Temanites reigned in his place."
    },
    {
        "o": 11424,
        "r": "csb:1 Chronicles:1:46",
        "t": "When*ln Husham died, Hadad son of Bedad, who defeated Midian in the territory of Moab, reigned in his place. Hadad’s*ln town was named Avith."
    },
    {
        "o": 11425,
        "r": "csb:1 Chronicles:1:47",
        "t": "When*ln Hadad died, Samlah from Masrekah reigned in his place."
    },
    {
        "o": 11426,
        "r": "csb:1 Chronicles:1:48",
        "t": "When*ln Samlah died, Shaul from Rehoboth on the Euphrates River reigned in his place."
    },
    {
        "o": 11427,
        "r": "csb:1 Chronicles:1:49",
        "t": "When*ln Shaul died, Baal-hanan son of Achbor reigned in his place."
    },
    {
        "o": 11428,
        "r": "csb:1 Chronicles:1:50",
        "t": "When*ln Baal-hanan died, Hadad reigned in his place. Hadad’s*ln city was named Pai, and his wife’s name was Mehetabel daughter*ln of Matred, daughter of Me-zahab."
    },
    {
        "o": 11429,
        "r": "csb:1 Chronicles:1:51",
        "t": "Then*ln Hadad died. Edom’s*ln chiefs: Timna, Alvah, Jetheth,"
    },
    {
        "o": 11430,
        "r": "csb:1 Chronicles:1:52",
        "t": "Oholibamah, Elah, Pinon,"
    },
    {
        "o": 11431,
        "r": "csb:1 Chronicles:1:53",
        "t": "Kenaz, Teman, Mibzar,"
    },
    {
        "o": 11432,
        "r": "csb:1 Chronicles:1:54",
        "t": "Magdiel, and Iram. These*ln were Edom’s chiefs."
    }
]
