[
    {
        "o": 8313,
        "r": "csb:1 Samuel:14:2",
        "w": 8,
        "l": {},
        "c": "Is 10:28*20016",
        "a": "a"
    },
    {
        "o": 8313,
        "r": "csb:1 Samuel:14:2",
        "w": 13,
        "l": {},
        "t": "14:2*r LXX reads on top of the hill",
        "a": "b"
    },
    {
        "o": 8313,
        "r": "csb:1 Samuel:14:2",
        "w": 13,
        "l": {},
        "c": "1Sm 13:15–16*8301",
        "a": "c"
    },
    {
        "o": 8313,
        "r": "csb:1 Samuel:14:2",
        "w": 21,
        "l": {},
        "c": "1Sm 13:15*8301",
        "a": "d"
    },
    {
        "o": 8314,
        "r": "csb:1 Samuel:14:3",
        "w": 0,
        "l": {},
        "c": "1Sm 22:9–12,20*8623",
        "a": "e"
    },
    {
        "o": 8314,
        "r": "csb:1 Samuel:14:3",
        "w": 5,
        "l": {},
        "c": "1Sm 2:28*8044",
        "a": "f"
    },
    {
        "o": 8314,
        "r": "csb:1 Samuel:14:3",
        "w": 18,
        "l": {},
        "c": "1Sm 4:21*8100",
        "a": "g"
    },
    {
        "o": 8314,
        "r": "csb:1 Samuel:14:3",
        "w": 29,
        "l": {},
        "c": "1Sm 1:3*7987",
        "a": "h"
    },
    {
        "o": 8315,
        "r": "csb:1 Samuel:14:4",
        "w": 3,
        "l": {},
        "t": "14:4*r Lit There was a tooth",
        "a": "i"
    },
    {
        "o": 8315,
        "r": "csb:1 Samuel:14:4",
        "w": 11,
        "l": {},
        "c": "1Sm 13:23*8310",
        "a": "j"
    },
    {
        "o": 8317,
        "r": "csb:1 Samuel:14:6",
        "w": 20,
        "l": {},
        "c": "1Sm 17:26,36*8458; Jr 9:25–26*21518",
        "a": "k"
    },
    {
        "o": 8317,
        "r": "csb:1 Samuel:14:6",
        "w": 39,
        "l": {},
        "c": "Jdg 7:4–7*7419",
        "a": "l"
    },
    {
        "o": 8323,
        "r": "csb:1 Samuel:14:12",
        "w": 36,
        "l": {},
        "c": "2Sm 5:24*9015",
        "a": "m"
    },
    {
        "o": 8327,
        "r": "csb:1 Samuel:14:15",
        "w": 20,
        "l": {},
        "c": "1Sm 13:17–18*8303",
        "a": "n"
    },
    {
        "o": 8327,
        "r": "csb:1 Samuel:14:15",
        "w": 25,
        "l": {},
        "c": "1Sm 7:10*8150",
        "a": "o"
    },
    {
        "o": 8327,
        "r": "csb:1 Samuel:14:15",
        "w": 30,
        "l": {},
        "t": "14:15*r Or and a great terror spread",
        "a": "p"
    },
    {
        "o": 8327,
        "r": "csb:1 Samuel:14:15",
        "w": 30,
        "l": {},
        "c": "2Kg 7:6*10743",
        "a": "q"
    },
    {
        "o": 8330,
        "r": "csb:1 Samuel:14:18",
        "w": 13,
        "l": {},
        "t": "14:18*r LXX reads “Bring the ephod.” For he wore the ephod before Israel",
        "a": "r"
    },
    {
        "o": 8331,
        "r": "csb:1 Samuel:14:19",
        "w": 5,
        "l": {},
        "c": "Nm 27:21*5031",
        "a": "s"
    },
    {
        "o": 8331,
        "r": "csb:1 Samuel:14:19",
        "w": 24,
        "l": {},
        "t": "14:19*r Lit “Withdraw your hand”",
        "a": "t"
    },
    {
        "o": 8332,
        "r": "csb:1 Samuel:14:20",
        "w": 24,
        "l": {},
        "c": "Jdg 7:22*7439; 2Ch 20:23*12888",
        "a": "u"
    },
    {
        "o": 8333,
        "r": "csb:1 Samuel:14:21",
        "w": 22,
        "l": {},
        "c": "1Sm 29:4*8815",
        "a": "v"
    },
    {
        "o": 8334,
        "r": "csb:1 Samuel:14:22",
        "w": 14,
        "l": {},
        "c": "1Sm 13:6*8292",
        "a": "w"
    },
    {
        "o": 8335,
        "r": "csb:1 Samuel:14:23",
        "w": 6,
        "l": {},
        "c": "Ex 14:30*2115",
        "a": "x"
    },
    {
        "o": 8338,
        "r": "csb:1 Samuel:14:24",
        "w": 12,
        "l": {},
        "t": "14:24*r LXX adds committed a great act of ignorance and",
        "a": "y"
    },
    {
        "o": 8338,
        "r": "csb:1 Samuel:14:24",
        "w": 18,
        "l": {},
        "c": "Jos 6:26*6602",
        "a": "z"
    },
    {
        "o": 8339,
        "r": "csb:1 Samuel:14:25",
        "w": 0,
        "l": {},
        "t": "14:25*r Lit All the land",
        "a": "a"
    },
    {
        "o": 8340,
        "r": "csb:1 Samuel:14:26",
        "w": 19,
        "l": {},
        "t": "14:26*r Lit but there was none who raised his hand to his mouth",
        "a": "b"
    },
    {
        "o": 8341,
        "r": "csb:1 Samuel:14:27",
        "w": 30,
        "l": {},
        "c": "1Sm 14:43*8357",
        "a": "c"
    },
    {
        "o": 8341,
        "r": "csb:1 Samuel:14:27",
        "w": 35,
        "l": {},
        "t": "14:27*r Lit he returned his hand to his mouth",
        "a": "d"
    },
    {
        "o": 8341,
        "r": "csb:1 Samuel:14:27",
        "w": 39,
        "l": {},
        "t": "14:27*r Lit his eyes became bright",
        "a": "e"
    },
    {
        "o": 8341,
        "r": "csb:1 Samuel:14:27",
        "w": 39,
        "l": {},
        "c": "1Sm 30:12*8836",
        "a": "f"
    },
    {
        "o": 8343,
        "r": "csb:1 Samuel:14:29",
        "w": 9,
        "l": {},
        "c": "1Kg 18:17–18*10345",
        "a": "g"
    },
    {
        "o": 8343,
        "r": "csb:1 Samuel:14:29",
        "w": 17,
        "l": {},
        "t": "14:29*r Lit how my eyes became bright",
        "a": "h"
    },
    {
        "o": 8345,
        "r": "csb:1 Samuel:14:31",
        "w": 9,
        "l": {},
        "c": "1Sm 14:5*8316",
        "a": "i"
    },
    {
        "o": 8345,
        "r": "csb:1 Samuel:14:31",
        "w": 14,
        "l": {},
        "c": "Jos 10:12*6714",
        "a": "j"
    },
    {
        "o": 8346,
        "r": "csb:1 Samuel:14:32",
        "w": 4,
        "l": {},
        "c": "1Sm 15:19*8388",
        "a": "k"
    },
    {
        "o": 8347,
        "r": "csb:1 Samuel:14:33",
        "w": 20,
        "l": {},
        "c": "Gn 9:4*234; Lv 17:10–12*3589",
        "a": "l"
    },
    {
        "o": 8349,
        "r": "csb:1 Samuel:14:35",
        "w": 20,
        "l": {},
        "c": "1Sm 7:12,17*8152",
        "a": "m"
    },
    {
        "o": 8350,
        "r": "csb:1 Samuel:14:36",
        "w": 28,
        "l": {},
        "c": "1Sm 14:3,18–19*8314",
        "a": "n"
    },
    {
        "o": 8350,
        "r": "csb:1 Samuel:14:36",
        "w": 33,
        "l": {},
        "c": "Jdg 18:5–6*7752",
        "a": "o"
    },
    {
        "o": 8351,
        "r": "csb:1 Samuel:14:37",
        "w": 4,
        "l": {},
        "c": "1Sm 10:22*8234",
        "a": "p"
    },
    {
        "o": 8351,
        "r": "csb:1 Samuel:14:37",
        "w": 25,
        "l": {},
        "c": "1Sm 28:6*8790",
        "a": "q"
    },
    {
        "o": 8352,
        "r": "csb:1 Samuel:14:38",
        "w": 11,
        "l": {},
        "t": "14:38*r Lit know and see",
        "a": "r"
    },
    {
        "o": 8355,
        "r": "csb:1 Samuel:14:41",
        "w": 44,
        "l": {},
        "t": "14:41*r LXX; MT reads said to the Lord, “God of Israel, give us the right decision.”",
        "a": "s"
    },
    {
        "o": 8355,
        "r": "csb:1 Samuel:14:41",
        "w": 44,
        "l": {},
        "c": "Ac 1:24*30487",
        "a": "t"
    },
    {
        "o": 8357,
        "r": "csb:1 Samuel:14:43",
        "w": 7,
        "l": {},
        "c": "Jos 7:19*6625",
        "a": "u"
    },
    {
        "o": 8357,
        "r": "csb:1 Samuel:14:43",
        "w": 15,
        "l": {},
        "c": "1Sm 14:27*8341",
        "a": "v"
    },
    {
        "o": 8358,
        "r": "csb:1 Samuel:14:44",
        "w": 11,
        "l": {},
        "c": "1Sm 25:22*8719",
        "a": "w"
    },
    {
        "o": 8359,
        "r": "csb:1 Samuel:14:45",
        "w": 32,
        "l": {},
        "c": "2Sm 14:11*9251; 1Kg 1:52*9687; Ac 27:34*31556",
        "a": "x"
    },
    {
        "o": 8359,
        "r": "csb:1 Samuel:14:45",
        "w": 39,
        "l": {},
        "c": "Jn 3:21*29570",
        "a": "y"
    },
    {
        "o": 8362,
        "r": "csb:1 Samuel:14:47",
        "w": 19,
        "l": {},
        "c": "1Sm 11:1–13*8242",
        "a": "z"
    },
    {
        "o": 8362,
        "r": "csb:1 Samuel:14:47",
        "w": 24,
        "l": {},
        "c": "2Sm 8:3–10*9078",
        "a": "a"
    },
    {
        "o": 8362,
        "r": "csb:1 Samuel:14:47",
        "w": 33,
        "l": {},
        "t": "14:47*r LXX reads he was victorious",
        "a": "b"
    },
    {
        "o": 8363,
        "r": "csb:1 Samuel:14:48",
        "w": 5,
        "l": {},
        "c": "1Sm 15:3,7*8372",
        "a": "c"
    },
    {
        "o": 8364,
        "r": "csb:1 Samuel:14:49",
        "w": 1,
        "l": {},
        "c": "1Sm 31:2*8859; 1Ch 10:2*11820",
        "a": "d"
    },
    {
        "o": 8364,
        "r": "csb:1 Samuel:14:49",
        "w": 14,
        "l": {},
        "c": "1Sm 18:17–19*8510",
        "a": "e"
    },
    {
        "o": 8364,
        "r": "csb:1 Samuel:14:49",
        "w": 18,
        "l": {},
        "c": "1Sm 18:20,27*8514; 19:12*8538; 2Sm 6:20–23*9038",
        "a": "f"
    },
    {
        "o": 8365,
        "r": "csb:1 Samuel:14:50",
        "w": 24,
        "l": {},
        "c": "2Sm 2:8*8909",
        "a": "g"
    },
    {
        "o": 8366,
        "r": "csb:1 Samuel:14:51",
        "w": 3,
        "l": {},
        "c": "1Sm 9:1,21*8184",
        "a": "h"
    },
    {
        "o": 8367,
        "r": "csb:1 Samuel:14:52",
        "w": 22,
        "l": {},
        "c": "1Sm 8:11*8170",
        "a": "i"
    }
]
