[
    {
        "o": 8311,
        "r": "csb:1 Samuel:14:0",
        "t": "1 Samuel 14",
        "h": 1
    },
    {
        "o": 8312,
        "r": "csb:1 Samuel:14:1",
        "t": "That*p same day Saul’s son Jonathan said to the attendant who carried his weapons, “Come on, let’s cross over to the Philistine garrison on the other side.” However, he did not tell his father."
    },
    {
        "o": 8313,
        "r": "csb:1 Samuel:14:2",
        "t": "Saul*p was staying under the pomegranate tree in Migron on the outskirts of Gibeah. The troops with him numbered about six hundred."
    },
    {
        "o": 8314,
        "r": "csb:1 Samuel:14:3",
        "t": "Ahijah, who was wearing an ephod, was also there. He was the son of Ahitub, the brother of Ichabod son of Phinehas, son of Eli the Lord’s*s priest at Shiloh. But the troops did not know that Jonathan had left."
    },
    {
        "o": 8315,
        "r": "csb:1 Samuel:14:4",
        "t": "There*p were sharp columns of rock on both sides of the pass that Jonathan intended to cross to reach the Philistine garrison. One was named Bozez and the other Seneh;"
    },
    {
        "o": 8316,
        "r": "csb:1 Samuel:14:5",
        "t": "one stood to the north in front of Michmash and the other to the south in front of Geba."
    },
    {
        "o": 8317,
        "r": "csb:1 Samuel:14:6",
        "t": "Jonathan said to the attendant who carried his weapons, “Come on, let’s cross over to the garrison of these uncircumcised men. Perhaps the Lord*s will help us. Nothing can keep the Lord*s from saving, whether by many or by few.”"
    },
    {
        "o": 8318,
        "r": "csb:1 Samuel:14:7",
        "t": "His*p armor-bearer responded, “Do what is in your heart. Go ahead! I’m completely with you.”"
    },
    {
        "o": 8319,
        "r": "csb:1 Samuel:14:8",
        "t": "“All*p right,” Jonathan replied, “we’ll cross over to the men and then let them see us."
    },
    {
        "o": 8320,
        "r": "csb:1 Samuel:14:9",
        "t": "If they say, ‘Wait until we reach you,’ then we will stay where we are and not go up to them."
    },
    {
        "o": 8321,
        "r": "csb:1 Samuel:14:10",
        "t": "But if they say, ‘Come on up,’ then we’ll go up, because the Lord*s has handed them over to us - that will be our sign.”"
    },
    {
        "o": 8322,
        "r": "csb:1 Samuel:14:11",
        "t": "They*p let themselves be seen by the Philistine garrison, and the Philistines said, “Look, the Hebrews are coming out of the holes where they’ve been hiding!”"
    },
    {
        "o": 8323,
        "r": "csb:1 Samuel:14:12",
        "t": "The men of the garrison called to Jonathan and his armor-bearer. “Come on up, and we’ll teach you a lesson!” they said. “Follow*p me,” Jonathan told his armor-bearer, “for the Lord*s has handed them over to Israel.”"
    },
    {
        "o": 8324,
        "r": "csb:1 Samuel:14:13",
        "t": "Jonathan climbed up using his hands and feet, with his armor-bearer behind him. Jonathan cut them down, and his armor-bearer followed and finished them off."
    },
    {
        "o": 8325,
        "r": "csb:1 Samuel:14:14",
        "t": "In that first assault Jonathan and his armor-bearer struck down about twenty men in a half-acre field."
    },
    {
        "o": 8326,
        "r": "csb:1 Samuel:14:14",
        "t": "A Defeat for the Philistines",
        "h": 2
    },
    {
        "o": 8327,
        "r": "csb:1 Samuel:14:15",
        "t": "Terror*p spread through the Philistine camp and the open fields to all the troops. Even the garrison and the raiding parties were terrified. The earth shook, and terror spread from God."
    },
    {
        "o": 8328,
        "r": "csb:1 Samuel:14:16",
        "t": "When Saul’s watchmen in Gibeah of Benjamin looked, they saw the panicking troops scattering in every direction."
    },
    {
        "o": 8329,
        "r": "csb:1 Samuel:14:17",
        "t": "So Saul said to the troops with him, “Call the roll and determine who has left us.” They called the roll and saw that Jonathan and his armor-bearer were gone."
    },
    {
        "o": 8330,
        "r": "csb:1 Samuel:14:18",
        "t": "Saul*p told Ahijah, “Bring the ark of God,” for it was with the Israelites at that time."
    },
    {
        "o": 8331,
        "r": "csb:1 Samuel:14:19",
        "t": "While Saul spoke to the priest, the panic in the Philistine camp increased in intensity. So Saul said to the priest, “Stop what you’re doing.”"
    },
    {
        "o": 8332,
        "r": "csb:1 Samuel:14:20",
        "t": "Saul*p and all the troops with him assembled and marched to the battle, and there the Philistines were, fighting against each other in great confusion!"
    },
    {
        "o": 8333,
        "r": "csb:1 Samuel:14:21",
        "t": "There were Hebrews from the area who had gone earlier into the camp to join the Philistines, but even they joined the Israelites who were with Saul and Jonathan."
    },
    {
        "o": 8334,
        "r": "csb:1 Samuel:14:22",
        "t": "When all the Israelite men who had been hiding in the hill country of Ephraim heard that the Philistines were fleeing, they also joined Saul and Jonathan in the battle."
    },
    {
        "o": 8335,
        "r": "csb:1 Samuel:14:23",
        "t": "So the Lord*s saved Israel that day."
    },
    {
        "o": 8336,
        "r": "csb:1 Samuel:14:23",
        "t": "Saul’s Rash Oath",
        "h": 2
    },
    {
        "o": 8337,
        "r": "csb:1 Samuel:14:23",
        "t": "The*p battle extended beyond Beth-aven,"
    },
    {
        "o": 8338,
        "r": "csb:1 Samuel:14:24",
        "t": "and the men of Israel were worn out that day, for Saul had placed the troops under an oath: “The man who eats food before evening, before I have taken vengeance on my enemies is cursed.” So none of the troops tasted any food."
    },
    {
        "o": 8339,
        "r": "csb:1 Samuel:14:25",
        "t": "Everyone*p went into the forest, and there was honey on the ground."
    },
    {
        "o": 8340,
        "r": "csb:1 Samuel:14:26",
        "t": "When the troops entered the forest, they saw the flow of honey, but none of them ate any of it because they feared the oath."
    },
    {
        "o": 8341,
        "r": "csb:1 Samuel:14:27",
        "t": "However, Jonathan had not heard his father make the troops swear the oath. He reached out with the end of the staff he was carrying and dipped it into the honeycomb. When he ate the honey, he had renewed energy."
    },
    {
        "o": 8342,
        "r": "csb:1 Samuel:14:28",
        "t": "Then one of the troops said, “Your father made the troops solemnly swear, ‘The man who eats food today is cursed,’ and the troops are exhausted.”"
    },
    {
        "o": 8343,
        "r": "csb:1 Samuel:14:29",
        "t": "Jonathan*p replied, “My father has brought trouble to the land. Just look at how I have renewed energy because I tasted a little of this honey."
    },
    {
        "o": 8344,
        "r": "csb:1 Samuel:14:30",
        "t": "How much better if the troops had eaten freely today from the plunder they took from their enemies! Then the slaughter of the Philistines would have been much greater.”"
    },
    {
        "o": 8345,
        "r": "csb:1 Samuel:14:31",
        "t": "The*p Israelites struck down the Philistines that day from Michmash all the way to Aijalon. Since the Israelites were completely exhausted,"
    },
    {
        "o": 8346,
        "r": "csb:1 Samuel:14:32",
        "t": "they rushed to the plunder, took sheep, goats, cattle, and calves, slaughtered them on the ground, and ate meat with the blood still in it."
    },
    {
        "o": 8347,
        "r": "csb:1 Samuel:14:33",
        "t": "Some reported to Saul, “Look, the troops are sinning against the Lord*s by eating meat with the blood still in it.” Saul*p said, “You have been unfaithful. Roll a large stone over here at once.”"
    },
    {
        "o": 8348,
        "r": "csb:1 Samuel:14:34",
        "t": "He then said, “Go among the troops and say to them, ‘Let each man bring me his ox or his sheep. Do the slaughtering here and then you can eat. Don’t sin against the Lord*s by eating meat with the blood in it.’” So every one of the troops brought his ox that night and slaughtered it there."
    },
    {
        "o": 8349,
        "r": "csb:1 Samuel:14:35",
        "t": "Then Saul built an altar to the Lord;*s it was the first time he had built an altar to the Lord.*s"
    },
    {
        "o": 8350,
        "r": "csb:1 Samuel:14:36",
        "t": "Saul*p said, “Let’s go down after the Philistines tonight and plunder them until morning. Don’t let even one remain!” “Do*p whatever you want,” the troops replied. But*p the priest said, “Let’s approach God here.”"
    },
    {
        "o": 8351,
        "r": "csb:1 Samuel:14:37",
        "t": "So*p Saul inquired of God, “Should I go after the Philistines? Will you hand them over to Israel?” But God did not answer him that day."
    },
    {
        "o": 8352,
        "r": "csb:1 Samuel:14:38",
        "t": "Saul*p said, “All you leaders of the troops, come here. Let’s investigate how this sin has occurred today."
    },
    {
        "o": 8353,
        "r": "csb:1 Samuel:14:39",
        "t": "As surely as the Lord*s lives who saves Israel, even if it is because of my son Jonathan, he must die!” Not one of the troops answered him."
    },
    {
        "o": 8354,
        "r": "csb:1 Samuel:14:40",
        "t": "So*p he said to all Israel, “You will be on one side, and I and my son Jonathan will be on the other side.” And*p the troops replied, “Do whatever you want.”"
    },
    {
        "o": 8355,
        "r": "csb:1 Samuel:14:41",
        "t": "So*p Saul said to the Lord,*s “God of Israel, why have you not answered your servant today? If the unrighteousness is in me or in my son Jonathan, Lord*s God of Israel, give Urim; but if the fault is in your people Israel, give Thummim.” Jonathan and Saul were selected, and the troops were cleared of the charge."
    },
    {
        "o": 8356,
        "r": "csb:1 Samuel:14:42",
        "t": "Then*p Saul said, “Cast the lot between me and my son Jonathan,” and Jonathan was selected."
    },
    {
        "o": 8357,
        "r": "csb:1 Samuel:14:43",
        "t": "Saul commanded him, “Tell me what you did.” Jonathan*p told him, “I tasted a little honey with the end of the staff I was carrying. I am ready to die!”"
    },
    {
        "o": 8358,
        "r": "csb:1 Samuel:14:44",
        "t": "Saul*p declared to him, “May God punish me and do so severely if you do not die, Jonathan!”"
    },
    {
        "o": 8359,
        "r": "csb:1 Samuel:14:45",
        "t": "But*p the people said to Saul, “Must Jonathan die? He accomplished such a great deliverance for Israel! No, as the Lord*s lives, not a hair of his head will fall to the ground, for he worked with God’s help today.” So the people redeemed Jonathan, and he did not die."
    },
    {
        "o": 8360,
        "r": "csb:1 Samuel:14:46",
        "t": "Then Saul gave up the pursuit of the Philistines, and the Philistines returned to their own territory."
    },
    {
        "o": 8361,
        "r": "csb:1 Samuel:14:46",
        "t": "Summary of Saul’s Kingship",
        "h": 2
    },
    {
        "o": 8362,
        "r": "csb:1 Samuel:14:47",
        "t": "When*p Saul assumed the kingship over Israel, he fought against all his enemies in every direction: against Moab, the Ammonites, Edom, the kings of Zobah, and the Philistines. Wherever he turned, he caused havoc."
    },
    {
        "o": 8363,
        "r": "csb:1 Samuel:14:48",
        "t": "He fought bravely, defeated the Amalekites, and rescued Israel from those who plundered them."
    },
    {
        "o": 8364,
        "r": "csb:1 Samuel:14:49",
        "t": "Saul’s*p sons were Jonathan, Ishvi, and Malchishua. The names of his two daughters were Merab, his firstborn, and Michal, the younger."
    },
    {
        "o": 8365,
        "r": "csb:1 Samuel:14:50",
        "t": "The name of Saul’s wife was Ahinoam daughter of Ahimaaz. The name of the commander of his army was Abner son of Saul’s uncle Ner."
    },
    {
        "o": 8366,
        "r": "csb:1 Samuel:14:51",
        "t": "Saul’s father was Kish. Abner’s father was Ner son of Abiel."
    },
    {
        "o": 8367,
        "r": "csb:1 Samuel:14:52",
        "t": "The*p conflict with the Philistines was fierce all of Saul’s days, so whenever Saul noticed any strong or valiant man, he enlisted him."
    }
]
