[
    {
        "o": 12070,
        "r": "csb:1 Chronicles:18:1",
        "w": 1,
        "l": {},
        "c": "2Sm 8:1–14*9076",
        "a": "a"
    },
    {
        "o": 12073,
        "r": "csb:1 Chronicles:18:4",
        "w": 23,
        "l": {},
        "t": "18:4*r Or chariot horses",
        "a": "b"
    },
    {
        "o": 12074,
        "r": "csb:1 Chronicles:18:5",
        "w": 11,
        "l": {},
        "c": "1Ch 18:9*12078; 19:6*12094",
        "a": "c"
    },
    {
        "o": 12075,
        "r": "csb:1 Chronicles:18:6",
        "w": 3,
        "l": {},
        "t": "18:6*r Some Hb mss, LXX, Vg; other Hb mss omit garrisons; 2Sm 8:6",
        "a": "d"
    },
    {
        "o": 12075,
        "r": "csb:1 Chronicles:18:6",
        "w": 3,
        "l": {},
        "c": "2Sm 8:6*9081",
        "a": "e"
    },
    {
        "o": 12077,
        "r": "csb:1 Chronicles:18:8",
        "w": 19,
        "l": {},
        "t": "18:8*r Lit sea",
        "a": "f"
    },
    {
        "o": 12077,
        "r": "csb:1 Chronicles:18:8",
        "w": 25,
        "l": {},
        "c": "1Kg 7:15–47*9888; 2Ch 3:15–4:18*12465",
        "a": "g"
    },
    {
        "o": 12083,
        "r": "csb:1 Chronicles:18:14",
        "w": 5,
        "l": {},
        "c": "2Sm 8:15–18*9090",
        "a": "h"
    },
    {
        "o": 12084,
        "r": "csb:1 Chronicles:18:15",
        "w": 0,
        "l": {},
        "c": "1Ch 11:6*11841",
        "a": "i"
    },
    {
        "o": 12085,
        "r": "csb:1 Chronicles:18:16",
        "w": 5,
        "l": {},
        "t": "18:16*r Some Hb mss, LXX, Syr, Vg; other Hb mss read Abimelech; 2Sm 8:17",
        "a": "j"
    },
    {
        "o": 12085,
        "r": "csb:1 Chronicles:18:16",
        "w": 5,
        "l": {},
        "c": "2Sm 8:17*9092; 1Ch 24:6,31*12215",
        "a": "k"
    },
    {
        "o": 12086,
        "r": "csb:1 Chronicles:18:17",
        "w": 3,
        "l": {},
        "c": "2Sm 23:20–23*9581",
        "a": "l"
    }
]
