[
    {
        "o": 8771,
        "r": "csb:1 Samuel:27:1",
        "w": 29,
        "l": {},
        "c": "1Sm 26:19*8762",
        "a": "a"
    },
    {
        "o": 8772,
        "r": "csb:1 Samuel:27:2",
        "w": 8,
        "l": {},
        "c": "1Sm 25:13*8710",
        "a": "b"
    },
    {
        "o": 8772,
        "r": "csb:1 Samuel:27:2",
        "w": 16,
        "l": {},
        "c": "1Sm 2:10*8025; 1Kg 2:39*9733",
        "a": "c"
    },
    {
        "o": 8773,
        "r": "csb:1 Samuel:27:3",
        "w": 15,
        "l": {},
        "c": "1Sm 30:3*8827; 2Sm 2:3*8904",
        "a": "d"
    },
    {
        "o": 8773,
        "r": "csb:1 Samuel:27:3",
        "w": 28,
        "l": {},
        "c": "1Sm 25:42–44*8739",
        "a": "e"
    },
    {
        "o": 8776,
        "r": "csb:1 Samuel:27:6",
        "w": 4,
        "l": {},
        "c": "Jos 15:31*6892; 19:5*6997; Neh 11:28*14037",
        "a": "f"
    },
    {
        "o": 8777,
        "r": "csb:1 Samuel:27:7",
        "w": 16,
        "l": {},
        "c": "1Sm 29:1–11*8812",
        "a": "g"
    },
    {
        "o": 8778,
        "r": "csb:1 Samuel:27:8",
        "w": 9,
        "l": {},
        "c": "Jos 13:2,13*6804",
        "a": "h"
    },
    {
        "o": 8778,
        "r": "csb:1 Samuel:27:8",
        "w": 11,
        "l": {},
        "t": "27:8*r Alt Hb tradition reads Gezerites",
        "a": "i"
    },
    {
        "o": 8778,
        "r": "csb:1 Samuel:27:8",
        "w": 14,
        "l": {},
        "c": "Ex 17:8*2195; 1Sm 15:7–8*8376",
        "a": "j"
    },
    {
        "o": 8778,
        "r": "csb:1 Samuel:27:8",
        "w": 27,
        "l": {},
        "c": "Ex 15:22*2141",
        "a": "k"
    },
    {
        "o": 8779,
        "r": "csb:1 Samuel:27:9",
        "w": 25,
        "l": {},
        "c": "1Sm 15:3*8372; Jb 1:3*14323",
        "a": "l"
    },
    {
        "o": 8780,
        "r": "csb:1 Samuel:27:10",
        "w": 6,
        "l": {},
        "t": "27:10*r Some Hb mss, Syr, Tg; LXX, Vg, DSS read “Against whom did you raid today?”",
        "a": "m"
    },
    {
        "o": 8780,
        "r": "csb:1 Samuel:27:10",
        "w": 6,
        "l": {},
        "c": "1Sm 23:27*8669",
        "a": "n"
    },
    {
        "o": 8780,
        "r": "csb:1 Samuel:27:10",
        "w": 19,
        "l": {},
        "c": "1Sm 30:29*8853; 1Ch 2:9,25*11444",
        "a": "o"
    },
    {
        "o": 8780,
        "r": "csb:1 Samuel:27:10",
        "w": 26,
        "l": {},
        "c": "Jdg 1:16*7224; 4:11*7322",
        "a": "p"
    }
]
