[
    {
        "o": 12208,
        "r": "csb:1 Chronicles:24:0",
        "t": "1 Chronicles 24",
        "h": 1
    },
    {
        "o": 12209,
        "r": "csb:1 Chronicles:24:0",
        "t": "The Divisions of the Priests",
        "h": 2
    },
    {
        "o": 12210,
        "r": "csb:1 Chronicles:24:1",
        "t": "The*p divisions of the descendants of Aaron were as follows: Aaron’s sons were Nadab, Abihu, Eleazar, and Ithamar."
    },
    {
        "o": 12211,
        "r": "csb:1 Chronicles:24:2",
        "t": "But Nadab and Abihu died before their father, and they had no sons, so Eleazar and Ithamar served as priests."
    },
    {
        "o": 12212,
        "r": "csb:1 Chronicles:24:3",
        "t": "Together with Zadok from the descendants of Eleazar and Ahimelech from the descendants of Ithamar, David divided them according to the assigned duties of their service."
    },
    {
        "o": 12213,
        "r": "csb:1 Chronicles:24:4",
        "t": "Since more leaders were found among Eleazar’s descendants than Ithamar’s, they were divided accordingly: sixteen heads of ancestral families were from Eleazar’s descendants, and eight heads of ancestral families were from Ithamar’s."
    },
    {
        "o": 12214,
        "r": "csb:1 Chronicles:24:5",
        "t": "They were assigned by lot, for there were officers of the sanctuary and officers of God among both Eleazar’s and Ithamar’s descendants."
    },
    {
        "o": 12215,
        "r": "csb:1 Chronicles:24:6",
        "t": "The*p secretary, Shemaiah son of Nethanel, a Levite, recorded them in the presence of the king and the officers, the priest Zadok, Ahimelech son of Abiathar, and the heads of families of the priests and the Levites. One ancestral family was taken for Eleazar, and then one for Ithamar."
    },
    {
        "o": 12216,
        "r": "csb:1 Chronicles:24:7",
        "t": "The*ln first lot fell to Jehoiarib, the second to Jedaiah,"
    },
    {
        "o": 12217,
        "r": "csb:1 Chronicles:24:8",
        "t": "the*ln third to Harim, the fourth to Seorim,"
    },
    {
        "o": 12218,
        "r": "csb:1 Chronicles:24:9",
        "t": "the*ln fifth to Malchijah, the sixth to Mijamin,"
    },
    {
        "o": 12219,
        "r": "csb:1 Chronicles:24:10",
        "t": "the*ln seventh to Hakkoz, the eighth to Abijah,"
    },
    {
        "o": 12220,
        "r": "csb:1 Chronicles:24:11",
        "t": "the*ln ninth to Jeshua, the tenth to Shecaniah,"
    },
    {
        "o": 12221,
        "r": "csb:1 Chronicles:24:12",
        "t": "the*ln eleventh to Eliashib, the twelfth to Jakim,"
    },
    {
        "o": 12222,
        "r": "csb:1 Chronicles:24:13",
        "t": "the*ln thirteenth to Huppah, the fourteenth to Jeshebeab,"
    },
    {
        "o": 12223,
        "r": "csb:1 Chronicles:24:14",
        "t": "the*ln fifteenth to Bilgah, the sixteenth to Immer,"
    },
    {
        "o": 12224,
        "r": "csb:1 Chronicles:24:15",
        "t": "the*ln seventeenth to Hezir, the eighteenth to Happizzez,"
    },
    {
        "o": 12225,
        "r": "csb:1 Chronicles:24:16",
        "t": "the*ln nineteenth to Pethahiah, the twentieth to Jehezkel,"
    },
    {
        "o": 12226,
        "r": "csb:1 Chronicles:24:17",
        "t": "the*ln twenty-first to Jachin, the twenty-second to Gamul,"
    },
    {
        "o": 12227,
        "r": "csb:1 Chronicles:24:18",
        "t": "the*ln twenty-third to Delaiah, and the twenty-fourth to Maaziah."
    },
    {
        "o": 12228,
        "r": "csb:1 Chronicles:24:19",
        "t": "These*p had their assigned duties for service when they entered the Lord’s*s temple, according to their regulations, which they received from their ancestor Aaron, as the Lord*s God of Israel had commanded him."
    },
    {
        "o": 12229,
        "r": "csb:1 Chronicles:24:19",
        "t": "The Rest of the Levites",
        "h": 2
    },
    {
        "o": 12230,
        "r": "csb:1 Chronicles:24:20",
        "t": "As*ln for the rest of Levi’s sons: from*ln Amram’s sons: Shubael; from*ln Shubael’s sons: Jehdeiah."
    },
    {
        "o": 12231,
        "r": "csb:1 Chronicles:24:21",
        "t": "From*ln Rehabiah: from*ln Rehabiah’s sons: Isshiah was the first."
    },
    {
        "o": 12232,
        "r": "csb:1 Chronicles:24:22",
        "t": "From*ln the Izharites: Shelomoth; from*ln Shelomoth’s sons: Jahath."
    },
    {
        "o": 12233,
        "r": "csb:1 Chronicles:24:23",
        "t": "Hebron’s*ln sons: Jeriah*ln the first, Amariah the second, Jahaziel*ln the third, and Jekameam the fourth."
    },
    {
        "o": 12234,
        "r": "csb:1 Chronicles:24:24",
        "t": "From*ln Uzziel’s sons: Micah; from*ln Micah’s sons: Shamir."
    },
    {
        "o": 12235,
        "r": "csb:1 Chronicles:24:25",
        "t": "Micah’s*ln brother: Isshiah; from*ln Isshiah’s sons: Zechariah."
    },
    {
        "o": 12236,
        "r": "csb:1 Chronicles:24:26",
        "t": "Merari’s*ln sons: Mahli and Mushi, and*ln from his sons, Jaaziah his son."
    },
    {
        "o": 12237,
        "r": "csb:1 Chronicles:24:27",
        "t": "Merari’s*ln sons, by his son Jaaziah: Shoham,*ln Zaccur, and Ibri."
    },
    {
        "o": 12238,
        "r": "csb:1 Chronicles:24:28",
        "t": "From*ln Mahli: Eleazar, who had no sons."
    },
    {
        "o": 12239,
        "r": "csb:1 Chronicles:24:29",
        "t": "From*ln Kish, from Kish’s sons: Jerahmeel."
    },
    {
        "o": 12240,
        "r": "csb:1 Chronicles:24:30",
        "t": "Mushi’s*ln sons: Mahli, Eder, and Jerimoth. Those*p were the descendants of the Levites according to their ancestral families."
    },
    {
        "o": 12241,
        "r": "csb:1 Chronicles:24:31",
        "t": "They also cast lots the same way as their relatives the descendants of Aaron did in the presence of King David, Zadok, Ahimelech, and the heads of the families of the priests and Levites - the family heads and their younger brothers alike."
    }
]
