[
    {
        "o": 8978,
        "r": "csb:2 Samuel:4:1",
        "w": 13,
        "l": {},
        "t": "4:1*r Lit his hands dropped",
        "a": "a"
    },
    {
        "o": 8981,
        "r": "csb:2 Samuel:4:4",
        "w": 47,
        "l": {},
        "c": "2Sm 9:3–7*9098",
        "a": "b"
    },
    {
        "o": 8984,
        "r": "csb:2 Samuel:4:7",
        "w": 32,
        "l": {},
        "c": "Dt 1:1*5380",
        "a": "c"
    },
    {
        "o": 8986,
        "r": "csb:2 Samuel:4:9",
        "w": 26,
        "l": {},
        "c": "1Kg 1:29*9663",
        "a": "d"
    },
    {
        "o": 8987,
        "r": "csb:2 Samuel:4:10",
        "w": 28,
        "l": {},
        "c": "2Sm 1:2–15*8874",
        "a": "e"
    },
    {
        "o": 8988,
        "r": "csb:2 Samuel:4:11",
        "w": 33,
        "l": {},
        "c": "Gn 9:5–6*235",
        "a": "f"
    },
    {
        "o": 8989,
        "r": "csb:2 Samuel:4:12",
        "w": 42,
        "l": {},
        "c": "2Sm 3:32*8968",
        "a": "g"
    }
]
