[
    {
        "o": 32318,
        "r": "csb:1 Corinthians:9:2",
        "w": 18,
        "l": {},
        "c": "Rv 5:1*34918",
        "a": "a"
    },
    {
        "o": 32320,
        "r": "csb:1 Corinthians:9:4",
        "w": 8,
        "l": {},
        "c": "2Th 3:8–9*33632",
        "a": "b"
    },
    {
        "o": 32321,
        "r": "csb:1 Corinthians:9:5",
        "w": 11,
        "l": {},
        "t": "9:5*r Lit a sister as a wife",
        "a": "c"
    },
    {
        "o": 32321,
        "r": "csb:1 Corinthians:9:5",
        "w": 15,
        "l": {},
        "c": "Jd 17*34809",
        "a": "d"
    },
    {
        "o": 32321,
        "r": "csb:1 Corinthians:9:5",
        "w": 20,
        "l": {},
        "c": "Jn 1:42*29509",
        "a": "e"
    },
    {
        "o": 32322,
        "r": "csb:1 Corinthians:9:6",
        "w": 3,
        "l": {},
        "c": "Ac 4:36*30612",
        "a": "f"
    },
    {
        "o": 32323,
        "r": "csb:1 Corinthians:9:7",
        "w": 8,
        "l": {},
        "c": "Lk 3:14*28297",
        "a": "g"
    },
    {
        "o": 32325,
        "r": "csb:1 Corinthians:9:9",
        "w": 13,
        "l": {},
        "c": "Lk 13:15*28877",
        "a": "h"
    },
    {
        "o": 32325,
        "r": "csb:1 Corinthians:9:9",
        "w": 18,
        "l": {},
        "t": "9:9*r Dt 25:4",
        "a": "i"
    },
    {
        "o": 32325,
        "r": "csb:1 Corinthians:9:9",
        "w": 18,
        "l": {},
        "c": "Dt 25:4*6133",
        "a": "j"
    },
    {
        "o": 32326,
        "r": "csb:1 Corinthians:9:10",
        "w": 14,
        "l": {},
        "c": "Rm 4:24*31740",
        "a": "k"
    },
    {
        "o": 32326,
        "r": "csb:1 Corinthians:9:10",
        "w": 23,
        "l": {},
        "c": "Ac 23:6*31391; 1Th 1:3*33485",
        "a": "l"
    },
    {
        "o": 32326,
        "r": "csb:1 Corinthians:9:10",
        "w": 35,
        "l": {},
        "c": "2Tm 2:6*33812",
        "a": "m"
    },
    {
        "o": 32328,
        "r": "csb:1 Corinthians:9:12",
        "w": 26,
        "l": {},
        "c": "Ac 20:33–35*31300; 2Co 6:3–10*32726; 11:7–12*32833",
        "a": "n"
    },
    {
        "o": 32329,
        "r": "csb:1 Corinthians:9:13",
        "w": 22,
        "l": {},
        "c": "Lv 6:16,26*3174; 7:6,31–32*3197; Nm 5:9–10*4187; 18:8–20,31*4691; Dt 18:1*5935",
        "a": "o"
    },
    {
        "o": 32330,
        "r": "csb:1 Corinthians:9:14",
        "w": 20,
        "l": {},
        "c": "Mt 10:8–10*26441; Lk 10:7*28685",
        "a": "p"
    },
    {
        "o": 32332,
        "r": "csb:1 Corinthians:9:16",
        "w": 17,
        "l": {},
        "t": "9:16*r Lit because necessity is laid upon me",
        "a": "q"
    },
    {
        "o": 32333,
        "r": "csb:1 Corinthians:9:17",
        "w": 15,
        "l": {},
        "c": "Lk 16:11*28990",
        "a": "r"
    },
    {
        "o": 32334,
        "r": "csb:1 Corinthians:9:18",
        "w": 25,
        "l": {},
        "c": "2Co 11:7*32833; 12:13*32877",
        "a": "s"
    },
    {
        "o": 32335,
        "r": "csb:1 Corinthians:9:19",
        "w": 21,
        "l": {},
        "c": "1Pt 3:1*34493",
        "a": "t"
    },
    {
        "o": 32336,
        "r": "csb:1 Corinthians:9:20",
        "w": 28,
        "l": {},
        "t": "9:20*r Other mss omit though I myself am not under the law",
        "a": "u"
    },
    {
        "o": 32336,
        "r": "csb:1 Corinthians:9:20",
        "w": 34,
        "l": {},
        "c": "Ac 16:3*31102; 21:23–26*31331",
        "a": "v"
    },
    {
        "o": 32337,
        "r": "csb:1 Corinthians:9:21",
        "w": 6,
        "l": {},
        "c": "Rm 2:12,14*31656; Gl 2:3*32933; 3:2*32956",
        "a": "w"
    },
    {
        "o": 32338,
        "r": "csb:1 Corinthians:9:22",
        "w": 29,
        "l": {},
        "c": "Rm 11:14*31944; 1Co 7:16*32274",
        "a": "x"
    },
    {
        "o": 32340,
        "r": "csb:1 Corinthians:9:24",
        "w": 10,
        "l": {},
        "c": "Jd 3*34793",
        "a": "y"
    },
    {
        "o": 32340,
        "r": "csb:1 Corinthians:9:24",
        "w": 25,
        "l": {},
        "c": "Col 2:18*33424",
        "a": "z"
    },
    {
        "o": 32341,
        "r": "csb:1 Corinthians:9:25",
        "w": 5,
        "l": {},
        "c": "Gl 5:23*33046",
        "a": "a"
    },
    {
        "o": 32341,
        "r": "csb:1 Corinthians:9:25",
        "w": 15,
        "l": {},
        "c": "1Pt 1:18*34454; 5:4*34545",
        "a": "b"
    },
    {
        "o": 32343,
        "r": "csb:1 Corinthians:9:27",
        "w": 22,
        "l": {},
        "c": "Heb 6:8*34069",
        "a": "c"
    }
]
