[
    {
        "o": 11149,
        "r": "csb:2 Kings:19:1",
        "w": 13,
        "l": {},
        "c": "1Kg 21:27*10477; 2Kg 18:37*11146; Ps 69:11*16671",
        "a": "a"
    },
    {
        "o": 11149,
        "r": "csb:2 Kings:19:1",
        "w": 19,
        "l": {},
        "c": "2Ch 32:20*13219; Is 37:1*20561",
        "a": "b"
    },
    {
        "o": 11150,
        "r": "csb:2 Kings:19:2",
        "w": 13,
        "l": {},
        "c": "2Kg 18:26,37*11135",
        "a": "c"
    },
    {
        "o": 11150,
        "r": "csb:2 Kings:19:2",
        "w": 22,
        "l": {},
        "c": "2Sm 3:31*8967",
        "a": "d"
    },
    {
        "o": 11150,
        "r": "csb:2 Kings:19:2",
        "w": 26,
        "l": {},
        "c": "Is 1:1*19765; 2:1*19799",
        "a": "e"
    },
    {
        "o": 11151,
        "r": "csb:2 Kings:19:3",
        "w": 26,
        "l": {},
        "c": "Hs 13:13*25072",
        "a": "f"
    },
    {
        "o": 11152,
        "r": "csb:2 Kings:19:4",
        "w": 4,
        "l": {},
        "c": "1Sm 17:26*8458; 2Kg 18:35*11144",
        "a": "g"
    },
    {
        "o": 11152,
        "r": "csb:2 Kings:19:4",
        "w": 6,
        "l": {},
        "c": "Jos 14:12*6854; 2Sm 16:12*9327",
        "a": "h"
    },
    {
        "o": 11152,
        "r": "csb:2 Kings:19:4",
        "w": 29,
        "l": {},
        "c": "Ps 50:21*16357",
        "a": "i"
    },
    {
        "o": 11152,
        "r": "csb:2 Kings:19:4",
        "w": 48,
        "l": {},
        "c": "2Kg 19:30*11181; Is 1:9*19773",
        "a": "j"
    },
    {
        "o": 11154,
        "r": "csb:2 Kings:19:6",
        "w": 13,
        "l": {},
        "c": "Is 37:6*20566",
        "a": "k"
    },
    {
        "o": 11154,
        "r": "csb:2 Kings:19:6",
        "w": 27,
        "l": {},
        "c": "2Kg 18:17*11125",
        "a": "l"
    },
    {
        "o": 11154,
        "r": "csb:2 Kings:19:6",
        "w": 29,
        "l": {},
        "c": "2Kg 18:22–25,30,35*11131",
        "a": "m"
    },
    {
        "o": 11155,
        "r": "csb:2 Kings:19:7",
        "w": 20,
        "l": {},
        "c": "2Kg 7:6*10743",
        "a": "n"
    },
    {
        "o": 11155,
        "r": "csb:2 Kings:19:7",
        "w": 30,
        "l": {},
        "c": "2Kg 19:35–37*11187",
        "a": "o"
    },
    {
        "o": 11157,
        "r": "csb:2 Kings:19:8",
        "w": 0,
        "l": {},
        "c": "Is 37:8–13*20569",
        "a": "p"
    },
    {
        "o": 11157,
        "r": "csb:2 Kings:19:8",
        "w": 14,
        "l": {},
        "c": "2Kg 18:14*11122",
        "a": "q"
    },
    {
        "o": 11157,
        "r": "csb:2 Kings:19:8",
        "w": 22,
        "l": {},
        "c": "Jos 10:29*6733",
        "a": "r"
    },
    {
        "o": 11159,
        "r": "csb:2 Kings:19:10",
        "w": 14,
        "l": {},
        "c": "2Kg 18:5*11111",
        "a": "s"
    },
    {
        "o": 11159,
        "r": "csb:2 Kings:19:10",
        "w": 30,
        "l": {},
        "c": "2Kg 18:29–30*11138",
        "a": "t"
    },
    {
        "o": 11161,
        "r": "csb:2 Kings:19:12",
        "w": 5,
        "l": {},
        "c": "2Kg 18:33,35*11142",
        "a": "u"
    },
    {
        "o": 11161,
        "r": "csb:2 Kings:19:12",
        "w": 15,
        "l": {},
        "c": "2Kg 17:6*11067",
        "a": "v"
    },
    {
        "o": 11161,
        "r": "csb:2 Kings:19:12",
        "w": 16,
        "l": {},
        "c": "Gn 11:31*328",
        "a": "w"
    },
    {
        "o": 11161,
        "r": "csb:2 Kings:19:12",
        "w": 20,
        "l": {},
        "c": "Is 37:12*20573",
        "a": "x"
    },
    {
        "o": 11162,
        "r": "csb:2 Kings:19:13",
        "w": 15,
        "l": {},
        "t": "19:13*r Or king of Lair,",
        "a": "y"
    },
    {
        "o": 11162,
        "r": "csb:2 Kings:19:13",
        "w": 19,
        "l": {},
        "c": "2Kg 18:34*11143",
        "a": "z"
    },
    {
        "o": 11164,
        "r": "csb:2 Kings:19:14",
        "w": 1,
        "l": {},
        "c": "Is 37:14–20*20576",
        "a": "a"
    },
    {
        "o": 11164,
        "r": "csb:2 Kings:19:14",
        "w": 3,
        "l": {},
        "c": "2Kg 5:7*10677",
        "a": "b"
    },
    {
        "o": 11164,
        "r": "csb:2 Kings:19:14",
        "w": 23,
        "l": {},
        "c": "Is 37:14*20576",
        "a": "c"
    },
    {
        "o": 11165,
        "r": "csb:2 Kings:19:15",
        "w": 13,
        "l": {},
        "c": "Ex 25:22*2450",
        "a": "d"
    },
    {
        "o": 11165,
        "r": "csb:2 Kings:19:15",
        "w": 32,
        "l": {},
        "c": "Gn 1:1*3; 2Kg 5:15*10685; Is 44:6*20769",
        "a": "e"
    },
    {
        "o": 11166,
        "r": "csb:2 Kings:19:16",
        "w": 10,
        "l": {},
        "c": "1Kg 8:28–29*9961; Ps 115:4–6*17686; Dn 9:18*24757",
        "a": "f"
    },
    {
        "o": 11166,
        "r": "csb:2 Kings:19:16",
        "w": 22,
        "l": {},
        "c": "2Kg 19:4*11152; Ps 31:2*15945; Is 37:17*20579",
        "a": "g"
    },
    {
        "o": 11167,
        "r": "csb:2 Kings:19:17",
        "w": 15,
        "l": {},
        "c": "2Kg 18:34*11143",
        "a": "h"
    },
    {
        "o": 11168,
        "r": "csb:2 Kings:19:18",
        "w": 20,
        "l": {},
        "c": "Is 44:9–20*20772; Jr 10:3–5*21524; Ac 17:29*31179",
        "a": "i"
    },
    {
        "o": 11169,
        "r": "csb:2 Kings:19:19",
        "w": 26,
        "l": {},
        "c": "1Kg 8:42–43*9975; Is 43:10–11*20741",
        "a": "j"
    },
    {
        "o": 11171,
        "r": "csb:2 Kings:19:20",
        "w": 0,
        "l": {},
        "c": "Is 37:21–35*20584",
        "a": "k"
    },
    {
        "o": 11171,
        "r": "csb:2 Kings:19:20",
        "w": 21,
        "l": {},
        "c": "2Kg 20:5*11196",
        "a": "l"
    },
    {
        "o": 11171,
        "r": "csb:2 Kings:19:20",
        "w": 28,
        "l": {},
        "c": "Is 37:21*20584",
        "a": "m"
    },
    {
        "o": 11172,
        "r": "csb:2 Kings:19:21",
        "w": 12,
        "l": {},
        "c": "Jr 14:17*21646; Lm 2:13*22862",
        "a": "n"
    },
    {
        "o": 11172,
        "r": "csb:2 Kings:19:21",
        "w": 25,
        "l": {},
        "c": "Ps 22:7–8*15796; 109:25*17619; Mt 27:39*27293",
        "a": "o"
    },
    {
        "o": 11173,
        "r": "csb:2 Kings:19:22",
        "w": 6,
        "l": {},
        "c": "2Kg 19:4,6*11152",
        "a": "p"
    },
    {
        "o": 11173,
        "r": "csb:2 Kings:19:22",
        "w": 25,
        "l": {},
        "c": "Is 5:24*19885; 30:11–15*20419; Jr 51:5*22691",
        "a": "q"
    },
    {
        "o": 11174,
        "r": "csb:2 Kings:19:23",
        "w": 4,
        "l": {},
        "t": "19:23*r Many mss read Lord",
        "a": "r"
    },
    {
        "o": 11174,
        "r": "csb:2 Kings:19:23",
        "w": 5,
        "l": {},
        "t": "19:23*r Lit by the hand of",
        "a": "s"
    },
    {
        "o": 11174,
        "r": "csb:2 Kings:19:23",
        "w": 7,
        "l": {},
        "c": "2Kg 18:17*11125; 19:4*11152",
        "a": "t"
    },
    {
        "o": 11174,
        "r": "csb:2 Kings:19:23",
        "w": 14,
        "l": {},
        "c": "Ps 20:7*15768; Jr 50:37*22674",
        "a": "u"
    },
    {
        "o": 11175,
        "r": "csb:2 Kings:19:24",
        "w": 16,
        "l": {},
        "c": "Is 19:6*20171",
        "a": "v"
    },
    {
        "o": 11176,
        "r": "csb:2 Kings:19:25",
        "w": 3,
        "l": {},
        "c": "Is 40:21*20659; 45:7*20800",
        "a": "w"
    },
    {
        "o": 11176,
        "r": "csb:2 Kings:19:25",
        "w": 22,
        "l": {},
        "c": "Is 10:5*19990",
        "a": "x"
    },
    {
        "o": 11177,
        "r": "csb:2 Kings:19:26",
        "w": 19,
        "l": {},
        "c": "Ps 129:6*18050",
        "a": "y"
    },
    {
        "o": 11177,
        "r": "csb:2 Kings:19:26",
        "w": 24,
        "l": {},
        "t": "19:26*r DSS; MT reads blasted before standing grain; Is 37:27",
        "a": "z"
    },
    {
        "o": 11178,
        "r": "csb:2 Kings:19:27",
        "w": 5,
        "l": {},
        "c": "Ps 139:1–2*18179",
        "a": "a"
    },
    {
        "o": 11179,
        "r": "csb:2 Kings:19:28",
        "w": 19,
        "l": {},
        "c": "Ezk 19:9*23510; 29:4*23838; 38:4*24105",
        "a": "b"
    },
    {
        "o": 11180,
        "r": "csb:2 Kings:19:29",
        "w": 4,
        "l": {},
        "c": "Ex 3:14*1754; 2Kg 20:8–9*11199; Is 7:14*19923",
        "a": "c"
    },
    {
        "o": 11181,
        "r": "csb:2 Kings:19:30",
        "w": 2,
        "l": {},
        "c": "2Kg 19:4*11152; 2Ch 32:22–23*13221",
        "a": "d"
    },
    {
        "o": 11182,
        "r": "csb:2 Kings:19:31",
        "w": 12,
        "l": {},
        "c": "Is 10:20*20007",
        "a": "e"
    },
    {
        "o": 11182,
        "r": "csb:2 Kings:19:31",
        "w": 22,
        "l": {},
        "c": "Is 9:7*19969",
        "a": "f"
    },
    {
        "o": 11183,
        "r": "csb:2 Kings:19:32",
        "w": 35,
        "l": {},
        "c": "Is 8:7–10*19943",
        "a": "g"
    },
    {
        "o": 11185,
        "r": "csb:2 Kings:19:34",
        "w": 18,
        "l": {},
        "c": "1Kg 11:12–13*10079; 2Kg 20:6*11197; Is 31:5*20450",
        "a": "h"
    },
    {
        "o": 11187,
        "r": "csb:2 Kings:19:35",
        "w": 35,
        "l": {},
        "c": "2Ch 32:21*13220; Is 37:36*20600",
        "a": "i"
    },
    {
        "o": 11188,
        "r": "csb:2 Kings:19:36",
        "w": 15,
        "l": {},
        "c": "Jnh 1:2*25376",
        "a": "j"
    },
    {
        "o": 11189,
        "r": "csb:2 Kings:19:37",
        "w": 15,
        "l": {},
        "c": "2Kg 17:31*11094",
        "a": "k"
    },
    {
        "o": 11189,
        "r": "csb:2 Kings:19:37",
        "w": 30,
        "l": {},
        "c": "Gn 8:4*209; Jr 51:27*22713",
        "a": "l"
    },
    {
        "o": 11189,
        "r": "csb:2 Kings:19:37",
        "w": 34,
        "l": {},
        "c": "Gn 10:11*273; Ezr 4:2*13473",
        "a": "m"
    }
]
