[
    {
        "o": 11147,
        "r": "csb:2 Kings:19:0",
        "t": "2 Kings 19",
        "h": 1
    },
    {
        "o": 11148,
        "r": "csb:2 Kings:19:0",
        "t": "Hezekiah Seeks Isaiah’s Counsel",
        "h": 2
    },
    {
        "o": 11149,
        "r": "csb:2 Kings:19:1",
        "t": "When*p King Hezekiah heard their report, he tore his clothes, covered himself with sackcloth, and went into the Lord’s*s temple."
    },
    {
        "o": 11150,
        "r": "csb:2 Kings:19:2",
        "t": "He sent Eliakim, who was in charge of the palace, Shebna the court secretary, and the leading priests, who were covered with sackcloth, to the prophet Isaiah son of Amoz."
    },
    {
        "o": 11151,
        "r": "csb:2 Kings:19:3",
        "t": "They said to him, “This is what Hezekiah says: ‘Today is a day of distress, rebuke, and disgrace, for children have come to the point of birth, but there is no strength to deliver them."
    },
    {
        "o": 11152,
        "r": "csb:2 Kings:19:4",
        "t": "Perhaps the Lord*s your God will hear all the words of the royal spokesman, whom his master the king of Assyria sent to mock the living God, and will rebuke him for the words that the Lord*s your God has heard. Therefore, offer a prayer for the surviving remnant.’”"
    },
    {
        "o": 11153,
        "r": "csb:2 Kings:19:5",
        "t": "So*p the servants of King Hezekiah went to Isaiah,"
    },
    {
        "o": 11154,
        "r": "csb:2 Kings:19:6",
        "t": "who said to them, “Tell your master, ‘The Lord*s says this: Don’t be afraid because of the words you have heard, with which the king of Assyria’s attendants have blasphemed me."
    },
    {
        "o": 11155,
        "r": "csb:2 Kings:19:7",
        "t": "I am about to put a spirit in him, and he will hear a rumor and return to his own land, where I will cause him to fall by the sword.’”"
    },
    {
        "o": 11156,
        "r": "csb:2 Kings:19:7",
        "t": "Sennacherib’s Departing Threat",
        "h": 2
    },
    {
        "o": 11157,
        "r": "csb:2 Kings:19:8",
        "t": "When*p the royal spokesman heard that the king of Assyria had pulled out of Lachish, he left and found him fighting against Libnah."
    },
    {
        "o": 11158,
        "r": "csb:2 Kings:19:9",
        "t": "The king had heard concerning King Tirhakah of Cush, “Look, he has set out to fight against you.” So he again sent messengers to Hezekiah, saying,"
    },
    {
        "o": 11159,
        "r": "csb:2 Kings:19:10",
        "t": "“Say this to King Hezekiah of Judah: ‘Don’t let your God, on whom you rely, deceive you by promising that Jerusalem will not be handed over to the king of Assyria."
    },
    {
        "o": 11160,
        "r": "csb:2 Kings:19:11",
        "t": "Look, you have heard what the kings of Assyria have done to all the countries: They completely destroyed them. Will you be rescued?"
    },
    {
        "o": 11161,
        "r": "csb:2 Kings:19:12",
        "t": "Did the gods of the nations that my predecessors destroyed rescue them - nations such as Gozan, Haran, Rezeph, and the Edenites in Telassar?"
    },
    {
        "o": 11162,
        "r": "csb:2 Kings:19:13",
        "t": "Where is the king of Hamath, the king of Arpad, the king of the city of Sepharvaim, Hena, or Ivvah?’”"
    },
    {
        "o": 11163,
        "r": "csb:2 Kings:19:13",
        "t": "Hezekiah’s Prayer",
        "h": 2
    },
    {
        "o": 11164,
        "r": "csb:2 Kings:19:14",
        "t": "Hezekiah*p took the letter from the messengers’ hands, read it, then went up to the Lord’s*s temple, and spread it out before the Lord.*s"
    },
    {
        "o": 11165,
        "r": "csb:2 Kings:19:15",
        "t": "Then Hezekiah prayed before the Lord:*s Lord*sp God of Israel, enthroned between the cherubim, you are God - you alone - of all the kingdoms of the earth. You made the heavens and the earth."
    },
    {
        "o": 11166,
        "r": "csb:2 Kings:19:16",
        "t": "Listen closely, Lord,*s and hear; open your eyes, Lord,*s and see. Hear the words that Sennacherib has sent to mock the living God."
    },
    {
        "o": 11167,
        "r": "csb:2 Kings:19:17",
        "t": "Lord,*s it is true that the kings of Assyria have devastated the nations and their lands."
    },
    {
        "o": 11168,
        "r": "csb:2 Kings:19:18",
        "t": "They have thrown their gods into the fire, for they were not gods but made by human hands - wood and stone. So they have destroyed them."
    },
    {
        "o": 11169,
        "r": "csb:2 Kings:19:19",
        "t": "Now, Lord*s our God, please save us from his power so that all the kingdoms of the earth may know that you, Lord,*s are God - you alone."
    },
    {
        "o": 11170,
        "r": "csb:2 Kings:19:19",
        "t": "God’s Answer through Isaiah",
        "h": 2
    },
    {
        "o": 11171,
        "r": "csb:2 Kings:19:20",
        "t": "Then*p Isaiah son of Amoz sent a message to Hezekiah: “The Lord,*s the God of Israel says, ‘I have heard your prayer to me about King Sennacherib of Assyria.’"
    },
    {
        "o": 11172,
        "r": "csb:2 Kings:19:21",
        "t": "This is the word the Lord*s has spoken against him: Virgin*pn Daughter Zion despises*ln you and scorns you; Daughter*ln Jerusalem shakes*ln her head behind your back."
    },
    {
        "o": 11173,
        "r": "csb:2 Kings:19:22",
        "t": "Who*ln is it you mocked and blasphemed? Against*ln whom have you raised your voice and*ln lifted your eyes in pride? Against*ln the Holy One of Israel!"
    },
    {
        "o": 11174,
        "r": "csb:2 Kings:19:23",
        "t": "You*ln have mocked the Lord through your messengers. You*ln have said, ‘With my many chariots I*ln have gone up to the heights of the mountains, to*ln the far recesses of Lebanon. I*ln cut down its tallest cedars, its*ln choice cypress trees. I*ln came to its farthest outpost, its*ln densest forest."
    },
    {
        "o": 11175,
        "r": "csb:2 Kings:19:24",
        "t": "I*ln dug wells and*ln drank water in foreign lands. I*ln dried up all the streams of Egypt with*ln the soles of my feet.’"
    },
    {
        "o": 11176,
        "r": "csb:2 Kings:19:25",
        "t": "Have*pn you not heard? I*ln designed it long ago; I*ln planned it in days gone by. I*ln have now brought it to pass, and*ln you have crushed fortified cities into*ln piles of rubble."
    },
    {
        "o": 11177,
        "r": "csb:2 Kings:19:26",
        "t": "Their*ln inhabitants have become powerless, dismayed,*ln and ashamed. They*ln are plants of the field, tender*ln grass, grass*ln on the rooftops, blasted*ln by the east wind."
    },
    {
        "o": 11178,
        "r": "csb:2 Kings:19:27",
        "t": "But*pn I know your sitting down, your*ln going out and your coming in, and*ln your raging against me."
    },
    {
        "o": 11179,
        "r": "csb:2 Kings:19:28",
        "t": "Because*ln your raging against me and*ln your arrogance have reached my ears, I*ln will put my hook in your nose and*ln my bit in your mouth; I*ln will make you go back the*ln way you came."
    },
    {
        "o": 11180,
        "r": "csb:2 Kings:19:29",
        "t": "“This*p will be the sign for you: This year you will eat what grows on its own, and in the second year what grows from that. But in the third year sow and reap, plant vineyards and eat their fruit."
    },
    {
        "o": 11181,
        "r": "csb:2 Kings:19:30",
        "t": "The surviving remnant of the house of Judah will again take root downward and bear fruit upward."
    },
    {
        "o": 11182,
        "r": "csb:2 Kings:19:31",
        "t": "For a remnant will go out from Jerusalem, and survivors, from Mount Zion. The zeal of the Lord*s of Armies will accomplish this."
    },
    {
        "o": 11183,
        "r": "csb:2 Kings:19:32",
        "t": "Therefore,*pn this is what the Lord*s says about the king of Assyria: He*ln will not enter this city, shoot*ln an arrow here, come*ln before it with a shield, or*ln build up a siege ramp against it."
    },
    {
        "o": 11184,
        "r": "csb:2 Kings:19:33",
        "t": "He*ln will go back the*ln way he came, and*ln he will not enter this city. This*lg is the Lord’s*s declaration."
    },
    {
        "o": 11185,
        "r": "csb:2 Kings:19:34",
        "t": "I*pn will defend this city and rescue it for*ln my sake and for the sake of my servant David.”"
    },
    {
        "o": 11186,
        "r": "csb:2 Kings:19:34",
        "t": "Defeat and Death of Sennacherib",
        "h": 2
    },
    {
        "o": 11187,
        "r": "csb:2 Kings:19:35",
        "t": "That*p night the angel of the Lord*s went out and struck down one hundred eighty-five thousand in the camp of the Assyrians. When the people got up the next morning - there were all the dead bodies!"
    },
    {
        "o": 11188,
        "r": "csb:2 Kings:19:36",
        "t": "So King Sennacherib of Assyria broke camp and left. He returned home and lived in Nineveh."
    },
    {
        "o": 11189,
        "r": "csb:2 Kings:19:37",
        "t": "One*p day, while he was worshiping in the temple of his god Nisroch, his sons Adrammelech and Sharezer struck him down with the sword and escaped to the land of Ararat. Then his son Esar-haddon became king in his place."
    }
]
