[
    {
        "o": 13198,
        "r": "csb:2 Chronicles:32:1",
        "w": 20,
        "l": {},
        "t": "32:1*r Lit said to himself",
        "a": "a"
    },
    {
        "o": 13198,
        "r": "csb:2 Chronicles:32:1",
        "w": 24,
        "l": {},
        "c": "2Kg 18:13*11121; Is 36:1*20537",
        "a": "b"
    },
    {
        "o": 13199,
        "r": "csb:2 Chronicles:32:2",
        "w": 9,
        "l": {},
        "t": "32:2*r Lit that his face was for",
        "a": "c"
    },
    {
        "o": 13201,
        "r": "csb:2 Chronicles:32:4",
        "w": 8,
        "l": {},
        "c": "2Kg 20:20*11213",
        "a": "d"
    },
    {
        "o": 13201,
        "r": "csb:2 Chronicles:32:4",
        "w": 16,
        "l": {},
        "c": "2Ch 32:30*13231",
        "a": "e"
    },
    {
        "o": 13202,
        "r": "csb:2 Chronicles:32:5",
        "w": 10,
        "l": {},
        "c": "2Ch 25:23*13028",
        "a": "f"
    },
    {
        "o": 13202,
        "r": "csb:2 Chronicles:32:5",
        "w": 19,
        "l": {},
        "c": "2Kg 25:4*11345",
        "a": "g"
    },
    {
        "o": 13202,
        "r": "csb:2 Chronicles:32:5",
        "w": 24,
        "l": {},
        "c": "2Sm 5:9*9000; 1Kg 9:15*10019",
        "a": "h"
    },
    {
        "o": 13203,
        "r": "csb:2 Chronicles:32:6",
        "w": 21,
        "l": {},
        "t": "32:6*r Lit he spoke to their hearts",
        "a": "i"
    },
    {
        "o": 13203,
        "r": "csb:2 Chronicles:32:6",
        "w": 21,
        "l": {},
        "c": "2Ch 30:22*13166",
        "a": "j"
    },
    {
        "o": 13204,
        "r": "csb:2 Chronicles:32:7",
        "w": 3,
        "l": {},
        "c": "Dt 31:6*6336; Jos 1:6–9*6469; 10:25*6728; 1Ch 22:13*12167; Ps 31:24*15967",
        "a": "k"
    },
    {
        "o": 13204,
        "r": "csb:2 Chronicles:32:7",
        "w": 31,
        "l": {},
        "c": "2Kg 6:16*10718; 1Jn 4:4*34707",
        "a": "l"
    },
    {
        "o": 13205,
        "r": "csb:2 Chronicles:32:8",
        "w": 4,
        "l": {},
        "t": "32:8*r Lit With him an arm of flesh",
        "a": "m"
    },
    {
        "o": 13205,
        "r": "csb:2 Chronicles:32:8",
        "w": 19,
        "l": {},
        "c": "2Ch 20:17*12881; Is 31:3*20448; Jr 17:5*21711",
        "a": "n"
    },
    {
        "o": 13207,
        "r": "csb:2 Chronicles:32:9",
        "w": 1,
        "l": {},
        "c": "2Kg 18:17–22*11125; Is 36:2–7*20538",
        "a": "o"
    },
    {
        "o": 13207,
        "r": "csb:2 Chronicles:32:9",
        "w": 12,
        "l": {},
        "t": "32:9*r Lit with his dominion was against",
        "a": "p"
    },
    {
        "o": 13210,
        "r": "csb:2 Chronicles:32:12",
        "w": 9,
        "l": {},
        "c": "2Ch 31:1*13175",
        "a": "q"
    },
    {
        "o": 13211,
        "r": "csb:2 Chronicles:32:13",
        "w": 2,
        "l": {},
        "c": "2Kg 18:33–35*11142; Is 36:18–20*20554",
        "a": "r"
    },
    {
        "o": 13212,
        "r": "csb:2 Chronicles:32:14",
        "w": 33,
        "l": {},
        "c": "Is 10:9–11*19994",
        "a": "s"
    },
    {
        "o": 13213,
        "r": "csb:2 Chronicles:32:15",
        "w": 1,
        "l": {},
        "c": "2Kg 18:28–30*11137; Is 36:13–15*20549",
        "a": "t"
    },
    {
        "o": 13215,
        "r": "csb:2 Chronicles:32:17",
        "w": 42,
        "l": {},
        "c": "2Ch 32:14*13212",
        "a": "u"
    },
    {
        "o": 13216,
        "r": "csb:2 Chronicles:32:18",
        "w": 6,
        "l": {},
        "t": "32:18*r Lit Judahite",
        "a": "v"
    },
    {
        "o": 13219,
        "r": "csb:2 Chronicles:32:20",
        "w": 16,
        "l": {},
        "c": "2Kg 19:15*11165; Is 37:15–16*20577",
        "a": "w"
    },
    {
        "o": 13220,
        "r": "csb:2 Chronicles:32:21",
        "w": 53,
        "l": {},
        "c": "2Kg 19:35–37*11187; Is 37:36–38*20600",
        "a": "x"
    },
    {
        "o": 13221,
        "r": "csb:2 Chronicles:32:22",
        "w": 28,
        "l": {},
        "t": "32:22*r Lit He led them; Ps 23:2",
        "a": "y"
    },
    {
        "o": 13221,
        "r": "csb:2 Chronicles:32:22",
        "w": 28,
        "l": {},
        "c": "Ps 23:2*15825",
        "a": "z"
    },
    {
        "o": 13222,
        "r": "csb:2 Chronicles:32:23",
        "w": 30,
        "l": {},
        "c": "2Sm 8:10*9085; 2Ch 9:23–24*12629",
        "a": "a"
    },
    {
        "o": 13224,
        "r": "csb:2 Chronicles:32:24",
        "w": 26,
        "l": {},
        "c": "2Kg 20:1–3,8–11*11192; Is 38:1–3,7–8*20605",
        "a": "b"
    },
    {
        "o": 13225,
        "r": "csb:2 Chronicles:32:25",
        "w": 5,
        "l": {},
        "c": "2Ch 26:16*13054; 32:31*13233",
        "a": "c"
    },
    {
        "o": 13225,
        "r": "csb:2 Chronicles:32:25",
        "w": 26,
        "l": {},
        "c": "2Ch 24:18*12990",
        "a": "d"
    },
    {
        "o": 13226,
        "r": "csb:2 Chronicles:32:26",
        "w": 21,
        "l": {},
        "c": "Jr 26:18–19*21976",
        "a": "e"
    },
    {
        "o": 13226,
        "r": "csb:2 Chronicles:32:26",
        "w": 26,
        "l": {},
        "c": "2Kg 20:18–19*11210; Is 39:7–8*20635",
        "a": "f"
    },
    {
        "o": 13231,
        "r": "csb:2 Chronicles:32:30",
        "w": 13,
        "l": {},
        "c": "1Kg 1:33*9667",
        "a": "g"
    },
    {
        "o": 13231,
        "r": "csb:2 Chronicles:32:30",
        "w": 25,
        "l": {},
        "c": "2Kg 20:20*11213",
        "a": "h"
    },
    {
        "o": 13232,
        "r": "csb:2 Chronicles:32:31",
        "w": 5,
        "l": {},
        "c": "2Kg 20:12*11204; Is 39:1*20629",
        "a": "i"
    },
    {
        "o": 13232,
        "r": "csb:2 Chronicles:32:31",
        "w": 7,
        "l": {},
        "t": "32:31*r LXX, Tg, Vg; MT reads of Babylon sent",
        "a": "j"
    },
    {
        "o": 13232,
        "r": "csb:2 Chronicles:32:31",
        "w": 15,
        "l": {},
        "c": "2Ch 32:24*13224",
        "a": "k"
    },
    {
        "o": 13232,
        "r": "csb:2 Chronicles:32:31",
        "w": 33,
        "l": {},
        "c": "Dt 8:2*5653; 13:3*5803",
        "a": "l"
    },
    {
        "o": 13234,
        "r": "csb:2 Chronicles:32:32",
        "w": 6,
        "l": {},
        "c": "2Kg 20:20–21*11213",
        "a": "m"
    },
    {
        "o": 13234,
        "r": "csb:2 Chronicles:32:32",
        "w": 30,
        "l": {},
        "c": "Is 36:1–39:8*20537",
        "a": "n"
    },
    {
        "o": 13234,
        "r": "csb:2 Chronicles:32:32",
        "w": 41,
        "l": {},
        "c": "2Kg 18:9–20:19*11116",
        "a": "o"
    }
]
