[
    {
        "o": 30848,
        "r": "csb:Acts:10:1",
        "w": 16,
        "l": {},
        "c": "Mt 27:27*27280; Mk 15:16*28072; Jn 18:3,12*30295; Ac 8:40*30793",
        "a": "a"
    },
    {
        "o": 30849,
        "r": "csb:Acts:10:2",
        "w": 26,
        "l": {},
        "c": "Ac 10:22,35*30871; 13:16,26*30982",
        "a": "b"
    },
    {
        "o": 30850,
        "r": "csb:Acts:10:3",
        "w": 4,
        "l": {},
        "t": "10:3*r Lit About the ninth hour",
        "a": "c"
    },
    {
        "o": 30850,
        "r": "csb:Acts:10:3",
        "w": 22,
        "l": {},
        "c": "Ac 3:1*30544; 5:19*30636; 9:10*30806; 10:17,19*30866",
        "a": "d"
    },
    {
        "o": 30851,
        "r": "csb:Acts:10:4",
        "w": 29,
        "l": {},
        "c": "Ac 9:43*30845; 11:14*30915",
        "a": "e"
    },
    {
        "o": 30853,
        "r": "csb:Acts:10:6",
        "w": 12,
        "l": {},
        "c": "Lk 16:13*28993; Rm 14:4*32016; 1Pt 2:18*34483",
        "a": "f"
    },
    {
        "o": 30857,
        "r": "csb:Acts:10:9",
        "w": 0,
        "l": {},
        "c": "Ac 11:5–14*30906",
        "a": "g"
    },
    {
        "o": 30857,
        "r": "csb:Acts:10:9",
        "w": 18,
        "l": {},
        "c": "Ps 55:17*16432; Jr 19:13*21778; 32:29*22171; Zph 1:5*25687; Mt 24:17*27074",
        "a": "h"
    },
    {
        "o": 30857,
        "r": "csb:Acts:10:9",
        "w": 20,
        "l": {},
        "t": "10:9*r Lit about the sixth hour",
        "a": "i"
    },
    {
        "o": 30859,
        "r": "csb:Acts:10:11",
        "w": 3,
        "l": {},
        "c": "Jn 1:51*29518; Ac 22:17*31369",
        "a": "j"
    },
    {
        "o": 30862,
        "r": "csb:Acts:10:14",
        "w": 13,
        "l": {},
        "c": "Lv 11:4*3325; 20:25*3695; Dt 4:4–20*5509; Ezk 4:14*23126; Dn 1:8*24461; Ac 9:5*30800",
        "a": "k"
    },
    {
        "o": 30863,
        "r": "csb:Acts:10:15",
        "w": 17,
        "l": {},
        "c": "Mt 15:11*26697; Mk 7:19*27654; Rm 14:14*32027; 1Co 10:25*32372; 1Tm 4:4*33711; Ti 1:15*33897",
        "a": "l"
    },
    {
        "o": 30868,
        "r": "csb:Acts:10:19",
        "w": 17,
        "l": {},
        "c": "Ac 8:29*30783; 10:3*30850",
        "a": "m"
    },
    {
        "o": 30869,
        "r": "csb:Acts:10:20",
        "w": 17,
        "l": {},
        "c": "Ac 15:7–9*31061",
        "a": "n"
    },
    {
        "o": 30871,
        "r": "csb:Acts:10:22",
        "w": 39,
        "l": {},
        "c": "Mk 8:38*27719; Ac 10:2*30849; 11:14*30915",
        "a": "o"
    },
    {
        "o": 30872,
        "r": "csb:Acts:10:23",
        "w": 29,
        "l": {},
        "c": "Ac 10:45*30896; 11:12*30913",
        "a": "p"
    },
    {
        "o": 30875,
        "r": "csb:Acts:10:26",
        "w": 14,
        "l": {},
        "c": "Ac 14:15*31037; Rv 19:10*35225; 22:8*35298",
        "a": "q"
    },
    {
        "o": 30877,
        "r": "csb:Acts:10:28",
        "w": 18,
        "l": {},
        "c": "Jn 4:9*29597; 18:28*30325; Ac 11:3*30904",
        "a": "r"
    },
    {
        "o": 30877,
        "r": "csb:Acts:10:28",
        "w": 33,
        "l": {},
        "c": "Ac 10:14–15,35*30862; 15:8–9*31062",
        "a": "s"
    },
    {
        "o": 30879,
        "r": "csb:Acts:10:30",
        "w": 12,
        "l": {},
        "t": "10:30*r Lit at the ninth hour",
        "a": "t"
    },
    {
        "o": 30879,
        "r": "csb:Acts:10:30",
        "w": 14,
        "l": {},
        "t": "10:30*r Other mss add fasting and",
        "a": "u"
    },
    {
        "o": 30879,
        "r": "csb:Acts:10:30",
        "w": 28,
        "l": {},
        "c": "Ac 1:10*30471; 3:1*30544",
        "a": "v"
    },
    {
        "o": 30881,
        "r": "csb:Acts:10:32",
        "w": 24,
        "l": {},
        "t": "10:32*r Other mss add When he arrives, he will speak to you.",
        "a": "w"
    },
    {
        "o": 30884,
        "r": "csb:Acts:10:34",
        "w": 12,
        "l": {},
        "c": "Dt 10:17*5723; 2Ch 19:7*12856; Rm 2:11*31655; Gl 2:6*32936; Eph 6:9*33232; Col 3:25*33458; 1Pt 1:17*34453",
        "a": "x"
    },
    {
        "o": 30886,
        "r": "csb:Acts:10:36",
        "w": 20,
        "l": {},
        "c": "Mt 28:18*27345; Ac 2:36*30529; 13:32*30998; Rm 10:12*31917; Eph 2:17*33118; Rv 17:14*35180",
        "a": "y"
    },
    {
        "o": 30888,
        "r": "csb:Acts:10:38",
        "w": 35,
        "l": {},
        "c": "Mt 4:23*26208; Lk 4:18*28345; Jn 3:2*29550; Ac 4:26*30601",
        "a": "z"
    },
    {
        "o": 30889,
        "r": "csb:Acts:10:39",
        "w": 26,
        "l": {},
        "c": "Lk 24:48*29456; Ac 2:32*30524; 5:30*30649",
        "a": "a"
    },
    {
        "o": 30891,
        "r": "csb:Acts:10:41",
        "w": 24,
        "l": {},
        "c": "Lk 24:43*29451; Jn 14:17,22*30177",
        "a": "b"
    },
    {
        "o": 30892,
        "r": "csb:Acts:10:42",
        "w": 28,
        "l": {},
        "c": "Jn 5:22*29670; Ac 17:31*31181; Rm 14:9*32021; 2Co 5:10*32709; 2Tm 4:1*33856; 1Pt 4:5*34523",
        "a": "c"
    },
    {
        "o": 30893,
        "r": "csb:Acts:10:43",
        "w": 3,
        "l": {},
        "c": "Is 53:11*20971; Jr 31:34*22134",
        "a": "d"
    },
    {
        "o": 30893,
        "r": "csb:Acts:10:43",
        "w": 9,
        "l": {},
        "c": "1Jn 2:12*34654; 3:23*34700",
        "a": "e"
    },
    {
        "o": 30893,
        "r": "csb:Acts:10:43",
        "w": 18,
        "l": {},
        "c": "Lk 24:47*29455; Ac 15:9*31063; Rm 10:11*31916; Gl 3:22*32978",
        "a": "f"
    },
    {
        "o": 30895,
        "r": "csb:Acts:10:44",
        "w": 11,
        "l": {},
        "c": "Ac 11:15*30916; 15:8*31062",
        "a": "g"
    },
    {
        "o": 30896,
        "r": "csb:Acts:10:45",
        "w": 24,
        "l": {},
        "c": "Ac 2:33,38*30525; 10:23*30872; 11:18*30920",
        "a": "h"
    },
    {
        "o": 30897,
        "r": "csb:Acts:10:46",
        "w": 6,
        "l": {},
        "t": "10:46*r Or other languages",
        "a": "i"
    },
    {
        "o": 30898,
        "r": "csb:Acts:10:47",
        "w": 20,
        "l": {},
        "c": "Ac 2:4*30495; 8:36*30790; 11:17*30918; 15:8*31062",
        "a": "j"
    },
    {
        "o": 30899,
        "r": "csb:Acts:10:48",
        "w": 11,
        "l": {},
        "c": "Ac 2:38*30531; 8:16*30769; 1Co 1:14–17*32124",
        "a": "k"
    }
]
