[
    {
        "o": 12971,
        "r": "csb:2 Chronicles:24:1",
        "w": 0,
        "l": {},
        "c": "2Kg 11:21*10898; 12:1–2*10900",
        "a": "a"
    },
    {
        "o": 12972,
        "r": "csb:2 Chronicles:24:2",
        "w": 15,
        "l": {},
        "c": "2Ch 26:4–5*13040",
        "a": "b"
    },
    {
        "o": 12975,
        "r": "csb:2 Chronicles:24:4",
        "w": 0,
        "l": {},
        "c": "2Kg 12:4–12*10904",
        "a": "c"
    },
    {
        "o": 12975,
        "r": "csb:2 Chronicles:24:4",
        "w": 7,
        "l": {},
        "c": "2Ch 24:7*12978",
        "a": "d"
    },
    {
        "o": 12976,
        "r": "csb:2 Chronicles:24:5",
        "w": 33,
        "l": {},
        "c": "Ex 30:12–16*2646; 2Ch 34:9–10*13278; Neh 10:32*13999; Mt 17:24*26789",
        "a": "e"
    },
    {
        "o": 12977,
        "r": "csb:2 Chronicles:24:6",
        "w": 37,
        "l": {},
        "c": "Nm 1:50*4026",
        "a": "f"
    },
    {
        "o": 12980,
        "r": "csb:2 Chronicles:24:9",
        "w": 2,
        "l": {},
        "c": "2Ch 36:22*13364",
        "a": "g"
    },
    {
        "o": 12983,
        "r": "csb:2 Chronicles:24:12",
        "w": 37,
        "l": {},
        "c": "2Kg 22:4–6*11251",
        "a": "h"
    },
    {
        "o": 12985,
        "r": "csb:2 Chronicles:24:14",
        "w": 33,
        "l": {},
        "t": "24:14*r Or dishes, or spoons; lit palms",
        "a": "i"
    },
    {
        "o": 12988,
        "r": "csb:2 Chronicles:24:16",
        "w": 10,
        "l": {},
        "c": "2Ch 21:20*12929; 24:25*12999",
        "a": "j"
    },
    {
        "o": 12990,
        "r": "csb:2 Chronicles:24:18",
        "w": 20,
        "l": {},
        "c": "Ex 34:12–14*2775",
        "a": "k"
    },
    {
        "o": 12990,
        "r": "csb:2 Chronicles:24:18",
        "w": 24,
        "l": {},
        "c": "Jos 22:20*7136",
        "a": "l"
    },
    {
        "o": 12991,
        "r": "csb:2 Chronicles:24:19",
        "w": 4,
        "l": {},
        "c": "Jr 7:25*21452",
        "a": "m"
    },
    {
        "o": 12991,
        "r": "csb:2 Chronicles:24:19",
        "w": 20,
        "l": {},
        "c": "Neh 9:30*13956; Ps 81:8–11*16987; Jr 11:6–8*21556",
        "a": "n"
    },
    {
        "o": 12992,
        "r": "csb:2 Chronicles:24:20",
        "w": 4,
        "l": {},
        "t": "24:20*r Lit clothed",
        "a": "o"
    },
    {
        "o": 12992,
        "r": "csb:2 Chronicles:24:20",
        "w": 4,
        "l": {},
        "c": "Jdg 6:34*7407; 1Ch 12:18*11903",
        "a": "p"
    },
    {
        "o": 12992,
        "r": "csb:2 Chronicles:24:20",
        "w": 37,
        "l": {},
        "c": "Nm 14:41*4564",
        "a": "q"
    },
    {
        "o": 12992,
        "r": "csb:2 Chronicles:24:20",
        "w": 47,
        "l": {},
        "c": "2Ch 15:2*12750",
        "a": "r"
    },
    {
        "o": 12993,
        "r": "csb:2 Chronicles:24:21",
        "w": 18,
        "l": {},
        "c": "Neh 9:26*13952; Mt 23:35*27047; Lk 11:51*28785",
        "a": "s"
    },
    {
        "o": 12994,
        "r": "csb:2 Chronicles:24:22",
        "w": 29,
        "l": {},
        "c": "Gn 9:5*235",
        "a": "t"
    },
    {
        "o": 12996,
        "r": "csb:2 Chronicles:24:23",
        "w": 10,
        "l": {},
        "c": "2Kg 12:17*10918",
        "a": "u"
    },
    {
        "o": 12997,
        "r": "csb:2 Chronicles:24:24",
        "w": 13,
        "l": {},
        "c": "2Ch 16:7–8*12777",
        "a": "v"
    },
    {
        "o": 12997,
        "r": "csb:2 Chronicles:24:24",
        "w": 25,
        "l": {},
        "c": "2Ch 24:20*12992",
        "a": "w"
    },
    {
        "o": 12999,
        "r": "csb:2 Chronicles:24:25",
        "w": 0,
        "l": {},
        "c": "2Kg 12:19–21*10921",
        "a": "x"
    },
    {
        "o": 12999,
        "r": "csb:2 Chronicles:24:25",
        "w": 59,
        "l": {},
        "c": "2Ch 24:16*12988",
        "a": "y"
    },
    {
        "o": 13000,
        "r": "csb:2 Chronicles:24:26",
        "w": 20,
        "l": {},
        "t": "24:26*r = Shomer in 2Kg 12:21",
        "a": "z"
    },
    {
        "o": 13000,
        "r": "csb:2 Chronicles:24:26",
        "w": 20,
        "l": {},
        "c": "2Kg 12:21*10923",
        "a": "a"
    },
    {
        "o": 13001,
        "r": "csb:2 Chronicles:24:27",
        "w": 13,
        "l": {},
        "c": "2Ch 24:12*12983",
        "a": "b"
    },
    {
        "o": 13001,
        "r": "csb:2 Chronicles:24:27",
        "w": 21,
        "l": {},
        "c": "2Ch 13:22*12728",
        "a": "c"
    }
]
