[
    {
        "o": 10224,
        "r": "csb:1 Kings:15:2",
        "w": 6,
        "l": {},
        "c": "2Ch 13:1–2*12707",
        "a": "a"
    },
    {
        "o": 10224,
        "r": "csb:1 Kings:15:2",
        "w": 11,
        "l": {},
        "c": "1Kg 15:10,13*10233; 2Ch 13:2*12708",
        "a": "b"
    },
    {
        "o": 10224,
        "r": "csb:1 Kings:15:2",
        "w": 12,
        "l": {},
        "t": "15:2*r Possibly granddaughter, also in v. 10; 2Ch 13:2",
        "a": "c"
    },
    {
        "o": 10225,
        "r": "csb:1 Kings:15:3",
        "w": 11,
        "l": {},
        "c": "1Kg 14:21–22*10210",
        "a": "d"
    },
    {
        "o": 10225,
        "r": "csb:1 Kings:15:3",
        "w": 28,
        "l": {},
        "c": "1Kg 9:4*10006; 11:4*10071",
        "a": "e"
    },
    {
        "o": 10226,
        "r": "csb:1 Kings:15:4",
        "w": 13,
        "l": {},
        "t": "15:4*r Or dominion",
        "a": "f"
    },
    {
        "o": 10226,
        "r": "csb:1 Kings:15:4",
        "w": 26,
        "l": {},
        "c": "2Sm 21:17*9500; 1Kg 11:36*10104; 2Ch 21:7*12914",
        "a": "g"
    },
    {
        "o": 10227,
        "r": "csb:1 Kings:15:5",
        "w": 27,
        "l": {},
        "c": "1Kg 9:4*10006; 14:8*10196",
        "a": "h"
    },
    {
        "o": 10227,
        "r": "csb:1 Kings:15:5",
        "w": 33,
        "l": {},
        "c": "2Sm 11:3,15–17*9134; 12:9–10*9170",
        "a": "i"
    },
    {
        "o": 10228,
        "r": "csb:1 Kings:15:6",
        "w": 13,
        "l": {},
        "c": "1Kg 14:30*10219; 2Ch 12:15*12703",
        "a": "j"
    },
    {
        "o": 10229,
        "r": "csb:1 Kings:15:7",
        "w": 21,
        "l": {},
        "c": "1Kg 14:29*10218",
        "a": "k"
    },
    {
        "o": 10229,
        "r": "csb:1 Kings:15:7",
        "w": 29,
        "l": {},
        "c": "2Ch 13:4–20*12710",
        "a": "l"
    },
    {
        "o": 10230,
        "r": "csb:1 Kings:15:8",
        "w": 12,
        "l": {},
        "c": "1Kg 14:31*10220; 2Ch 14:1*12731",
        "a": "m"
    },
    {
        "o": 10230,
        "r": "csb:1 Kings:15:8",
        "w": 20,
        "l": {},
        "c": "1Kg 14:31*10220; 2Ch 14–16*12729",
        "a": "n"
    },
    {
        "o": 10232,
        "r": "csb:1 Kings:15:9",
        "w": 7,
        "l": {},
        "c": "1Kg 15:1*10223",
        "a": "o"
    },
    {
        "o": 10233,
        "r": "csb:1 Kings:15:10",
        "w": 8,
        "l": {},
        "t": "15:10*r Lit mother’s",
        "a": "p"
    },
    {
        "o": 10233,
        "r": "csb:1 Kings:15:10",
        "w": 11,
        "l": {},
        "c": "1Kg 15:2*10224",
        "a": "q"
    },
    {
        "o": 10234,
        "r": "csb:1 Kings:15:11",
        "w": 14,
        "l": {},
        "c": "1Kg 9:4–5*10006; 2Ch 14:2*12732",
        "a": "r"
    },
    {
        "o": 10235,
        "r": "csb:1 Kings:15:12",
        "w": 5,
        "l": {},
        "c": "Dt 23:17*6089; 1Kg 14:24*10213",
        "a": "s"
    },
    {
        "o": 10235,
        "r": "csb:1 Kings:15:12",
        "w": 19,
        "l": {},
        "c": "1Kg 11:7*10074; 14:23*10212; 2Ch 14:3,5*12733",
        "a": "t"
    },
    {
        "o": 10236,
        "r": "csb:1 Kings:15:13",
        "w": 1,
        "l": {},
        "c": "2Ch 15:16–18*12764",
        "a": "u"
    },
    {
        "o": 10236,
        "r": "csb:1 Kings:15:13",
        "w": 4,
        "l": {},
        "t": "15:13*r Lit mother",
        "a": "v"
    },
    {
        "o": 10236,
        "r": "csb:1 Kings:15:13",
        "w": 27,
        "l": {},
        "c": "Ex 32:20*2719",
        "a": "w"
    },
    {
        "o": 10236,
        "r": "csb:1 Kings:15:13",
        "w": 31,
        "l": {},
        "c": "2Kg 23:6*11278",
        "a": "x"
    },
    {
        "o": 10237,
        "r": "csb:1 Kings:15:14",
        "w": 6,
        "l": {},
        "c": "1Kg 22:43*10527",
        "a": "y"
    },
    {
        "o": 10237,
        "r": "csb:1 Kings:15:14",
        "w": 17,
        "l": {},
        "c": "1Kg 8:61*9995; 15:3*10225",
        "a": "z"
    },
    {
        "o": 10238,
        "r": "csb:1 Kings:15:15",
        "w": 18,
        "l": {},
        "c": "1Kg 7:51*9930",
        "a": "a"
    },
    {
        "o": 10239,
        "r": "csb:1 Kings:15:16",
        "w": 12,
        "l": {},
        "c": "1Kg 15:32*10257",
        "a": "b"
    },
    {
        "o": 10240,
        "r": "csb:1 Kings:15:17",
        "w": 7,
        "l": {},
        "c": "2Ch 16:1–6*12770",
        "a": "c"
    },
    {
        "o": 10240,
        "r": "csb:1 Kings:15:17",
        "w": 10,
        "l": {},
        "c": "Jos 18:25*6987",
        "a": "d"
    },
    {
        "o": 10241,
        "r": "csb:1 Kings:15:18",
        "w": 16,
        "l": {},
        "c": "1Kg 14:26*10215",
        "a": "e"
    },
    {
        "o": 10241,
        "r": "csb:1 Kings:15:18",
        "w": 36,
        "l": {},
        "c": "1Kg 20:1*10404",
        "a": "f"
    },
    {
        "o": 10241,
        "r": "csb:1 Kings:15:18",
        "w": 49,
        "l": {},
        "c": "1Kg 11:23–24*10091",
        "a": "g"
    },
    {
        "o": 10242,
        "r": "csb:1 Kings:15:19",
        "w": 13,
        "l": {},
        "c": "1Kg 5:12*9824; 2Ch 16:7*12777",
        "a": "h"
    },
    {
        "o": 10242,
        "r": "csb:1 Kings:15:19",
        "w": 34,
        "l": {},
        "c": "1Kg 15:27–28*10251",
        "a": "i"
    },
    {
        "o": 10243,
        "r": "csb:1 Kings:15:20",
        "w": 19,
        "l": {},
        "c": "2Kg 15:29*11023",
        "a": "j"
    },
    {
        "o": 10243,
        "r": "csb:1 Kings:15:20",
        "w": 20,
        "l": {},
        "c": "Jdg 18:29*7776; 1Kg 12:29*10145",
        "a": "k"
    },
    {
        "o": 10243,
        "r": "csb:1 Kings:15:20",
        "w": 21,
        "l": {},
        "c": "2Sm 20:15*9468; 2Kg 15:29*11023",
        "a": "l"
    },
    {
        "o": 10243,
        "r": "csb:1 Kings:15:20",
        "w": 23,
        "l": {},
        "c": "Jos 11:2*6751; 12:3*6778",
        "a": "m"
    },
    {
        "o": 10243,
        "r": "csb:1 Kings:15:20",
        "w": 29,
        "l": {},
        "c": "Jos 19:32–39*7028; 1Kg 20:34*10438",
        "a": "n"
    },
    {
        "o": 10244,
        "r": "csb:1 Kings:15:21",
        "w": 12,
        "l": {},
        "c": "1Kg 14:17*10205; 15:33*10258; 16:8,15–18*10269",
        "a": "o"
    },
    {
        "o": 10245,
        "r": "csb:1 Kings:15:22",
        "w": 32,
        "l": {},
        "c": "Jos 18:24*6986; 21:17*7080",
        "a": "p"
    },
    {
        "o": 10245,
        "r": "csb:1 Kings:15:22",
        "w": 36,
        "l": {},
        "c": "Jos 11:3*6752; 2Ch 16:6*12776",
        "a": "q"
    },
    {
        "o": 10246,
        "r": "csb:1 Kings:15:23",
        "w": 8,
        "l": {},
        "c": "2Ch 16:11–14*12782",
        "a": "r"
    },
    {
        "o": 10246,
        "r": "csb:1 Kings:15:23",
        "w": 30,
        "l": {},
        "c": "1Kg 14:29*10218; 15:7*10229",
        "a": "s"
    },
    {
        "o": 10246,
        "r": "csb:1 Kings:15:23",
        "w": 42,
        "l": {},
        "c": "2Ch 16:12*12783",
        "a": "t"
    },
    {
        "o": 10247,
        "r": "csb:1 Kings:15:24",
        "w": 15,
        "l": {},
        "c": "1Kg 14:31*10220; 15:8*10231",
        "a": "u"
    },
    {
        "o": 10247,
        "r": "csb:1 Kings:15:24",
        "w": 18,
        "l": {},
        "c": "1Kg 22:41–50*10525",
        "a": "v"
    },
    {
        "o": 10249,
        "r": "csb:1 Kings:15:25",
        "w": 3,
        "l": {},
        "c": "1Kg 14:20*10209",
        "a": "w"
    },
    {
        "o": 10250,
        "r": "csb:1 Kings:15:26",
        "w": 25,
        "l": {},
        "c": "1Kg 14:16*10204; 15:30,34*10254",
        "a": "x"
    },
    {
        "o": 10251,
        "r": "csb:1 Kings:15:27",
        "w": 1,
        "l": {},
        "c": "1Kg 14:14*10202; 15:16*10239",
        "a": "y"
    },
    {
        "o": 10251,
        "r": "csb:1 Kings:15:27",
        "w": 19,
        "l": {},
        "c": "Jos 19:44*7041; 1Kg 16:15*10277",
        "a": "z"
    },
    {
        "o": 10252,
        "r": "csb:1 Kings:15:28",
        "w": 7,
        "l": {},
        "c": "1Kg 15:8–24*10231; 2Ch 14–16*12729",
        "a": "a"
    },
    {
        "o": 10252,
        "r": "csb:1 Kings:15:28",
        "w": 10,
        "l": {},
        "c": "1Kg 16:8–10*10269",
        "a": "b"
    },
    {
        "o": 10253,
        "r": "csb:1 Kings:15:29",
        "w": 11,
        "l": {},
        "c": "1Kg 13:34*10186",
        "a": "c"
    },
    {
        "o": 10253,
        "r": "csb:1 Kings:15:29",
        "w": 19,
        "l": {},
        "t": "15:29*r Lit Jeroboam anyone breathing until he",
        "a": "d"
    },
    {
        "o": 10253,
        "r": "csb:1 Kings:15:29",
        "w": 38,
        "l": {},
        "c": "1Kg 14:10*10198",
        "a": "e"
    },
    {
        "o": 10254,
        "r": "csb:1 Kings:15:30",
        "w": 5,
        "l": {},
        "t": "15:30*r Lit provoked in the provocation of",
        "a": "f"
    },
    {
        "o": 10254,
        "r": "csb:1 Kings:15:30",
        "w": 22,
        "l": {},
        "c": "1Kg 14:7–9*10195",
        "a": "g"
    },
    {
        "o": 10255,
        "r": "csb:1 Kings:15:31",
        "w": 21,
        "l": {},
        "c": "1Kg 14:19*10207; 16:5*10265",
        "a": "h"
    },
    {
        "o": 10256,
        "r": "csb:1 Kings:15:32",
        "w": 12,
        "l": {},
        "c": "1Kg 15:16*10239",
        "a": "i"
    },
    {
        "o": 10258,
        "r": "csb:1 Kings:15:33",
        "w": 21,
        "l": {},
        "c": "1Kg 15:21*10244",
        "a": "j"
    },
    {
        "o": 10259,
        "r": "csb:1 Kings:15:34",
        "w": 24,
        "l": {},
        "c": "1Kg 14:16*10204",
        "a": "k"
    }
]
