[
    {
        "o": 8212,
        "r": "csb:1 Samuel:10:1",
        "w": 5,
        "l": {},
        "c": "Ex 30:23–33*2659; 1Sm 16:13*8420; 2Kg 9:3,6*10796",
        "a": "a"
    },
    {
        "o": 8212,
        "r": "csb:1 Samuel:10:1",
        "w": 11,
        "l": {},
        "c": "2Kg 9:1–3*10794",
        "a": "b"
    },
    {
        "o": 8212,
        "r": "csb:1 Samuel:10:1",
        "w": 20,
        "l": {},
        "c": "1Sm 16:13*8420; 26:9*8752; 2Sm 1:14*8886",
        "a": "c"
    },
    {
        "o": 8212,
        "r": "csb:1 Samuel:10:1",
        "w": 24,
        "l": {},
        "t": "10:1*r LXX adds And you will reign over the Lord’s people, and you will save them from the hand of their enemies all around. And this is the sign to you that the Lord has anointed you ruler over his inheritance.",
        "a": "d"
    },
    {
        "o": 8212,
        "r": "csb:1 Samuel:10:1",
        "w": 24,
        "l": {},
        "c": "Dt 32:9*6372; Ps 78:71*16937",
        "a": "e"
    },
    {
        "o": 8213,
        "r": "csb:1 Samuel:10:2",
        "w": 11,
        "l": {},
        "c": "Gn 35:19–20*1134",
        "a": "f"
    },
    {
        "o": 8213,
        "r": "csb:1 Samuel:10:2",
        "w": 32,
        "l": {},
        "c": "1Sm 9:3–5*8186",
        "a": "g"
    },
    {
        "o": 8214,
        "r": "csb:1 Samuel:10:3",
        "w": 12,
        "l": {},
        "c": "Gn 35:8*1122",
        "a": "h"
    },
    {
        "o": 8214,
        "r": "csb:1 Samuel:10:3",
        "w": 20,
        "l": {},
        "c": "Gn 28:19*876; 35:1,3,7*1115",
        "a": "i"
    },
    {
        "o": 8215,
        "r": "csb:1 Samuel:10:4",
        "w": 10,
        "l": {},
        "t": "10:4*r DSS, LXX read wave offerings",
        "a": "j"
    },
    {
        "o": 8216,
        "r": "csb:1 Samuel:10:5",
        "w": 8,
        "l": {},
        "c": "1Sm 13:2–3*8288",
        "a": "k"
    },
    {
        "o": 8216,
        "r": "csb:1 Samuel:10:5",
        "w": 13,
        "l": {},
        "t": "10:5*r Or governors",
        "a": "l"
    },
    {
        "o": 8216,
        "r": "csb:1 Samuel:10:5",
        "w": 26,
        "l": {},
        "c": "1Sm 19:20*8546; 2Kg 2:3,5,15*10563",
        "a": "m"
    },
    {
        "o": 8216,
        "r": "csb:1 Samuel:10:5",
        "w": 33,
        "l": {},
        "c": "2Kg 3:15*10605; 1Ch 25:1–6*12244",
        "a": "n"
    },
    {
        "o": 8217,
        "r": "csb:1 Samuel:10:6",
        "w": 9,
        "l": {},
        "c": "Nm 11:25,29*4454; Jdg 14:6*7660",
        "a": "o"
    },
    {
        "o": 8217,
        "r": "csb:1 Samuel:10:6",
        "w": 14,
        "l": {},
        "c": "Ec 9:10*19535",
        "a": "p"
    },
    {
        "o": 8217,
        "r": "csb:1 Samuel:10:6",
        "w": 19,
        "l": {},
        "c": "1Sm 19:23–24*8549",
        "a": "q"
    },
    {
        "o": 8218,
        "r": "csb:1 Samuel:10:7",
        "w": 11,
        "l": {},
        "t": "10:7*r Lit do for yourself whatever your hand finds",
        "a": "r"
    },
    {
        "o": 8218,
        "r": "csb:1 Samuel:10:7",
        "w": 11,
        "l": {},
        "c": "Jos 1:5*6468",
        "a": "s"
    },
    {
        "o": 8220,
        "r": "csb:1 Samuel:10:9",
        "w": 9,
        "l": {},
        "t": "10:9*r Lit God turned to him another heart",
        "a": "t"
    },
    {
        "o": 8222,
        "r": "csb:1 Samuel:10:11",
        "w": 28,
        "l": {},
        "c": "1Sm 19:24*8550; Am 7:14–15*25307; Mt 13:54–57*26638",
        "a": "u"
    },
    {
        "o": 8223,
        "r": "csb:1 Samuel:10:12",
        "w": 12,
        "l": {},
        "c": "Gn 45:8*1501; Jdg 17:10*7742",
        "a": "v"
    },
    {
        "o": 8225,
        "r": "csb:1 Samuel:10:14",
        "w": 1,
        "l": {},
        "c": "1Sm 14:50*8365",
        "a": "w"
    },
    {
        "o": 8225,
        "r": "csb:1 Samuel:10:14",
        "w": 27,
        "l": {},
        "c": "1Sm 9:4–6*8187",
        "a": "x"
    },
    {
        "o": 8229,
        "r": "csb:1 Samuel:10:17",
        "w": 8,
        "l": {},
        "c": "1Sm 7:5*8145",
        "a": "y"
    },
    {
        "o": 8230,
        "r": "csb:1 Samuel:10:18",
        "w": 14,
        "l": {},
        "c": "Jdg 6:8–9*7378",
        "a": "z"
    },
    {
        "o": 8231,
        "r": "csb:1 Samuel:10:19",
        "w": 6,
        "l": {},
        "c": "1Sm 8:6–7*8165",
        "a": "a"
    },
    {
        "o": 8231,
        "r": "csb:1 Samuel:10:19",
        "w": 20,
        "l": {},
        "t": "10:19*r Some Hb mss, LXX, Syr, Vg read You said, ‘No, you",
        "a": "b"
    },
    {
        "o": 8231,
        "r": "csb:1 Samuel:10:19",
        "w": 26,
        "l": {},
        "c": "1Sm 8:19*8178",
        "a": "c"
    },
    {
        "o": 8231,
        "r": "csb:1 Samuel:10:19",
        "w": 38,
        "l": {},
        "c": "Jos 7:14–18*6619; 24:1*7172; Pr 16:33*18877",
        "a": "d"
    },
    {
        "o": 8233,
        "r": "csb:1 Samuel:10:21",
        "w": 17,
        "l": {},
        "t": "10:21*r LXX adds And he had the Matrite clan come forward, man by man.",
        "a": "e"
    },
    {
        "o": 8233,
        "r": "csb:1 Samuel:10:21",
        "w": 24,
        "l": {},
        "c": "Jos 7:16–18*6622",
        "a": "f"
    },
    {
        "o": 8234,
        "r": "csb:1 Samuel:10:22",
        "w": 5,
        "l": {},
        "c": "Ex 28:30*2568; Nm 27:21*5031; 1Sm 23:2,4,9–11*8642",
        "a": "g"
    },
    {
        "o": 8235,
        "r": "csb:1 Samuel:10:23",
        "w": 20,
        "l": {},
        "t": "10:23*r Lit people, and he was higher than any of the people from his shoulder and up",
        "a": "h"
    },
    {
        "o": 8235,
        "r": "csb:1 Samuel:10:23",
        "w": 20,
        "l": {},
        "c": "1Sm 9:2*8185",
        "a": "i"
    },
    {
        "o": 8236,
        "r": "csb:1 Samuel:10:24",
        "w": 14,
        "l": {},
        "c": "Dt 17:15*5927; 2Sm 21:6*9487",
        "a": "j"
    },
    {
        "o": 8236,
        "r": "csb:1 Samuel:10:24",
        "w": 29,
        "l": {},
        "t": "10:24*r LXX reads acknowledged and said",
        "a": "k"
    },
    {
        "o": 8236,
        "r": "csb:1 Samuel:10:24",
        "w": 33,
        "l": {},
        "c": "1Kg 1:25,34,39*9658",
        "a": "l"
    },
    {
        "o": 8237,
        "r": "csb:1 Samuel:10:25",
        "w": 8,
        "l": {},
        "c": "1Sm 8:11–17*8170",
        "a": "m"
    },
    {
        "o": 8237,
        "r": "csb:1 Samuel:10:25",
        "w": 23,
        "l": {},
        "c": "Dt 17:18–20*5930",
        "a": "n"
    },
    {
        "o": 8238,
        "r": "csb:1 Samuel:10:26",
        "w": 7,
        "l": {},
        "c": "1Sm 11:4*8245; 15:34*8403",
        "a": "o"
    },
    {
        "o": 8239,
        "r": "csb:1 Samuel:10:27",
        "w": 20,
        "l": {},
        "c": "1Kg 10:25*10061; 2Ch 17:5*12792",
        "a": "p"
    },
    {
        "o": 8239,
        "r": "csb:1 Samuel:10:27",
        "w": 24,
        "l": {},
        "t": "10:27*r DSS add Nahash king of the Ammonites had been severely oppressing the Gadites and Reubenites. He gouged out the right eye of each of them and brought fear and trembling on Israel. Of the Israelites beyond the Jordan none remained whose right eye Nahash, king of the Ammonites, had not gouged out. But there were seven thousand men who had escaped from the Ammonites and entered Jabesh-gilead.",
        "a": "q"
    },
    {
        "o": 8239,
        "r": "csb:1 Samuel:10:27",
        "w": 24,
        "l": {},
        "t": "10:27*r Lit gift, and he was like a mute person",
        "a": "r"
    }
]
