[
    {
        "o": 9242,
        "r": "csb:2 Samuel:14:2",
        "w": 5,
        "l": {},
        "c": "2Ch 20:20*12885; Am 1:1*25173",
        "a": "a"
    },
    {
        "o": 9242,
        "r": "csb:2 Samuel:14:2",
        "w": 9,
        "l": {},
        "c": "2Sm 13:3*9201; 14:20*9260; 20:16*9469; Jb 5:13*14425",
        "a": "b"
    },
    {
        "o": 9242,
        "r": "csb:2 Samuel:14:2",
        "w": 30,
        "l": {},
        "c": "Dn 10:2–3*24771",
        "a": "c"
    },
    {
        "o": 9243,
        "r": "csb:2 Samuel:14:3",
        "w": 17,
        "l": {},
        "t": "14:3*r Lit Joab put the words into her mouth",
        "a": "d"
    },
    {
        "o": 9244,
        "r": "csb:2 Samuel:14:4",
        "w": 5,
        "l": {},
        "t": "14:4*r Some Hb mss, LXX, Syr, Tg, Vg; other Hb mss read spoke",
        "a": "e"
    },
    {
        "o": 9244,
        "r": "csb:2 Samuel:14:4",
        "w": 16,
        "l": {},
        "c": "1Sm 20:41*8593; 25:23*8720; 2Ch 20:18*12882",
        "a": "f"
    },
    {
        "o": 9245,
        "r": "csb:2 Samuel:14:5",
        "w": 16,
        "l": {},
        "c": "2Sm 12:1*9162",
        "a": "g"
    },
    {
        "o": 9247,
        "r": "csb:2 Samuel:14:7",
        "w": 56,
        "l": {},
        "c": "Nah 1:14*25576",
        "a": "h"
    },
    {
        "o": 9249,
        "r": "csb:2 Samuel:14:9",
        "w": 18,
        "l": {},
        "c": "1Sm 25:24*8721",
        "a": "i"
    },
    {
        "o": 9251,
        "r": "csb:2 Samuel:14:11",
        "w": 28,
        "l": {},
        "c": "Nm 35:19–21*5347; Dt 19:12*5971",
        "a": "j"
    },
    {
        "o": 9251,
        "r": "csb:2 Samuel:14:11",
        "w": 45,
        "l": {},
        "c": "1Sm 14:45*8359; Dn 3:27*24559; Lk 21:18*29234; Ac 27:34*31556",
        "a": "k"
    },
    {
        "o": 9254,
        "r": "csb:2 Samuel:14:14",
        "w": 3,
        "l": {},
        "c": "Jn 8:51*29890",
        "a": "l"
    },
    {
        "o": 9257,
        "r": "csb:2 Samuel:14:17",
        "w": 31,
        "l": {},
        "c": "2Sm 19:27*9435",
        "a": "m"
    },
    {
        "o": 9259,
        "r": "csb:2 Samuel:14:19",
        "w": 8,
        "l": {},
        "t": "14:19*r Lit “Is the hand of Joab in",
        "a": "n"
    },
    {
        "o": 9259,
        "r": "csb:2 Samuel:14:19",
        "w": 56,
        "l": {},
        "t": "14:19*r Lit he put all these words into the mouth of your servant",
        "a": "o"
    },
    {
        "o": 9260,
        "r": "csb:2 Samuel:14:20",
        "w": 10,
        "l": {},
        "t": "14:20*r Lit to go around the face of the matter",
        "a": "p"
    },
    {
        "o": 9263,
        "r": "csb:2 Samuel:14:23",
        "w": 9,
        "l": {},
        "c": "2Sm 13:38*9237",
        "a": "q"
    },
    {
        "o": 9264,
        "r": "csb:2 Samuel:14:24",
        "w": 29,
        "l": {},
        "t": "14:24*r Lit king’s face",
        "a": "r"
    },
    {
        "o": 9265,
        "r": "csb:2 Samuel:14:25",
        "w": 7,
        "l": {},
        "c": "Gn 39:6*1272; 1Sm 16:12,18*8418; 17:42*8474; 1Kg 1:6*9638; Ps 45:2*16252",
        "a": "s"
    },
    {
        "o": 9266,
        "r": "csb:2 Samuel:14:26",
        "w": 42,
        "l": {},
        "t": "14:26*r Lit 200 shekels",
        "a": "t"
    },
    {
        "o": 9270,
        "r": "csb:2 Samuel:14:30",
        "w": 33,
        "l": {},
        "t": "14:30*r DSS, LXX add So Joab’s servants came to him with their clothes torn and said, “Absalom’s servants have set the field on fire!”",
        "a": "u"
    }
]
