[
    {
        "o": 9774,
        "r": "csb:1 Kings:4:1",
        "w": 5,
        "l": {},
        "c": "2Sm 5:5*8996; 8:15*9090",
        "a": "a"
    },
    {
        "o": 9775,
        "r": "csb:1 Kings:4:2",
        "w": 4,
        "l": {},
        "c": "1Kg 12:6*10120",
        "a": "b"
    },
    {
        "o": 9780,
        "r": "csb:1 Kings:4:7",
        "w": 26,
        "l": {},
        "c": "1Kg 4:27*9801",
        "a": "c"
    },
    {
        "o": 9792,
        "r": "csb:1 Kings:4:19",
        "w": 31,
        "l": {},
        "t": "4:19*r LXX; MT omits of Judah",
        "a": "d"
    },
    {
        "o": 9794,
        "r": "csb:1 Kings:4:20",
        "w": 11,
        "l": {},
        "c": "Gn 22:17*624; 1Kg 3:8*9750",
        "a": "e"
    },
    {
        "o": 9795,
        "r": "csb:1 Kings:4:21",
        "w": 22,
        "l": {},
        "c": "Gn 15:18*419; 2Ch 9:26*12632",
        "a": "f"
    },
    {
        "o": 9795,
        "r": "csb:1 Kings:4:21",
        "w": 34,
        "l": {},
        "c": "2Sm 8:2,6*9077",
        "a": "g"
    },
    {
        "o": 9796,
        "r": "csb:1 Kings:4:22",
        "w": 7,
        "l": {},
        "t": "4:22*r Lit 30 cors",
        "a": "h"
    },
    {
        "o": 9796,
        "r": "csb:1 Kings:4:22",
        "w": 13,
        "l": {},
        "t": "4:22*r Lit 60 cors",
        "a": "i"
    },
    {
        "o": 9797,
        "r": "csb:1 Kings:4:23",
        "w": 18,
        "l": {},
        "t": "4:23*r Hb obscure",
        "a": "j"
    },
    {
        "o": 9797,
        "r": "csb:1 Kings:4:23",
        "w": 18,
        "l": {},
        "c": "1Kg 10:5*10040; Neh 5:18*13803",
        "a": "k"
    },
    {
        "o": 9799,
        "r": "csb:1 Kings:4:25",
        "w": 12,
        "l": {},
        "c": "Jdg 20:1*7813; 1Sm 3:20*8074",
        "a": "l"
    },
    {
        "o": 9799,
        "r": "csb:1 Kings:4:25",
        "w": 23,
        "l": {},
        "c": "Mc 4:3–4*25485; Zch 3:10*25839",
        "a": "m"
    },
    {
        "o": 9800,
        "r": "csb:1 Kings:4:26",
        "w": 3,
        "l": {},
        "t": "4:26*r 2Ch 9:25 reads 4,000 stalls",
        "a": "n"
    },
    {
        "o": 9800,
        "r": "csb:1 Kings:4:26",
        "w": 13,
        "l": {},
        "c": "Dt 17:16*5928; 1Kg 10:26*10062; 2Ch 1:14*12421",
        "a": "o"
    },
    {
        "o": 9802,
        "r": "csb:1 Kings:4:28",
        "w": 15,
        "l": {},
        "c": "Est 8:10,14*14272",
        "a": "p"
    },
    {
        "o": 9802,
        "r": "csb:1 Kings:4:28",
        "w": 23,
        "l": {},
        "t": "4:28*r Lit judgment",
        "a": "q"
    },
    {
        "o": 9804,
        "r": "csb:1 Kings:4:29",
        "w": 8,
        "l": {},
        "c": "1Kg 3:12*9754",
        "a": "r"
    },
    {
        "o": 9805,
        "r": "csb:1 Kings:4:30",
        "w": 13,
        "l": {},
        "c": "Gn 29:1*882",
        "a": "s"
    },
    {
        "o": 9805,
        "r": "csb:1 Kings:4:30",
        "w": 20,
        "l": {},
        "c": "Is 19:11*20176; Ac 7:22*30706",
        "a": "t"
    },
    {
        "o": 9806,
        "r": "csb:1 Kings:4:31",
        "w": 4,
        "l": {},
        "c": "1Kg 3:12*9754",
        "a": "u"
    },
    {
        "o": 9806,
        "r": "csb:1 Kings:4:31",
        "w": 9,
        "l": {},
        "c": "1Ch 15:19*11982; Ps 88–89*17091",
        "a": "v"
    },
    {
        "o": 9806,
        "r": "csb:1 Kings:4:31",
        "w": 17,
        "l": {},
        "c": "1Ch 2:6*11441",
        "a": "w"
    },
    {
        "o": 9806,
        "r": "csb:1 Kings:4:31",
        "w": 25,
        "l": {},
        "c": "1Kg 10:1,6*10036",
        "a": "x"
    },
    {
        "o": 9807,
        "r": "csb:1 Kings:4:32",
        "w": 3,
        "l": {},
        "c": "Pr 1:1*18370; Ec 9:12*19537",
        "a": "y"
    },
    {
        "o": 9807,
        "r": "csb:1 Kings:4:32",
        "w": 8,
        "l": {},
        "c": "Sg 1:1*19597",
        "a": "z"
    },
    {
        "o": 9809,
        "r": "csb:1 Kings:4:34",
        "w": 21,
        "l": {},
        "c": "1Kg 10:1,6*10036",
        "a": "a"
    }
]
