[
    {
        "o": 10671,
        "r": "csb:2 Kings:5:1",
        "w": 0,
        "l": {},
        "c": "Lk 4:27*28354",
        "a": "a"
    },
    {
        "o": 10671,
        "r": "csb:2 Kings:5:1",
        "w": 19,
        "l": {},
        "c": "Ex 11:3*1996",
        "a": "b"
    },
    {
        "o": 10671,
        "r": "csb:2 Kings:5:1",
        "w": 41,
        "l": {},
        "c": "2Kg 7:3,8*10740",
        "a": "c"
    },
    {
        "o": 10672,
        "r": "csb:2 Kings:5:2",
        "w": 4,
        "l": {},
        "c": "2Kg 6:23*10726; 13:20*10947",
        "a": "d"
    },
    {
        "o": 10675,
        "r": "csb:2 Kings:5:5",
        "w": 28,
        "l": {},
        "t": "5:5*r Lit 10 talents",
        "a": "e"
    },
    {
        "o": 10675,
        "r": "csb:2 Kings:5:5",
        "w": 32,
        "l": {},
        "t": "5:5*r Lit 6,000 shekels",
        "a": "f"
    },
    {
        "o": 10675,
        "r": "csb:2 Kings:5:5",
        "w": 39,
        "l": {},
        "c": "Jdg 14:12*7666; 2Kg 5:22*10694",
        "a": "g"
    },
    {
        "o": 10677,
        "r": "csb:2 Kings:5:7",
        "w": 11,
        "l": {},
        "c": "Gn 37:29*1225; 2Kg 11:14*10889",
        "a": "h"
    },
    {
        "o": 10677,
        "r": "csb:2 Kings:5:7",
        "w": 16,
        "l": {},
        "c": "Gn 30:2*921",
        "a": "i"
    },
    {
        "o": 10677,
        "r": "csb:2 Kings:5:7",
        "w": 34,
        "l": {},
        "t": "5:7*r Lit Know and see",
        "a": "j"
    },
    {
        "o": 10677,
        "r": "csb:2 Kings:5:7",
        "w": 43,
        "l": {},
        "c": "1Kg 20:7*10410",
        "a": "k"
    },
    {
        "o": 10678,
        "r": "csb:2 Kings:5:8",
        "w": 43,
        "l": {},
        "c": "1Kg 22:7*10488",
        "a": "l"
    },
    {
        "o": 10680,
        "r": "csb:2 Kings:5:10",
        "w": 5,
        "l": {},
        "c": "Nm 5:1–4*4178",
        "a": "m"
    },
    {
        "o": 10680,
        "r": "csb:2 Kings:5:10",
        "w": 9,
        "l": {},
        "c": "Jn 9:7*29907",
        "a": "n"
    },
    {
        "o": 10680,
        "r": "csb:2 Kings:5:10",
        "w": 11,
        "l": {},
        "c": "Lv 14:7*3454",
        "a": "o"
    },
    {
        "o": 10681,
        "r": "csb:2 Kings:5:11",
        "w": 30,
        "l": {},
        "c": "Ex 7:19*1878",
        "a": "p"
    },
    {
        "o": 10682,
        "r": "csb:2 Kings:5:12",
        "w": 14,
        "l": {},
        "c": "Is 8:6*19942",
        "a": "q"
    },
    {
        "o": 10682,
        "r": "csb:2 Kings:5:12",
        "w": 30,
        "l": {},
        "c": "Pr 14:17*18791; 19:11*18943",
        "a": "r"
    },
    {
        "o": 10683,
        "r": "csb:2 Kings:5:13",
        "w": 9,
        "l": {},
        "c": "2Kg 2:12*10574; 6:21*10723; 13:14*10941",
        "a": "s"
    },
    {
        "o": 10684,
        "r": "csb:2 Kings:5:14",
        "w": 38,
        "l": {},
        "c": "Lk 4:27*28354",
        "a": "t"
    },
    {
        "o": 10685,
        "r": "csb:2 Kings:5:15",
        "w": 29,
        "l": {},
        "c": "Jos 2:11*6496; 1Sm 17:46–47*8478",
        "a": "u"
    },
    {
        "o": 10685,
        "r": "csb:2 Kings:5:15",
        "w": 34,
        "l": {},
        "c": "Gn 33:11*1070",
        "a": "v"
    },
    {
        "o": 10686,
        "r": "csb:2 Kings:5:16",
        "w": 6,
        "l": {},
        "c": "1Kg 17:1*10301; 2Kg 3:14*10604",
        "a": "w"
    },
    {
        "o": 10686,
        "r": "csb:2 Kings:5:16",
        "w": 16,
        "l": {},
        "c": "Gn 14:22–23*397",
        "a": "x"
    },
    {
        "o": 10687,
        "r": "csb:2 Kings:5:17",
        "w": 19,
        "l": {},
        "c": "Ex 20:24*2287",
        "a": "y"
    },
    {
        "o": 10687,
        "r": "csb:2 Kings:5:17",
        "w": 39,
        "l": {},
        "c": "Dt 6:4*5599",
        "a": "z"
    },
    {
        "o": 10688,
        "r": "csb:2 Kings:5:18",
        "w": 34,
        "l": {},
        "t": "5:18*r Lit worship, and he leans on my hand",
        "a": "a"
    },
    {
        "o": 10688,
        "r": "csb:2 Kings:5:18",
        "w": 34,
        "l": {},
        "c": "2Kg 7:2*10739",
        "a": "b"
    },
    {
        "o": 10688,
        "r": "csb:2 Kings:5:18",
        "w": 47,
        "l": {},
        "t": "5:18*r LXX, Vg read when he bows himself",
        "a": "c"
    },
    {
        "o": 10689,
        "r": "csb:2 Kings:5:19",
        "w": 7,
        "l": {},
        "c": "1Sm 1:17*8001",
        "a": "d"
    },
    {
        "o": 10692,
        "r": "csb:2 Kings:5:20",
        "w": 0,
        "l": {},
        "c": "2Kg 4:12,31*10633",
        "a": "e"
    },
    {
        "o": 10692,
        "r": "csb:2 Kings:5:20",
        "w": 30,
        "l": {},
        "c": "Ex 20:7*2268",
        "a": "f"
    },
    {
        "o": 10694,
        "r": "csb:2 Kings:5:22",
        "w": 4,
        "l": {},
        "c": "2Kg 4:26*10648",
        "a": "g"
    },
    {
        "o": 10694,
        "r": "csb:2 Kings:5:22",
        "w": 41,
        "l": {},
        "t": "5:22*r Lit a talent",
        "a": "h"
    },
    {
        "o": 10694,
        "r": "csb:2 Kings:5:22",
        "w": 48,
        "l": {},
        "c": "2Kg 5:5*10675",
        "a": "i"
    },
    {
        "o": 10695,
        "r": "csb:2 Kings:5:23",
        "w": 8,
        "l": {},
        "t": "5:23*r Lit two talents",
        "a": "j"
    },
    {
        "o": 10696,
        "r": "csb:2 Kings:5:24",
        "w": 5,
        "l": {},
        "t": "5:24*r Or citadel",
        "a": "k"
    },
    {
        "o": 10696,
        "r": "csb:2 Kings:5:24",
        "w": 5,
        "l": {},
        "c": "2Kg 1:9*10549",
        "a": "l"
    },
    {
        "o": 10698,
        "r": "csb:2 Kings:5:26",
        "w": 4,
        "l": {},
        "t": "5:26*r Or “Did not my heart go",
        "a": "m"
    },
    {
        "o": 10698,
        "r": "csb:2 Kings:5:26",
        "w": 4,
        "l": {},
        "c": "2Kg 2:9,15*10569",
        "a": "n"
    },
    {
        "o": 10699,
        "r": "csb:2 Kings:5:27",
        "w": 21,
        "l": {},
        "t": "5:27*r A reference to whiteness or flakiness of the skin",
        "a": "o"
    },
    {
        "o": 10699,
        "r": "csb:2 Kings:5:27",
        "w": 21,
        "l": {},
        "c": "Ex 4:6*1770; Nm 12:10*4477",
        "a": "p"
    }
]
