[
    {
        "o": 8641,
        "r": "csb:1 Samuel:23:1",
        "w": 11,
        "l": {},
        "c": "Jos 15:44*6905; Neh 3:17–18*13739",
        "a": "a"
    },
    {
        "o": 8642,
        "r": "csb:1 Samuel:23:2",
        "w": 5,
        "l": {},
        "c": "1Sm 23:4,6,9–12*8644; 2Sm 5:19,23*9010",
        "a": "b"
    },
    {
        "o": 8644,
        "r": "csb:1 Samuel:23:4",
        "w": 25,
        "l": {},
        "c": "Jos 8:7*6641; Jdg 7:7*7422",
        "a": "c"
    },
    {
        "o": 8649,
        "r": "csb:1 Samuel:23:9",
        "w": 15,
        "l": {},
        "c": "1Sm 22:20*8635",
        "a": "d"
    },
    {
        "o": 8649,
        "r": "csb:1 Samuel:23:9",
        "w": 18,
        "l": {},
        "c": "1Sm 23:6*8646; 30:7*8831",
        "a": "e"
    },
    {
        "o": 8652,
        "r": "csb:1 Samuel:23:12",
        "w": 17,
        "l": {},
        "c": "Jdg 15:10–13*7686; 1Sm 23:20*8662",
        "a": "f"
    },
    {
        "o": 8653,
        "r": "csb:1 Samuel:23:13",
        "w": 8,
        "l": {},
        "c": "1Sm 22:2*8616; 25:13*8710",
        "a": "g"
    },
    {
        "o": 8653,
        "r": "csb:1 Samuel:23:13",
        "w": 18,
        "l": {},
        "c": "2Sm 15:20*9295",
        "a": "h"
    },
    {
        "o": 8654,
        "r": "csb:1 Samuel:23:14",
        "w": 16,
        "l": {},
        "c": "Jos 15:55*6916; 2Ch 11:8*12670",
        "a": "i"
    },
    {
        "o": 8654,
        "r": "csb:1 Samuel:23:14",
        "w": 31,
        "l": {},
        "c": "Ps 32:7*15977",
        "a": "j"
    },
    {
        "o": 8657,
        "r": "csb:1 Samuel:23:16",
        "w": 14,
        "l": {},
        "t": "23:16*r Lit and strengthened his hand",
        "a": "k"
    },
    {
        "o": 8657,
        "r": "csb:1 Samuel:23:16",
        "w": 16,
        "l": {},
        "c": "1Sm 30:6*8830",
        "a": "l"
    },
    {
        "o": 8658,
        "r": "csb:1 Samuel:23:17",
        "w": 21,
        "l": {},
        "c": "1Sm 16:1–13*8407; 24:20–22*8693",
        "a": "m"
    },
    {
        "o": 8658,
        "r": "csb:1 Samuel:23:17",
        "w": 34,
        "l": {},
        "c": "1Sm 20:31*8583",
        "a": "n"
    },
    {
        "o": 8659,
        "r": "csb:1 Samuel:23:18",
        "w": 11,
        "l": {},
        "c": "1Sm 18:3*8495; 20:12–17,42*8564",
        "a": "o"
    },
    {
        "o": 8661,
        "r": "csb:1 Samuel:23:19",
        "w": 1,
        "l": {},
        "c": "1Sm 26:1*8744; Ps 54*16405",
        "a": "p"
    },
    {
        "o": 8662,
        "r": "csb:1 Samuel:23:20",
        "w": 26,
        "l": {},
        "c": "1Sm 23:12*8652",
        "a": "q"
    },
    {
        "o": 8663,
        "r": "csb:1 Samuel:23:21",
        "w": 15,
        "l": {},
        "c": "1Sm 22:8*8622",
        "a": "r"
    },
    {
        "o": 8664,
        "r": "csb:1 Samuel:23:22",
        "w": 4,
        "l": {},
        "t": "23:22*r Lit Know and see",
        "a": "s"
    },
    {
        "o": 8664,
        "r": "csb:1 Samuel:23:22",
        "w": 7,
        "l": {},
        "t": "23:22*r Lit watch his place where his foot will be",
        "a": "t"
    },
    {
        "o": 8665,
        "r": "csb:1 Samuel:23:23",
        "w": 0,
        "l": {},
        "t": "23:23*r Lit See and know",
        "a": "u"
    },
    {
        "o": 8665,
        "r": "csb:1 Samuel:23:23",
        "w": 37,
        "l": {},
        "t": "23:23*r Or thousands",
        "a": "v"
    },
    {
        "o": 8666,
        "r": "csb:1 Samuel:23:24",
        "w": 18,
        "l": {},
        "c": "Jos 15:55*6916; 1Sm 25:2*8699",
        "a": "w"
    },
    {
        "o": 8668,
        "r": "csb:1 Samuel:23:26",
        "w": 42,
        "l": {},
        "c": "Ps 17:9*15682",
        "a": "x"
    },
    {
        "o": 8671,
        "r": "csb:1 Samuel:23:29",
        "w": 11,
        "l": {},
        "c": "Jos 15:62*6923; 2Ch 20:2*12864",
        "a": "y"
    }
]
