[
    {
        "o": 9812,
        "r": "csb:1 Kings:5:1",
        "w": 3,
        "l": {},
        "c": "2Ch 2:3*12429",
        "a": "a"
    },
    {
        "o": 9812,
        "r": "csb:1 Kings:5:1",
        "w": 21,
        "l": {},
        "c": "1Kg 1:34,39*9668",
        "a": "b"
    },
    {
        "o": 9812,
        "r": "csb:1 Kings:5:1",
        "w": 29,
        "l": {},
        "c": "2Sm 5:11*9002; 1Ch 14:1*11945",
        "a": "c"
    },
    {
        "o": 9814,
        "r": "csb:1 Kings:5:3",
        "w": 37,
        "l": {},
        "c": "1Ch 28:2–3*12349",
        "a": "d"
    },
    {
        "o": 9815,
        "r": "csb:1 Kings:5:4",
        "w": 17,
        "l": {},
        "c": "1Kg 4:24–25*9798",
        "a": "e"
    },
    {
        "o": 9816,
        "r": "csb:1 Kings:5:5",
        "w": 14,
        "l": {},
        "c": "2Ch 2:4*12430",
        "a": "f"
    },
    {
        "o": 9816,
        "r": "csb:1 Kings:5:5",
        "w": 43,
        "l": {},
        "c": "2Sm 7:12–13*9055",
        "a": "g"
    },
    {
        "o": 9817,
        "r": "csb:1 Kings:5:6",
        "w": 46,
        "l": {},
        "c": "2Ch 2:8*12434",
        "a": "h"
    },
    {
        "o": 9818,
        "r": "csb:1 Kings:5:7",
        "w": 14,
        "l": {},
        "c": "1Kg 10:9*10044",
        "a": "i"
    },
    {
        "o": 9820,
        "r": "csb:1 Kings:5:9",
        "w": 51,
        "l": {},
        "c": "2Ch 2:16*12444; Ezr 3:7*13462",
        "a": "j"
    },
    {
        "o": 9822,
        "r": "csb:1 Kings:5:11",
        "w": 9,
        "l": {},
        "t": "5:11*r Lit 20,000 cors",
        "a": "k"
    },
    {
        "o": 9822,
        "r": "csb:1 Kings:5:11",
        "w": 22,
        "l": {},
        "t": "5:11*r LXX reads 20,000 baths; MT reads 20 cors",
        "a": "l"
    },
    {
        "o": 9822,
        "r": "csb:1 Kings:5:11",
        "w": 27,
        "l": {},
        "c": "2Ch 2:10*12437",
        "a": "m"
    },
    {
        "o": 9823,
        "r": "csb:1 Kings:5:12",
        "w": 9,
        "l": {},
        "c": "1Kg 3:12*9754",
        "a": "n"
    },
    {
        "o": 9823,
        "r": "csb:1 Kings:5:12",
        "w": 24,
        "l": {},
        "c": "1Kg 15:19*10242",
        "a": "o"
    },
    {
        "o": 9825,
        "r": "csb:1 Kings:5:13",
        "w": 8,
        "l": {},
        "c": "1Kg 4:6*9779; 9:15*10019",
        "a": "p"
    },
    {
        "o": 9827,
        "r": "csb:1 Kings:5:15",
        "w": 11,
        "l": {},
        "c": "2Ch 2:17–18*12445",
        "a": "q"
    },
    {
        "o": 9828,
        "r": "csb:1 Kings:5:16",
        "w": 4,
        "l": {},
        "t": "5:16*r Some LXX mss read 3,600; 2Ch 2:2,18",
        "a": "r"
    },
    {
        "o": 9828,
        "r": "csb:1 Kings:5:16",
        "w": 5,
        "l": {},
        "c": "1Kg 9:23*10028",
        "a": "s"
    },
    {
        "o": 9829,
        "r": "csb:1 Kings:5:17",
        "w": 18,
        "l": {},
        "c": "1Kg 6:7*9839; 1Ch 22:2*12156",
        "a": "t"
    },
    {
        "o": 9830,
        "r": "csb:1 Kings:5:18",
        "w": 5,
        "l": {},
        "c": "1Kg 5:6,9*9817",
        "a": "u"
    },
    {
        "o": 9830,
        "r": "csb:1 Kings:5:18",
        "w": 9,
        "l": {},
        "c": "Jos 13:5*6807",
        "a": "v"
    }
]
