[
    {
        "o": 9315,
        "r": "csb:2 Samuel:16:1",
        "w": 8,
        "l": {},
        "t": "16:1*r = Mount of Olives",
        "a": "a"
    },
    {
        "o": 9315,
        "r": "csb:2 Samuel:16:1",
        "w": 11,
        "l": {},
        "c": "2Sm 9:12*9107",
        "a": "b"
    },
    {
        "o": 9317,
        "r": "csb:2 Samuel:16:3",
        "w": 32,
        "l": {},
        "c": "2Sm 19:26–27*9434",
        "a": "c"
    },
    {
        "o": 9318,
        "r": "csb:2 Samuel:16:4",
        "w": 12,
        "l": {},
        "c": "2Sm 9:3–11*9098",
        "a": "d"
    },
    {
        "o": 9320,
        "r": "csb:2 Samuel:16:5",
        "w": 20,
        "l": {},
        "c": "2Sm 3:16*8952",
        "a": "e"
    },
    {
        "o": 9320,
        "r": "csb:2 Samuel:16:5",
        "w": 27,
        "l": {},
        "c": "2Sm 19:16*9424; 1Kg 2:8–9,36–46*9698",
        "a": "f"
    },
    {
        "o": 9321,
        "r": "csb:2 Samuel:16:6",
        "w": 9,
        "l": {},
        "t": "16:6*r Lit all King David’s",
        "a": "g"
    },
    {
        "o": 9322,
        "r": "csb:2 Samuel:16:7",
        "w": 15,
        "l": {},
        "c": "Ex 22:28*2364",
        "a": "h"
    },
    {
        "o": 9324,
        "r": "csb:2 Samuel:16:9",
        "w": 13,
        "l": {},
        "c": "1Sm 24:14*8687; 2Sm 9:8*9103",
        "a": "i"
    },
    {
        "o": 9324,
        "r": "csb:2 Samuel:16:9",
        "w": 18,
        "l": {},
        "c": "Ex 22:28*2364",
        "a": "j"
    },
    {
        "o": 9325,
        "r": "csb:2 Samuel:16:10",
        "w": 10,
        "l": {},
        "c": "2Sm 3:39*8975; 19:22*9430",
        "a": "k"
    },
    {
        "o": 9325,
        "r": "csb:2 Samuel:16:10",
        "w": 12,
        "l": {},
        "c": "1Sm 17:43*8475; 2Sm 16:5*9320; Ec 7:21–22*19494",
        "a": "l"
    },
    {
        "o": 9325,
        "r": "csb:2 Samuel:16:10",
        "w": 18,
        "l": {},
        "t": "16:10*r Alt Hb tradition reads If he curses, and if the Lord",
        "a": "m"
    },
    {
        "o": 9325,
        "r": "csb:2 Samuel:16:10",
        "w": 22,
        "l": {},
        "c": "2Sm 12:11*9172",
        "a": "n"
    },
    {
        "o": 9326,
        "r": "csb:2 Samuel:16:11",
        "w": 17,
        "l": {},
        "t": "16:11*r Lit son who came from my belly",
        "a": "o"
    },
    {
        "o": 9326,
        "r": "csb:2 Samuel:16:11",
        "w": 22,
        "l": {},
        "c": "2Sm 12:10–11*9171",
        "a": "p"
    },
    {
        "o": 9327,
        "r": "csb:2 Samuel:16:12",
        "w": 6,
        "l": {},
        "t": "16:12*r Some Hb mss, LXX, Syr, Vg; one Hb tradition reads iniquity; alt Hb tradition reads eyes; another Hb tradition reads will look with his eye",
        "a": "q"
    },
    {
        "o": 9329,
        "r": "csb:2 Samuel:16:14",
        "w": 9,
        "l": {},
        "t": "16:14*r LXX adds at the Jordan",
        "a": "r"
    },
    {
        "o": 9332,
        "r": "csb:2 Samuel:16:16",
        "w": 20,
        "l": {},
        "c": "1Sm 10:24*8236; 1Kg 1:25*9658; 2Kg 11:12*10887",
        "a": "s"
    },
    {
        "o": 9335,
        "r": "csb:2 Samuel:16:19",
        "w": 21,
        "l": {},
        "c": "2Sm 15:34*9309",
        "a": "t"
    },
    {
        "o": 9337,
        "r": "csb:2 Samuel:16:21",
        "w": 17,
        "l": {},
        "c": "2Sm 15:16*9291; 20:3*9456",
        "a": "u"
    },
    {
        "o": 9337,
        "r": "csb:2 Samuel:16:21",
        "w": 35,
        "l": {},
        "t": "16:21*r Lit father, the hands of everyone with you will be strong",
        "a": "v"
    },
    {
        "o": 9338,
        "r": "csb:2 Samuel:16:22",
        "w": 22,
        "l": {},
        "c": "2Sm 12:11–12*9172",
        "a": "w"
    },
    {
        "o": 9339,
        "r": "csb:2 Samuel:16:23",
        "w": 16,
        "l": {},
        "c": "2Sm 15:12*9287",
        "a": "x"
    }
]
