[
    {
        "o": 10956,
        "r": "csb:2 Kings:14:1",
        "w": 0,
        "l": {},
        "c": "2Ch 25:1–24*13004",
        "a": "a"
    },
    {
        "o": 10956,
        "r": "csb:2 Kings:14:1",
        "w": 7,
        "l": {},
        "t": "14:1*r Lit Joash, also in vv. 23,27",
        "a": "b"
    },
    {
        "o": 10956,
        "r": "csb:2 Kings:14:1",
        "w": 7,
        "l": {},
        "c": "2Ch 25:1*13004",
        "a": "c"
    },
    {
        "o": 10956,
        "r": "csb:2 Kings:14:1",
        "w": 10,
        "l": {},
        "t": "14:1*r Lit Joahaz",
        "a": "d"
    },
    {
        "o": 10956,
        "r": "csb:2 Kings:14:1",
        "w": 11,
        "l": {},
        "c": "2Kg 13:10*10936",
        "a": "e"
    },
    {
        "o": 10957,
        "r": "csb:2 Kings:14:2",
        "w": 20,
        "l": {},
        "t": "14:2*r Alt Hb tradition, some Hb mss, Syr, Tg, Vg, 2Ch 25:1; other Hb mss, LXX read Jehoaddin",
        "a": "f"
    },
    {
        "o": 10958,
        "r": "csb:2 Kings:14:3",
        "w": 22,
        "l": {},
        "c": "2Kg 12:2*10901",
        "a": "g"
    },
    {
        "o": 10959,
        "r": "csb:2 Kings:14:4",
        "w": 19,
        "l": {},
        "c": "1Kg 3:3*9745; 2Kg 12:3*10903; 16:4*11039",
        "a": "h"
    },
    {
        "o": 10960,
        "r": "csb:2 Kings:14:5",
        "w": 20,
        "l": {},
        "c": "2Kg 12:20*10922",
        "a": "i"
    },
    {
        "o": 10961,
        "r": "csb:2 Kings:14:6",
        "w": 62,
        "l": {},
        "c": "Dt 24:16*6120; Jr 31:30*22130; Ezk 18:4,20*23471",
        "a": "j"
    },
    {
        "o": 10962,
        "r": "csb:2 Kings:14:7",
        "w": 7,
        "l": {},
        "c": "2Sm 8:13*9088",
        "a": "k"
    },
    {
        "o": 10962,
        "r": "csb:2 Kings:14:7",
        "w": 10,
        "l": {},
        "c": "Jdg 1:36*7247",
        "a": "l"
    },
    {
        "o": 10962,
        "r": "csb:2 Kings:14:7",
        "w": 16,
        "l": {},
        "c": "Jos 15:38*6899",
        "a": "m"
    },
    {
        "o": 10963,
        "r": "csb:2 Kings:14:8",
        "w": 23,
        "l": {},
        "c": "2Sm 2:14–17*8915",
        "a": "n"
    },
    {
        "o": 10964,
        "r": "csb:2 Kings:14:9",
        "w": 22,
        "l": {},
        "c": "1Kg 4:33*9808",
        "a": "o"
    },
    {
        "o": 10964,
        "r": "csb:2 Kings:14:9",
        "w": 24,
        "l": {},
        "c": "Jdg 9:8–15*7492",
        "a": "p"
    },
    {
        "o": 10965,
        "r": "csb:2 Kings:14:10",
        "w": 9,
        "l": {},
        "t": "14:10*r Lit and your heart has lifted you",
        "a": "q"
    },
    {
        "o": 10965,
        "r": "csb:2 Kings:14:10",
        "w": 9,
        "l": {},
        "c": "Dt 8:14*5665; 2Ch 26:16*13054; 34:25*13296",
        "a": "r"
    },
    {
        "o": 10966,
        "r": "csb:2 Kings:14:11",
        "w": 22,
        "l": {},
        "c": "Jos 19:38*7034; 21:16*7079",
        "a": "s"
    },
    {
        "o": 10967,
        "r": "csb:2 Kings:14:12",
        "w": 12,
        "l": {},
        "c": "2Sm 18:17*9390; 1Kg 22:36*10519",
        "a": "t"
    },
    {
        "o": 10968,
        "r": "csb:2 Kings:14:13",
        "w": 10,
        "l": {},
        "t": "14:13*r Lit Jehoash",
        "a": "u"
    },
    {
        "o": 10968,
        "r": "csb:2 Kings:14:13",
        "w": 26,
        "l": {},
        "t": "14:13*r Lit 400 cubits",
        "a": "v"
    },
    {
        "o": 10968,
        "r": "csb:2 Kings:14:13",
        "w": 33,
        "l": {},
        "c": "Neh 8:16*13922; 12:39*14086",
        "a": "w"
    },
    {
        "o": 10968,
        "r": "csb:2 Kings:14:13",
        "w": 37,
        "l": {},
        "c": "2Ch 25:23*13028; Zch 14:10*26021",
        "a": "x"
    },
    {
        "o": 10969,
        "r": "csb:2 Kings:14:14",
        "w": 25,
        "l": {},
        "c": "1Kg 7:51*9930; 14:26*10215; 2Kg 12:18*10920",
        "a": "y"
    },
    {
        "o": 10971,
        "r": "csb:2 Kings:14:15",
        "w": 32,
        "l": {},
        "c": "2Kg 13:12–13*10938",
        "a": "z"
    },
    {
        "o": 10974,
        "r": "csb:2 Kings:14:17",
        "w": 18,
        "l": {},
        "c": "2Ch 25:25–28*13031",
        "a": "a"
    },
    {
        "o": 10975,
        "r": "csb:2 Kings:14:18",
        "w": 16,
        "l": {},
        "c": "2Kg 12:19*10921",
        "a": "b"
    },
    {
        "o": 10976,
        "r": "csb:2 Kings:14:19",
        "w": 7,
        "l": {},
        "c": "2Ch 25:27*13033",
        "a": "c"
    },
    {
        "o": 10976,
        "r": "csb:2 Kings:14:19",
        "w": 12,
        "l": {},
        "c": "Jos 10:31*6735; 2Kg 18:14*11122",
        "a": "d"
    },
    {
        "o": 10977,
        "r": "csb:2 Kings:14:20",
        "w": 3,
        "l": {},
        "c": "2Kg 9:28*10822",
        "a": "e"
    },
    {
        "o": 10977,
        "r": "csb:2 Kings:14:20",
        "w": 19,
        "l": {},
        "c": "2Kg 12:21*10923",
        "a": "f"
    },
    {
        "o": 10978,
        "r": "csb:2 Kings:14:21",
        "w": 7,
        "l": {},
        "t": "14:21*r = Uzziah in 2Ch 26:1",
        "a": "g"
    },
    {
        "o": 10978,
        "r": "csb:2 Kings:14:21",
        "w": 7,
        "l": {},
        "c": "2Kg 15:13*11004; 2Ch 26:1–2*13037",
        "a": "h"
    },
    {
        "o": 10979,
        "r": "csb:2 Kings:14:22",
        "w": 10,
        "l": {},
        "t": "14:22*r = Eloth in 2Ch 26:2",
        "a": "i"
    },
    {
        "o": 10979,
        "r": "csb:2 Kings:14:22",
        "w": 10,
        "l": {},
        "c": "1Kg 9:26*10031; 2Kg 16:6*11041",
        "a": "j"
    },
    {
        "o": 10981,
        "r": "csb:2 Kings:14:23",
        "w": 11,
        "l": {},
        "c": "2Kg 13:13*10940",
        "a": "k"
    },
    {
        "o": 10982,
        "r": "csb:2 Kings:14:24",
        "w": 26,
        "l": {},
        "c": "1Kg 12:30*10146; 15:30*10254",
        "a": "l"
    },
    {
        "o": 10983,
        "r": "csb:2 Kings:14:25",
        "w": 3,
        "l": {},
        "c": "2Kg 13:25*10953",
        "a": "m"
    },
    {
        "o": 10983,
        "r": "csb:2 Kings:14:25",
        "w": 5,
        "l": {},
        "c": "1Kg 8:65*9999",
        "a": "n"
    },
    {
        "o": 10983,
        "r": "csb:2 Kings:14:25",
        "w": 13,
        "l": {},
        "c": "Nm 34:3–9*5298",
        "a": "o"
    },
    {
        "o": 10983,
        "r": "csb:2 Kings:14:25",
        "w": 31,
        "l": {},
        "c": "Jnh 1:1*25375; Mt 12:39*26559",
        "a": "p"
    },
    {
        "o": 10983,
        "r": "csb:2 Kings:14:25",
        "w": 36,
        "l": {},
        "c": "Jos 19:13*7006",
        "a": "q"
    },
    {
        "o": 10984,
        "r": "csb:2 Kings:14:26",
        "w": 11,
        "l": {},
        "c": "Ex 3:7–9*1747; Dt 32:36*6399; 2Kg 13:4*10929",
        "a": "r"
    },
    {
        "o": 10984,
        "r": "csb:2 Kings:14:26",
        "w": 17,
        "l": {},
        "t": "14:26*r Hb obscure",
        "a": "s"
    },
    {
        "o": 10985,
        "r": "csb:2 Kings:14:27",
        "w": 14,
        "l": {},
        "c": "Dt 29:20*6296; 2Kg 13:3*10928",
        "a": "t"
    },
    {
        "o": 10985,
        "r": "csb:2 Kings:14:27",
        "w": 17,
        "l": {},
        "c": "Jdg 6:14*7385",
        "a": "u"
    },
    {
        "o": 10986,
        "r": "csb:2 Kings:14:28",
        "w": 26,
        "l": {},
        "c": "2Sm 8:5*9080; 1Kg 11:24*10092",
        "a": "v"
    },
    {
        "o": 10986,
        "r": "csb:2 Kings:14:28",
        "w": 28,
        "l": {},
        "c": "2Sm 8:9*9084; 2Ch 8:3*12586",
        "a": "w"
    },
    {
        "o": 10986,
        "r": "csb:2 Kings:14:28",
        "w": 33,
        "l": {},
        "t": "14:28*r Lit recovered Damascus and for Judah in Israel; Hb obscure",
        "a": "x"
    },
    {
        "o": 10986,
        "r": "csb:2 Kings:14:28",
        "w": 42,
        "l": {},
        "c": "2Kg 13:8*10933",
        "a": "y"
    },
    {
        "o": 10987,
        "r": "csb:2 Kings:14:29",
        "w": 16,
        "l": {},
        "c": "2Kg 13:12–13*10938; 15:8*10998",
        "a": "z"
    }
]
