[
    {
        "o": 9375,
        "r": "csb:2 Samuel:18:3",
        "w": 3,
        "l": {},
        "c": "2Sm 21:17*9500",
        "a": "a"
    },
    {
        "o": 9375,
        "r": "csb:2 Samuel:18:3",
        "w": 37,
        "l": {},
        "t": "18:3*r Some Hb mss, LXX, Vg; other Hb mss read because there would now be about",
        "a": "b"
    },
    {
        "o": 9382,
        "r": "csb:2 Samuel:18:9",
        "w": 45,
        "l": {},
        "t": "18:9*r Lit was between heaven and earth",
        "a": "c"
    },
    {
        "o": 9384,
        "r": "csb:2 Samuel:18:11",
        "w": 5,
        "l": {},
        "t": "18:11*r Lit Joab said to the man who told him",
        "a": "d"
    },
    {
        "o": 9384,
        "r": "csb:2 Samuel:18:11",
        "w": 23,
        "l": {},
        "t": "18:11*r About four ounces of silver",
        "a": "e"
    },
    {
        "o": 9385,
        "r": "csb:2 Samuel:18:12",
        "w": 16,
        "l": {},
        "t": "18:12*r About 25 pounds of silver",
        "a": "f"
    },
    {
        "o": 9385,
        "r": "csb:2 Samuel:18:12",
        "w": 46,
        "l": {},
        "t": "18:12*r Some Hb mss, LXX, Tg, Vg; other Hb mss read ‘Protect, whoever, the young man Absalom’; Hb obscure",
        "a": "g"
    },
    {
        "o": 9385,
        "r": "csb:2 Samuel:18:12",
        "w": 46,
        "l": {},
        "c": "2Sm 18:5*9377",
        "a": "h"
    },
    {
        "o": 9386,
        "r": "csb:2 Samuel:18:13",
        "w": 5,
        "l": {},
        "t": "18:13*r Alt Hb tradition reads jeopardized his",
        "a": "i"
    },
    {
        "o": 9387,
        "r": "csb:2 Samuel:18:14",
        "w": 14,
        "l": {},
        "t": "18:14*r Lit rods",
        "a": "j"
    },
    {
        "o": 9390,
        "r": "csb:2 Samuel:18:17",
        "w": 21,
        "l": {},
        "c": "Jos 7:24–26*6630; 8:29*6664",
        "a": "k"
    },
    {
        "o": 9390,
        "r": "csb:2 Samuel:18:17",
        "w": 29,
        "l": {},
        "c": "1Sm 4:10*8088; 2Sm 19:8*9416; 20:1,22*9454; 2Kg 8:21*10782",
        "a": "l"
    },
    {
        "o": 9391,
        "r": "csb:2 Samuel:18:18",
        "w": 12,
        "l": {},
        "c": "Gn 28:18*875; Dt 16:22*5908; 1Sm 15:12*8381; 2Kg 18:4*11110",
        "a": "m"
    },
    {
        "o": 9391,
        "r": "csb:2 Samuel:18:18",
        "w": 18,
        "l": {},
        "c": "Gn 14:17*392",
        "a": "n"
    },
    {
        "o": 9391,
        "r": "csb:2 Samuel:18:18",
        "w": 25,
        "l": {},
        "c": "2Sm 14:27*9267",
        "a": "o"
    },
    {
        "o": 9392,
        "r": "csb:2 Samuel:18:19",
        "w": 3,
        "l": {},
        "c": "2Sm 15:36*9311",
        "a": "p"
    },
    {
        "o": 9395,
        "r": "csb:2 Samuel:18:22",
        "w": 36,
        "l": {},
        "t": "18:22*r Or you have no good news?",
        "a": "q"
    },
    {
        "o": 9397,
        "r": "csb:2 Samuel:18:24",
        "w": 6,
        "l": {},
        "c": "2Sm 19:8*9416",
        "a": "r"
    },
    {
        "o": 9397,
        "r": "csb:2 Samuel:18:24",
        "w": 23,
        "l": {},
        "c": "2Sm 13:34*9233; 2Kg 9:17*10811",
        "a": "s"
    },
    {
        "o": 9400,
        "r": "csb:2 Samuel:18:27",
        "w": 19,
        "l": {},
        "c": "2Kg 9:20*10814",
        "a": "t"
    },
    {
        "o": 9400,
        "r": "csb:2 Samuel:18:27",
        "w": 29,
        "l": {},
        "c": "1Kg 1:42*9677",
        "a": "u"
    },
    {
        "o": 9405,
        "r": "csb:2 Samuel:18:32",
        "w": 41,
        "l": {},
        "c": "1Sm 25:26*8723",
        "a": "v"
    },
    {
        "o": 9406,
        "r": "csb:2 Samuel:18:33",
        "w": 42,
        "l": {},
        "c": "2Sm 19:4*9412",
        "a": "w"
    }
]
