[
    {
        "o": 34519,
        "r": "csb:1 Peter:4:1",
        "w": 3,
        "l": {},
        "t": "4:1*r Other mss read suffered for us",
        "a": "a"
    },
    {
        "o": 34519,
        "r": "csb:1 Peter:4:1",
        "w": 13,
        "l": {},
        "t": "4:1*r Or perspective, or attitude",
        "a": "b"
    },
    {
        "o": 34519,
        "r": "csb:1 Peter:4:1",
        "w": 23,
        "l": {},
        "c": "Rm 6:10*31778; Heb 4:15*34041; 7:26*34111; 9:28*34160",
        "a": "c"
    },
    {
        "o": 34519,
        "r": "csb:1 Peter:4:1",
        "w": 25,
        "l": {},
        "t": "4:1*r Or the one who suffered in the flesh has finished with sin",
        "a": "d"
    },
    {
        "o": 34520,
        "r": "csb:1 Peter:4:2",
        "w": 18,
        "l": {},
        "c": "Mk 3:35*27475; Rm 6:11*31779; 12:2*31972",
        "a": "e"
    },
    {
        "o": 34521,
        "r": "csb:1 Peter:4:3",
        "w": 22,
        "l": {},
        "c": "Mk 7:22*27657",
        "a": "f"
    },
    {
        "o": 34521,
        "r": "csb:1 Peter:4:3",
        "w": 24,
        "l": {},
        "c": "Rm 13:13*32009; Gl 5:21*33044",
        "a": "g"
    },
    {
        "o": 34522,
        "r": "csb:1 Peter:4:4",
        "w": 17,
        "l": {},
        "t": "4:4*r Or blaspheme",
        "a": "h"
    },
    {
        "o": 34523,
        "r": "csb:1 Peter:4:5",
        "w": 17,
        "l": {},
        "c": "Ac 10:42*30892; Rm 14:9*32021; 2Tm 4:1*33856",
        "a": "i"
    },
    {
        "o": 34524,
        "r": "csb:1 Peter:4:6",
        "w": 13,
        "l": {},
        "t": "4:6*r Or those who are dead",
        "a": "j"
    },
    {
        "o": 34524,
        "r": "csb:1 Peter:4:6",
        "w": 13,
        "l": {},
        "c": "Jn 5:25*29674",
        "a": "k"
    },
    {
        "o": 34524,
        "r": "csb:1 Peter:4:6",
        "w": 27,
        "l": {},
        "c": "1Pt 3:18*34512",
        "a": "l"
    },
    {
        "o": 34524,
        "r": "csb:1 Peter:4:6",
        "w": 30,
        "l": {},
        "c": "Php 1:21*33274",
        "a": "m"
    },
    {
        "o": 34526,
        "r": "csb:1 Peter:4:7",
        "w": 6,
        "l": {},
        "c": "Rm 13:11–12*32007; Heb 9:26*34158; Jms 5:8*34418; 1Jn 2:18*34662; Rv 1:3*34823",
        "a": "n"
    },
    {
        "o": 34526,
        "r": "csb:1 Peter:4:7",
        "w": 11,
        "l": {},
        "c": "1Pt 5:8*34550",
        "a": "o"
    },
    {
        "o": 34527,
        "r": "csb:1 Peter:4:8",
        "w": 4,
        "l": {},
        "c": "1Pt 1:22*34458",
        "a": "p"
    },
    {
        "o": 34527,
        "r": "csb:1 Peter:4:8",
        "w": 14,
        "l": {},
        "t": "4:8*r Pr 10:12",
        "a": "q"
    },
    {
        "o": 34527,
        "r": "csb:1 Peter:4:8",
        "w": 14,
        "l": {},
        "c": "Pr 10:12*18666; Jms 5:20*34432",
        "a": "r"
    },
    {
        "o": 34528,
        "r": "csb:1 Peter:4:9",
        "w": 1,
        "l": {},
        "c": "1Tm 3:2*33690; Ti 1:8*33890",
        "a": "s"
    },
    {
        "o": 34529,
        "r": "csb:1 Peter:4:10",
        "w": 12,
        "l": {},
        "c": "1Co 12:7*32427",
        "a": "t"
    },
    {
        "o": 34530,
        "r": "csb:1 Peter:4:11",
        "w": 22,
        "l": {},
        "c": "Rm 12:6–8*31976; 1Co 15:58*32575",
        "a": "u"
    },
    {
        "o": 34532,
        "r": "csb:1 Peter:4:12",
        "w": 22,
        "l": {},
        "c": "1Pt 1:6–7*34441",
        "a": "v"
    },
    {
        "o": 34533,
        "r": "csb:1 Peter:4:13",
        "w": 9,
        "l": {},
        "c": "Gl 5:24*33047; Php 3:10*33330",
        "a": "w"
    },
    {
        "o": 34533,
        "r": "csb:1 Peter:4:13",
        "w": 23,
        "l": {},
        "c": "1Co 1:7*32116; Eph 1:17*33091; 2Th 1:7*33596; 1Pt 1:7,13*34442",
        "a": "x"
    },
    {
        "o": 34534,
        "r": "csb:1 Peter:4:14",
        "w": 8,
        "l": {},
        "c": "Ps 89:50–51*17162; Ac 5:41*30661; 1Pt 2:20*34485",
        "a": "y"
    },
    {
        "o": 34534,
        "r": "csb:1 Peter:4:14",
        "w": 14,
        "l": {},
        "c": "Ac 4:33*30609; Rv 3:22*34902",
        "a": "z"
    },
    {
        "o": 34534,
        "r": "csb:1 Peter:4:14",
        "w": 19,
        "l": {},
        "t": "4:14*r Or God’s glorious Spirit",
        "a": "a"
    },
    {
        "o": 34535,
        "r": "csb:1 Peter:4:15",
        "w": 14,
        "l": {},
        "t": "4:15*r Or as one who defrauds others",
        "a": "b"
    },
    {
        "o": 34536,
        "r": "csb:1 Peter:4:16",
        "w": 20,
        "l": {},
        "t": "4:16*r Other mss read in that case",
        "a": "c"
    },
    {
        "o": 34537,
        "r": "csb:1 Peter:4:17",
        "w": 6,
        "l": {},
        "c": "Mk 12:40*27920; Jn 5:22*29670; Heb 10:27*34191; 13:4*34284",
        "a": "d"
    },
    {
        "o": 34537,
        "r": "csb:1 Peter:4:17",
        "w": 11,
        "l": {},
        "c": "Gl 6:10*33062; Eph 2:19*33120; 1Tm 3:15*33704; Heb 3:2*34005",
        "a": "e"
    },
    {
        "o": 34538,
        "r": "csb:1 Peter:4:18",
        "w": 17,
        "l": {},
        "t": "4:18*r Pr 11:31 LXX",
        "a": "f"
    },
    {
        "o": 34538,
        "r": "csb:1 Peter:4:18",
        "w": 17,
        "l": {},
        "c": "Pr 11:31*18718",
        "a": "g"
    },
    {
        "o": 34539,
        "r": "csb:1 Peter:4:19",
        "w": 11,
        "l": {},
        "c": "Ps 10:14*15604; 2Co 1:9*32616",
        "a": "h"
    }
]
