[
    {
        "o": 30460,
        "r": "csb:Acts:1:1",
        "w": 14,
        "l": {},
        "c": "Lk 1:3*28137; 24:19*29426",
        "a": "a"
    },
    {
        "o": 30461,
        "r": "csb:Acts:1:2",
        "w": 21,
        "l": {},
        "c": "Mt 28:19–20*27346; Lk 24:47*29455; Jn 20:21*30415",
        "a": "b"
    },
    {
        "o": 30462,
        "r": "csb:Acts:1:3",
        "w": 30,
        "l": {},
        "c": "Mt 28:17*27344; Mk 16:14*28125; Lk 24:34,36*29441; Jn 20:19*30413; 1Co 15:5–7*32517",
        "a": "c"
    },
    {
        "o": 30464,
        "r": "csb:Acts:1:4",
        "w": 2,
        "l": {},
        "t": "1:4*r Or he was eating, or he was lodging",
        "a": "d"
    },
    {
        "o": 30464,
        "r": "csb:Acts:1:4",
        "w": 18,
        "l": {},
        "c": "Lk 24:49*29458; Jn 14:1*30157; Ac 2:33*30525",
        "a": "e"
    },
    {
        "o": 30465,
        "r": "csb:Acts:1:5",
        "w": 17,
        "l": {},
        "c": "Jl 3:18*25168; Mt 3:11*26173; Ac 11:16*30917",
        "a": "f"
    },
    {
        "o": 30467,
        "r": "csb:Acts:1:7",
        "w": 22,
        "l": {},
        "c": "Mt 24:36*27096; Mk 13:32*27964; 1Th 5:1*33558",
        "a": "g"
    },
    {
        "o": 30468,
        "r": "csb:Acts:1:8",
        "w": 32,
        "l": {},
        "c": "Lk 24:48*29456; Ac 2:1,4*30492; 4:33*30609; 8:1,14*30751; 13:47*31014",
        "a": "h"
    },
    {
        "o": 30471,
        "r": "csb:Acts:1:10",
        "w": 18,
        "l": {},
        "c": "Mt 28:13*27339; Mk 16:5*28113; Lk 24:4*29410; Jn 20:12*30405",
        "a": "i"
    },
    {
        "o": 30472,
        "r": "csb:Acts:1:11",
        "w": 37,
        "l": {},
        "c": "Mt 16:27*26760; Ac 2:7*30498; 1Th 1:10*33492; 2Th 1:10*33599",
        "a": "j"
    },
    {
        "o": 30475,
        "r": "csb:Acts:1:13",
        "w": 7,
        "l": {},
        "c": "Ac 9:37,39*30839; 20:8*31273",
        "a": "k"
    },
    {
        "o": 30475,
        "r": "csb:Acts:1:13",
        "w": 34,
        "l": {},
        "c": "Mt 10:2–4*26435; Mk 3:16–19*27454; Lk 6:14–16*28435",
        "a": "l"
    },
    {
        "o": 30476,
        "r": "csb:Acts:1:14",
        "w": 4,
        "l": {},
        "c": "Ac 2:46*30540; 4:24*30599; 5:12*30628; 15:25*31080; Rm 15:6*32045",
        "a": "m"
    },
    {
        "o": 30476,
        "r": "csb:Acts:1:14",
        "w": 6,
        "l": {},
        "t": "1:14*r Other mss add and petition",
        "a": "n"
    },
    {
        "o": 30476,
        "r": "csb:Acts:1:14",
        "w": 19,
        "l": {},
        "c": "Mt 12:46*26568; Lk 23:49,55*29397; Rm 12:12*31983; Col 4:2*33462",
        "a": "o"
    },
    {
        "o": 30478,
        "r": "csb:Acts:1:15",
        "w": 10,
        "l": {},
        "t": "1:15*r Other mss read disciples",
        "a": "p"
    },
    {
        "o": 30479,
        "r": "csb:Acts:1:16",
        "w": 31,
        "l": {},
        "c": "Lk 22:37,47*29302; 24:44*29452; Jn 13:18*30131; 18:3*30295",
        "a": "q"
    },
    {
        "o": 30480,
        "r": "csb:Acts:1:17",
        "w": 11,
        "l": {},
        "c": "Jn 6:71*29773; Ac 20:24*31291; 21:19*31327",
        "a": "r"
    },
    {
        "o": 30481,
        "r": "csb:Acts:1:18",
        "w": 21,
        "l": {},
        "c": "Mt 26:14–15*27179; 27:5,7–8*27255",
        "a": "s"
    },
    {
        "o": 30483,
        "r": "csb:Acts:1:20",
        "w": 19,
        "l": {},
        "t": "1:20*r Ps 69:25",
        "a": "t"
    },
    {
        "o": 30483,
        "r": "csb:Acts:1:20",
        "w": 26,
        "l": {},
        "t": "1:20*r Ps 109:8",
        "a": "u"
    },
    {
        "o": 30483,
        "r": "csb:Acts:1:20",
        "w": 26,
        "l": {},
        "c": "Ps 69:25*16685; 109:8*17602",
        "a": "v"
    },
    {
        "o": 30485,
        "r": "csb:Acts:1:22",
        "w": 30,
        "l": {},
        "c": "Mk 1:4*27353; Ac 2:31*30523; 4:2*30574; 17:18*31167; 23:6*31391; 24:15*31438; 26:23*31509",
        "a": "w"
    },
    {
        "o": 30486,
        "r": "csb:Acts:1:23",
        "w": 14,
        "l": {},
        "c": "Ac 15:22*31077; 18:7*31193",
        "a": "x"
    },
    {
        "o": 30487,
        "r": "csb:Acts:1:24",
        "w": 2,
        "l": {},
        "c": "Ac 6:6*30670; 13:3*30968",
        "a": "y"
    },
    {
        "o": 30487,
        "r": "csb:Acts:1:24",
        "w": 15,
        "l": {},
        "c": "1Sm 16:7*8413; Jr 17:10*21717; Ac 15:8*31062; Rv 2:23*34870",
        "a": "z"
    },
    {
        "o": 30488,
        "r": "csb:Acts:1:25",
        "w": 3,
        "l": {},
        "t": "1:25*r Other mss read to share",
        "a": "a"
    },
    {
        "o": 30488,
        "r": "csb:Acts:1:25",
        "w": 7,
        "l": {},
        "c": "Rm 1:5*31611; 1Co 9:2*32318; Gl 2:8*32938",
        "a": "b"
    },
    {
        "o": 30489,
        "r": "csb:Acts:1:26",
        "w": 3,
        "l": {},
        "c": "Mt 27:35*27289; Mk 15:24*28082; Lk 23:34*29380; Jn 19:24*30369; Ac 8:21*30774; 26:18*31503; Col 1:12*33385; 1Pt 5:3*34544",
        "a": "c"
    }
]
