[
    {
        "o": 33807,
        "r": "csb:2 Timothy:2:1",
        "w": 8,
        "l": {},
        "c": "Gl 1:6*32909; 2Pt 3:18*34626",
        "a": "a"
    },
    {
        "o": 33808,
        "r": "csb:2 Timothy:2:2",
        "w": 5,
        "l": {},
        "c": "2Tm 1:13*33799",
        "a": "b"
    },
    {
        "o": 33808,
        "r": "csb:2 Timothy:2:2",
        "w": 14,
        "l": {},
        "c": "Nm 12:7*4474",
        "a": "c"
    },
    {
        "o": 33808,
        "r": "csb:2 Timothy:2:2",
        "w": 15,
        "l": {},
        "t": "2:2*r Or faithful people",
        "a": "d"
    },
    {
        "o": 33809,
        "r": "csb:2 Timothy:2:3",
        "w": 9,
        "l": {},
        "c": "1Tm 1:18*33666",
        "a": "e"
    },
    {
        "o": 33812,
        "r": "csb:2 Timothy:2:6",
        "w": 14,
        "l": {},
        "c": "1Co 9:10*32326",
        "a": "f"
    },
    {
        "o": 33814,
        "r": "csb:2 Timothy:2:8",
        "w": 6,
        "l": {},
        "c": "Mt 17:9*26772; Jn 21:14*30444",
        "a": "g"
    },
    {
        "o": 33816,
        "r": "csb:2 Timothy:2:10",
        "w": 4,
        "l": {},
        "c": "Jms 1:12*34321",
        "a": "h"
    },
    {
        "o": 33816,
        "r": "csb:2 Timothy:2:10",
        "w": 9,
        "l": {},
        "c": "Mt 24:22*27079",
        "a": "i"
    },
    {
        "o": 33816,
        "r": "csb:2 Timothy:2:10",
        "w": 24,
        "l": {},
        "c": "Lk 9:32*28639; 24:26*29433; Jn 17:24*30288; 2Co 3:18*32676; 1Pt 5:1,4*34542; 2Pt 3:18*34626",
        "a": "j"
    },
    {
        "o": 33817,
        "r": "csb:2 Timothy:2:11",
        "w": 3,
        "l": {},
        "c": "1Tm 1:15*33662; 3:1*33689; 4:9*33717; Ti 3:8*33925",
        "a": "k"
    },
    {
        "o": 33817,
        "r": "csb:2 Timothy:2:11",
        "w": 9,
        "l": {},
        "c": "Jn 8:51*29890",
        "a": "l"
    },
    {
        "o": 33818,
        "r": "csb:2 Timothy:2:12",
        "w": 6,
        "l": {},
        "c": "Rv 20:4*35244",
        "a": "m"
    },
    {
        "o": 33821,
        "r": "csb:2 Timothy:2:14",
        "w": 9,
        "l": {},
        "t": "2:14*r Other mss read before the Lord",
        "a": "n"
    },
    {
        "o": 33821,
        "r": "csb:2 Timothy:2:14",
        "w": 14,
        "l": {},
        "c": "1Tm 6:4*33761",
        "a": "o"
    },
    {
        "o": 33822,
        "r": "csb:2 Timothy:2:15",
        "w": 23,
        "l": {},
        "c": "Eph 1:13*33086; Col 1:5*33377; Jms 1:18*34328",
        "a": "p"
    },
    {
        "o": 33823,
        "r": "csb:2 Timothy:2:16",
        "w": 15,
        "l": {},
        "c": "Jd 18*34810",
        "a": "q"
    },
    {
        "o": 33824,
        "r": "csb:2 Timothy:2:17",
        "w": 7,
        "l": {},
        "c": "1Tm 1:20*33668",
        "a": "r"
    },
    {
        "o": 33825,
        "r": "csb:2 Timothy:2:18",
        "w": 13,
        "l": {},
        "c": "Ac 17:32*31182; 1Co 15:12–17*32525; 2Th 2:1–2*33604",
        "a": "s"
    },
    {
        "o": 33825,
        "r": "csb:2 Timothy:2:18",
        "w": 20,
        "l": {},
        "c": "1Tm 1:19*33667; 6:21*33781",
        "a": "t"
    },
    {
        "o": 33826,
        "r": "csb:2 Timothy:2:19",
        "w": 8,
        "l": {},
        "c": "Jos 23:7*7160; Est 9:4*14285; Is 26:13*20323; Rm 15:20*32060; Eph 1:21*33096",
        "a": "u"
    },
    {
        "o": 33826,
        "r": "csb:2 Timothy:2:19",
        "w": 15,
        "l": {},
        "t": "2:19*r Nm 16:5",
        "a": "v"
    },
    {
        "o": 33826,
        "r": "csb:2 Timothy:2:19",
        "w": 15,
        "l": {},
        "c": "Nm 16:5*4620; Pr 2:6*18412; Jn 10:14,27*29959; 1Co 8:3*32304",
        "a": "w"
    },
    {
        "o": 33826,
        "r": "csb:2 Timothy:2:19",
        "w": 23,
        "l": {},
        "c": "Ac 15:14*31068",
        "a": "x"
    },
    {
        "o": 33826,
        "r": "csb:2 Timothy:2:19",
        "w": 24,
        "l": {},
        "t": "2:19*r Lit everyone who names the name of",
        "a": "y"
    },
    {
        "o": 33826,
        "r": "csb:2 Timothy:2:19",
        "w": 30,
        "l": {},
        "c": "Lv 24:11,16*3820; Nm 16:26–27*4641; Jos 23:7*7160; Ps 6:9*15532; 33:15*15998; Pr 3:7*18437; Is 26:13*20323; 52:11*20954; Jr 20:9*21792",
        "a": "z"
    },
    {
        "o": 33827,
        "r": "csb:2 Timothy:2:20",
        "w": 12,
        "l": {},
        "c": "Rm 9:21*31890",
        "a": "a"
    },
    {
        "o": 33827,
        "r": "csb:2 Timothy:2:20",
        "w": 22,
        "l": {},
        "t": "2:20*r Or special",
        "a": "b"
    },
    {
        "o": 33827,
        "r": "csb:2 Timothy:2:20",
        "w": 27,
        "l": {},
        "t": "2:20*r Or ordinary",
        "a": "c"
    },
    {
        "o": 33827,
        "r": "csb:2 Timothy:2:20",
        "w": 27,
        "l": {},
        "c": "Rm 9:21*31890",
        "a": "d"
    },
    {
        "o": 33828,
        "r": "csb:2 Timothy:2:21",
        "w": 7,
        "l": {},
        "t": "2:21*r Lit from these",
        "a": "e"
    },
    {
        "o": 33828,
        "r": "csb:2 Timothy:2:21",
        "w": 12,
        "l": {},
        "t": "2:21*r Or an honorable",
        "a": "f"
    },
    {
        "o": 33828,
        "r": "csb:2 Timothy:2:21",
        "w": 24,
        "l": {},
        "c": "2Co 9:8*32797; Gl 3:10*32965; 1Tm 5:10*33737",
        "a": "g"
    },
    {
        "o": 33829,
        "r": "csb:2 Timothy:2:22",
        "w": 0,
        "l": {},
        "c": "1Tm 4:12*33721; 6:11*33769; Jms 4:7*34396",
        "a": "h"
    },
    {
        "o": 33829,
        "r": "csb:2 Timothy:2:22",
        "w": 10,
        "l": {},
        "c": "Lk 12:51*28848; 2Tm 1:2*33786; Heb 12:14*34263; 3Jn 14*34786",
        "a": "i"
    },
    {
        "o": 33829,
        "r": "csb:2 Timothy:2:22",
        "w": 18,
        "l": {},
        "c": "Gn 13:4*358",
        "a": "j"
    },
    {
        "o": 33831,
        "r": "csb:2 Timothy:2:24",
        "w": 1,
        "l": {},
        "c": "Rv 11:8*35044",
        "a": "k"
    },
    {
        "o": 33831,
        "r": "csb:2 Timothy:2:24",
        "w": 5,
        "l": {},
        "c": "Jn 6:52*29753; Ac 7:26*30710; Jms 4:2*34391",
        "a": "l"
    },
    {
        "o": 33831,
        "r": "csb:2 Timothy:2:24",
        "w": 14,
        "l": {},
        "t": "2:24*r Or everyone, skillful in teaching",
        "a": "m"
    },
    {
        "o": 33832,
        "r": "csb:2 Timothy:2:25",
        "w": 4,
        "l": {},
        "c": "Jms 3:13*34382",
        "a": "n"
    },
    {
        "o": 33832,
        "r": "csb:2 Timothy:2:25",
        "w": 10,
        "l": {},
        "c": "Ac 26:20*31505; Rm 2:4*31648; 2Co 7:9–10*32753",
        "a": "o"
    },
    {
        "o": 33833,
        "r": "csb:2 Timothy:2:26",
        "w": 13,
        "l": {},
        "c": "1Tm 3:7*33695",
        "a": "p"
    },
    {
        "o": 33833,
        "r": "csb:2 Timothy:2:26",
        "w": 22,
        "l": {},
        "c": "Jn 1:13*29477",
        "a": "q"
    }
]
