[
    {
        "o": 13064,
        "r": "csb:2 Chronicles:27:1",
        "w": 4,
        "l": {},
        "c": "2Kg 15:33–35*11028",
        "a": "a"
    },
    {
        "o": 13064,
        "r": "csb:2 Chronicles:27:1",
        "w": 15,
        "l": {},
        "c": "2Ch 27:8*13071",
        "a": "b"
    },
    {
        "o": 13065,
        "r": "csb:2 Chronicles:27:2",
        "w": 23,
        "l": {},
        "c": "2Ch 26:16–18*13054",
        "a": "c"
    },
    {
        "o": 13066,
        "r": "csb:2 Chronicles:27:3",
        "w": 17,
        "l": {},
        "c": "2Ch 33:14*13252; Neh 3:26–27*13749",
        "a": "d"
    },
    {
        "o": 13067,
        "r": "csb:2 Chronicles:27:4",
        "w": 16,
        "l": {},
        "c": "2Ch 11:5*12667",
        "a": "e"
    },
    {
        "o": 13068,
        "r": "csb:2 Chronicles:27:5",
        "w": 20,
        "l": {},
        "t": "27:5*r Lit 100 talents",
        "a": "f"
    },
    {
        "o": 13068,
        "r": "csb:2 Chronicles:27:5",
        "w": 24,
        "l": {},
        "t": "27:5*r Lit 10,000 cors",
        "a": "g"
    },
    {
        "o": 13069,
        "r": "csb:2 Chronicles:27:6",
        "w": 11,
        "l": {},
        "t": "27:6*r Lit he established his ways before",
        "a": "h"
    },
    {
        "o": 13069,
        "r": "csb:2 Chronicles:27:6",
        "w": 15,
        "l": {},
        "c": "2Ch 26:5*13042",
        "a": "i"
    },
    {
        "o": 13070,
        "r": "csb:2 Chronicles:27:7",
        "w": 6,
        "l": {},
        "c": "2Kg 15:36–38*11031",
        "a": "j"
    }
]
