[
    {
        "o": 32192,
        "r": "csb:1 Corinthians:4:1",
        "w": 10,
        "l": {},
        "c": "Jn 18:36*30333",
        "a": "a"
    },
    {
        "o": 32192,
        "r": "csb:1 Corinthians:4:1",
        "w": 14,
        "l": {},
        "c": "Lk 16:1*28980",
        "a": "b"
    },
    {
        "o": 32192,
        "r": "csb:1 Corinthians:4:1",
        "w": 19,
        "l": {},
        "c": "1Co 2:7*32153",
        "a": "c"
    },
    {
        "o": 32193,
        "r": "csb:1 Corinthians:4:2",
        "w": 10,
        "l": {},
        "c": "Nm 12:7*4474",
        "a": "d"
    },
    {
        "o": 32194,
        "r": "csb:1 Corinthians:4:3",
        "w": 3,
        "l": {},
        "c": "Mt 5:19*26234",
        "a": "e"
    },
    {
        "o": 32194,
        "r": "csb:1 Corinthians:4:3",
        "w": 11,
        "l": {},
        "c": "1Co 2:14*32160",
        "a": "f"
    },
    {
        "o": 32194,
        "r": "csb:1 Corinthians:4:3",
        "w": 18,
        "l": {},
        "t": "4:3*r Lit a human day",
        "a": "g"
    },
    {
        "o": 32195,
        "r": "csb:1 Corinthians:4:4",
        "w": 13,
        "l": {},
        "c": "Ac 13:39*31005",
        "a": "h"
    },
    {
        "o": 32196,
        "r": "csb:1 Corinthians:4:5",
        "w": 2,
        "l": {},
        "c": "Lk 6:37*28463",
        "a": "i"
    },
    {
        "o": 32196,
        "r": "csb:1 Corinthians:4:5",
        "w": 8,
        "l": {},
        "c": "Mk 8:38*27719; 1Pt 5:6*34548",
        "a": "j"
    },
    {
        "o": 32196,
        "r": "csb:1 Corinthians:4:5",
        "w": 36,
        "l": {},
        "c": "2Co 10:18*32824",
        "a": "k"
    },
    {
        "o": 32198,
        "r": "csb:1 Corinthians:4:6",
        "w": 3,
        "l": {},
        "c": "Ac 9:30*30830",
        "a": "l"
    },
    {
        "o": 32198,
        "r": "csb:1 Corinthians:4:6",
        "w": 12,
        "l": {},
        "c": "Ti 3:13*33931",
        "a": "m"
    },
    {
        "o": 32202,
        "r": "csb:1 Corinthians:4:10",
        "w": 10,
        "l": {},
        "c": "1Pt 5:14*34556",
        "a": "n"
    },
    {
        "o": 32204,
        "r": "csb:1 Corinthians:4:12",
        "w": 2,
        "l": {},
        "c": "2Jn 8*34761",
        "a": "o"
    },
    {
        "o": 32204,
        "r": "csb:1 Corinthians:4:12",
        "w": 6,
        "l": {},
        "c": "Ac 18:3*31189",
        "a": "p"
    },
    {
        "o": 32205,
        "r": "csb:1 Corinthians:4:13",
        "w": 19,
        "l": {},
        "c": "Is 64:6*21165; Lm 3:45*22942",
        "a": "q"
    },
    {
        "o": 32207,
        "r": "csb:1 Corinthians:4:14",
        "w": 14,
        "l": {},
        "c": "1Th 2:11*33505; Phm 1*33936",
        "a": "r"
    },
    {
        "o": 32208,
        "r": "csb:1 Corinthians:4:15",
        "w": 18,
        "l": {},
        "c": "Gl 4:19*33007; Phm 10*33947",
        "a": "s"
    },
    {
        "o": 32210,
        "r": "csb:1 Corinthians:4:17",
        "w": 5,
        "l": {},
        "c": "2Co 9:3*32792; Eph 6:21–22*33245; Col 4:7–8*33468; Phm 12*33949",
        "a": "t"
    },
    {
        "o": 32210,
        "r": "csb:1 Corinthians:4:17",
        "w": 15,
        "l": {},
        "c": "Nm 12:7*4474",
        "a": "u"
    },
    {
        "o": 32212,
        "r": "csb:1 Corinthians:4:19",
        "w": 6,
        "l": {},
        "c": "Ac 19:21*31242; 1Co 16:5*32583; 2Co 1:15–16*32624",
        "a": "v"
    },
    {
        "o": 32214,
        "r": "csb:1 Corinthians:4:21",
        "w": 11,
        "l": {},
        "c": "2Co 1:23*32632; 2:1,3*32635; 12:20–21*32884; 13:2,10*32889",
        "a": "w"
    },
    {
        "o": 32214,
        "r": "csb:1 Corinthians:4:21",
        "w": 19,
        "l": {},
        "c": "Jms 3:13*34382",
        "a": "x"
    }
]
