[
    {
        "o": 9603,
        "r": "csb:2 Samuel:24:1",
        "w": 23,
        "l": {},
        "c": "1Ch 21:1–28*12121",
        "a": "a"
    },
    {
        "o": 9604,
        "r": "csb:2 Samuel:24:2",
        "w": 31,
        "l": {},
        "c": "Nm 1:2–3*3977; 1Sm 13:15*8301",
        "a": "b"
    },
    {
        "o": 9605,
        "r": "csb:2 Samuel:24:3",
        "w": 19,
        "l": {},
        "c": "Dt 1:11*5392",
        "a": "c"
    },
    {
        "o": 9607,
        "r": "csb:2 Samuel:24:5",
        "w": 7,
        "l": {},
        "c": "Dt 2:36*5469; Jos 13:9,16*6812",
        "a": "d"
    },
    {
        "o": 9608,
        "r": "csb:2 Samuel:24:6",
        "w": 10,
        "l": {},
        "t": "24:6*r LXX; MT reads of Tahtim-hodshi; Hb obscure",
        "a": "e"
    },
    {
        "o": 9611,
        "r": "csb:2 Samuel:24:9",
        "w": 19,
        "l": {},
        "t": "24:9*r Lit men of valor drawing the sword",
        "a": "f"
    },
    {
        "o": 9611,
        "r": "csb:2 Samuel:24:9",
        "w": 28,
        "l": {},
        "c": "Nm 1:45–46*4020",
        "a": "g"
    },
    {
        "o": 9612,
        "r": "csb:2 Samuel:24:10",
        "w": 3,
        "l": {},
        "c": "1Sm 24:5*8678",
        "a": "h"
    },
    {
        "o": 9612,
        "r": "csb:2 Samuel:24:10",
        "w": 32,
        "l": {},
        "c": "Nm 12:9–12*4476; 1Sm 13:13*8299",
        "a": "i"
    },
    {
        "o": 9614,
        "r": "csb:2 Samuel:24:11",
        "w": 17,
        "l": {},
        "c": "1Sm 22:5*8619",
        "a": "j"
    },
    {
        "o": 9614,
        "r": "csb:2 Samuel:24:11",
        "w": 19,
        "l": {},
        "c": "1Sm 9:9*8192",
        "a": "k"
    },
    {
        "o": 9616,
        "r": "csb:2 Samuel:24:13",
        "w": 15,
        "l": {},
        "t": "24:13*r LXX; MT reads seven; 1Ch 21:12",
        "a": "l"
    },
    {
        "o": 9616,
        "r": "csb:2 Samuel:24:13",
        "w": 47,
        "l": {},
        "t": "24:13*r Lit Now, know and see",
        "a": "m"
    },
    {
        "o": 9617,
        "r": "csb:2 Samuel:24:14",
        "w": 19,
        "l": {},
        "c": "Ps 103:8–18*17380; 119:156*17934",
        "a": "n"
    },
    {
        "o": 9619,
        "r": "csb:2 Samuel:24:16",
        "w": 10,
        "l": {},
        "c": "2Kg 19:35*11187",
        "a": "o"
    },
    {
        "o": 9619,
        "r": "csb:2 Samuel:24:16",
        "w": 17,
        "l": {},
        "c": "Ex 32:14*2713; Am 7:3–6*25294",
        "a": "p"
    },
    {
        "o": 9619,
        "r": "csb:2 Samuel:24:16",
        "w": 25,
        "l": {},
        "c": "1Co 10:10*32355",
        "a": "q"
    },
    {
        "o": 9619,
        "r": "csb:2 Samuel:24:16",
        "w": 45,
        "l": {},
        "t": "24:16*r = Ornan in 1Ch 21:15–28; 2Ch 3:1",
        "a": "r"
    },
    {
        "o": 9619,
        "r": "csb:2 Samuel:24:16",
        "w": 47,
        "l": {},
        "c": "2Ch 3:1*12449",
        "a": "s"
    },
    {
        "o": 9620,
        "r": "csb:2 Samuel:24:17",
        "w": 24,
        "l": {},
        "t": "24:17*r LXX reads shepherd",
        "a": "t"
    },
    {
        "o": 9625,
        "r": "csb:2 Samuel:24:21",
        "w": 38,
        "l": {},
        "c": "Nm 16:44–50*4659",
        "a": "u"
    },
    {
        "o": 9626,
        "r": "csb:2 Samuel:24:22",
        "w": 12,
        "l": {},
        "t": "24:22*r Lit take what is good in his eyes",
        "a": "v"
    },
    {
        "o": 9626,
        "r": "csb:2 Samuel:24:22",
        "w": 33,
        "l": {},
        "c": "1Sm 6:14*8131; 1Kg 19:21*10401",
        "a": "w"
    },
    {
        "o": 9628,
        "r": "csb:2 Samuel:24:24",
        "w": 41,
        "l": {},
        "t": "24:24*r Lit 50 shekels",
        "a": "x"
    },
    {
        "o": 9629,
        "r": "csb:2 Samuel:24:25",
        "w": 24,
        "l": {},
        "c": "2Sm 21:14*9497",
        "a": "y"
    }
]
