[
    {
        "o": 9076,
        "r": "csb:2 Samuel:8:1",
        "w": 5,
        "l": {},
        "c": "1Ch 18:1–17*12070",
        "a": "a"
    },
    {
        "o": 9076,
        "r": "csb:2 Samuel:8:1",
        "w": 10,
        "l": {},
        "t": "8:1*r Or took control of the mother city; Hb obscure",
        "a": "b"
    },
    {
        "o": 9076,
        "r": "csb:2 Samuel:8:1",
        "w": 13,
        "l": {},
        "t": "8:1*r LXX reads them, and David took tribute out of the hand of the Philistines",
        "a": "c"
    },
    {
        "o": 9076,
        "r": "csb:2 Samuel:8:1",
        "w": 13,
        "l": {},
        "c": "2Sm 3:18*8954",
        "a": "d"
    },
    {
        "o": 9077,
        "r": "csb:2 Samuel:8:2",
        "w": 52,
        "l": {},
        "c": "Nm 24:17*4910",
        "a": "e"
    },
    {
        "o": 9078,
        "r": "csb:2 Samuel:8:3",
        "w": 3,
        "l": {},
        "c": "2Sm 10:16–19*9126",
        "a": "f"
    },
    {
        "o": 9079,
        "r": "csb:2 Samuel:8:4",
        "w": 4,
        "l": {},
        "t": "8:4*r LXX, DSS read 1,000 chariots and 7,000 horsemen",
        "a": "g"
    },
    {
        "o": 9079,
        "r": "csb:2 Samuel:8:4",
        "w": 17,
        "l": {},
        "c": "Jos 11:6*6755",
        "a": "h"
    },
    {
        "o": 9079,
        "r": "csb:2 Samuel:8:4",
        "w": 22,
        "l": {},
        "t": "8:4*r Or chariot horses",
        "a": "i"
    },
    {
        "o": 9080,
        "r": "csb:2 Samuel:8:5",
        "w": 4,
        "l": {},
        "c": "Gn 14:15*389; Ac 9:2–27*30797",
        "a": "j"
    },
    {
        "o": 9081,
        "r": "csb:2 Samuel:8:6",
        "w": 24,
        "l": {},
        "c": "2Sm 8:14*9089",
        "a": "k"
    },
    {
        "o": 9082,
        "r": "csb:2 Samuel:8:7",
        "w": 12,
        "l": {},
        "c": "2Kg 11:10*10885; 2Ch 23:9*12955",
        "a": "l"
    },
    {
        "o": 9083,
        "r": "csb:2 Samuel:8:8",
        "w": 9,
        "l": {},
        "t": "8:8*r Some LXX mss, Syr read Tebah",
        "a": "m"
    },
    {
        "o": 9084,
        "r": "csb:2 Samuel:8:9",
        "w": 4,
        "l": {},
        "c": "Gn 10:15–18*277; Ezk 47:16–17*24405",
        "a": "n"
    },
    {
        "o": 9086,
        "r": "csb:2 Samuel:8:11",
        "w": 23,
        "l": {},
        "c": "1Kg 7:51*9930; 1Ch 26:26*12303",
        "a": "o"
    },
    {
        "o": 9087,
        "r": "csb:2 Samuel:8:12",
        "w": 1,
        "l": {},
        "t": "8:12*r Some Hb mss, LXX, Syr; other Hb mss read Aram; 1Ch 18:11",
        "a": "p"
    },
    {
        "o": 9088,
        "r": "csb:2 Samuel:8:13",
        "w": 3,
        "l": {},
        "c": "2Sm 7:9*9052",
        "a": "q"
    },
    {
        "o": 9088,
        "r": "csb:2 Samuel:8:13",
        "w": 14,
        "l": {},
        "t": "8:13*r Some Hb mss, LXX, Syr; other Hb mss read Arameans; 1Ch 18:12",
        "a": "r"
    },
    {
        "o": 9088,
        "r": "csb:2 Samuel:8:13",
        "w": 17,
        "l": {},
        "t": "8:13*r = the Dead Sea region",
        "a": "s"
    },
    {
        "o": 9088,
        "r": "csb:2 Samuel:8:13",
        "w": 17,
        "l": {},
        "c": "2Kg 14:7*10962",
        "a": "t"
    },
    {
        "o": 9089,
        "r": "csb:2 Samuel:8:14",
        "w": 12,
        "l": {},
        "c": "Gn 25:23*751; 27:29–40*836; Nm 24:18*4911",
        "a": "u"
    },
    {
        "o": 9089,
        "r": "csb:2 Samuel:8:14",
        "w": 20,
        "l": {},
        "c": "Dt 20:4*5988; 2Sm 8:6*9081",
        "a": "v"
    },
    {
        "o": 9090,
        "r": "csb:2 Samuel:8:15",
        "w": 13,
        "l": {},
        "c": "1Kg 10:9*10044; Ps 99:4*17314; Jr 9:23*21516; 22:3,15*21824; 23:5*21862; 33:15*22204; Ezk 18:5*23472",
        "a": "w"
    },
    {
        "o": 9093,
        "r": "csb:2 Samuel:8:18",
        "w": 10,
        "l": {},
        "c": "2Sm 23:20–23*9581",
        "a": "x"
    },
    {
        "o": 9093,
        "r": "csb:2 Samuel:8:18",
        "w": 16,
        "l": {},
        "t": "8:18*r LXX; MT reads were priests; 1Ch 18:17",
        "a": "y"
    }
]
