[
    {
        "o": 11317,
        "r": "csb:2 Kings:24:1",
        "w": 0,
        "l": {},
        "c": "2Ch 36:6–8*13344",
        "a": "a"
    },
    {
        "o": 11317,
        "r": "csb:2 Kings:24:1",
        "w": 2,
        "l": {},
        "c": "2Kg 23:26–27*11300",
        "a": "b"
    },
    {
        "o": 11317,
        "r": "csb:2 Kings:24:1",
        "w": 4,
        "l": {},
        "c": "2Kg 24:10–11*11328; Dn 1:1*24453",
        "a": "c"
    },
    {
        "o": 11317,
        "r": "csb:2 Kings:24:1",
        "w": 6,
        "l": {},
        "c": "2Kg 20:14*11206",
        "a": "d"
    },
    {
        "o": 11317,
        "r": "csb:2 Kings:24:1",
        "w": 7,
        "l": {},
        "c": "Jr 35:11*22253",
        "a": "e"
    },
    {
        "o": 11318,
        "r": "csb:2 Kings:24:2",
        "w": 4,
        "l": {},
        "c": "2Kg 6:23*10726",
        "a": "f"
    },
    {
        "o": 11318,
        "r": "csb:2 Kings:24:2",
        "w": 5,
        "l": {},
        "c": "2Kg 13:20*10947",
        "a": "g"
    },
    {
        "o": 11318,
        "r": "csb:2 Kings:24:2",
        "w": 33,
        "l": {},
        "c": "2Kg 23:27*11302",
        "a": "h"
    },
    {
        "o": 11319,
        "r": "csb:2 Kings:24:3",
        "w": 14,
        "l": {},
        "c": "2Kg 18:25*11134",
        "a": "i"
    },
    {
        "o": 11319,
        "r": "csb:2 Kings:24:3",
        "w": 28,
        "l": {},
        "c": "2Kg 23:26*11300",
        "a": "j"
    },
    {
        "o": 11320,
        "r": "csb:2 Kings:24:4",
        "w": 17,
        "l": {},
        "c": "2Kg 21:16*11233",
        "a": "k"
    },
    {
        "o": 11321,
        "r": "csb:2 Kings:24:5",
        "w": 21,
        "l": {},
        "c": "2Kg 23:28*11303",
        "a": "l"
    },
    {
        "o": 11322,
        "r": "csb:2 Kings:24:6",
        "w": 13,
        "l": {},
        "c": "Jr 22:18–19*21841",
        "a": "m"
    },
    {
        "o": 11323,
        "r": "csb:2 Kings:24:7",
        "w": 12,
        "l": {},
        "c": "Jr 37:5–7*22305",
        "a": "n"
    },
    {
        "o": 11323,
        "r": "csb:2 Kings:24:7",
        "w": 27,
        "l": {},
        "c": "Jr 46:2*22501",
        "a": "o"
    },
    {
        "o": 11323,
        "r": "csb:2 Kings:24:7",
        "w": 36,
        "l": {},
        "c": "Gn 15:18*419; 1Kg 4:21*9795; Is 27:12*20346",
        "a": "p"
    },
    {
        "o": 11325,
        "r": "csb:2 Kings:24:8",
        "w": 27,
        "l": {},
        "c": "2Ch 36:9*13348; Jr 22:24–30*21848",
        "a": "q"
    },
    {
        "o": 11328,
        "r": "csb:2 Kings:24:10",
        "w": 2,
        "l": {},
        "c": "2Ch 36:10*13350",
        "a": "r"
    },
    {
        "o": 11328,
        "r": "csb:2 Kings:24:10",
        "w": 7,
        "l": {},
        "c": "2Kg 24:1*11317; Dn 1:1*24453",
        "a": "s"
    },
    {
        "o": 11330,
        "r": "csb:2 Kings:24:12",
        "w": 14,
        "l": {},
        "t": "24:12*r Or eunuchs",
        "a": "t"
    },
    {
        "o": 11330,
        "r": "csb:2 Kings:24:12",
        "w": 20,
        "l": {},
        "c": "2Kg 25:27*11371; Jr 22:24–30*21848",
        "a": "u"
    },
    {
        "o": 11331,
        "r": "csb:2 Kings:24:13",
        "w": 35,
        "l": {},
        "c": "1Kg 7:48–50*9927",
        "a": "v"
    },
    {
        "o": 11331,
        "r": "csb:2 Kings:24:13",
        "w": 45,
        "l": {},
        "c": "2Kg 20:16–18*11208; Is 39:5–7*20633",
        "a": "w"
    },
    {
        "o": 11332,
        "r": "csb:2 Kings:24:14",
        "w": 12,
        "l": {},
        "c": "Jr 24:1*21902",
        "a": "x"
    },
    {
        "o": 11332,
        "r": "csb:2 Kings:24:14",
        "w": 15,
        "l": {},
        "c": "Jr 52:28*22780",
        "a": "y"
    },
    {
        "o": 11332,
        "r": "csb:2 Kings:24:14",
        "w": 21,
        "l": {},
        "c": "Jr 24:1*21902; 29:2*22034",
        "a": "z"
    },
    {
        "o": 11332,
        "r": "csb:2 Kings:24:14",
        "w": 29,
        "l": {},
        "c": "2Kg 25:12*11354",
        "a": "a"
    },
    {
        "o": 11333,
        "r": "csb:2 Kings:24:15",
        "w": 27,
        "l": {},
        "c": "2Ch 36:10*13350; Jr 22:24–28*21848",
        "a": "b"
    },
    {
        "o": 11335,
        "r": "csb:2 Kings:24:17",
        "w": 7,
        "l": {},
        "t": "24:17*r Lit his",
        "a": "c"
    },
    {
        "o": 11335,
        "r": "csb:2 Kings:24:17",
        "w": 18,
        "l": {},
        "c": "1Ch 3:15*11508; 2Ch 36:11*13351; Jr 1:3*21230",
        "a": "d"
    },
    {
        "o": 11337,
        "r": "csb:2 Kings:24:18",
        "w": 0,
        "l": {},
        "c": "Jr 27:1*21986; 28:1*22011",
        "a": "e"
    },
    {
        "o": 11337,
        "r": "csb:2 Kings:24:18",
        "w": 8,
        "l": {},
        "c": "2Ch 36:11–12*13351; Jr 52:1–3*22753",
        "a": "f"
    },
    {
        "o": 11337,
        "r": "csb:2 Kings:24:18",
        "w": 20,
        "l": {},
        "c": "2Kg 23:31*11307",
        "a": "g"
    },
    {
        "o": 11338,
        "r": "csb:2 Kings:24:19",
        "w": 13,
        "l": {},
        "c": "2Kg 23:37*11314",
        "a": "h"
    },
    {
        "o": 11339,
        "r": "csb:2 Kings:24:20",
        "w": 4,
        "l": {},
        "c": "Dt 4:26*5532; 29:27*6303; 2Kg 23:26*11300",
        "a": "i"
    },
    {
        "o": 11339,
        "r": "csb:2 Kings:24:20",
        "w": 21,
        "l": {},
        "c": "2Kg 13:23*10951",
        "a": "j"
    },
    {
        "o": 11339,
        "r": "csb:2 Kings:24:20",
        "w": 29,
        "l": {},
        "c": "2Ch 36:13*13353; Ezk 17:15*23456",
        "a": "k"
    }
]
