[
    {
        "o": 9162,
        "r": "csb:2 Samuel:12:1",
        "w": 6,
        "l": {},
        "c": "Ps 51*16362",
        "a": "a"
    },
    {
        "o": 9165,
        "r": "csb:2 Samuel:12:4",
        "w": 47,
        "l": {},
        "t": "12:4*r Lit for the man who had come to him",
        "a": "b"
    },
    {
        "o": 9167,
        "r": "csb:2 Samuel:12:6",
        "w": 17,
        "l": {},
        "c": "Ex 22:1*2331; Lk 19:8*29114",
        "a": "c"
    },
    {
        "o": 9168,
        "r": "csb:2 Samuel:12:7",
        "w": 22,
        "l": {},
        "c": "1Sm 16:13*8420",
        "a": "d"
    },
    {
        "o": 9169,
        "r": "csb:2 Samuel:12:8",
        "w": 13,
        "l": {},
        "t": "12:8*r Lit bosom",
        "a": "e"
    },
    {
        "o": 9170,
        "r": "csb:2 Samuel:12:9",
        "w": 12,
        "l": {},
        "t": "12:9*r Alt Hb tradition reads what he considers",
        "a": "f"
    },
    {
        "o": 9170,
        "r": "csb:2 Samuel:12:9",
        "w": 13,
        "l": {},
        "c": "Nm 15:30–31*4600; 1Sm 15:19*8388",
        "a": "g"
    },
    {
        "o": 9170,
        "r": "csb:2 Samuel:12:9",
        "w": 17,
        "l": {},
        "c": "Mt 1:6*26111",
        "a": "h"
    },
    {
        "o": 9170,
        "r": "csb:2 Samuel:12:9",
        "w": 37,
        "l": {},
        "c": "2Sm 11:14–17*9146",
        "a": "i"
    },
    {
        "o": 9171,
        "r": "csb:2 Samuel:12:10",
        "w": 8,
        "l": {},
        "c": "2Sm 12:18*9181; 13:28–29*9227; 18:14–18*9387; 1Kg 2:22–25*9713; 2Kg 11:1*10875",
        "a": "j"
    },
    {
        "o": 9172,
        "r": "csb:2 Samuel:12:11",
        "w": 5,
        "l": {},
        "c": "2Sm 16:21–22*9337",
        "a": "k"
    },
    {
        "o": 9172,
        "r": "csb:2 Samuel:12:11",
        "w": 27,
        "l": {},
        "t": "12:11*r Or to your neighbor",
        "a": "l"
    },
    {
        "o": 9172,
        "r": "csb:2 Samuel:12:11",
        "w": 40,
        "l": {},
        "t": "12:11*r Lit in the eyes of this sun",
        "a": "m"
    },
    {
        "o": 9173,
        "r": "csb:2 Samuel:12:12",
        "w": 15,
        "l": {},
        "t": "12:12*r Lit and before the sun",
        "a": "n"
    },
    {
        "o": 9174,
        "r": "csb:2 Samuel:12:13",
        "w": 9,
        "l": {},
        "c": "2Sm 24:10*9613; Ps 32:5*15975; 51:4*16366",
        "a": "o"
    },
    {
        "o": 9174,
        "r": "csb:2 Samuel:12:13",
        "w": 26,
        "l": {},
        "c": "Lv 20:10*3679; 24:17*3826; Ps 32:1–5*15971; Pr 28:13*19227",
        "a": "p"
    },
    {
        "o": 9175,
        "r": "csb:2 Samuel:12:14",
        "w": 3,
        "l": {},
        "t": "12:14*r Alt Hb tradition, one LXX ms; MT reads treated the enemies of; DSS read treated the word of",
        "a": "q"
    },
    {
        "o": 9175,
        "r": "csb:2 Samuel:12:14",
        "w": 18,
        "l": {},
        "c": "2Sm 12:18*9181",
        "a": "r"
    },
    {
        "o": 9178,
        "r": "csb:2 Samuel:12:15",
        "w": 6,
        "l": {},
        "c": "Mt 1:6*26111",
        "a": "s"
    },
    {
        "o": 9179,
        "r": "csb:2 Samuel:12:16",
        "w": 18,
        "l": {},
        "c": "2Sm 13:31*9230; Jb 1:20*14341",
        "a": "t"
    },
    {
        "o": 9185,
        "r": "csb:2 Samuel:12:22",
        "w": 26,
        "l": {},
        "c": "Jl 2:14*25127; Jnh 3:9*25414",
        "a": "u"
    },
    {
        "o": 9186,
        "r": "csb:2 Samuel:12:23",
        "w": 26,
        "l": {},
        "c": "Jb 7:8–10*14480",
        "a": "v"
    },
    {
        "o": 9188,
        "r": "csb:2 Samuel:12:24",
        "w": 2,
        "l": {},
        "c": "Gn 37:35*1231; Ps 23:4*15827; 119:76,82*17844",
        "a": "w"
    },
    {
        "o": 9188,
        "r": "csb:2 Samuel:12:24",
        "w": 21,
        "l": {},
        "t": "12:24*r Alt Hb tradition reads he named",
        "a": "x"
    },
    {
        "o": 9188,
        "r": "csb:2 Samuel:12:24",
        "w": 23,
        "l": {},
        "t": "12:24*r In Hb, the name Solomon sounds like “peace.”",
        "a": "y"
    },
    {
        "o": 9188,
        "r": "csb:2 Samuel:12:24",
        "w": 23,
        "l": {},
        "c": "1Ch 22:9*12163",
        "a": "z"
    },
    {
        "o": 9189,
        "r": "csb:2 Samuel:12:25",
        "w": 10,
        "l": {},
        "t": "12:25*r Or prophet to name",
        "a": "a"
    },
    {
        "o": 9189,
        "r": "csb:2 Samuel:12:25",
        "w": 12,
        "l": {},
        "t": "12:25*r = Beloved of the Lord",
        "a": "b"
    },
    {
        "o": 9191,
        "r": "csb:2 Samuel:12:26",
        "w": 6,
        "l": {},
        "c": "1Ch 20:1–3*12110",
        "a": "c"
    },
    {
        "o": 9195,
        "r": "csb:2 Samuel:12:30",
        "w": 9,
        "l": {},
        "t": "12:30*r LXX reads of Milcom; some emend to Molech; 1Kg 11:5,33",
        "a": "d"
    },
    {
        "o": 9195,
        "r": "csb:2 Samuel:12:30",
        "w": 21,
        "l": {},
        "t": "12:30*r Lit a talent",
        "a": "e"
    },
    {
        "o": 9196,
        "r": "csb:2 Samuel:12:31",
        "w": 25,
        "l": {},
        "c": "Ex 1:13–14*1701",
        "a": "f"
    }
]
