[
    {
        "o": 12606,
        "r": "csb:2 Chronicles:9:1",
        "w": 7,
        "l": {},
        "c": "1Kg 10:1–13*10036; Mt 12:42*26563; Lk 11:31*28763",
        "a": "a"
    },
    {
        "o": 12612,
        "r": "csb:2 Chronicles:9:7",
        "w": 4,
        "l": {},
        "t": "9:7*r LXX, Old Lat read wives; 1Kg 10:8",
        "a": "b"
    },
    {
        "o": 12612,
        "r": "csb:2 Chronicles:9:7",
        "w": 4,
        "l": {},
        "c": "1Kg 10:8*10043",
        "a": "c"
    },
    {
        "o": 12613,
        "r": "csb:2 Chronicles:9:8",
        "w": 22,
        "l": {},
        "c": "1Ch 28:5*12352; 29:23*12396",
        "a": "d"
    },
    {
        "o": 12613,
        "r": "csb:2 Chronicles:9:8",
        "w": 46,
        "l": {},
        "c": "Dt 7:8*5631; 2Ch 2:11*12438",
        "a": "e"
    },
    {
        "o": 12614,
        "r": "csb:2 Chronicles:9:9",
        "w": 9,
        "l": {},
        "t": "9:9*r Lit 120 talents",
        "a": "f"
    },
    {
        "o": 12615,
        "r": "csb:2 Chronicles:9:10",
        "w": 11,
        "l": {},
        "c": "2Ch 8:18*12603",
        "a": "g"
    },
    {
        "o": 12619,
        "r": "csb:2 Chronicles:9:13",
        "w": 7,
        "l": {},
        "c": "1Kg 10:14–25*10050",
        "a": "h"
    },
    {
        "o": 12619,
        "r": "csb:2 Chronicles:9:13",
        "w": 11,
        "l": {},
        "t": "9:13*r Lit 666 talents",
        "a": "i"
    },
    {
        "o": 12621,
        "r": "csb:2 Chronicles:9:15",
        "w": 11,
        "l": {},
        "t": "9:15*r Lit 600 (shekels)",
        "a": "j"
    },
    {
        "o": 12622,
        "r": "csb:2 Chronicles:9:16",
        "w": 10,
        "l": {},
        "t": "9:16*r Lit 300 (shekels)",
        "a": "k"
    },
    {
        "o": 12622,
        "r": "csb:2 Chronicles:9:16",
        "w": 28,
        "l": {},
        "c": "1Kg 7:2–5*9874",
        "a": "l"
    },
    {
        "o": 12627,
        "r": "csb:2 Chronicles:9:21",
        "w": 7,
        "l": {},
        "c": "2Ch 20:36–37*12903",
        "a": "m"
    },
    {
        "o": 12627,
        "r": "csb:2 Chronicles:9:21",
        "w": 28,
        "l": {},
        "t": "9:21*r Or baboons",
        "a": "n"
    },
    {
        "o": 12628,
        "r": "csb:2 Chronicles:9:22",
        "w": 12,
        "l": {},
        "c": "1Kg 3:13*9755; 2Ch 1:12*12418",
        "a": "o"
    },
    {
        "o": 12630,
        "r": "csb:2 Chronicles:9:24",
        "w": 8,
        "l": {},
        "t": "9:24*r Or vessels, or weapons",
        "a": "p"
    },
    {
        "o": 12630,
        "r": "csb:2 Chronicles:9:24",
        "w": 14,
        "l": {},
        "t": "9:24*r LXX reads resin",
        "a": "q"
    },
    {
        "o": 12630,
        "r": "csb:2 Chronicles:9:24",
        "w": 14,
        "l": {},
        "t": "9:24*r Or fragrant balsam",
        "a": "r"
    },
    {
        "o": 12631,
        "r": "csb:2 Chronicles:9:25",
        "w": 0,
        "l": {},
        "c": "Dt 17:16*5928; 1Kg 10:26–29*10062; 2Ch 1:14–17*12421",
        "a": "s"
    },
    {
        "o": 12631,
        "r": "csb:2 Chronicles:9:25",
        "w": 12,
        "l": {},
        "c": "1Kg 4:26*9800",
        "a": "t"
    },
    {
        "o": 12632,
        "r": "csb:2 Chronicles:9:26",
        "w": 23,
        "l": {},
        "c": "Gn 15:18*419; 1Kg 4:21,24*9795",
        "a": "u"
    },
    {
        "o": 12636,
        "r": "csb:2 Chronicles:9:29",
        "w": 2,
        "l": {},
        "c": "1Kg 11:41–43*10110",
        "a": "v"
    },
    {
        "o": 12636,
        "r": "csb:2 Chronicles:9:29",
        "w": 36,
        "l": {},
        "c": "1Ch 29:29*12403; 2Ch 12:15*12703; 13:22*12728",
        "a": "w"
    },
    {
        "o": 12638,
        "r": "csb:2 Chronicles:9:31",
        "w": 14,
        "l": {},
        "c": "1Kg 2:10*9700",
        "a": "x"
    }
]
