[
    {
        "o": 8597,
        "r": "csb:1 Samuel:21:1",
        "w": 5,
        "l": {},
        "c": "1Sm 14:3*8314; Mk 2:26*27433",
        "a": "a"
    },
    {
        "o": 8597,
        "r": "csb:1 Samuel:21:1",
        "w": 7,
        "l": {},
        "c": "1Sm 22:19*8634",
        "a": "b"
    },
    {
        "o": 8600,
        "r": "csb:1 Samuel:21:4",
        "w": 15,
        "l": {},
        "c": "Ex 25:30*2459; Lv 24:5–9*3813; Mt 12:3–4*26518",
        "a": "c"
    },
    {
        "o": 8600,
        "r": "csb:1 Samuel:21:4",
        "w": 22,
        "l": {},
        "t": "21:4*r DSS; MT omits may eat it",
        "a": "d"
    },
    {
        "o": 8600,
        "r": "csb:1 Samuel:21:4",
        "w": 30,
        "l": {},
        "c": "Ex 19:15*2249",
        "a": "e"
    },
    {
        "o": 8601,
        "r": "csb:1 Samuel:21:5",
        "w": 19,
        "l": {},
        "c": "2Sm 11:11*9142",
        "a": "f"
    },
    {
        "o": 8601,
        "r": "csb:1 Samuel:21:5",
        "w": 23,
        "l": {},
        "t": "21:5*r Lit vessels",
        "a": "g"
    },
    {
        "o": 8601,
        "r": "csb:1 Samuel:21:5",
        "w": 25,
        "l": {},
        "c": "1Th 4:4*33539",
        "a": "h"
    },
    {
        "o": 8602,
        "r": "csb:1 Samuel:21:6",
        "w": 7,
        "l": {},
        "c": "Mt 12:3–4*26518; Mk 2:25*27432",
        "a": "i"
    },
    {
        "o": 8602,
        "r": "csb:1 Samuel:21:6",
        "w": 19,
        "l": {},
        "c": "Lv 24:5–9*3813",
        "a": "j"
    },
    {
        "o": 8603,
        "r": "csb:1 Samuel:21:7",
        "w": 17,
        "l": {},
        "c": "1Sm 22:9*8623; Ps 52*16384",
        "a": "k"
    },
    {
        "o": 8605,
        "r": "csb:1 Samuel:21:9",
        "w": 8,
        "l": {},
        "c": "1Sm 17:51*8483",
        "a": "l"
    },
    {
        "o": 8607,
        "r": "csb:1 Samuel:21:10",
        "w": 13,
        "l": {},
        "c": "Ps 56*16441",
        "a": "m"
    },
    {
        "o": 8608,
        "r": "csb:1 Samuel:21:11",
        "w": 32,
        "l": {},
        "c": "1Sm 18:7*8499; 29:5*8816",
        "a": "n"
    },
    {
        "o": 8610,
        "r": "csb:1 Samuel:21:13",
        "w": 8,
        "l": {},
        "c": "Ps 34*16008",
        "a": "o"
    },
    {
        "o": 8610,
        "r": "csb:1 Samuel:21:13",
        "w": 15,
        "l": {},
        "t": "21:13*r Lit madman in their hand",
        "a": "p"
    },
    {
        "o": 8610,
        "r": "csb:1 Samuel:21:13",
        "w": 16,
        "l": {},
        "t": "21:13*r LXX reads drumming",
        "a": "q"
    },
    {
        "o": 8612,
        "r": "csb:1 Samuel:21:15",
        "w": 27,
        "l": {},
        "c": "Ps 34*16008",
        "a": "r"
    }
]
