[
    {
        "o": 11567,
        "r": "csb:1 Chronicles:5:1",
        "w": 13,
        "l": {},
        "c": "Gn 29:32*915; 1Ch 2:1*11435",
        "a": "a"
    },
    {
        "o": 11567,
        "r": "csb:1 Chronicles:5:1",
        "w": 23,
        "l": {},
        "c": "Gn 48:15–22*1613",
        "a": "b"
    },
    {
        "o": 11567,
        "r": "csb:1 Chronicles:5:1",
        "w": 32,
        "l": {},
        "c": "Gn 35:22*1138; 49:4*1626",
        "a": "c"
    },
    {
        "o": 11568,
        "r": "csb:1 Chronicles:5:2",
        "w": 6,
        "l": {},
        "c": "Gn 49:8–10*1630",
        "a": "d"
    },
    {
        "o": 11568,
        "r": "csb:1 Chronicles:5:2",
        "w": 12,
        "l": {},
        "c": "Mc 5:2*25500; Mt 2:6*26140",
        "a": "e"
    },
    {
        "o": 11569,
        "r": "csb:1 Chronicles:5:3",
        "w": 5,
        "l": {},
        "c": "Gn 46:9*1534; Nm 26:5–9*4947",
        "a": "f"
    },
    {
        "o": 11572,
        "r": "csb:1 Chronicles:5:6",
        "w": 13,
        "l": {},
        "t": "5:6*r LXX; MT reads Tilgath-pilneser",
        "a": "g"
    },
    {
        "o": 11573,
        "r": "csb:1 Chronicles:5:7",
        "w": 12,
        "l": {},
        "c": "1Ch 5:17*11584",
        "a": "h"
    },
    {
        "o": 11574,
        "r": "csb:1 Chronicles:5:8",
        "w": 14,
        "l": {},
        "c": "Nm 32:34*5226; Jos 12:2*6777",
        "a": "i"
    },
    {
        "o": 11575,
        "r": "csb:1 Chronicles:5:9",
        "w": 29,
        "l": {},
        "c": "Jos 22:8–9*7123",
        "a": "j"
    },
    {
        "o": 11576,
        "r": "csb:1 Chronicles:5:10",
        "w": 8,
        "l": {},
        "c": "1Ch 5:19–21*11586; 11:38*11874; 27:31*12342",
        "a": "k"
    },
    {
        "o": 11578,
        "r": "csb:1 Chronicles:5:11",
        "w": 1,
        "l": {},
        "c": "Gn 46:16*1541; Nm 26:15–18*4957",
        "a": "l"
    },
    {
        "o": 11578,
        "r": "csb:1 Chronicles:5:11",
        "w": 16,
        "l": {},
        "c": "Dt 3:10*5483",
        "a": "m"
    },
    {
        "o": 11582,
        "r": "csb:1 Chronicles:5:15",
        "w": 12,
        "l": {},
        "t": "5:15*r Lit the house of their fathers, also in v. 24",
        "a": "n"
    },
    {
        "o": 11583,
        "r": "csb:1 Chronicles:5:16",
        "w": 15,
        "l": {},
        "c": "1Ch 27:29*12340",
        "a": "o"
    },
    {
        "o": 11584,
        "r": "csb:1 Chronicles:5:17",
        "w": 14,
        "l": {},
        "c": "2Kg 15:5,32*10994",
        "a": "p"
    },
    {
        "o": 11584,
        "r": "csb:1 Chronicles:5:17",
        "w": 18,
        "l": {},
        "c": "2Kg 14:16,28*10973",
        "a": "q"
    },
    {
        "o": 11585,
        "r": "csb:1 Chronicles:5:18",
        "w": 17,
        "l": {},
        "c": "Nm 1:3*3978",
        "a": "r"
    },
    {
        "o": 11586,
        "r": "csb:1 Chronicles:5:19",
        "w": 5,
        "l": {},
        "c": "1Ch 5:10*11577",
        "a": "s"
    },
    {
        "o": 11586,
        "r": "csb:1 Chronicles:5:19",
        "w": 6,
        "l": {},
        "c": "1Ch 1:31*11408",
        "a": "t"
    },
    {
        "o": 11587,
        "r": "csb:1 Chronicles:5:20",
        "w": 25,
        "l": {},
        "c": "2Ch 14:11–13*12742",
        "a": "u"
    },
    {
        "o": 11587,
        "r": "csb:1 Chronicles:5:20",
        "w": 36,
        "l": {},
        "c": "Ps 9:10*15578; 20:7–8*15768",
        "a": "v"
    },
    {
        "o": 11589,
        "r": "csb:1 Chronicles:5:22",
        "w": 10,
        "l": {},
        "c": "Jos 23:10*7163; 2Ch 32:8*13206",
        "a": "w"
    },
    {
        "o": 11589,
        "r": "csb:1 Chronicles:5:22",
        "w": 18,
        "l": {},
        "c": "1Ch 4:41*11562",
        "a": "x"
    },
    {
        "o": 11589,
        "r": "csb:1 Chronicles:5:22",
        "w": 21,
        "l": {},
        "c": "2Kg 15:29*11023; 17:6*11067",
        "a": "y"
    },
    {
        "o": 11591,
        "r": "csb:1 Chronicles:5:23",
        "w": 18,
        "l": {},
        "c": "Dt 3:9*5482",
        "a": "z"
    },
    {
        "o": 11593,
        "r": "csb:1 Chronicles:5:25",
        "w": 12,
        "l": {},
        "c": "Ex 34:15*2778",
        "a": "a"
    },
    {
        "o": 11593,
        "r": "csb:1 Chronicles:5:25",
        "w": 18,
        "l": {},
        "t": "5:25*r Lit the peoples of the land",
        "a": "b"
    },
    {
        "o": 11593,
        "r": "csb:1 Chronicles:5:25",
        "w": 23,
        "l": {},
        "c": "2Kg 17:7–8*11068",
        "a": "c"
    },
    {
        "o": 11594,
        "r": "csb:1 Chronicles:5:26",
        "w": 10,
        "l": {},
        "c": "2Kg 15:19,29*11011",
        "a": "d"
    },
    {
        "o": 11594,
        "r": "csb:1 Chronicles:5:26",
        "w": 13,
        "l": {},
        "t": "5:26*r LXX; MT reads Tilgath-pilneser",
        "a": "e"
    }
]
