[
    {
        "o": 33482,
        "r": "csb:1 Thessalonians:1:1",
        "w": 1,
        "l": {},
        "t": "1:1*r Or Silas; Ac 15:22–32; 16:19–40; 17:1–16",
        "a": "a"
    },
    {
        "o": 33482,
        "r": "csb:1 Thessalonians:1:1",
        "w": 1,
        "l": {},
        "c": "Ac 15:22*31077; 2Co 1:19*32628; 2Th 1:1*33589; 1Pt 5:12*34554",
        "a": "b"
    },
    {
        "o": 33482,
        "r": "csb:1 Thessalonians:1:1",
        "w": 3,
        "l": {},
        "c": "Ac 16:1*31100; 1Tm 1:2*33648",
        "a": "c"
    },
    {
        "o": 33482,
        "r": "csb:1 Thessalonians:1:1",
        "w": 9,
        "l": {},
        "c": "Ac 17:1*31147",
        "a": "d"
    },
    {
        "o": 33482,
        "r": "csb:1 Thessalonians:1:1",
        "w": 23,
        "l": {},
        "t": "1:1*r Other mss add from God our Father and the Lord Jesus Christ",
        "a": "e"
    },
    {
        "o": 33485,
        "r": "csb:1 Thessalonians:1:3",
        "w": 9,
        "l": {},
        "c": "Php 4:20*33366",
        "a": "f"
    },
    {
        "o": 33485,
        "r": "csb:1 Thessalonians:1:3",
        "w": 14,
        "l": {},
        "c": "Rm 3:28*31708; 9:32*31902; Gl 2:16*32947; 5:6*33028; 2Th 1:11*33600; Heb 6:1*34062; Jms 2:14–26*34354; Rv 2:19*34866",
        "a": "g"
    },
    {
        "o": 33485,
        "r": "csb:1 Thessalonians:1:3",
        "w": 30,
        "l": {},
        "c": "Ac 15:26*31081",
        "a": "h"
    },
    {
        "o": 33486,
        "r": "csb:1 Thessalonians:1:4",
        "w": 6,
        "l": {},
        "c": "Jn 3:16*29564; Rv 12:11*35071",
        "a": "i"
    },
    {
        "o": 33486,
        "r": "csb:1 Thessalonians:1:4",
        "w": 8,
        "l": {},
        "c": "Dt 33:12*6430; 2Th 2:13*33617",
        "a": "j"
    },
    {
        "o": 33486,
        "r": "csb:1 Thessalonians:1:4",
        "w": 13,
        "l": {},
        "c": "Mt 24:22*27079; Eph 1:4*33077",
        "a": "k"
    },
    {
        "o": 33487,
        "r": "csb:1 Thessalonians:1:5",
        "w": 18,
        "l": {},
        "c": "Jn 1:33*29499; Ac 2:4*30495; Rm 8:9*31832; 1Co 2:4*32149; Gl 5:25*33048; Ti 3:5*33922; Rv 3:22*34902",
        "a": "l"
    },
    {
        "o": 33487,
        "r": "csb:1 Thessalonians:1:5",
        "w": 29,
        "l": {},
        "c": "Ac 20:18*31285; 1Th 2:10*33504",
        "a": "m"
    },
    {
        "o": 33488,
        "r": "csb:1 Thessalonians:1:6",
        "w": 20,
        "l": {},
        "c": "Heb 4:12*34037",
        "a": "n"
    },
    {
        "o": 33489,
        "r": "csb:1 Thessalonians:1:7",
        "w": 12,
        "l": {},
        "c": "Ac 16:9*31109",
        "a": "o"
    },
    {
        "o": 33489,
        "r": "csb:1 Thessalonians:1:7",
        "w": 14,
        "l": {},
        "c": "Ac 18:12*31198",
        "a": "p"
    },
    {
        "o": 33490,
        "r": "csb:1 Thessalonians:1:8",
        "w": 22,
        "l": {},
        "t": "1:8*r Or in every place news of your faith",
        "a": "q"
    },
    {
        "o": 33490,
        "r": "csb:1 Thessalonians:1:8",
        "w": 22,
        "l": {},
        "c": "Gl 2:16*32947",
        "a": "r"
    },
    {
        "o": 33491,
        "r": "csb:1 Thessalonians:1:9",
        "w": 3,
        "l": {},
        "t": "1:9*r Lit report about us",
        "a": "s"
    },
    {
        "o": 33491,
        "r": "csb:1 Thessalonians:1:9",
        "w": 7,
        "l": {},
        "c": "Ac 17:1–9*31147",
        "a": "t"
    },
    {
        "o": 33491,
        "r": "csb:1 Thessalonians:1:9",
        "w": 14,
        "l": {},
        "c": "1Pt 2:25*34490",
        "a": "u"
    },
    {
        "o": 33491,
        "r": "csb:1 Thessalonians:1:9",
        "w": 18,
        "l": {},
        "c": "Gn 31:19*984; 1Co 8:4*32305",
        "a": "v"
    },
    {
        "o": 33491,
        "r": "csb:1 Thessalonians:1:9",
        "w": 22,
        "l": {},
        "c": "Dt 5:26*5586",
        "a": "w"
    },
    {
        "o": 33491,
        "r": "csb:1 Thessalonians:1:9",
        "w": 24,
        "l": {},
        "c": "Jn 4:23*29611; 1Jn 5:20*34749",
        "a": "x"
    },
    {
        "o": 33492,
        "r": "csb:1 Thessalonians:1:10",
        "w": 2,
        "l": {},
        "c": "Jd 21*34814",
        "a": "y"
    },
    {
        "o": 33492,
        "r": "csb:1 Thessalonians:1:10",
        "w": 5,
        "l": {},
        "c": "Heb 1:2*33967",
        "a": "z"
    },
    {
        "o": 33492,
        "r": "csb:1 Thessalonians:1:10",
        "w": 13,
        "l": {},
        "c": "Mt 17:9*26772; Jn 5:25*29674",
        "a": "a"
    },
    {
        "o": 33492,
        "r": "csb:1 Thessalonians:1:10",
        "w": 17,
        "l": {},
        "c": "Mt 27:43*27297",
        "a": "b"
    },
    {
        "o": 33492,
        "r": "csb:1 Thessalonians:1:10",
        "w": 21,
        "l": {},
        "c": "Rm 2:5*31649; 1Th 5:9*33566; Rv 6:16*34955",
        "a": "c"
    }
]
