[
    {
        "o": 34435,
        "r": "csb:1 Peter:1:1",
        "w": 0,
        "l": {},
        "c": "Lk 6:14*28435; Ac 10:32*30881",
        "a": "a"
    },
    {
        "o": 34435,
        "r": "csb:1 Peter:1:1",
        "w": 11,
        "l": {},
        "c": "Gn 23:4*638; Ps 39:12*16159; Heb 11:9,13*34214; 1Pt 2:11*34475",
        "a": "b"
    },
    {
        "o": 34435,
        "r": "csb:1 Peter:1:1",
        "w": 12,
        "l": {},
        "c": "Jn 7:35*29812; Jms 1:1*34310",
        "a": "c"
    },
    {
        "o": 34435,
        "r": "csb:1 Peter:1:1",
        "w": 20,
        "l": {},
        "c": "Ac 2:9*30500; 6:9*30674; 16:6–7*31106; Gl 1:2*32904",
        "a": "d"
    },
    {
        "o": 34435,
        "r": "csb:1 Peter:1:1",
        "w": 21,
        "l": {},
        "c": "Mt 22:14*26976; 24:22*27079; Ti 1:1*33882",
        "a": "e"
    },
    {
        "o": 34436,
        "r": "csb:1 Peter:1:2",
        "w": 3,
        "l": {},
        "c": "Rm 8:29*31854; 1Pt 1:20*34456",
        "a": "f"
    },
    {
        "o": 34436,
        "r": "csb:1 Peter:1:2",
        "w": 14,
        "l": {},
        "c": "2Th 2:13*33617",
        "a": "g"
    },
    {
        "o": 34436,
        "r": "csb:1 Peter:1:2",
        "w": 17,
        "l": {},
        "c": "1Pt 1:14,22*34450",
        "a": "h"
    },
    {
        "o": 34436,
        "r": "csb:1 Peter:1:2",
        "w": 24,
        "l": {},
        "c": "Heb 9:12*34144; 10:22*34185; 12:24*34273",
        "a": "i"
    },
    {
        "o": 34438,
        "r": "csb:1 Peter:1:3",
        "w": 10,
        "l": {},
        "c": "2Co 1:3*32610; Eph 1:3*33076",
        "a": "j"
    },
    {
        "o": 34438,
        "r": "csb:1 Peter:1:3",
        "w": 15,
        "l": {},
        "c": "Gl 6:16*33068; Ti 3:5*33922",
        "a": "k"
    },
    {
        "o": 34438,
        "r": "csb:1 Peter:1:3",
        "w": 21,
        "l": {},
        "c": "Jn 1:13*29477; 3:3,7*29551; Jms 1:18*34328; 1Pt 1:23*34459",
        "a": "l"
    },
    {
        "o": 34438,
        "r": "csb:1 Peter:1:3",
        "w": 25,
        "l": {},
        "c": "Ac 23:6*31391; 1Th 1:3*33485",
        "a": "m"
    },
    {
        "o": 34438,
        "r": "csb:1 Peter:1:3",
        "w": 34,
        "l": {},
        "c": "1Co 15:20*32534; 1Pt 3:21*34515",
        "a": "n"
    },
    {
        "o": 34439,
        "r": "csb:1 Peter:1:4",
        "w": 6,
        "l": {},
        "c": "Ac 20:32*31299; Rm 8:17*31842; Col 3:24*33457",
        "a": "o"
    },
    {
        "o": 34439,
        "r": "csb:1 Peter:1:4",
        "w": 12,
        "l": {},
        "c": "2Tm 4:8*33864",
        "a": "p"
    },
    {
        "o": 34440,
        "r": "csb:1 Peter:1:5",
        "w": 6,
        "l": {},
        "c": "Jn 10:28*29974; Php 4:7*33351",
        "a": "q"
    },
    {
        "o": 34440,
        "r": "csb:1 Peter:1:5",
        "w": 21,
        "l": {},
        "c": "Rm 8:18*31843; 2Co 4:17*32696; Heb 12:11*34259; 1Pt 4:13*34533; 5:1,10*34542; Rv 15:1*35127; 21:9*35269",
        "a": "r"
    },
    {
        "o": 34441,
        "r": "csb:1 Peter:1:6",
        "w": 3,
        "l": {},
        "t": "1:6*r Or In this fact rejoice",
        "a": "s"
    },
    {
        "o": 34441,
        "r": "csb:1 Peter:1:6",
        "w": 18,
        "l": {},
        "c": "Jms 1:2*34311; 1Pt 4:12*34532",
        "a": "t"
    },
    {
        "o": 34442,
        "r": "csb:1 Peter:1:7",
        "w": 7,
        "l": {},
        "c": "Jms 1:3*34312",
        "a": "u"
    },
    {
        "o": 34442,
        "r": "csb:1 Peter:1:7",
        "w": 18,
        "l": {},
        "c": "Is 48:10*20863; Zch 13:9*26009; Mal 3:3*26074; 1Co 3:13*32178",
        "a": "v"
    },
    {
        "o": 34442,
        "r": "csb:1 Peter:1:7",
        "w": 20,
        "l": {},
        "c": "2Co 5:3*32702; Php 3:9*33329; Rv 14:5*35108",
        "a": "w"
    },
    {
        "o": 34442,
        "r": "csb:1 Peter:1:7",
        "w": 25,
        "l": {},
        "c": "Rm 2:7,10,29*31651; 1Co 4:5*32197",
        "a": "x"
    },
    {
        "o": 34442,
        "r": "csb:1 Peter:1:7",
        "w": 31,
        "l": {},
        "c": "Lk 17:30*29047",
        "a": "y"
    },
    {
        "o": 34443,
        "r": "csb:1 Peter:1:8",
        "w": 4,
        "l": {},
        "c": "Ex 33:20*2757; Rm 8:24*31849",
        "a": "z"
    },
    {
        "o": 34443,
        "r": "csb:1 Peter:1:8",
        "w": 8,
        "l": {},
        "c": "1Jn 4:20*34724",
        "a": "a"
    },
    {
        "o": 34443,
        "r": "csb:1 Peter:1:8",
        "w": 20,
        "l": {},
        "c": "Jn 15:11*30206; 2Co 6:10*32733",
        "a": "b"
    },
    {
        "o": 34445,
        "r": "csb:1 Peter:1:10",
        "w": 4,
        "l": {},
        "c": "Lk 1:70*28210; 10:24*28706; 16:16,29*28996; 18:31*29091; 24:25,27,44*29432",
        "a": "c"
    },
    {
        "o": 34446,
        "r": "csb:1 Peter:1:11",
        "w": 11,
        "l": {},
        "c": "Rm 8:9*31832",
        "a": "d"
    },
    {
        "o": 34446,
        "r": "csb:1 Peter:1:11",
        "w": 20,
        "l": {},
        "c": "Mt 26:24*27190",
        "a": "e"
    },
    {
        "o": 34446,
        "r": "csb:1 Peter:1:11",
        "w": 25,
        "l": {},
        "c": "Mk 8:31*27711; Lk 24:26*29433; Php 3:10*33330",
        "a": "f"
    },
    {
        "o": 34446,
        "r": "csb:1 Peter:1:11",
        "w": 28,
        "l": {},
        "c": "Lk 24:26*29433",
        "a": "g"
    },
    {
        "o": 34446,
        "r": "csb:1 Peter:1:11",
        "w": 31,
        "l": {},
        "t": "1:11*r Or the glories after that",
        "a": "h"
    },
    {
        "o": 34447,
        "r": "csb:1 Peter:1:12",
        "w": 28,
        "l": {},
        "c": "Mk 16:15*28126; 1Co 9:14*32330; 2Co 10:16*32822",
        "a": "i"
    },
    {
        "o": 34447,
        "r": "csb:1 Peter:1:12",
        "w": 35,
        "l": {},
        "c": "Jn 14:26*30187; 15:26*30223; Ac 1:8*30469; 2:2–4*30493; 13:4*30969",
        "a": "j"
    },
    {
        "o": 34449,
        "r": "csb:1 Peter:1:13",
        "w": 6,
        "l": {},
        "c": "Ex 12:11*2016",
        "a": "k"
    },
    {
        "o": 34449,
        "r": "csb:1 Peter:1:13",
        "w": 8,
        "l": {},
        "c": "1Pt 5:8*34550",
        "a": "l"
    },
    {
        "o": 34449,
        "r": "csb:1 Peter:1:13",
        "w": 12,
        "l": {},
        "c": "Mt 12:21*26539; Rm 8:24*31849; 1Th 1:3*33485",
        "a": "m"
    },
    {
        "o": 34449,
        "r": "csb:1 Peter:1:13",
        "w": 24,
        "l": {},
        "c": "1Pt 4:13*34533; 5:4*34545",
        "a": "n"
    },
    {
        "o": 34450,
        "r": "csb:1 Peter:1:14",
        "w": 2,
        "l": {},
        "c": "Heb 2:13*33996",
        "a": "o"
    },
    {
        "o": 34451,
        "r": "csb:1 Peter:1:15",
        "w": 6,
        "l": {},
        "c": "Gl 1:6*32909; 5:8*33030; 1Th 2:12*33507; 5:24*33582; 1Pt 5:10*34552",
        "a": "p"
    },
    {
        "o": 34451,
        "r": "csb:1 Peter:1:15",
        "w": 8,
        "l": {},
        "c": "Lk 1:49*28187; 1Co 7:14*32271",
        "a": "q"
    },
    {
        "o": 34452,
        "r": "csb:1 Peter:1:16",
        "w": 9,
        "l": {},
        "t": "1:16*r Lv 11:44–45; 19:2; 20:7",
        "a": "r"
    },
    {
        "o": 34452,
        "r": "csb:1 Peter:1:16",
        "w": 9,
        "l": {},
        "c": "Lv 11:44–45*3370; 19:2*3631; 20:7*3675",
        "a": "s"
    },
    {
        "o": 34453,
        "r": "csb:1 Peter:1:17",
        "w": 8,
        "l": {},
        "c": "Ac 10:34*30884; Rm 2:11*31655; Gl 2:6*32936; Eph 6:9*33232",
        "a": "t"
    },
    {
        "o": 34453,
        "r": "csb:1 Peter:1:17",
        "w": 13,
        "l": {},
        "c": "1Co 3:12*32177",
        "a": "u"
    },
    {
        "o": 34453,
        "r": "csb:1 Peter:1:17",
        "w": 20,
        "l": {},
        "c": "Ac 9:31*30832; Rm 3:18*31696; 2Co 5:11*32710; 7:1*32745; Eph 5:21*33207; Php 2:12*33299",
        "a": "v"
    },
    {
        "o": 34454,
        "r": "csb:1 Peter:1:18",
        "w": 12,
        "l": {},
        "c": "2Pt 3:11*34618",
        "a": "w"
    },
    {
        "o": 34454,
        "r": "csb:1 Peter:1:18",
        "w": 24,
        "l": {},
        "c": "Is 52:3*20946; 1Co 6:20*32253; Ti 2:14*33914; Heb 9:12*34144",
        "a": "x"
    },
    {
        "o": 34455,
        "r": "csb:1 Peter:1:19",
        "w": 6,
        "l": {},
        "c": "Jn 6:53*29754; Ac 20:28*31295; 1Co 10:16*32362; Eph 2:13*33114; Heb 10:19*34182",
        "a": "y"
    },
    {
        "o": 34455,
        "r": "csb:1 Peter:1:19",
        "w": 14,
        "l": {},
        "c": "Ex 12:5*2010; Lv 4:32*3130; Is 53:7*20967; Jn 1:29*29495",
        "a": "z"
    },
    {
        "o": 34456,
        "r": "csb:1 Peter:1:20",
        "w": 2,
        "l": {},
        "c": "Ac 2:23*30515; Eph 1:4*33077; 1Pt 1:2*34437; Rv 13:8*35089",
        "a": "a"
    },
    {
        "o": 34456,
        "r": "csb:1 Peter:1:20",
        "w": 15,
        "l": {},
        "c": "2Pt 3:3*34610; Jd 18*34810",
        "a": "b"
    },
    {
        "o": 34457,
        "r": "csb:1 Peter:1:21",
        "w": 5,
        "l": {},
        "c": "Ac 10:45*30896; Rm 4:24*31740; 10:9*31914; Eph 1:1*33073; 1Tm 4:12*33721; 6:2*33759",
        "a": "c"
    },
    {
        "o": 34457,
        "r": "csb:1 Peter:1:21",
        "w": 11,
        "l": {},
        "c": "Ac 2:24*30516; Rm 10:9*31914",
        "a": "d"
    },
    {
        "o": 34457,
        "r": "csb:1 Peter:1:21",
        "w": 15,
        "l": {},
        "c": "Jn 17:5,24*30268; 1Tm 3:16*33705; Heb 2:9*33992",
        "a": "e"
    },
    {
        "o": 34458,
        "r": "csb:1 Peter:1:22",
        "w": 10,
        "l": {},
        "t": "1:22*r Other mss add through the Spirit",
        "a": "f"
    },
    {
        "o": 34458,
        "r": "csb:1 Peter:1:22",
        "w": 20,
        "l": {},
        "c": "Zch 7:9*25898; Jn 13:34*30149; Rm 12:10*31981; 1Th 4:9*33545; 1Jn 4:7*34711",
        "a": "g"
    },
    {
        "o": 34458,
        "r": "csb:1 Peter:1:22",
        "w": 23,
        "l": {},
        "t": "1:22*r Other mss omit pure",
        "a": "h"
    },
    {
        "o": 34458,
        "r": "csb:1 Peter:1:22",
        "w": 28,
        "l": {},
        "t": "1:22*r Or fervently",
        "a": "i"
    },
    {
        "o": 34458,
        "r": "csb:1 Peter:1:22",
        "w": 28,
        "l": {},
        "c": "1Tm 1:5*33651",
        "a": "j"
    },
    {
        "o": 34459,
        "r": "csb:1 Peter:1:23",
        "w": 5,
        "l": {},
        "c": "1Pt 1:3*34438",
        "a": "k"
    },
    {
        "o": 34459,
        "r": "csb:1 Peter:1:23",
        "w": 9,
        "l": {},
        "c": "1Jn 3:9*34685",
        "a": "l"
    },
    {
        "o": 34459,
        "r": "csb:1 Peter:1:23",
        "w": 20,
        "l": {},
        "c": "Lk 8:21*28562; Heb 4:12*34037",
        "a": "m"
    },
    {
        "o": 34460,
        "r": "csb:1 Peter:1:24",
        "w": 9,
        "l": {},
        "c": "1Pt 5:4*34545",
        "a": "n"
    },
    {
        "o": 34461,
        "r": "csb:1 Peter:1:25",
        "w": 7,
        "l": {},
        "t": "1:24–25*r Is 40:6–8",
        "a": "o"
    },
    {
        "o": 34461,
        "r": "csb:1 Peter:1:25",
        "w": 7,
        "l": {},
        "c": "Is 40:6–8*20644; Lk 21:33*29253; Jms 1:10–11*34319; 1Jn 2:17*34661",
        "a": "p"
    },
    {
        "o": 34464,
        "r": "csb:1 Peter:2:1",
        "w": 3,
        "l": {},
        "c": "Rm 13:12*32008",
        "a": "a"
    },
    {
        "o": 34464,
        "r": "csb:1 Peter:2:1",
        "w": 12,
        "l": {},
        "c": "2Co 12:20*32884",
        "a": "b"
    },
    {
        "o": 34465,
        "r": "csb:1 Peter:2:2",
        "w": 9,
        "l": {},
        "t": "2:2*r Or desire pure spiritual milk",
        "a": "c"
    },
    {
        "o": 34465,
        "r": "csb:1 Peter:2:2",
        "w": 9,
        "l": {},
        "c": "1Co 3:2*32166; 9:7*32323; Heb 5:12–13*34057",
        "a": "d"
    },
    {
        "o": 34466,
        "r": "csb:1 Peter:2:3",
        "w": 3,
        "l": {},
        "c": "Heb 6:4–5*34065",
        "a": "e"
    },
    {
        "o": 34466,
        "r": "csb:1 Peter:2:3",
        "w": 8,
        "l": {},
        "t": "2:3*r Ps 34:8",
        "a": "f"
    },
    {
        "o": 34466,
        "r": "csb:1 Peter:2:3",
        "w": 8,
        "l": {},
        "c": "Ps 34:8*16016; Ti 3:4*33921",
        "a": "g"
    },
    {
        "o": 34467,
        "r": "csb:1 Peter:2:4",
        "w": 15,
        "l": {},
        "t": "2:4*r Or precious to",
        "a": "h"
    },
    {
        "o": 34468,
        "r": "csb:1 Peter:2:5",
        "w": 15,
        "l": {},
        "t": "2:5*r Or you yourselves, as living stones, are being built into a spiritual house for a holy priesthood",
        "a": "i"
    },
    {
        "o": 34468,
        "r": "csb:1 Peter:2:5",
        "w": 22,
        "l": {},
        "c": "Rm 12:1*31970; Heb 13:15*34295",
        "a": "j"
    },
    {
        "o": 34469,
        "r": "csb:1 Peter:2:6",
        "w": 11,
        "l": {},
        "c": "Ps 9:11*15579; Heb 12:22*34271",
        "a": "k"
    },
    {
        "o": 34469,
        "r": "csb:1 Peter:2:6",
        "w": 15,
        "l": {},
        "t": "2:6*r Or precious",
        "a": "l"
    },
    {
        "o": 34469,
        "r": "csb:1 Peter:2:6",
        "w": 16,
        "l": {},
        "c": "Eph 2:20*33121",
        "a": "m"
    },
    {
        "o": 34469,
        "r": "csb:1 Peter:2:6",
        "w": 29,
        "l": {},
        "t": "2:6*r Is 28:16 LXX",
        "a": "n"
    },
    {
        "o": 34469,
        "r": "csb:1 Peter:2:6",
        "w": 29,
        "l": {},
        "c": "Is 28:16*20366; Rm 9:33*31903; 10:11*31916",
        "a": "o"
    },
    {
        "o": 34470,
        "r": "csb:1 Peter:2:7",
        "w": 23,
        "l": {},
        "t": "2:7*r Ps 118:22",
        "a": "p"
    },
    {
        "o": 34470,
        "r": "csb:1 Peter:2:7",
        "w": 23,
        "l": {},
        "c": "Ps 118:22*17749; Mt 21:42*26955; Lk 20:17*29178; Ac 4:11*30584",
        "a": "q"
    },
    {
        "o": 34471,
        "r": "csb:1 Peter:2:8",
        "w": 11,
        "l": {},
        "t": "2:8*r Is 8:14",
        "a": "r"
    },
    {
        "o": 34471,
        "r": "csb:1 Peter:2:8",
        "w": 11,
        "l": {},
        "c": "Is 8:14*19951; Rm 9:33*31903; 14:20*32033",
        "a": "s"
    },
    {
        "o": 34471,
        "r": "csb:1 Peter:2:8",
        "w": 21,
        "l": {},
        "c": "Ac 2:23*30515; 4:27–28*30602; Rm 9:22*31891; 11:7*31936; Jd 4*34795",
        "a": "t"
    },
    {
        "o": 34472,
        "r": "csb:1 Peter:2:9",
        "w": 5,
        "l": {},
        "t": "2:9*r Or generation, or nation",
        "a": "u"
    },
    {
        "o": 34472,
        "r": "csb:1 Peter:2:9",
        "w": 5,
        "l": {},
        "t": "2:9*r Dt 7:6; 10:15; Is 43:20 LXX",
        "a": "v"
    },
    {
        "o": 34472,
        "r": "csb:1 Peter:2:9",
        "w": 5,
        "l": {},
        "c": "Dt 7:6*5629; 10:15*5721; Is 43:20*20752",
        "a": "w"
    },
    {
        "o": 34472,
        "r": "csb:1 Peter:2:9",
        "w": 8,
        "l": {},
        "t": "2:9*r Ex 19:6; 23:22 LXX; Is 61:6",
        "a": "x"
    },
    {
        "o": 34472,
        "r": "csb:1 Peter:2:9",
        "w": 8,
        "l": {},
        "c": "Is 61:6*21116; Rv 1:6*34826; 5:10*34928; 20:6*35247",
        "a": "y"
    },
    {
        "o": 34472,
        "r": "csb:1 Peter:2:9",
        "w": 11,
        "l": {},
        "t": "2:9*r Ex 19:6; 23:22 LXX",
        "a": "z"
    },
    {
        "o": 34472,
        "r": "csb:1 Peter:2:9",
        "w": 11,
        "l": {},
        "c": "Ex 19:6*2240",
        "a": "a"
    },
    {
        "o": 34472,
        "r": "csb:1 Peter:2:9",
        "w": 16,
        "l": {},
        "t": "2:9*r Ex 19:5; 23:22 LXX; Dt 4:20; 7:6; Is 43:21 LXX",
        "a": "b"
    },
    {
        "o": 34472,
        "r": "csb:1 Peter:2:9",
        "w": 16,
        "l": {},
        "c": "Ex 34:9*2772; Dt 7:6*5629; Ps 33:12*15995; Is 43:21*20753; Ti 2:14*33914",
        "a": "c"
    },
    {
        "o": 34472,
        "r": "csb:1 Peter:2:9",
        "w": 23,
        "l": {},
        "t": "2:9*r Or the mighty deeds",
        "a": "d"
    },
    {
        "o": 34472,
        "r": "csb:1 Peter:2:9",
        "w": 23,
        "l": {},
        "t": "2:9*r Is 42:12; 43:21",
        "a": "e"
    },
    {
        "o": 34472,
        "r": "csb:1 Peter:2:9",
        "w": 23,
        "l": {},
        "c": "Is 42:12*20715; 43:21*20753",
        "a": "f"
    },
    {
        "o": 34472,
        "r": "csb:1 Peter:2:9",
        "w": 36,
        "l": {},
        "c": "Is 9:2*19963; Ac 26:18*31503; Eph 5:8*33192; Col 1:12–13*33385",
        "a": "g"
    },
    {
        "o": 34473,
        "r": "csb:1 Peter:2:10",
        "w": 16,
        "l": {},
        "c": "Mt 5:7*26220; Mk 5:19*27546; Lk 1:50*28188",
        "a": "h"
    },
    {
        "o": 34475,
        "r": "csb:1 Peter:2:11",
        "w": 8,
        "l": {},
        "c": "1Pt 1:1*34435",
        "a": "i"
    },
    {
        "o": 34475,
        "r": "csb:1 Peter:2:11",
        "w": 10,
        "l": {},
        "c": "1Tm 4:3*33710",
        "a": "j"
    },
    {
        "o": 34475,
        "r": "csb:1 Peter:2:11",
        "w": 12,
        "l": {},
        "c": "Rm 7:23*31819; Php 3:3*33323",
        "a": "k"
    },
    {
        "o": 34475,
        "r": "csb:1 Peter:2:11",
        "w": 19,
        "l": {},
        "c": "Gl 5:17*33040; Jms 4:1*34390",
        "a": "l"
    },
    {
        "o": 34476,
        "r": "csb:1 Peter:2:12",
        "w": 0,
        "l": {},
        "c": "2Pt 3:11*34618",
        "a": "m"
    },
    {
        "o": 34476,
        "r": "csb:1 Peter:2:12",
        "w": 5,
        "l": {},
        "t": "2:12*r Or among the nations, or among the pagans",
        "a": "n"
    },
    {
        "o": 34476,
        "r": "csb:1 Peter:2:12",
        "w": 28,
        "l": {},
        "c": "Is 10:3*19987; Jr 6:15*21405; 8:12*21477; 10:15*21536; Lk 1:68*28208; 7:16*28496; 19:44*29154",
        "a": "o"
    },
    {
        "o": 34477,
        "r": "csb:1 Peter:2:13",
        "w": 0,
        "l": {},
        "c": "Rm 13:1–7*31995; Ti 3:1*33918",
        "a": "p"
    },
    {
        "o": 34477,
        "r": "csb:1 Peter:2:13",
        "w": 12,
        "l": {},
        "t": "2:13*r Or king",
        "a": "q"
    },
    {
        "o": 34477,
        "r": "csb:1 Peter:2:13",
        "w": 16,
        "l": {},
        "c": "Rm 13:1*31995",
        "a": "r"
    },
    {
        "o": 34479,
        "r": "csb:1 Peter:2:15",
        "w": 4,
        "l": {},
        "c": "Gl 1:4*32906; Eph 1:9*33082",
        "a": "s"
    },
    {
        "o": 34479,
        "r": "csb:1 Peter:2:15",
        "w": 9,
        "l": {},
        "c": "1Pt 3:16*34510",
        "a": "t"
    },
    {
        "o": 34480,
        "r": "csb:1 Peter:2:16",
        "w": 12,
        "l": {},
        "c": "1Co 14:20*32489",
        "a": "u"
    },
    {
        "o": 34480,
        "r": "csb:1 Peter:2:16",
        "w": 16,
        "l": {},
        "c": "Rm 1:1*31607; Ti 1:1*33882; Rv 2:20*34867",
        "a": "v"
    },
    {
        "o": 34481,
        "r": "csb:1 Peter:2:17",
        "w": 2,
        "l": {},
        "c": "Rv 12:11*35071",
        "a": "w"
    },
    {
        "o": 34481,
        "r": "csb:1 Peter:2:17",
        "w": 6,
        "l": {},
        "c": "Heb 13:1*34281; 1Pt 5:9*34551",
        "a": "x"
    },
    {
        "o": 34481,
        "r": "csb:1 Peter:2:17",
        "w": 8,
        "l": {},
        "c": "Pr 1:7*18377; 24:21*19113; Ac 10:2*30849; Rv 14:7*35110",
        "a": "y"
    },
    {
        "o": 34483,
        "r": "csb:1 Peter:2:18",
        "w": 5,
        "l": {},
        "c": "Eph 6:5*33227; Col 3:22*33455; Ti 2:9*33909; Jd 4*34795",
        "a": "z"
    },
    {
        "o": 34483,
        "r": "csb:1 Peter:2:18",
        "w": 8,
        "l": {},
        "c": "Rm 13:3,7*31997",
        "a": "a"
    },
    {
        "o": 34483,
        "r": "csb:1 Peter:2:18",
        "w": 21,
        "l": {},
        "c": "Php 2:15*33302",
        "a": "b"
    },
    {
        "o": 34485,
        "r": "csb:1 Peter:2:20",
        "w": 24,
        "l": {},
        "c": "1Pt 4:14*34534",
        "a": "c"
    },
    {
        "o": 34486,
        "r": "csb:1 Peter:2:21",
        "w": 9,
        "l": {},
        "c": "Mk 8:31*27711; 1Pt 3:18*34512; 1Jn 3:16*34693",
        "a": "d"
    },
    {
        "o": 34486,
        "r": "csb:1 Peter:2:21",
        "w": 15,
        "l": {},
        "c": "Jn 13:15*30128",
        "a": "e"
    },
    {
        "o": 34486,
        "r": "csb:1 Peter:2:21",
        "w": 19,
        "l": {},
        "c": "Jn 8:12*29848",
        "a": "f"
    },
    {
        "o": 34487,
        "r": "csb:1 Peter:2:22",
        "w": 4,
        "l": {},
        "c": "1Pt 4:1*34519; 1Jn 3:5*34681",
        "a": "g"
    },
    {
        "o": 34487,
        "r": "csb:1 Peter:2:22",
        "w": 7,
        "l": {},
        "c": "2Pt 2:1*34584",
        "a": "h"
    },
    {
        "o": 34487,
        "r": "csb:1 Peter:2:22",
        "w": 12,
        "l": {},
        "t": "2:22*r Is 53:9",
        "a": "i"
    },
    {
        "o": 34487,
        "r": "csb:1 Peter:2:22",
        "w": 12,
        "l": {},
        "c": "Is 53:9*20969",
        "a": "j"
    },
    {
        "o": 34488,
        "r": "csb:1 Peter:2:23",
        "w": 24,
        "l": {},
        "c": "Rv 18:8*35195; 19:11*35226",
        "a": "k"
    },
    {
        "o": 34489,
        "r": "csb:1 Peter:2:24",
        "w": 4,
        "l": {},
        "c": "Heb 7:27–28*34112; 9:27–28*34159",
        "a": "l"
    },
    {
        "o": 34489,
        "r": "csb:1 Peter:2:24",
        "w": 7,
        "l": {},
        "c": "Is 53:4–5,12*20964; Jn 2:21*29542",
        "a": "m"
    },
    {
        "o": 34489,
        "r": "csb:1 Peter:2:24",
        "w": 10,
        "l": {},
        "c": "Ac 5:30*30649; 10:39*30889; 13:29*30995; Gl 3:13*32968",
        "a": "n"
    },
    {
        "o": 34489,
        "r": "csb:1 Peter:2:24",
        "w": 16,
        "l": {},
        "c": "Rm 6:2,8–11*31770; 7:6*31801; Gl 2:19*32950; Col 2:20*33426; 3:3*33434",
        "a": "o"
    },
    {
        "o": 34489,
        "r": "csb:1 Peter:2:24",
        "w": 21,
        "l": {},
        "c": "Rm 6:2,11*31770; Ti 2:12*33912",
        "a": "p"
    },
    {
        "o": 34489,
        "r": "csb:1 Peter:2:24",
        "w": 24,
        "l": {},
        "t": "2:24*r Is 53:5",
        "a": "q"
    },
    {
        "o": 34489,
        "r": "csb:1 Peter:2:24",
        "w": 24,
        "l": {},
        "c": "Is 53:5*20965; Mt 13:15*26590; Jn 12:40*30099; Ac 28:27*31600",
        "a": "r"
    },
    {
        "o": 34490,
        "r": "csb:1 Peter:2:25",
        "w": 6,
        "l": {},
        "t": "2:25*r Is 53:6",
        "a": "s"
    },
    {
        "o": 34490,
        "r": "csb:1 Peter:2:25",
        "w": 6,
        "l": {},
        "c": "Ps 119:176*17956; Is 53:6*20966",
        "a": "t"
    },
    {
        "o": 34490,
        "r": "csb:1 Peter:2:25",
        "w": 14,
        "l": {},
        "c": "Gn 48:15*1613; 49:24*1646; Ps 23:1*15824; Jr 31:10*22107",
        "a": "u"
    },
    {
        "o": 34490,
        "r": "csb:1 Peter:2:25",
        "w": 16,
        "l": {},
        "t": "2:25*r Or Guardian",
        "a": "v"
    },
    {
        "o": 34493,
        "r": "csb:1 Peter:3:1",
        "w": 4,
        "l": {},
        "c": "Eph 5:22–33*33208; Col 3:18–19*33451; 1Tm 3:11*33699",
        "a": "a"
    },
    {
        "o": 34493,
        "r": "csb:1 Peter:3:1",
        "w": 18,
        "l": {},
        "c": "1Co 7:16*32274; 1Pt 1:24–25*34460",
        "a": "b"
    },
    {
        "o": 34493,
        "r": "csb:1 Peter:3:1",
        "w": 23,
        "l": {},
        "c": "1Co 9:19–22*32335; Php 3:8*33328",
        "a": "c"
    },
    {
        "o": 34493,
        "r": "csb:1 Peter:3:1",
        "w": 32,
        "l": {},
        "c": "2Pt 3:11*34618",
        "a": "d"
    },
    {
        "o": 34494,
        "r": "csb:1 Peter:3:2",
        "w": 6,
        "l": {},
        "c": "Ti 2:5*33905",
        "a": "e"
    },
    {
        "o": 34495,
        "r": "csb:1 Peter:3:3",
        "w": 17,
        "l": {},
        "c": "Is 3:18–24*19842; 1Tm 2:9*33680",
        "a": "f"
    },
    {
        "o": 34496,
        "r": "csb:1 Peter:3:4",
        "w": 6,
        "l": {},
        "t": "3:4*r Or rather, the hidden person of the heart",
        "a": "g"
    },
    {
        "o": 34496,
        "r": "csb:1 Peter:3:4",
        "w": 6,
        "l": {},
        "c": "Rm 2:29*31675; 7:22*31818",
        "a": "h"
    },
    {
        "o": 34496,
        "r": "csb:1 Peter:3:4",
        "w": 12,
        "l": {},
        "c": "Mt 5:5*26218",
        "a": "i"
    },
    {
        "o": 34496,
        "r": "csb:1 Peter:3:4",
        "w": 14,
        "l": {},
        "c": "1Tm 2:2*33672",
        "a": "j"
    },
    {
        "o": 34497,
        "r": "csb:1 Peter:3:5",
        "w": 5,
        "l": {},
        "c": "Ps 20:6*15767; 1Co 7:14*32271",
        "a": "k"
    },
    {
        "o": 34497,
        "r": "csb:1 Peter:3:5",
        "w": 10,
        "l": {},
        "c": "1Tm 5:5*33732; 1Pt 1:3*34438",
        "a": "l"
    },
    {
        "o": 34498,
        "r": "csb:1 Peter:3:6",
        "w": 2,
        "l": {},
        "c": "Gn 17:15–21*457; 18:6–15*477; Heb 11:11*34216",
        "a": "m"
    },
    {
        "o": 34498,
        "r": "csb:1 Peter:3:6",
        "w": 24,
        "l": {},
        "c": "Pr 3:25*18456",
        "a": "n"
    },
    {
        "o": 34499,
        "r": "csb:1 Peter:3:7",
        "w": 0,
        "l": {},
        "c": "Mt 1:19*26126; 1Co 14:35*32505; Eph 5:22–28*33208; Col 3:18–19*33451; Ti 2:4–5*33904",
        "a": "o"
    },
    {
        "o": 34499,
        "r": "csb:1 Peter:3:7",
        "w": 17,
        "l": {},
        "c": "1Th 4:4*33539",
        "a": "p"
    },
    {
        "o": 34501,
        "r": "csb:1 Peter:3:8",
        "w": 10,
        "l": {},
        "c": "Heb 13:1*34281",
        "a": "q"
    },
    {
        "o": 34501,
        "r": "csb:1 Peter:3:8",
        "w": 13,
        "l": {},
        "c": "Eph 4:32*33182",
        "a": "r"
    },
    {
        "o": 34501,
        "r": "csb:1 Peter:3:8",
        "w": 15,
        "l": {},
        "t": "3:8*r Other mss read courteous",
        "a": "s"
    },
    {
        "o": 34502,
        "r": "csb:1 Peter:3:9",
        "w": 5,
        "l": {},
        "c": "Rm 12:17*31988",
        "a": "t"
    },
    {
        "o": 34502,
        "r": "csb:1 Peter:3:9",
        "w": 16,
        "l": {},
        "c": "Lk 6:28*28453; Rm 12:14*31985; 1Co 4:12*32204",
        "a": "u"
    },
    {
        "o": 34503,
        "r": "csb:1 Peter:3:10",
        "w": 1,
        "l": {},
        "c": "Ps 34:12–16*16020",
        "a": "v"
    },
    {
        "o": 34503,
        "r": "csb:1 Peter:3:10",
        "w": 19,
        "l": {},
        "c": "Jms 1:26*34336",
        "a": "w"
    },
    {
        "o": 34503,
        "r": "csb:1 Peter:3:10",
        "w": 25,
        "l": {},
        "c": "Rm 3:13*31691; Jms 3:5–8*34373",
        "a": "x"
    },
    {
        "o": 34504,
        "r": "csb:1 Peter:3:11",
        "w": 4,
        "l": {},
        "c": "Ps 37:27*16106",
        "a": "y"
    },
    {
        "o": 34504,
        "r": "csb:1 Peter:3:11",
        "w": 15,
        "l": {},
        "c": "Lk 12:51*28848; 2Tm 1:2*33786; Heb 12:14*34263; 3Jn 14*34786",
        "a": "z"
    },
    {
        "o": 34505,
        "r": "csb:1 Peter:3:12",
        "w": 31,
        "l": {},
        "c": "Ps 34:12–16*16020",
        "a": "a"
    },
    {
        "o": 34508,
        "r": "csb:1 Peter:3:14",
        "w": 7,
        "l": {},
        "c": "Mt 6:33*26309; Rm 1:17*31626; 2Pt 1:1*34559",
        "a": "b"
    },
    {
        "o": 34508,
        "r": "csb:1 Peter:3:14",
        "w": 14,
        "l": {},
        "t": "3:14*r Or Do not fear what they fear",
        "a": "c"
    },
    {
        "o": 34508,
        "r": "csb:1 Peter:3:14",
        "w": 14,
        "l": {},
        "c": "Jn 6:20*29720; 7:13*29789",
        "a": "d"
    },
    {
        "o": 34508,
        "r": "csb:1 Peter:3:14",
        "w": 17,
        "l": {},
        "t": "3:14*r Is 8:12",
        "a": "e"
    },
    {
        "o": 34508,
        "r": "csb:1 Peter:3:14",
        "w": 17,
        "l": {},
        "c": "Is 8:12–13*19949",
        "a": "f"
    },
    {
        "o": 34509,
        "r": "csb:1 Peter:3:15",
        "w": 4,
        "l": {},
        "t": "3:15*r Or sanctify, or set apart",
        "a": "g"
    },
    {
        "o": 34509,
        "r": "csb:1 Peter:3:15",
        "w": 5,
        "l": {},
        "t": "3:15*r Other mss read set God",
        "a": "h"
    },
    {
        "o": 34509,
        "r": "csb:1 Peter:3:15",
        "w": 32,
        "l": {},
        "c": "1Jn 4:4*34707",
        "a": "i"
    },
    {
        "o": 34510,
        "r": "csb:1 Peter:3:16",
        "w": 10,
        "l": {},
        "c": "Ac 23:1*31386; 24:16*31439; Rm 9:1*31868; 2Co 1:12*32620; 1Tm 1:5,19*33651; 3:9*33697; Heb 10:22*34185; 1Pt 3:21*34515",
        "a": "j"
    },
    {
        "o": 34510,
        "r": "csb:1 Peter:3:16",
        "w": 16,
        "l": {},
        "t": "3:16*r Other mss read when they speak against you as evildoers",
        "a": "k"
    },
    {
        "o": 34511,
        "r": "csb:1 Peter:3:17",
        "w": 5,
        "l": {},
        "c": "Php 1:29*33282; 1Pt 2:19*34484",
        "a": "l"
    },
    {
        "o": 34512,
        "r": "csb:1 Peter:3:18",
        "w": 3,
        "l": {},
        "c": "Mk 8:31*27711; Rm 5:8*31752",
        "a": "m"
    },
    {
        "o": 34512,
        "r": "csb:1 Peter:3:18",
        "w": 8,
        "l": {},
        "c": "Rm 6:10*31778; Heb 9:28*34160; 10:10*34172; 1Pt 2:21*34486; 4:1*34519",
        "a": "n"
    },
    {
        "o": 34512,
        "r": "csb:1 Peter:3:18",
        "w": 20,
        "l": {},
        "c": "Rm 5:2*31745",
        "a": "o"
    },
    {
        "o": 34512,
        "r": "csb:1 Peter:3:18",
        "w": 28,
        "l": {},
        "t": "3:18*r Or by the flesh, or in the fleshly realm",
        "a": "p"
    },
    {
        "o": 34512,
        "r": "csb:1 Peter:3:18",
        "w": 28,
        "l": {},
        "c": "Eph 2:14*33115",
        "a": "q"
    },
    {
        "o": 34512,
        "r": "csb:1 Peter:3:18",
        "w": 34,
        "l": {},
        "t": "3:18*r Or in the spirit, or in the Spirit, or in the spiritual realm",
        "a": "r"
    },
    {
        "o": 34513,
        "r": "csb:1 Peter:3:19",
        "w": 1,
        "l": {},
        "t": "3:19*r Or by whom, or in whom, or at that time",
        "a": "s"
    },
    {
        "o": 34513,
        "r": "csb:1 Peter:3:19",
        "w": 10,
        "l": {},
        "c": "1Jn 4:1*34704",
        "a": "t"
    },
    {
        "o": 34514,
        "r": "csb:1 Peter:3:20",
        "w": 14,
        "l": {},
        "c": "Gn 5:29*147",
        "a": "u"
    },
    {
        "o": 34514,
        "r": "csb:1 Peter:3:20",
        "w": 28,
        "l": {},
        "t": "3:20*r Or souls",
        "a": "v"
    },
    {
        "o": 34514,
        "r": "csb:1 Peter:3:20",
        "w": 28,
        "l": {},
        "c": "Gn 5:32*150; 6:18*172; 7:7,13*185; 8:16,18*222",
        "a": "w"
    },
    {
        "o": 34515,
        "r": "csb:1 Peter:3:21",
        "w": 16,
        "l": {},
        "c": "Heb 9:14*34146; 10:22*34185",
        "a": "x"
    },
    {
        "o": 34515,
        "r": "csb:1 Peter:3:21",
        "w": 19,
        "l": {},
        "t": "3:21*r Or the appeal",
        "a": "y"
    },
    {
        "o": 34515,
        "r": "csb:1 Peter:3:21",
        "w": 31,
        "l": {},
        "c": "1Pt 1:3*34438",
        "a": "z"
    },
    {
        "o": 34516,
        "r": "csb:1 Peter:3:22",
        "w": 4,
        "l": {},
        "c": "Ac 1:10,12*30471; 1Tm 3:16*33705; Heb 4:14*34040; 6:20*34082",
        "a": "a"
    },
    {
        "o": 34516,
        "r": "csb:1 Peter:3:22",
        "w": 12,
        "l": {},
        "c": "Ps 110:1*17629; Mk 16:19*28131; Ac 2:33–34*30525; Rm 8:34*31860; Heb 10:12*34174",
        "a": "b"
    },
    {
        "o": 34516,
        "r": "csb:1 Peter:3:22",
        "w": 20,
        "l": {},
        "c": "Eph 1:20–22*33095",
        "a": "c"
    },
    {
        "o": 34519,
        "r": "csb:1 Peter:4:1",
        "w": 3,
        "l": {},
        "t": "4:1*r Other mss read suffered for us",
        "a": "a"
    },
    {
        "o": 34519,
        "r": "csb:1 Peter:4:1",
        "w": 13,
        "l": {},
        "t": "4:1*r Or perspective, or attitude",
        "a": "b"
    },
    {
        "o": 34519,
        "r": "csb:1 Peter:4:1",
        "w": 23,
        "l": {},
        "c": "Rm 6:10*31778; Heb 4:15*34041; 7:26*34111; 9:28*34160",
        "a": "c"
    },
    {
        "o": 34519,
        "r": "csb:1 Peter:4:1",
        "w": 25,
        "l": {},
        "t": "4:1*r Or the one who suffered in the flesh has finished with sin",
        "a": "d"
    },
    {
        "o": 34520,
        "r": "csb:1 Peter:4:2",
        "w": 18,
        "l": {},
        "c": "Mk 3:35*27475; Rm 6:11*31779; 12:2*31972",
        "a": "e"
    },
    {
        "o": 34521,
        "r": "csb:1 Peter:4:3",
        "w": 22,
        "l": {},
        "c": "Mk 7:22*27657",
        "a": "f"
    },
    {
        "o": 34521,
        "r": "csb:1 Peter:4:3",
        "w": 24,
        "l": {},
        "c": "Rm 13:13*32009; Gl 5:21*33044",
        "a": "g"
    },
    {
        "o": 34522,
        "r": "csb:1 Peter:4:4",
        "w": 17,
        "l": {},
        "t": "4:4*r Or blaspheme",
        "a": "h"
    },
    {
        "o": 34523,
        "r": "csb:1 Peter:4:5",
        "w": 17,
        "l": {},
        "c": "Ac 10:42*30892; Rm 14:9*32021; 2Tm 4:1*33856",
        "a": "i"
    },
    {
        "o": 34524,
        "r": "csb:1 Peter:4:6",
        "w": 13,
        "l": {},
        "t": "4:6*r Or those who are dead",
        "a": "j"
    },
    {
        "o": 34524,
        "r": "csb:1 Peter:4:6",
        "w": 13,
        "l": {},
        "c": "Jn 5:25*29674",
        "a": "k"
    },
    {
        "o": 34524,
        "r": "csb:1 Peter:4:6",
        "w": 27,
        "l": {},
        "c": "1Pt 3:18*34512",
        "a": "l"
    },
    {
        "o": 34524,
        "r": "csb:1 Peter:4:6",
        "w": 30,
        "l": {},
        "c": "Php 1:21*33274",
        "a": "m"
    },
    {
        "o": 34526,
        "r": "csb:1 Peter:4:7",
        "w": 6,
        "l": {},
        "c": "Rm 13:11–12*32007; Heb 9:26*34158; Jms 5:8*34418; 1Jn 2:18*34662; Rv 1:3*34823",
        "a": "n"
    },
    {
        "o": 34526,
        "r": "csb:1 Peter:4:7",
        "w": 11,
        "l": {},
        "c": "1Pt 5:8*34550",
        "a": "o"
    },
    {
        "o": 34527,
        "r": "csb:1 Peter:4:8",
        "w": 4,
        "l": {},
        "c": "1Pt 1:22*34458",
        "a": "p"
    },
    {
        "o": 34527,
        "r": "csb:1 Peter:4:8",
        "w": 14,
        "l": {},
        "t": "4:8*r Pr 10:12",
        "a": "q"
    },
    {
        "o": 34527,
        "r": "csb:1 Peter:4:8",
        "w": 14,
        "l": {},
        "c": "Pr 10:12*18666; Jms 5:20*34432",
        "a": "r"
    },
    {
        "o": 34528,
        "r": "csb:1 Peter:4:9",
        "w": 1,
        "l": {},
        "c": "1Tm 3:2*33690; Ti 1:8*33890",
        "a": "s"
    },
    {
        "o": 34529,
        "r": "csb:1 Peter:4:10",
        "w": 12,
        "l": {},
        "c": "1Co 12:7*32427",
        "a": "t"
    },
    {
        "o": 34530,
        "r": "csb:1 Peter:4:11",
        "w": 22,
        "l": {},
        "c": "Rm 12:6–8*31976; 1Co 15:58*32575",
        "a": "u"
    },
    {
        "o": 34532,
        "r": "csb:1 Peter:4:12",
        "w": 22,
        "l": {},
        "c": "1Pt 1:6–7*34441",
        "a": "v"
    },
    {
        "o": 34533,
        "r": "csb:1 Peter:4:13",
        "w": 9,
        "l": {},
        "c": "Gl 5:24*33047; Php 3:10*33330",
        "a": "w"
    },
    {
        "o": 34533,
        "r": "csb:1 Peter:4:13",
        "w": 23,
        "l": {},
        "c": "1Co 1:7*32116; Eph 1:17*33091; 2Th 1:7*33596; 1Pt 1:7,13*34442",
        "a": "x"
    },
    {
        "o": 34534,
        "r": "csb:1 Peter:4:14",
        "w": 8,
        "l": {},
        "c": "Ps 89:50–51*17162; Ac 5:41*30661; 1Pt 2:20*34485",
        "a": "y"
    },
    {
        "o": 34534,
        "r": "csb:1 Peter:4:14",
        "w": 14,
        "l": {},
        "c": "Ac 4:33*30609; Rv 3:22*34902",
        "a": "z"
    },
    {
        "o": 34534,
        "r": "csb:1 Peter:4:14",
        "w": 19,
        "l": {},
        "t": "4:14*r Or God’s glorious Spirit",
        "a": "a"
    },
    {
        "o": 34535,
        "r": "csb:1 Peter:4:15",
        "w": 14,
        "l": {},
        "t": "4:15*r Or as one who defrauds others",
        "a": "b"
    },
    {
        "o": 34536,
        "r": "csb:1 Peter:4:16",
        "w": 20,
        "l": {},
        "t": "4:16*r Other mss read in that case",
        "a": "c"
    },
    {
        "o": 34537,
        "r": "csb:1 Peter:4:17",
        "w": 6,
        "l": {},
        "c": "Mk 12:40*27920; Jn 5:22*29670; Heb 10:27*34191; 13:4*34284",
        "a": "d"
    },
    {
        "o": 34537,
        "r": "csb:1 Peter:4:17",
        "w": 11,
        "l": {},
        "c": "Gl 6:10*33062; Eph 2:19*33120; 1Tm 3:15*33704; Heb 3:2*34005",
        "a": "e"
    },
    {
        "o": 34538,
        "r": "csb:1 Peter:4:18",
        "w": 17,
        "l": {},
        "t": "4:18*r Pr 11:31 LXX",
        "a": "f"
    },
    {
        "o": 34538,
        "r": "csb:1 Peter:4:18",
        "w": 17,
        "l": {},
        "c": "Pr 11:31*18718",
        "a": "g"
    },
    {
        "o": 34539,
        "r": "csb:1 Peter:4:19",
        "w": 11,
        "l": {},
        "c": "Ps 10:14*15604; 2Co 1:9*32616",
        "a": "h"
    },
    {
        "o": 34542,
        "r": "csb:1 Peter:5:1",
        "w": 11,
        "l": {},
        "c": "Ac 4:20*30594",
        "a": "a"
    },
    {
        "o": 34542,
        "r": "csb:1 Peter:5:1",
        "w": 29,
        "l": {},
        "c": "Rm 8:18*31843; Col 3:4*33435",
        "a": "b"
    },
    {
        "o": 34543,
        "r": "csb:1 Peter:5:2",
        "w": 4,
        "l": {},
        "c": "Jr 3:15*21306; 23:1*21857; Jn 21:16*30446; Ac 20:28*31295",
        "a": "c"
    },
    {
        "o": 34543,
        "r": "csb:1 Peter:5:2",
        "w": 6,
        "l": {},
        "t": "5:2*r Other mss omit overseeing",
        "a": "d"
    },
    {
        "o": 34543,
        "r": "csb:1 Peter:5:2",
        "w": 16,
        "l": {},
        "t": "5:2*r Other mss omit as God would have you",
        "a": "e"
    },
    {
        "o": 34545,
        "r": "csb:1 Peter:5:4",
        "w": 4,
        "l": {},
        "c": "Jn 10:11,14*29956; 21:15–17*30445; Heb 13:20*34301; 1Pt 2:25*34490",
        "a": "f"
    },
    {
        "o": 34545,
        "r": "csb:1 Peter:5:4",
        "w": 11,
        "l": {},
        "c": "1Co 9:25*32341; Rv 12:1*35060",
        "a": "g"
    },
    {
        "o": 34546,
        "r": "csb:1 Peter:5:5",
        "w": 18,
        "l": {},
        "t": "5:5*r Or you tie around yourselves",
        "a": "h"
    },
    {
        "o": 34546,
        "r": "csb:1 Peter:5:5",
        "w": 33,
        "l": {},
        "t": "5:5*r Pr 3:34 LXX",
        "a": "i"
    },
    {
        "o": 34546,
        "r": "csb:1 Peter:5:5",
        "w": 33,
        "l": {},
        "c": "Pr 3:34*18466; Jms 4:6*34395",
        "a": "j"
    },
    {
        "o": 34548,
        "r": "csb:1 Peter:5:6",
        "w": 0,
        "l": {},
        "c": "Lk 14:11*28915",
        "a": "k"
    },
    {
        "o": 34548,
        "r": "csb:1 Peter:5:6",
        "w": 6,
        "l": {},
        "c": "1Kg 8:42*9975; 2Ch 6:32*12546; Dn 9:15*24754",
        "a": "l"
    },
    {
        "o": 34549,
        "r": "csb:1 Peter:5:7",
        "w": 10,
        "l": {},
        "c": "Ps 55:22*16437",
        "a": "m"
    },
    {
        "o": 34550,
        "r": "csb:1 Peter:5:8",
        "w": 1,
        "l": {},
        "c": "1Th 5:6,8*33563; 2Tm 4:5*33860; 1Pt 1:13*34449; 4:7*34526",
        "a": "n"
    },
    {
        "o": 34550,
        "r": "csb:1 Peter:5:8",
        "w": 3,
        "l": {},
        "c": "Rv 16:15*35156",
        "a": "o"
    },
    {
        "o": 34550,
        "r": "csb:1 Peter:5:8",
        "w": 7,
        "l": {},
        "c": "Mt 4:1,10*26183; Ac 13:10*30975",
        "a": "p"
    },
    {
        "o": 34551,
        "r": "csb:1 Peter:5:9",
        "w": 1,
        "l": {},
        "c": "Eph 6:13–14*33236; Jms 4:7*34396",
        "a": "q"
    },
    {
        "o": 34552,
        "r": "csb:1 Peter:5:10",
        "w": 11,
        "l": {},
        "c": "1Pt 5:1,4*34542; 2Pt 3:18*34626",
        "a": "r"
    },
    {
        "o": 34552,
        "r": "csb:1 Peter:5:10",
        "w": 13,
        "l": {},
        "t": "5:10*r Other mss read in Christ Jesus",
        "a": "s"
    },
    {
        "o": 34552,
        "r": "csb:1 Peter:5:10",
        "w": 28,
        "l": {},
        "t": "5:10*r Or to a small extent",
        "a": "t"
    },
    {
        "o": 34553,
        "r": "csb:1 Peter:5:11",
        "w": 3,
        "l": {},
        "t": "5:11*r Some mss read dominion and glory; other mss read glory and dominion",
        "a": "u"
    },
    {
        "o": 34553,
        "r": "csb:1 Peter:5:11",
        "w": 4,
        "l": {},
        "t": "5:11*r Other mss read forever and ever",
        "a": "v"
    },
    {
        "o": 34554,
        "r": "csb:1 Peter:5:12",
        "w": 1,
        "l": {},
        "t": "5:12*r Or Silas; Ac 15:22–32; 16:19–40; 17:1–16",
        "a": "w"
    },
    {
        "o": 34554,
        "r": "csb:1 Peter:5:12",
        "w": 1,
        "l": {},
        "c": "Ac 15:22*31077; 1Th 1:1*33483; 2Th 1:1*33589",
        "a": "x"
    },
    {
        "o": 34555,
        "r": "csb:1 Peter:5:13",
        "w": 4,
        "l": {},
        "c": "Rv 14:8*35111; 16:19*35161; 17:5,18*35170; 18:2,10,21*35188",
        "a": "y"
    },
    {
        "o": 34556,
        "r": "csb:1 Peter:5:14",
        "w": 7,
        "l": {},
        "c": "Rm 16:16*32094; 1Co 16:20*32600; 2Co 13:12*32899; 1Th 5:26*33584",
        "a": "z"
    },
    {
        "o": 34556,
        "r": "csb:1 Peter:5:14",
        "w": 8,
        "l": {},
        "c": "Eph 6:23*33247",
        "a": "a"
    },
    {
        "o": 34556,
        "r": "csb:1 Peter:5:14",
        "w": 16,
        "l": {},
        "t": "5:14*r Other mss read Christ Jesus. Amen.",
        "a": "b"
    }
]
