[
    {
        "o": 32635,
        "r": "csb:2 Corinthians:2:1",
        "w": 18,
        "l": {},
        "t": "2:1*r Lit not again in sorrow to come to you",
        "a": "a"
    },
    {
        "o": 32636,
        "r": "csb:2 Corinthians:2:2",
        "w": 18,
        "l": {},
        "t": "2:2*r Lit the one pained",
        "a": "b"
    },
    {
        "o": 32637,
        "r": "csb:2 Corinthians:2:3",
        "w": 25,
        "l": {},
        "c": "Php 1:25*33278",
        "a": "c"
    },
    {
        "o": 32640,
        "r": "csb:2 Corinthians:2:5",
        "w": 20,
        "l": {},
        "c": "2Th 3:8*33632",
        "a": "d"
    },
    {
        "o": 32642,
        "r": "csb:2 Corinthians:2:7",
        "w": 6,
        "l": {},
        "c": "Mt 6:12*26285",
        "a": "e"
    },
    {
        "o": 32644,
        "r": "csb:2 Corinthians:2:9",
        "w": 8,
        "l": {},
        "c": "Rm 5:4*31747",
        "a": "f"
    },
    {
        "o": 32644,
        "r": "csb:2 Corinthians:2:9",
        "w": 14,
        "l": {},
        "c": "Php 2:8*33294",
        "a": "g"
    },
    {
        "o": 32646,
        "r": "csb:2 Corinthians:2:11",
        "w": 7,
        "l": {},
        "c": "2Co 12:17*32881",
        "a": "h"
    },
    {
        "o": 32648,
        "r": "csb:2 Corinthians:2:12",
        "w": 4,
        "l": {},
        "c": "Ac 16:8*31108",
        "a": "i"
    },
    {
        "o": 32648,
        "r": "csb:2 Corinthians:2:12",
        "w": 17,
        "l": {},
        "c": "Col 4:3*33463",
        "a": "j"
    },
    {
        "o": 32649,
        "r": "csb:2 Corinthians:2:13",
        "w": 3,
        "l": {},
        "c": "2Th 1:7*33596",
        "a": "k"
    },
    {
        "o": 32649,
        "r": "csb:2 Corinthians:2:13",
        "w": 14,
        "l": {},
        "c": "Ti 1:4*33886",
        "a": "l"
    },
    {
        "o": 32649,
        "r": "csb:2 Corinthians:2:13",
        "w": 24,
        "l": {},
        "c": "Ac 16:9*31109",
        "a": "m"
    },
    {
        "o": 32651,
        "r": "csb:2 Corinthians:2:14",
        "w": 4,
        "l": {},
        "c": "1Co 15:57*32574",
        "a": "n"
    },
    {
        "o": 32651,
        "r": "csb:2 Corinthians:2:14",
        "w": 26,
        "l": {},
        "c": "Jn 17:3*30265; 1Jn 4:8*34712",
        "a": "o"
    },
    {
        "o": 32652,
        "r": "csb:2 Corinthians:2:15",
        "w": 6,
        "l": {},
        "c": "Eph 5:2*33185; Php 4:18*33363",
        "a": "p"
    },
    {
        "o": 32652,
        "r": "csb:2 Corinthians:2:15",
        "w": 14,
        "l": {},
        "c": "Mt 9:22*26412; Ac 16:30*31133; Eph 2:8*33108",
        "a": "q"
    },
    {
        "o": 32652,
        "r": "csb:2 Corinthians:2:15",
        "w": 20,
        "l": {},
        "c": "Jn 6:27*29728",
        "a": "r"
    },
    {
        "o": 32653,
        "r": "csb:2 Corinthians:2:16",
        "w": 7,
        "l": {},
        "c": "Mt 10:21*26455; Jn 8:51*29890; Php 3:10*33330",
        "a": "s"
    },
    {
        "o": 32653,
        "r": "csb:2 Corinthians:2:16",
        "w": 17,
        "l": {},
        "c": "1Jn 5:12*34739",
        "a": "t"
    },
    {
        "o": 32654,
        "r": "csb:2 Corinthians:2:17",
        "w": 8,
        "l": {},
        "c": "Mt 12:36*26555; Mk 4:14*27493; Lk 6:47*28475; 8:21*28562; Jn 1:1*29465; 2:22*29543; 18:32*30329; Ac 17:11*31159; 2Tm 2:15*33822; Heb 4:12*34037",
        "a": "u"
    },
    {
        "o": 32654,
        "r": "csb:2 Corinthians:2:17",
        "w": 13,
        "l": {},
        "t": "2:17*r Other mss read like the rest",
        "a": "v"
    }
]
