[
    {
        "o": 12499,
        "r": "csb:2 Chronicles:5:2",
        "w": 2,
        "l": {},
        "c": "1Kg 8:1–11*9933",
        "a": "a"
    },
    {
        "o": 12499,
        "r": "csb:2 Chronicles:5:2",
        "w": 38,
        "l": {},
        "c": "2Ch 1:4*12410",
        "a": "b"
    },
    {
        "o": 12500,
        "r": "csb:2 Chronicles:5:3",
        "w": 20,
        "l": {},
        "t": "5:3*r = Tishri (September–October)",
        "a": "c"
    },
    {
        "o": 12504,
        "r": "csb:2 Chronicles:5:7",
        "w": 29,
        "l": {},
        "c": "2Ch 3:10*12459",
        "a": "d"
    },
    {
        "o": 12506,
        "r": "csb:2 Chronicles:5:9",
        "w": 13,
        "l": {},
        "t": "5:9*r Some Hb mss, LXX; other Hb mss read the ark; 1Kg 8:8",
        "a": "e"
    },
    {
        "o": 12506,
        "r": "csb:2 Chronicles:5:9",
        "w": 13,
        "l": {},
        "c": "1Kg 8:8*9940",
        "a": "f"
    },
    {
        "o": 12507,
        "r": "csb:2 Chronicles:5:10",
        "w": 16,
        "l": {},
        "t": "5:10*r = Sinai",
        "a": "g"
    },
    {
        "o": 12507,
        "r": "csb:2 Chronicles:5:10",
        "w": 16,
        "l": {},
        "c": "Dt 10:2–5*5707; Heb 9:4*34135",
        "a": "h"
    },
    {
        "o": 12508,
        "r": "csb:2 Chronicles:5:11",
        "w": 13,
        "l": {},
        "c": "1Ch 24:1–5*12210",
        "a": "i"
    },
    {
        "o": 12509,
        "r": "csb:2 Chronicles:5:12",
        "w": 12,
        "l": {},
        "c": "1Ch 13:8*11936; 15:16,24*11979",
        "a": "j"
    },
    {
        "o": 12509,
        "r": "csb:2 Chronicles:5:12",
        "w": 26,
        "l": {},
        "c": "2Ch 7:6*12564",
        "a": "k"
    },
    {
        "o": 12509,
        "r": "csb:2 Chronicles:5:12",
        "w": 39,
        "l": {},
        "c": "1Ch 25:1–4*12244",
        "a": "l"
    },
    {
        "o": 12510,
        "r": "csb:2 Chronicles:5:13",
        "w": 25,
        "l": {},
        "c": "1Ch 16:42*12036",
        "a": "m"
    },
    {
        "o": 12510,
        "r": "csb:2 Chronicles:5:13",
        "w": 39,
        "l": {},
        "c": "1Ch 16:34*12028; 2Ch 7:3*12561",
        "a": "n"
    },
    {
        "o": 12510,
        "r": "csb:2 Chronicles:5:13",
        "w": 49,
        "l": {},
        "c": "Ex 40:34–35*3036; Lv 16:2*3544; Nm 9:15–16*4378",
        "a": "o"
    },
    {
        "o": 12511,
        "r": "csb:2 Chronicles:5:14",
        "w": 21,
        "l": {},
        "c": "Ex 13:21–22*2081; 40:34–38*3036; Dt 4:11*5516; 5:22*5582; 31:14–15*6344; 2Ch 7:1–3*12559",
        "a": "p"
    }
]
