[
    {
        "o": 10152,
        "r": "csb:1 Kings:13:1",
        "w": 3,
        "l": {},
        "c": "1Kg 12:22*10137; 2Kg 23:17*11289",
        "a": "a"
    },
    {
        "o": 10152,
        "r": "csb:1 Kings:13:1",
        "w": 25,
        "l": {},
        "c": "1Kg 12:32–33*10148",
        "a": "b"
    },
    {
        "o": 10153,
        "r": "csb:1 Kings:13:2",
        "w": 59,
        "l": {},
        "c": "2Kg 23:15–16*11287",
        "a": "c"
    },
    {
        "o": 10154,
        "r": "csb:1 Kings:13:3",
        "w": 3,
        "l": {},
        "c": "Is 7:14*19923",
        "a": "d"
    },
    {
        "o": 10154,
        "r": "csb:1 Kings:13:3",
        "w": 34,
        "l": {},
        "c": "Jn 2:11,18*29531",
        "a": "e"
    },
    {
        "o": 10157,
        "r": "csb:1 Kings:13:6",
        "w": 21,
        "l": {},
        "c": "Jms 5:16*34428",
        "a": "f"
    },
    {
        "o": 10158,
        "r": "csb:1 Kings:13:7",
        "w": 20,
        "l": {},
        "c": "1Sm 9:7*8190; 2Kg 5:15*10685",
        "a": "g"
    },
    {
        "o": 10159,
        "r": "csb:1 Kings:13:8",
        "w": 14,
        "l": {},
        "c": "Nm 22:18*4832; Est 5:3*14221; Mk 6:23*27598",
        "a": "h"
    },
    {
        "o": 10160,
        "r": "csb:1 Kings:13:9",
        "w": 12,
        "l": {},
        "c": "1Kg 13:1*10152",
        "a": "i"
    },
    {
        "o": 10163,
        "r": "csb:1 Kings:13:11",
        "w": 8,
        "l": {},
        "c": "1Kg 12:32*10148; 13:1*10152",
        "a": "j"
    },
    {
        "o": 10163,
        "r": "csb:1 Kings:13:11",
        "w": 10,
        "l": {},
        "t": "13:11*r Some Hb mss, LXX, Syr, Vg read sons",
        "a": "k"
    },
    {
        "o": 10163,
        "r": "csb:1 Kings:13:11",
        "w": 43,
        "l": {},
        "c": "1Kg 13:2–6*10153",
        "a": "l"
    },
    {
        "o": 10164,
        "r": "csb:1 Kings:13:12",
        "w": 13,
        "l": {},
        "t": "13:12*r LXX, Syr, Tg, Vg read sons showed him",
        "a": "m"
    },
    {
        "o": 10169,
        "r": "csb:1 Kings:13:17",
        "w": 20,
        "l": {},
        "c": "1Kg 13:8–9*10159",
        "a": "n"
    },
    {
        "o": 10170,
        "r": "csb:1 Kings:13:18",
        "w": 8,
        "l": {},
        "c": "1Jn 4:1*34704",
        "a": "o"
    },
    {
        "o": 10170,
        "r": "csb:1 Kings:13:18",
        "w": 43,
        "l": {},
        "c": "Dt 13:1–3*5801",
        "a": "p"
    },
    {
        "o": 10174,
        "r": "csb:1 Kings:13:22",
        "w": 26,
        "l": {},
        "c": "1Kg 13:8–9*10159",
        "a": "q"
    },
    {
        "o": 10174,
        "r": "csb:1 Kings:13:22",
        "w": 36,
        "l": {},
        "c": "1Kg 13:30*10182",
        "a": "r"
    },
    {
        "o": 10176,
        "r": "csb:1 Kings:13:24",
        "w": 2,
        "l": {},
        "t": "13:23–24*r LXX reads donkey, and he turned 24 and left, and",
        "a": "s"
    },
    {
        "o": 10176,
        "r": "csb:1 Kings:13:24",
        "w": 5,
        "l": {},
        "t": "13:24*r Lit met",
        "a": "t"
    },
    {
        "o": 10176,
        "r": "csb:1 Kings:13:24",
        "w": 12,
        "l": {},
        "c": "1Kg 20:36*10440",
        "a": "u"
    },
    {
        "o": 10179,
        "r": "csb:1 Kings:13:27",
        "w": 14,
        "l": {},
        "c": "1Kg 13:13*10165",
        "a": "v"
    },
    {
        "o": 10182,
        "r": "csb:1 Kings:13:30",
        "w": 8,
        "l": {},
        "c": "1Kg 13:22,24*10174",
        "a": "w"
    },
    {
        "o": 10182,
        "r": "csb:1 Kings:13:30",
        "w": 16,
        "l": {},
        "c": "Jr 22:18*21841",
        "a": "x"
    },
    {
        "o": 10184,
        "r": "csb:1 Kings:13:32",
        "w": 17,
        "l": {},
        "c": "1Kg 13:1–3*10152",
        "a": "y"
    },
    {
        "o": 10184,
        "r": "csb:1 Kings:13:32",
        "w": 26,
        "l": {},
        "c": "1Kg 12:31–32*10147; 2Kg 17:29*11092",
        "a": "z"
    },
    {
        "o": 10184,
        "r": "csb:1 Kings:13:32",
        "w": 31,
        "l": {},
        "c": "1Kg 16:28–29,32*10292",
        "a": "a"
    },
    {
        "o": 10184,
        "r": "csb:1 Kings:13:32",
        "w": 35,
        "l": {},
        "c": "2Kg 23:16*11288",
        "a": "b"
    },
    {
        "o": 10185,
        "r": "csb:1 Kings:13:33",
        "w": 2,
        "l": {},
        "c": "1Kg 13:1–6,24*10152",
        "a": "c"
    },
    {
        "o": 10185,
        "r": "csb:1 Kings:13:33",
        "w": 6,
        "l": {},
        "c": "1Kg 12:28–33*10144; 13:1*10152; Ac 26:20*31505",
        "a": "d"
    },
    {
        "o": 10185,
        "r": "csb:1 Kings:13:33",
        "w": 24,
        "l": {},
        "c": "1Kg 12:31*10147",
        "a": "e"
    },
    {
        "o": 10185,
        "r": "csb:1 Kings:13:33",
        "w": 38,
        "l": {},
        "c": "Jdg 17:5*7737; 2Ch 13:9*12715",
        "a": "f"
    },
    {
        "o": 10186,
        "r": "csb:1 Kings:13:34",
        "w": 21,
        "l": {},
        "c": "1Kg 12:28–33*10144; 2Kg 17:21–23*11083",
        "a": "g"
    }
]
