[
    {
        "o": 8992,
        "r": "csb:2 Samuel:5:1",
        "w": 9,
        "l": {},
        "c": "1Ch 11:1–3*11835",
        "a": "a"
    },
    {
        "o": 8992,
        "r": "csb:2 Samuel:5:1",
        "w": 19,
        "l": {},
        "t": "5:1*r Lit your bone and your flesh",
        "a": "b"
    },
    {
        "o": 8992,
        "r": "csb:2 Samuel:5:1",
        "w": 19,
        "l": {},
        "c": "Gn 29:14*896",
        "a": "c"
    },
    {
        "o": 8993,
        "r": "csb:2 Samuel:5:2",
        "w": 20,
        "l": {},
        "c": "1Sm 18:5,12–16*8497",
        "a": "d"
    },
    {
        "o": 8994,
        "r": "csb:2 Samuel:5:3",
        "w": 18,
        "l": {},
        "c": "2Sm 3:12–13,21*8947",
        "a": "e"
    },
    {
        "o": 8995,
        "r": "csb:2 Samuel:5:4",
        "w": 9,
        "l": {},
        "c": "1Kg 2:11*9701; 1Ch 29:26–27*12400",
        "a": "f"
    },
    {
        "o": 8997,
        "r": "csb:2 Samuel:5:6",
        "w": 10,
        "l": {},
        "c": "Jos 15:63*6924; Jdg 1:21*7231",
        "a": "g"
    },
    {
        "o": 8998,
        "r": "csb:2 Samuel:5:7",
        "w": 13,
        "l": {},
        "c": "Lk 2:4*28226",
        "a": "h"
    },
    {
        "o": 8999,
        "r": "csb:2 Samuel:5:8",
        "w": 25,
        "l": {},
        "t": "5:8*r Alt Hb tradition, LXX, Tg, Syr read who despise David",
        "a": "i"
    },
    {
        "o": 8999,
        "r": "csb:2 Samuel:5:8",
        "w": 41,
        "l": {},
        "t": "5:8*r Or temple, or palace",
        "a": "j"
    },
    {
        "o": 9001,
        "r": "csb:2 Samuel:5:10",
        "w": 5,
        "l": {},
        "c": "2Sm 3:1*8936",
        "a": "k"
    },
    {
        "o": 9001,
        "r": "csb:2 Samuel:5:10",
        "w": 14,
        "l": {},
        "c": "1Ch 11:9*11845",
        "a": "l"
    },
    {
        "o": 9002,
        "r": "csb:2 Samuel:5:11",
        "w": 15,
        "l": {},
        "c": "1Kg 5:1,10,18*9812",
        "a": "m"
    },
    {
        "o": 9005,
        "r": "csb:2 Samuel:5:14",
        "w": 13,
        "l": {},
        "c": "Lk 3:31*28316",
        "a": "n"
    },
    {
        "o": 9007,
        "r": "csb:2 Samuel:5:16",
        "w": 3,
        "l": {},
        "c": "1Ch 3:5–8*11497; 14:1–7*11945",
        "a": "o"
    },
    {
        "o": 9008,
        "r": "csb:2 Samuel:5:17",
        "w": 11,
        "l": {},
        "c": "1Ch 14:8–17*11952",
        "a": "p"
    },
    {
        "o": 9008,
        "r": "csb:2 Samuel:5:17",
        "w": 29,
        "l": {},
        "c": "1Sm 22:4–5*8618; 2Sm 23:14*9575",
        "a": "q"
    },
    {
        "o": 9010,
        "r": "csb:2 Samuel:5:19",
        "w": 5,
        "l": {},
        "c": "2Sm 2:1*8902",
        "a": "r"
    },
    {
        "o": 9011,
        "r": "csb:2 Samuel:5:20",
        "w": 24,
        "l": {},
        "c": "Is 28:21*20371",
        "a": "s"
    },
    {
        "o": 9011,
        "r": "csb:2 Samuel:5:20",
        "w": 33,
        "l": {},
        "t": "5:20*r Or Baal-perazim; 2Sm 6:8; 1Ch 13:11",
        "a": "t"
    },
    {
        "o": 9015,
        "r": "csb:2 Samuel:5:24",
        "w": 34,
        "l": {},
        "c": "2Kg 7:6*10743",
        "a": "u"
    }
]
