[
    {
        "o": 32607,
        "r": "csb:2 Corinthians:1:1",
        "w": 8,
        "l": {},
        "c": "1Co 1:1*32109; Eph 1:1*33073; Col 1:1*33372; 2Tm 1:1*33784",
        "a": "a"
    },
    {
        "o": 32607,
        "r": "csb:2 Corinthians:1:1",
        "w": 10,
        "l": {},
        "c": "1Th 3:2*33520; 1Tm 1:2*33648",
        "a": "b"
    },
    {
        "o": 32607,
        "r": "csb:2 Corinthians:1:1",
        "w": 11,
        "l": {},
        "t": "1:1*r Lit the",
        "a": "c"
    },
    {
        "o": 32607,
        "r": "csb:2 Corinthians:1:1",
        "w": 19,
        "l": {},
        "c": "1Co 1:2*32110",
        "a": "d"
    },
    {
        "o": 32607,
        "r": "csb:2 Corinthians:1:1",
        "w": 27,
        "l": {},
        "c": "Ac 18:12*31198; Php 1:1*33251",
        "a": "e"
    },
    {
        "o": 32608,
        "r": "csb:2 Corinthians:1:2",
        "w": 4,
        "l": {},
        "c": "Lk 12:51*28848; Rm 1:7*31614; 2Tm 1:2*33786; 3Jn 14*34786",
        "a": "f"
    },
    {
        "o": 32608,
        "r": "csb:2 Corinthians:1:2",
        "w": 8,
        "l": {},
        "c": "Mt 5:16*26231; 11:27*26510; Lk 11:13*28742; Jn 8:42*29880; Eph 5:20*33205",
        "a": "g"
    },
    {
        "o": 32610,
        "r": "csb:2 Corinthians:1:3",
        "w": 1,
        "l": {},
        "c": "Mk 14:61*28040",
        "a": "h"
    },
    {
        "o": 32610,
        "r": "csb:2 Corinthians:1:3",
        "w": 14,
        "l": {},
        "c": "Heb 10:28*34192",
        "a": "i"
    },
    {
        "o": 32610,
        "r": "csb:2 Corinthians:1:3",
        "w": 20,
        "l": {},
        "c": "Lk 2:25*28250",
        "a": "j"
    },
    {
        "o": 32611,
        "r": "csb:2 Corinthians:1:4",
        "w": 6,
        "l": {},
        "t": "1:4*r Or trouble, or tribulation, or trials, or oppression",
        "a": "k"
    },
    {
        "o": 32612,
        "r": "csb:2 Corinthians:1:5",
        "w": 4,
        "l": {},
        "c": "Gl 5:24*33047; Php 3:10*33330",
        "a": "l"
    },
    {
        "o": 32612,
        "r": "csb:2 Corinthians:1:5",
        "w": 6,
        "l": {},
        "c": "Rm 8:17*31842; 2Co 4:10*32689; Gl 6:17*33069; Php 3:10*33330; Col 1:24*33399",
        "a": "m"
    },
    {
        "o": 32612,
        "r": "csb:2 Corinthians:1:5",
        "w": 16,
        "l": {},
        "c": "Php 1:29*33282",
        "a": "n"
    },
    {
        "o": 32613,
        "r": "csb:2 Corinthians:1:6",
        "w": 3,
        "l": {},
        "c": "Heb 11:37*34242",
        "a": "o"
    },
    {
        "o": 32613,
        "r": "csb:2 Corinthians:1:6",
        "w": 32,
        "l": {},
        "c": "Php 1:29*33282",
        "a": "p"
    },
    {
        "o": 32614,
        "r": "csb:2 Corinthians:1:7",
        "w": 2,
        "l": {},
        "c": "1Th 1:3*33485",
        "a": "q"
    },
    {
        "o": 32614,
        "r": "csb:2 Corinthians:1:7",
        "w": 13,
        "l": {},
        "c": "Phm 17*33954",
        "a": "r"
    },
    {
        "o": 32615,
        "r": "csb:2 Corinthians:1:8",
        "w": 17,
        "l": {},
        "c": "Ac 6:9*30674",
        "a": "s"
    },
    {
        "o": 32615,
        "r": "csb:2 Corinthians:1:8",
        "w": 24,
        "l": {},
        "c": "Ac 8:10*30762; 1Co 15:24*32538; Eph 1:21*33096; 1Pt 3:22*34516",
        "a": "t"
    },
    {
        "o": 32615,
        "r": "csb:2 Corinthians:1:8",
        "w": 29,
        "l": {},
        "c": "2Co 4:8*32687",
        "a": "u"
    },
    {
        "o": 32616,
        "r": "csb:2 Corinthians:1:9",
        "w": 21,
        "l": {},
        "c": "Ps 25:2*15847; 26:1*15871; Jr 17:5–7*21711; Lk 18:9*29065",
        "a": "v"
    },
    {
        "o": 32616,
        "r": "csb:2 Corinthians:1:9",
        "w": 23,
        "l": {},
        "c": "Mk 9:27*27749; Jn 2:19*29540",
        "a": "w"
    },
    {
        "o": 32617,
        "r": "csb:2 Corinthians:1:10",
        "w": 2,
        "l": {},
        "c": "Mt 27:43*27297",
        "a": "x"
    },
    {
        "o": 32617,
        "r": "csb:2 Corinthians:1:10",
        "w": 8,
        "l": {},
        "c": "Mt 10:21*26455; Jn 8:51*29890; Php 3:10*33330",
        "a": "y"
    },
    {
        "o": 32618,
        "r": "csb:2 Corinthians:1:11",
        "w": 15,
        "l": {},
        "t": "1:11*r Other mss read your",
        "a": "z"
    },
    {
        "o": 32620,
        "r": "csb:2 Corinthians:1:12",
        "w": 6,
        "l": {},
        "c": "1Tm 2:6*33676",
        "a": "a"
    },
    {
        "o": 32620,
        "r": "csb:2 Corinthians:1:12",
        "w": 9,
        "l": {},
        "c": "Heb 13:18*34298",
        "a": "b"
    },
    {
        "o": 32620,
        "r": "csb:2 Corinthians:1:12",
        "w": 31,
        "l": {},
        "c": "Pr 3:19*18450; 1Co 1:21*32132",
        "a": "c"
    },
    {
        "o": 32620,
        "r": "csb:2 Corinthians:1:12",
        "w": 35,
        "l": {},
        "c": "Ac 23:1*31386; 2Co 4:2*32680; 5:12*32711; 1Th 2:10*33504",
        "a": "d"
    },
    {
        "o": 32622,
        "r": "csb:2 Corinthians:1:14",
        "w": 13,
        "l": {},
        "c": "Rm 2:17*31662; Gl 6:4*33055",
        "a": "e"
    },
    {
        "o": 32622,
        "r": "csb:2 Corinthians:1:14",
        "w": 19,
        "l": {},
        "c": "2Co 9:3*32792; Php 2:16*33303; 4:1*33345; 1Th 2:19–20*33515",
        "a": "f"
    },
    {
        "o": 32622,
        "r": "csb:2 Corinthians:1:14",
        "w": 24,
        "l": {},
        "t": "1:14*r Other mss omit our",
        "a": "g"
    },
    {
        "o": 32622,
        "r": "csb:2 Corinthians:1:14",
        "w": 26,
        "l": {},
        "c": "Php 1:6*33257",
        "a": "h"
    },
    {
        "o": 32624,
        "r": "csb:2 Corinthians:1:15",
        "w": 10,
        "l": {},
        "c": "Ac 18:1–18*31187; 1Co 4:19*32212",
        "a": "i"
    },
    {
        "o": 32624,
        "r": "csb:2 Corinthians:1:15",
        "w": 18,
        "l": {},
        "t": "1:15*r Other mss read a second joy",
        "a": "j"
    },
    {
        "o": 32625,
        "r": "csb:2 Corinthians:1:16",
        "w": 8,
        "l": {},
        "c": "Ac 16:9*31109",
        "a": "k"
    },
    {
        "o": 32625,
        "r": "csb:2 Corinthians:1:16",
        "w": 21,
        "l": {},
        "c": "Ac 20:38*31305",
        "a": "l"
    },
    {
        "o": 32625,
        "r": "csb:2 Corinthians:1:16",
        "w": 24,
        "l": {},
        "c": "Ac 19:21*31242; 1Co 16:5–7*32583",
        "a": "m"
    },
    {
        "o": 32625,
        "r": "csb:2 Corinthians:1:16",
        "w": 26,
        "l": {},
        "c": "Lk 1:5*28140",
        "a": "n"
    },
    {
        "o": 32626,
        "r": "csb:2 Corinthians:1:17",
        "w": 20,
        "l": {},
        "t": "1:17*r Or a worldly, or a fleshly, or a selfish",
        "a": "o"
    },
    {
        "o": 32626,
        "r": "csb:2 Corinthians:1:17",
        "w": 20,
        "l": {},
        "c": "Php 3:3*33323; Col 3:22*33455",
        "a": "p"
    },
    {
        "o": 32627,
        "r": "csb:2 Corinthians:1:18",
        "w": 3,
        "l": {},
        "c": "Nm 23:19*4879",
        "a": "q"
    },
    {
        "o": 32628,
        "r": "csb:2 Corinthians:1:19",
        "w": 4,
        "l": {},
        "c": "Jn 5:19*29667; Heb 1:2*33967",
        "a": "r"
    },
    {
        "o": 32628,
        "r": "csb:2 Corinthians:1:19",
        "w": 12,
        "l": {},
        "t": "1:19*r Or Silas; Ac 15:22–32; 16:19–40; 17:1–16",
        "a": "s"
    },
    {
        "o": 32628,
        "r": "csb:2 Corinthians:1:19",
        "w": 12,
        "l": {},
        "c": "1Th 1:1*33483",
        "a": "t"
    },
    {
        "o": 32628,
        "r": "csb:2 Corinthians:1:19",
        "w": 30,
        "l": {},
        "c": "Heb 13:8*34288",
        "a": "u"
    },
    {
        "o": 32629,
        "r": "csb:2 Corinthians:1:20",
        "w": 5,
        "l": {},
        "c": "Gn 12:7*338",
        "a": "v"
    },
    {
        "o": 32629,
        "r": "csb:2 Corinthians:1:20",
        "w": 16,
        "l": {},
        "c": "Ps 72:19*16752; Rv 22:21*35311",
        "a": "w"
    },
    {
        "o": 32629,
        "r": "csb:2 Corinthians:1:20",
        "w": 21,
        "l": {},
        "c": "Mk 10:37*27818; Lk 9:32*28639; Jn 17:24*30288; 2Co 3:18*32676; 2Pt 3:18*34626",
        "a": "x"
    },
    {
        "o": 32630,
        "r": "csb:2 Corinthians:1:21",
        "w": 15,
        "l": {},
        "c": "Lk 4:18*28345; 1Jn 2:20*34664",
        "a": "y"
    },
    {
        "o": 32631,
        "r": "csb:2 Corinthians:1:22",
        "w": 15,
        "l": {},
        "c": "Jms 4:5*34394",
        "a": "z"
    },
    {
        "o": 32631,
        "r": "csb:2 Corinthians:1:22",
        "w": 19,
        "l": {},
        "c": "Eph 1:14*33088",
        "a": "a"
    },
    {
        "o": 32632,
        "r": "csb:2 Corinthians:1:23",
        "w": 6,
        "l": {},
        "c": "Rm 1:9*31616; Php 1:8*33259; Heb 12:1*34248",
        "a": "b"
    },
    {
        "o": 32632,
        "r": "csb:2 Corinthians:1:23",
        "w": 22,
        "l": {},
        "c": "1Co 4:21*32214; 2Co 13:2,10*32889",
        "a": "c"
    },
    {
        "o": 32633,
        "r": "csb:2 Corinthians:1:24",
        "w": 25,
        "l": {},
        "c": "Pr 24:16*19108",
        "a": "d"
    }
]
