[
    {
        "o": 8825,
        "r": "csb:1 Samuel:30:1",
        "w": 3,
        "l": {},
        "c": "Gn 14:1–16*375",
        "a": "a"
    },
    {
        "o": 8825,
        "r": "csb:1 Samuel:30:1",
        "w": 6,
        "l": {},
        "c": "1Sm 27:6,8*8776",
        "a": "b"
    },
    {
        "o": 8825,
        "r": "csb:1 Samuel:30:1",
        "w": 12,
        "l": {},
        "c": "1Sm 15:7*8376; 27:8–10*8778",
        "a": "c"
    },
    {
        "o": 8826,
        "r": "csb:1 Samuel:30:2",
        "w": 7,
        "l": {},
        "t": "30:2*r LXX; MT omits and everyone",
        "a": "d"
    },
    {
        "o": 8826,
        "r": "csb:1 Samuel:30:2",
        "w": 23,
        "l": {},
        "c": "1Sm 27:11*8781",
        "a": "e"
    },
    {
        "o": 8829,
        "r": "csb:1 Samuel:30:5",
        "w": 2,
        "l": {},
        "c": "1Sm 25:42–43*8739",
        "a": "f"
    },
    {
        "o": 8830,
        "r": "csb:1 Samuel:30:6",
        "w": 13,
        "l": {},
        "c": "Ex 17:4*2190",
        "a": "g"
    },
    {
        "o": 8830,
        "r": "csb:1 Samuel:30:6",
        "w": 36,
        "l": {},
        "c": "1Sm 23:16*8657; Ps 18:2*15693; 27:14*15899",
        "a": "h"
    },
    {
        "o": 8831,
        "r": "csb:1 Samuel:30:7",
        "w": 12,
        "l": {},
        "c": "1Sm 23:6–9*8646",
        "a": "i"
    },
    {
        "o": 8832,
        "r": "csb:1 Samuel:30:8",
        "w": 4,
        "l": {},
        "c": "1Sm 23:2,4*8642",
        "a": "j"
    },
    {
        "o": 8832,
        "r": "csb:1 Samuel:30:8",
        "w": 13,
        "l": {},
        "c": "Ex 15:9*2127",
        "a": "k"
    },
    {
        "o": 8832,
        "r": "csb:1 Samuel:30:8",
        "w": 30,
        "l": {},
        "c": "1Sm 30:18*8842",
        "a": "l"
    },
    {
        "o": 8833,
        "r": "csb:1 Samuel:30:9",
        "w": 8,
        "l": {},
        "c": "1Sm 27:2*8772",
        "a": "m"
    },
    {
        "o": 8833,
        "r": "csb:1 Samuel:30:9",
        "w": 19,
        "l": {},
        "c": "1Sm 30:21*8845",
        "a": "n"
    },
    {
        "o": 8836,
        "r": "csb:1 Samuel:30:12",
        "w": 16,
        "l": {},
        "c": "Jdg 15:19*7695",
        "a": "o"
    },
    {
        "o": 8838,
        "r": "csb:1 Samuel:30:14",
        "w": 7,
        "l": {},
        "c": "1Sm 30:16*8840; 2Sm 8:18*9093; Ezk 25:16*23740",
        "a": "p"
    },
    {
        "o": 8838,
        "r": "csb:1 Samuel:30:14",
        "w": 17,
        "l": {},
        "c": "Jos 14:13*6855; 21:11–12*7074",
        "a": "q"
    },
    {
        "o": 8838,
        "r": "csb:1 Samuel:30:14",
        "w": 21,
        "l": {},
        "c": "1Sm 30:1*8825",
        "a": "r"
    },
    {
        "o": 8840,
        "r": "csb:1 Samuel:30:16",
        "w": 25,
        "l": {},
        "c": "1Sm 30:14*8838",
        "a": "s"
    },
    {
        "o": 8841,
        "r": "csb:1 Samuel:30:17",
        "w": 11,
        "l": {},
        "c": "1Sm 11:11*8253",
        "a": "t"
    },
    {
        "o": 8841,
        "r": "csb:1 Samuel:30:17",
        "w": 26,
        "l": {},
        "c": "Jdg 7:12*7428; 1Sm 15:3*8372",
        "a": "u"
    },
    {
        "o": 8843,
        "r": "csb:1 Samuel:30:19",
        "w": 27,
        "l": {},
        "c": "1Sm 30:8*8832",
        "a": "v"
    },
    {
        "o": 8844,
        "r": "csb:1 Samuel:30:20",
        "w": 22,
        "l": {},
        "c": "1Sm 30:26–31*8850",
        "a": "w"
    },
    {
        "o": 8845,
        "r": "csb:1 Samuel:30:21",
        "w": 24,
        "l": {},
        "c": "1Sm 30:9–10*8833",
        "a": "x"
    },
    {
        "o": 8848,
        "r": "csb:1 Samuel:30:24",
        "w": 34,
        "l": {},
        "c": "Nm 31:25–27*5161; Jos 22:8*7123",
        "a": "y"
    },
    {
        "o": 8849,
        "r": "csb:1 Samuel:30:25",
        "w": 12,
        "l": {},
        "t": "30:25*r this policy supplied for clarity",
        "a": "z"
    },
    {
        "o": 8850,
        "r": "csb:1 Samuel:30:26",
        "w": 24,
        "l": {},
        "c": "1Sm 25:27*8724",
        "a": "a"
    },
    {
        "o": 8850,
        "r": "csb:1 Samuel:30:26",
        "w": 31,
        "l": {},
        "c": "1Sm 18:17*8510; 25:28*8725",
        "a": "b"
    },
    {
        "o": 8851,
        "r": "csb:1 Samuel:30:27",
        "w": 2,
        "l": {},
        "t": "30:27*r He sent gifts supplied for clarity",
        "a": "c"
    },
    {
        "o": 8851,
        "r": "csb:1 Samuel:30:27",
        "w": 6,
        "l": {},
        "c": "Jos 15:30*6891; 19:4*6996",
        "a": "d"
    },
    {
        "o": 8851,
        "r": "csb:1 Samuel:30:27",
        "w": 11,
        "l": {},
        "c": "Jos 19:8*7000",
        "a": "e"
    },
    {
        "o": 8851,
        "r": "csb:1 Samuel:30:27",
        "w": 14,
        "l": {},
        "c": "Jos 15:48*6909; 21:14*7077",
        "a": "f"
    },
    {
        "o": 8852,
        "r": "csb:1 Samuel:30:28",
        "w": 3,
        "l": {},
        "c": "1Ch 11:44*11880",
        "a": "g"
    },
    {
        "o": 8852,
        "r": "csb:1 Samuel:30:28",
        "w": 5,
        "l": {},
        "c": "1Ch 27:27*12338",
        "a": "h"
    },
    {
        "o": 8852,
        "r": "csb:1 Samuel:30:28",
        "w": 8,
        "l": {},
        "c": "Jos 15:50*6911",
        "a": "i"
    },
    {
        "o": 8853,
        "r": "csb:1 Samuel:30:29",
        "w": 9,
        "l": {},
        "c": "1Sm 27:10*8780",
        "a": "j"
    },
    {
        "o": 8853,
        "r": "csb:1 Samuel:30:29",
        "w": 16,
        "l": {},
        "c": "1Sm 15:6*8375",
        "a": "k"
    },
    {
        "o": 8854,
        "r": "csb:1 Samuel:30:30",
        "w": 3,
        "l": {},
        "c": "Jos 12:14*6790; 15:30*6891; 19:4*6996",
        "a": "l"
    },
    {
        "o": 8854,
        "r": "csb:1 Samuel:30:30",
        "w": 5,
        "l": {},
        "c": "Jos 15:42*6903; 19:7*6999",
        "a": "m"
    },
    {
        "o": 8855,
        "r": "csb:1 Samuel:30:31",
        "w": 3,
        "l": {},
        "c": "Nm 13:22*4507; Jos 14:13–15*6855; 21:11–13*7074",
        "a": "n"
    },
    {
        "o": 8855,
        "r": "csb:1 Samuel:30:31",
        "w": 17,
        "l": {},
        "c": "1Sm 23:22*8664",
        "a": "o"
    }
]
