[
    {
        "o": 10702,
        "r": "csb:2 Kings:6:1",
        "w": 4,
        "l": {},
        "c": "1Sm 10:5*8216; 2Kg 2:3,5,7*10563; 4:38*10661",
        "a": "a"
    },
    {
        "o": 10702,
        "r": "csb:2 Kings:6:1",
        "w": 18,
        "l": {},
        "t": "6:1*r Lit we are living before you",
        "a": "b"
    },
    {
        "o": 10706,
        "r": "csb:2 Kings:6:5",
        "w": 26,
        "l": {},
        "c": "Ex 22:14*2346",
        "a": "c"
    },
    {
        "o": 10707,
        "r": "csb:2 Kings:6:6",
        "w": 4,
        "l": {},
        "c": "2Kg 4:8–9*10628",
        "a": "d"
    },
    {
        "o": 10707,
        "r": "csb:2 Kings:6:6",
        "w": 32,
        "l": {},
        "c": "Ex 15:25*2144; 2Kg 2:21*10583; 4:41*10665",
        "a": "e"
    },
    {
        "o": 10710,
        "r": "csb:2 Kings:6:8",
        "w": 4,
        "l": {},
        "c": "2Kg 8:28–29*10790",
        "a": "f"
    },
    {
        "o": 10711,
        "r": "csb:2 Kings:6:9",
        "w": 4,
        "l": {},
        "c": "2Kg 4:8–9*10628",
        "a": "g"
    },
    {
        "o": 10712,
        "r": "csb:2 Kings:6:10",
        "w": 22,
        "l": {},
        "t": "6:10*r Lit not once and not twice",
        "a": "h"
    },
    {
        "o": 10715,
        "r": "csb:2 Kings:6:13",
        "w": 25,
        "l": {},
        "c": "Gn 37:17*1213",
        "a": "i"
    },
    {
        "o": 10718,
        "r": "csb:2 Kings:6:16",
        "w": 4,
        "l": {},
        "c": "Ex 14:13*2097",
        "a": "j"
    },
    {
        "o": 10718,
        "r": "csb:2 Kings:6:16",
        "w": 16,
        "l": {},
        "c": "2Ch 32:7*13204",
        "a": "k"
    },
    {
        "o": 10719,
        "r": "csb:2 Kings:6:17",
        "w": 32,
        "l": {},
        "c": "2Kg 2:11*10571; Ps 34:7*16015",
        "a": "l"
    },
    {
        "o": 10720,
        "r": "csb:2 Kings:6:18",
        "w": 16,
        "l": {},
        "t": "6:18*r Or a blinding light",
        "a": "m"
    },
    {
        "o": 10720,
        "r": "csb:2 Kings:6:18",
        "w": 22,
        "l": {},
        "c": "Gn 19:11*519",
        "a": "n"
    },
    {
        "o": 10721,
        "r": "csb:2 Kings:6:19",
        "w": 34,
        "l": {},
        "c": "1Kg 16:24*10287; 2Kg 3:6*10596",
        "a": "o"
    },
    {
        "o": 10723,
        "r": "csb:2 Kings:6:21",
        "w": 14,
        "l": {},
        "c": "2Kg 2:12*10574; 5:13*10683",
        "a": "p"
    },
    {
        "o": 10724,
        "r": "csb:2 Kings:6:22",
        "w": 36,
        "l": {},
        "c": "2Ch 28:8–15*13082; Rm 12:20*31991",
        "a": "q"
    },
    {
        "o": 10725,
        "r": "csb:2 Kings:6:23",
        "w": 26,
        "l": {},
        "c": "2Kg 5:2*10672; 24:2*11318",
        "a": "r"
    },
    {
        "o": 10727,
        "r": "csb:2 Kings:6:24",
        "w": 4,
        "l": {},
        "c": "1Kg 20:1*10404",
        "a": "s"
    },
    {
        "o": 10728,
        "r": "csb:2 Kings:6:25",
        "w": 5,
        "l": {},
        "c": "2Kg 4:38*10661; 8:1*10760",
        "a": "t"
    },
    {
        "o": 10728,
        "r": "csb:2 Kings:6:25",
        "w": 22,
        "l": {},
        "t": "6:25*r Lit for 80; “shekels” is assumed",
        "a": "u"
    },
    {
        "o": 10728,
        "r": "csb:2 Kings:6:25",
        "w": 27,
        "l": {},
        "t": "6:25*r Lit a fourth of a kab",
        "a": "v"
    },
    {
        "o": 10728,
        "r": "csb:2 Kings:6:25",
        "w": 30,
        "l": {},
        "t": "6:25*r Or seedpods, or wild onions",
        "a": "w"
    },
    {
        "o": 10728,
        "r": "csb:2 Kings:6:25",
        "w": 34,
        "l": {},
        "t": "6:25*r Lit for five; “shekels” is assumed",
        "a": "x"
    },
    {
        "o": 10728,
        "r": "csb:2 Kings:6:25",
        "w": 36,
        "l": {},
        "c": "Lv 26:26*3917",
        "a": "y"
    },
    {
        "o": 10730,
        "r": "csb:2 Kings:6:27",
        "w": 21,
        "l": {},
        "c": "Hs 9:2*24991",
        "a": "z"
    },
    {
        "o": 10731,
        "r": "csb:2 Kings:6:28",
        "w": 7,
        "l": {},
        "c": "2Sm 14:4–5*9244",
        "a": "a"
    },
    {
        "o": 10732,
        "r": "csb:2 Kings:6:29",
        "w": 24,
        "l": {},
        "c": "Lv 26:29*3920; Dt 28:53,57*6258",
        "a": "b"
    },
    {
        "o": 10733,
        "r": "csb:2 Kings:6:30",
        "w": 10,
        "l": {},
        "c": "1Kg 21:27*10477",
        "a": "c"
    },
    {
        "o": 10733,
        "r": "csb:2 Kings:6:30",
        "w": 26,
        "l": {},
        "c": "Gn 37:34*1230",
        "a": "d"
    },
    {
        "o": 10734,
        "r": "csb:2 Kings:6:31",
        "w": 9,
        "l": {},
        "c": "1Kg 19:2*10379",
        "a": "e"
    },
    {
        "o": 10735,
        "r": "csb:2 Kings:6:32",
        "w": 8,
        "l": {},
        "c": "Ezk 8:1*23197; 14:1*23341",
        "a": "f"
    },
    {
        "o": 10735,
        "r": "csb:2 Kings:6:32",
        "w": 38,
        "l": {},
        "c": "Lk 12:31–32*28825",
        "a": "g"
    },
    {
        "o": 10736,
        "r": "csb:2 Kings:6:33",
        "w": 8,
        "l": {},
        "t": "6:33*r Some emend to king",
        "a": "h"
    },
    {
        "o": 10736,
        "r": "csb:2 Kings:6:33",
        "w": 30,
        "l": {},
        "c": "Jb 2:9*14354; Is 8:21*19958",
        "a": "i"
    }
]
