[
    {
        "o": 34542,
        "r": "csb:1 Peter:5:1",
        "w": 11,
        "l": {},
        "c": "Ac 4:20*30594",
        "a": "a"
    },
    {
        "o": 34542,
        "r": "csb:1 Peter:5:1",
        "w": 29,
        "l": {},
        "c": "Rm 8:18*31843; Col 3:4*33435",
        "a": "b"
    },
    {
        "o": 34543,
        "r": "csb:1 Peter:5:2",
        "w": 4,
        "l": {},
        "c": "Jr 3:15*21306; 23:1*21857; Jn 21:16*30446; Ac 20:28*31295",
        "a": "c"
    },
    {
        "o": 34543,
        "r": "csb:1 Peter:5:2",
        "w": 6,
        "l": {},
        "t": "5:2*r Other mss omit overseeing",
        "a": "d"
    },
    {
        "o": 34543,
        "r": "csb:1 Peter:5:2",
        "w": 16,
        "l": {},
        "t": "5:2*r Other mss omit as God would have you",
        "a": "e"
    },
    {
        "o": 34545,
        "r": "csb:1 Peter:5:4",
        "w": 4,
        "l": {},
        "c": "Jn 10:11,14*29956; 21:15–17*30445; Heb 13:20*34301; 1Pt 2:25*34490",
        "a": "f"
    },
    {
        "o": 34545,
        "r": "csb:1 Peter:5:4",
        "w": 11,
        "l": {},
        "c": "1Co 9:25*32341; Rv 12:1*35060",
        "a": "g"
    },
    {
        "o": 34546,
        "r": "csb:1 Peter:5:5",
        "w": 18,
        "l": {},
        "t": "5:5*r Or you tie around yourselves",
        "a": "h"
    },
    {
        "o": 34546,
        "r": "csb:1 Peter:5:5",
        "w": 33,
        "l": {},
        "t": "5:5*r Pr 3:34 LXX",
        "a": "i"
    },
    {
        "o": 34546,
        "r": "csb:1 Peter:5:5",
        "w": 33,
        "l": {},
        "c": "Pr 3:34*18466; Jms 4:6*34395",
        "a": "j"
    },
    {
        "o": 34548,
        "r": "csb:1 Peter:5:6",
        "w": 0,
        "l": {},
        "c": "Lk 14:11*28915",
        "a": "k"
    },
    {
        "o": 34548,
        "r": "csb:1 Peter:5:6",
        "w": 6,
        "l": {},
        "c": "1Kg 8:42*9975; 2Ch 6:32*12546; Dn 9:15*24754",
        "a": "l"
    },
    {
        "o": 34549,
        "r": "csb:1 Peter:5:7",
        "w": 10,
        "l": {},
        "c": "Ps 55:22*16437",
        "a": "m"
    },
    {
        "o": 34550,
        "r": "csb:1 Peter:5:8",
        "w": 1,
        "l": {},
        "c": "1Th 5:6,8*33563; 2Tm 4:5*33860; 1Pt 1:13*34449; 4:7*34526",
        "a": "n"
    },
    {
        "o": 34550,
        "r": "csb:1 Peter:5:8",
        "w": 3,
        "l": {},
        "c": "Rv 16:15*35156",
        "a": "o"
    },
    {
        "o": 34550,
        "r": "csb:1 Peter:5:8",
        "w": 7,
        "l": {},
        "c": "Mt 4:1,10*26183; Ac 13:10*30975",
        "a": "p"
    },
    {
        "o": 34551,
        "r": "csb:1 Peter:5:9",
        "w": 1,
        "l": {},
        "c": "Eph 6:13–14*33236; Jms 4:7*34396",
        "a": "q"
    },
    {
        "o": 34552,
        "r": "csb:1 Peter:5:10",
        "w": 11,
        "l": {},
        "c": "1Pt 5:1,4*34542; 2Pt 3:18*34626",
        "a": "r"
    },
    {
        "o": 34552,
        "r": "csb:1 Peter:5:10",
        "w": 13,
        "l": {},
        "t": "5:10*r Other mss read in Christ Jesus",
        "a": "s"
    },
    {
        "o": 34552,
        "r": "csb:1 Peter:5:10",
        "w": 28,
        "l": {},
        "t": "5:10*r Or to a small extent",
        "a": "t"
    },
    {
        "o": 34553,
        "r": "csb:1 Peter:5:11",
        "w": 3,
        "l": {},
        "t": "5:11*r Some mss read dominion and glory; other mss read glory and dominion",
        "a": "u"
    },
    {
        "o": 34553,
        "r": "csb:1 Peter:5:11",
        "w": 4,
        "l": {},
        "t": "5:11*r Other mss read forever and ever",
        "a": "v"
    },
    {
        "o": 34554,
        "r": "csb:1 Peter:5:12",
        "w": 1,
        "l": {},
        "t": "5:12*r Or Silas; Ac 15:22–32; 16:19–40; 17:1–16",
        "a": "w"
    },
    {
        "o": 34554,
        "r": "csb:1 Peter:5:12",
        "w": 1,
        "l": {},
        "c": "Ac 15:22*31077; 1Th 1:1*33483; 2Th 1:1*33589",
        "a": "x"
    },
    {
        "o": 34555,
        "r": "csb:1 Peter:5:13",
        "w": 4,
        "l": {},
        "c": "Rv 14:8*35111; 16:19*35161; 17:5,18*35170; 18:2,10,21*35188",
        "a": "y"
    },
    {
        "o": 34556,
        "r": "csb:1 Peter:5:14",
        "w": 7,
        "l": {},
        "c": "Rm 16:16*32094; 1Co 16:20*32600; 2Co 13:12*32899; 1Th 5:26*33584",
        "a": "z"
    },
    {
        "o": 34556,
        "r": "csb:1 Peter:5:14",
        "w": 8,
        "l": {},
        "c": "Eph 6:23*33247",
        "a": "a"
    },
    {
        "o": 34556,
        "r": "csb:1 Peter:5:14",
        "w": 16,
        "l": {},
        "t": "5:14*r Other mss read Christ Jesus. Amen.",
        "a": "b"
    }
]
