[
    {
        "o": 34540,
        "r": "csb:1 Peter:5:0",
        "t": "1 Peter 5",
        "h": 1
    },
    {
        "o": 34541,
        "r": "csb:1 Peter:5:0",
        "t": "About the Elders",
        "h": 2
    },
    {
        "o": 34542,
        "r": "csb:1 Peter:5:1",
        "t": "I*p exhort the elders among you as a fellow elder and witness to the sufferings of Christ, as well as one who shares in the glory about to be revealed:"
    },
    {
        "o": 34543,
        "r": "csb:1 Peter:5:2",
        "t": "Shepherd God’s flock among you, not overseeing out of compulsion but willingly, as God would have you; not out of greed for money but eagerly;"
    },
    {
        "o": 34544,
        "r": "csb:1 Peter:5:3",
        "t": "not lording it over those entrusted to you, but being examples to the flock."
    },
    {
        "o": 34545,
        "r": "csb:1 Peter:5:4",
        "t": "And when the chief Shepherd appears, you will receive the unfading crown of glory."
    },
    {
        "o": 34546,
        "r": "csb:1 Peter:5:5",
        "t": "In the same way, you who are younger, be subject to the elders. All of you clothe yourselves with humility toward one another, because God*ipn resists*i the*i proud*i but*iln gives*i grace*i to*i the*i humble.*i"
    },
    {
        "o": 34547,
        "r": "csb:1 Peter:5:5",
        "t": "Conclusion",
        "h": 2
    },
    {
        "o": 34548,
        "r": "csb:1 Peter:5:6",
        "t": "Humble*p yourselves, therefore, under the mighty hand of God, so that he may exalt you at the proper time,"
    },
    {
        "o": 34549,
        "r": "csb:1 Peter:5:7",
        "t": "casting all your cares on him, because he cares about you."
    },
    {
        "o": 34550,
        "r": "csb:1 Peter:5:8",
        "t": "Be sober-minded, be alert. Your adversary the devil is prowling around like a roaring lion, looking for anyone he can devour."
    },
    {
        "o": 34551,
        "r": "csb:1 Peter:5:9",
        "t": "Resist him, firm in the faith, knowing that the same kind of sufferings are being experienced by your fellow believers throughout the world."
    },
    {
        "o": 34552,
        "r": "csb:1 Peter:5:10",
        "t": "The*p God of all grace, who called you to his eternal glory in Christ, will himself restore, establish, strengthen, and support you after you have suffered a little while."
    },
    {
        "o": 34553,
        "r": "csb:1 Peter:5:11",
        "t": "To him be dominion forever. Amen."
    },
    {
        "o": 34554,
        "r": "csb:1 Peter:5:12",
        "t": "Through*p Silvanus, a faithful brother (as I consider him), I have written to you briefly in order to encourage you and to testify that this is the true grace of God. Stand firm in it!"
    },
    {
        "o": 34555,
        "r": "csb:1 Peter:5:13",
        "t": "She who is in Babylon, chosen together with you, sends you greetings, as does Mark, my son."
    },
    {
        "o": 34556,
        "r": "csb:1 Peter:5:14",
        "t": "Greet one another with a kiss of love. Peace to all of you who are in Christ."
    }
]
