[
    {
        "o": 11730,
        "r": "csb:1 Chronicles:8:1",
        "w": 0,
        "l": {},
        "c": "Gn 46:21*1546; Nm 26:38–41*4980; 1Ch 7:6–12*11689",
        "a": "a"
    },
    {
        "o": 11732,
        "r": "csb:1 Chronicles:8:3",
        "w": 4,
        "l": {},
        "t": "8:3*r Or Gera father of Ehud; Jdg 3:15",
        "a": "b"
    },
    {
        "o": 11743,
        "r": "csb:1 Chronicles:8:14",
        "w": 0,
        "l": {},
        "t": "8:13–14*r LXX reads Gath 14 and their brother",
        "a": "c"
    },
    {
        "o": 11757,
        "r": "csb:1 Chronicles:8:28",
        "w": 0,
        "l": {},
        "c": "1Ch 9:34–44*11806",
        "a": "d"
    },
    {
        "o": 11758,
        "r": "csb:1 Chronicles:8:29",
        "w": 0,
        "l": {},
        "t": "8:29*r LXX; MT omits Jeiel; 1Ch 9:35",
        "a": "e"
    },
    {
        "o": 11758,
        "r": "csb:1 Chronicles:8:29",
        "w": 0,
        "l": {},
        "c": "1Ch 9:35*11807",
        "a": "f"
    },
    {
        "o": 11762,
        "r": "csb:1 Chronicles:8:33",
        "w": 13,
        "l": {},
        "t": "8:33*r = Man of Baal",
        "a": "g"
    },
    {
        "o": 11763,
        "r": "csb:1 Chronicles:8:34",
        "w": 3,
        "l": {},
        "t": "8:34*r = Baal Contends",
        "a": "h"
    },
    {
        "o": 11769,
        "r": "csb:1 Chronicles:8:40",
        "w": 6,
        "l": {},
        "t": "8:40*r Lit valiant ones who string the bow",
        "a": "i"
    }
]
