[
    {
        "o": 11728,
        "r": "csb:1 Chronicles:8:0",
        "t": "1 Chronicles 8",
        "h": 1
    },
    {
        "o": 11729,
        "r": "csb:1 Chronicles:8:0",
        "t": "Benjamin’s Descendants",
        "h": 2
    },
    {
        "o": 11730,
        "r": "csb:1 Chronicles:8:1",
        "t": "Benjamin*ln fathered Bela, his firstborn; Ashbel was born second, Aharah third,"
    },
    {
        "o": 11731,
        "r": "csb:1 Chronicles:8:2",
        "t": "Nohah fourth, and Rapha fifth."
    },
    {
        "o": 11732,
        "r": "csb:1 Chronicles:8:3",
        "t": "Bela’s*ln sons: Addar, Gera, Abihud,"
    },
    {
        "o": 11733,
        "r": "csb:1 Chronicles:8:4",
        "t": "Abishua, Naaman, Ahoah,"
    },
    {
        "o": 11734,
        "r": "csb:1 Chronicles:8:5",
        "t": "Gera, Shephuphan, and Huram."
    },
    {
        "o": 11735,
        "r": "csb:1 Chronicles:8:6",
        "t": "These*ln were Ehud’s sons, who were the heads of the families living in Geba and who were deported to Manahath:"
    },
    {
        "o": 11736,
        "r": "csb:1 Chronicles:8:7",
        "t": "Naaman, Ahijah, and Gera. Gera deported them and was the father of Uzza and Ahihud."
    },
    {
        "o": 11737,
        "r": "csb:1 Chronicles:8:8",
        "t": "Shaharaim*ln had sons in the territory of Moab after he had divorced his wives Hushim and Baara."
    },
    {
        "o": 11738,
        "r": "csb:1 Chronicles:8:9",
        "t": "His sons by his wife Hodesh: Jobab, Zibia, Mesha, Malcam,"
    },
    {
        "o": 11739,
        "r": "csb:1 Chronicles:8:10",
        "t": "Jeuz, Sachia, and Mirmah. These were his sons, family heads."
    },
    {
        "o": 11740,
        "r": "csb:1 Chronicles:8:11",
        "t": "He also had sons by Hushim: Abitub and Elpaal."
    },
    {
        "o": 11741,
        "r": "csb:1 Chronicles:8:12",
        "t": "Elpaal’s*ln sons: Eber, Misham, and Shemed who built Ono and Lod and its surrounding villages,"
    },
    {
        "o": 11742,
        "r": "csb:1 Chronicles:8:13",
        "t": "Beriah and Shema, who were the family heads of Aijalon’s residents and who drove out the residents of Gath,"
    },
    {
        "o": 11743,
        "r": "csb:1 Chronicles:8:14",
        "t": "Ahio, Shashak, and Jeremoth."
    },
    {
        "o": 11744,
        "r": "csb:1 Chronicles:8:15",
        "t": "Zebadiah,*ln Arad, Eder,"
    },
    {
        "o": 11745,
        "r": "csb:1 Chronicles:8:16",
        "t": "Michael, Ishpah, and Joha were Beriah’s sons."
    },
    {
        "o": 11746,
        "r": "csb:1 Chronicles:8:17",
        "t": "Zebadiah,*ln Meshullam, Hizki, Heber,"
    },
    {
        "o": 11747,
        "r": "csb:1 Chronicles:8:18",
        "t": "Ishmerai, Izliah, and Jobab were Elpaal’s sons."
    },
    {
        "o": 11748,
        "r": "csb:1 Chronicles:8:19",
        "t": "Jakim,*ln Zichri, Zabdi,"
    },
    {
        "o": 11749,
        "r": "csb:1 Chronicles:8:20",
        "t": "Elienai, Zillethai, Eliel,"
    },
    {
        "o": 11750,
        "r": "csb:1 Chronicles:8:21",
        "t": "Adaiah, Beraiah, and Shimrath were Shimei’s sons."
    },
    {
        "o": 11751,
        "r": "csb:1 Chronicles:8:22",
        "t": "Ishpan,*ln Eber, Eliel,"
    },
    {
        "o": 11752,
        "r": "csb:1 Chronicles:8:23",
        "t": "Abdon, Zichri, Hanan,"
    },
    {
        "o": 11753,
        "r": "csb:1 Chronicles:8:24",
        "t": "Hananiah, Elam, Anthothijah,"
    },
    {
        "o": 11754,
        "r": "csb:1 Chronicles:8:25",
        "t": "Iphdeiah, and Penuel were Shashak’s sons."
    },
    {
        "o": 11755,
        "r": "csb:1 Chronicles:8:26",
        "t": "Shamsherai,*ln Shehariah, Athaliah,"
    },
    {
        "o": 11756,
        "r": "csb:1 Chronicles:8:27",
        "t": "Jaareshiah, Elijah, and Zichri were Jeroham’s sons."
    },
    {
        "o": 11757,
        "r": "csb:1 Chronicles:8:28",
        "t": "These*ln were family heads, chiefs according to their family records; they lived in Jerusalem."
    },
    {
        "o": 11758,
        "r": "csb:1 Chronicles:8:29",
        "t": "Jeiel*ln fathered Gibeon and lived in Gibeon. His wife’s name was Maacah."
    },
    {
        "o": 11759,
        "r": "csb:1 Chronicles:8:30",
        "t": "Abdon was his firstborn son, then Zur, Kish, Baal, Nadab,"
    },
    {
        "o": 11760,
        "r": "csb:1 Chronicles:8:31",
        "t": "Gedor, Ahio, Zecher,"
    },
    {
        "o": 11761,
        "r": "csb:1 Chronicles:8:32",
        "t": "and Mikloth who fathered Shimeah. These also lived opposite their relatives in Jerusalem, with their other relatives."
    },
    {
        "o": 11762,
        "r": "csb:1 Chronicles:8:33",
        "t": "Ner*ln fathered Kish, Kish fathered Saul, and Saul fathered Jonathan, Malchishua, Abinadab, and Esh-baal."
    },
    {
        "o": 11763,
        "r": "csb:1 Chronicles:8:34",
        "t": "Jonathan’s*ln son was Merib-baal, and Merib-baal fathered Micah."
    },
    {
        "o": 11764,
        "r": "csb:1 Chronicles:8:35",
        "t": "Micah’s*ln sons: Pithon, Melech, Tarea, and Ahaz."
    },
    {
        "o": 11765,
        "r": "csb:1 Chronicles:8:36",
        "t": "Ahaz*ln fathered Jehoaddah, Jehoaddah fathered Alemeth, Azmaveth, and Zimri, and Zimri fathered Moza."
    },
    {
        "o": 11766,
        "r": "csb:1 Chronicles:8:37",
        "t": "Moza*ln fathered Binea. His son was Raphah, his son Elasah, and his son Azel."
    },
    {
        "o": 11767,
        "r": "csb:1 Chronicles:8:38",
        "t": "Azel*ln had six sons, and these were their names: Azrikam, Bocheru, Ishmael, Sheariah, Obadiah, and Hanan. All these were Azel’s sons."
    },
    {
        "o": 11768,
        "r": "csb:1 Chronicles:8:39",
        "t": "His*ln brother Eshek’s sons: Ulam was his firstborn, Jeush second, and Eliphelet third."
    },
    {
        "o": 11769,
        "r": "csb:1 Chronicles:8:40",
        "t": "Ulam’s*ln sons were valiant warriors and archers. They had many sons and grandsons - 150 of them. All*ln these were among Benjamin’s sons."
    }
]
