[
    {
        "o": 33646,
        "r": "csb:1 Timothy:1:1",
        "w": 0,
        "l": {},
        "c": "Ac 13:9*30974",
        "a": "a"
    },
    {
        "o": 33646,
        "r": "csb:1 Timothy:1:1",
        "w": 8,
        "l": {},
        "c": "Rm 16:26*32105; Ti 1:3*33884",
        "a": "b"
    },
    {
        "o": 33646,
        "r": "csb:1 Timothy:1:1",
        "w": 12,
        "l": {},
        "c": "1Tm 2:3*33673; Ti 1:3*33884; 2:10*33910; 3:4*33921; Jd 25*34818",
        "a": "c"
    },
    {
        "o": 33646,
        "r": "csb:1 Timothy:1:1",
        "w": 18,
        "l": {},
        "c": "1Co 15:19*32533; Col 1:27*33402; 1Th 1:3*33485; 1Pt 1:3,13*34438",
        "a": "d"
    },
    {
        "o": 33647,
        "r": "csb:1 Timothy:1:2",
        "w": 1,
        "l": {},
        "c": "Ac 16:1*31100; 20:4*31268; 1Co 4:17*32210; 16:10*32588",
        "a": "e"
    },
    {
        "o": 33647,
        "r": "csb:1 Timothy:1:2",
        "w": 14,
        "l": {},
        "t": "1:2*r Other mss read our",
        "a": "f"
    },
    {
        "o": 33649,
        "r": "csb:1 Timothy:1:3",
        "w": 8,
        "l": {},
        "c": "Ac 16:9*31109",
        "a": "g"
    },
    {
        "o": 33649,
        "r": "csb:1 Timothy:1:3",
        "w": 11,
        "l": {},
        "c": "Eph 1:1*33073",
        "a": "h"
    },
    {
        "o": 33649,
        "r": "csb:1 Timothy:1:3",
        "w": 18,
        "l": {},
        "c": "Jd 4*34795",
        "a": "i"
    },
    {
        "o": 33650,
        "r": "csb:1 Timothy:1:4",
        "w": 5,
        "l": {},
        "c": "1Tm 4:7*33715; 2Tm 4:4*33859; Ti 1:14*33896; 2Pt 1:16*34576",
        "a": "j"
    },
    {
        "o": 33650,
        "r": "csb:1 Timothy:1:4",
        "w": 16,
        "l": {},
        "c": "Eph 1:10*33083; 3:2,9*33127; Col 1:25*33400",
        "a": "k"
    },
    {
        "o": 33651,
        "r": "csb:1 Timothy:1:5",
        "w": 7,
        "l": {},
        "c": "Rm 13:10*32006",
        "a": "l"
    },
    {
        "o": 33651,
        "r": "csb:1 Timothy:1:5",
        "w": 13,
        "l": {},
        "c": "Ps 24:4*15836; 2Tm 2:22*33829; 1Pt 1:22*34458",
        "a": "m"
    },
    {
        "o": 33651,
        "r": "csb:1 Timothy:1:5",
        "w": 16,
        "l": {},
        "c": "Ac 23:1*31386; 24:16*31439; Rm 9:1*31868; 2Co 1:12*32620; 1Tm 1:19*33667; 3:9*33697; Heb 10:22*34185; 1Pt 3:21*34515",
        "a": "n"
    },
    {
        "o": 33651,
        "r": "csb:1 Timothy:1:5",
        "w": 20,
        "l": {},
        "c": "2Tm 1:5*33789",
        "a": "o"
    },
    {
        "o": 33654,
        "r": "csb:1 Timothy:1:8",
        "w": 7,
        "l": {},
        "c": "Rm 7:12,16*31807",
        "a": "p"
    },
    {
        "o": 33655,
        "r": "csb:1 Timothy:1:9",
        "w": 17,
        "l": {},
        "c": "Ti 1:6,10*33888; Heb 2:8*33991",
        "a": "q"
    },
    {
        "o": 33656,
        "r": "csb:1 Timothy:1:10",
        "w": 3,
        "l": {},
        "c": "1Co 5:9*32226",
        "a": "r"
    },
    {
        "o": 33656,
        "r": "csb:1 Timothy:1:10",
        "w": 10,
        "l": {},
        "c": "Gn 19:5*513; Rm 1:27*31637; 1Co 6:9*32241",
        "a": "s"
    },
    {
        "o": 33656,
        "r": "csb:1 Timothy:1:10",
        "w": 14,
        "l": {},
        "c": "Jn 8:44*29882",
        "a": "t"
    },
    {
        "o": 33656,
        "r": "csb:1 Timothy:1:10",
        "w": 25,
        "l": {},
        "c": "1Tm 6:3*33760; 2Tm 1:13*33799; Ti 1:9*33891; 2:1*33901",
        "a": "u"
    },
    {
        "o": 33657,
        "r": "csb:1 Timothy:1:11",
        "w": 4,
        "l": {},
        "c": "2Co 4:4*32682",
        "a": "v"
    },
    {
        "o": 33657,
        "r": "csb:1 Timothy:1:11",
        "w": 11,
        "l": {},
        "c": "1Tm 6:15*33773",
        "a": "w"
    },
    {
        "o": 33657,
        "r": "csb:1 Timothy:1:11",
        "w": 16,
        "l": {},
        "c": "Lv 6:4*3160; Lk 12:48*28845; 1Co 9:17*32333; Gl 2:7*32937; 1Th 2:4*33498; 1Tm 1:11*33658; 6:20*33780; 2Tm 1:12,14*33798; Ti 1:3*33884",
        "a": "x"
    },
    {
        "o": 33659,
        "r": "csb:1 Timothy:1:12",
        "w": 10,
        "l": {},
        "c": "Ac 9:22*30820; Php 4:13*33358",
        "a": "y"
    },
    {
        "o": 33660,
        "r": "csb:1 Timothy:1:13",
        "w": 6,
        "l": {},
        "c": "Ac 6:11*30676; 2Tm 3:2*33837; 2Pt 2:11*34594",
        "a": "z"
    },
    {
        "o": 33660,
        "r": "csb:1 Timothy:1:13",
        "w": 8,
        "l": {},
        "c": "Php 3:6*33326",
        "a": "a"
    },
    {
        "o": 33660,
        "r": "csb:1 Timothy:1:13",
        "w": 12,
        "l": {},
        "c": "1Co 15:8*32520",
        "a": "b"
    },
    {
        "o": 33662,
        "r": "csb:1 Timothy:1:15",
        "w": 3,
        "l": {},
        "c": "1Tm 3:1*33689; 4:9*33717; 2Tm 2:11*33817; Ti 3:8*33925",
        "a": "c"
    },
    {
        "o": 33662,
        "r": "csb:1 Timothy:1:15",
        "w": 14,
        "l": {},
        "c": "Jn 3:17*29565; 12:46*30106; 18:37*30334; 1Jn 4:9*34713",
        "a": "d"
    },
    {
        "o": 33662,
        "r": "csb:1 Timothy:1:15",
        "w": 17,
        "l": {},
        "c": "Mk 2:17*27423; Lk 19:10*29117; Rm 11:4*31933",
        "a": "e"
    },
    {
        "o": 33662,
        "r": "csb:1 Timothy:1:15",
        "w": 24,
        "l": {},
        "c": "1Co 15:9*32521",
        "a": "f"
    },
    {
        "o": 33663,
        "r": "csb:1 Timothy:1:16",
        "w": 3,
        "l": {},
        "c": "Lk 1:50*28188",
        "a": "g"
    },
    {
        "o": 33663,
        "r": "csb:1 Timothy:1:16",
        "w": 21,
        "l": {},
        "c": "Ex 34:6*2768; Rm 2:4*31648",
        "a": "h"
    },
    {
        "o": 33663,
        "r": "csb:1 Timothy:1:16",
        "w": 34,
        "l": {},
        "c": "Jn 12:25*30083; Ac 13:48*31015",
        "a": "i"
    },
    {
        "o": 33664,
        "r": "csb:1 Timothy:1:17",
        "w": 3,
        "l": {},
        "c": "Ps 47:7*16291",
        "a": "j"
    },
    {
        "o": 33664,
        "r": "csb:1 Timothy:1:17",
        "w": 4,
        "l": {},
        "c": "Ps 90:2*17171",
        "a": "k"
    },
    {
        "o": 33664,
        "r": "csb:1 Timothy:1:17",
        "w": 5,
        "l": {},
        "c": "1Co 9:25*32341",
        "a": "l"
    },
    {
        "o": 33664,
        "r": "csb:1 Timothy:1:17",
        "w": 8,
        "l": {},
        "t": "1:17*r Other mss add wise",
        "a": "m"
    },
    {
        "o": 33664,
        "r": "csb:1 Timothy:1:17",
        "w": 9,
        "l": {},
        "c": "Jn 5:44*29694; 1Co 8:6*32307; Eph 4:6*33155; 1Tm 2:5*33675; 6:15*33773; Jd 25*34818",
        "a": "n"
    },
    {
        "o": 33664,
        "r": "csb:1 Timothy:1:17",
        "w": 11,
        "l": {},
        "c": "2Pt 1:17*34577; Rv 5:12*34930",
        "a": "o"
    },
    {
        "o": 33664,
        "r": "csb:1 Timothy:1:17",
        "w": 13,
        "l": {},
        "c": "Mk 10:37*27818",
        "a": "p"
    },
    {
        "o": 33664,
        "r": "csb:1 Timothy:1:17",
        "w": 17,
        "l": {},
        "c": "Php 4:20*33366; 1Tm 6:16*33775; Rv 22:21*35311",
        "a": "q"
    },
    {
        "o": 33666,
        "r": "csb:1 Timothy:1:18",
        "w": 13,
        "l": {},
        "c": "1Co 13:2*32456; 1Tm 4:14*33723; 2Tm 1:6*33790",
        "a": "r"
    },
    {
        "o": 33667,
        "r": "csb:1 Timothy:1:19",
        "w": 1,
        "l": {},
        "c": "Eph 3:12*33137; 6:16*33239; Col 1:23*33398; 2:5*33411; 1Th 5:8*33565; 1Tm 3:13*33702; 6:12*33770; 2Tm 4:7*33862; 1Jn 5:4*34731",
        "a": "s"
    },
    {
        "o": 33667,
        "r": "csb:1 Timothy:1:19",
        "w": 5,
        "l": {},
        "c": "Heb 10:22*34185",
        "a": "t"
    },
    {
        "o": 33667,
        "r": "csb:1 Timothy:1:19",
        "w": 7,
        "l": {},
        "c": "2Tm 2:18*33825; Jd 4*34795",
        "a": "u"
    },
    {
        "o": 33668,
        "r": "csb:1 Timothy:1:20",
        "w": 3,
        "l": {},
        "c": "2Tm 2:17*33824",
        "a": "v"
    },
    {
        "o": 33668,
        "r": "csb:1 Timothy:1:20",
        "w": 5,
        "l": {},
        "c": "2Tm 4:14*33870",
        "a": "w"
    },
    {
        "o": 33668,
        "r": "csb:1 Timothy:1:20",
        "w": 11,
        "l": {},
        "c": "1Co 5:5*32221",
        "a": "x"
    }
]
