[
    {
        "o": 32165,
        "r": "csb:1 Corinthians:3:1",
        "w": 26,
        "l": {},
        "c": "1Co 14:20*32489; Heb 5:13*34058; 1Pt 2:2*34465",
        "a": "a"
    },
    {
        "o": 32167,
        "r": "csb:1 Corinthians:3:3",
        "w": 9,
        "l": {},
        "c": "Jms 3:14,16*34383",
        "a": "b"
    },
    {
        "o": 32167,
        "r": "csb:1 Corinthians:3:3",
        "w": 11,
        "l": {},
        "t": "3:3*r Other mss add and divisions",
        "a": "c"
    },
    {
        "o": 32167,
        "r": "csb:1 Corinthians:3:3",
        "w": 11,
        "l": {},
        "c": "Ti 3:9*33926",
        "a": "d"
    },
    {
        "o": 32168,
        "r": "csb:1 Corinthians:3:4",
        "w": 13,
        "l": {},
        "c": "Ti 3:13*33931",
        "a": "e"
    },
    {
        "o": 32171,
        "r": "csb:1 Corinthians:3:6",
        "w": 1,
        "l": {},
        "c": "Ac 18:4–11*31190; 1Co 4:15*32208; 9:1*32317; 15:1*32513",
        "a": "f"
    },
    {
        "o": 32173,
        "r": "csb:1 Corinthians:3:8",
        "w": 9,
        "l": {},
        "t": "3:8*r Or of equal status, or united in purpose",
        "a": "g"
    },
    {
        "o": 32174,
        "r": "csb:1 Corinthians:3:9",
        "w": 4,
        "l": {},
        "t": "3:9*r Or are coworkers belonging to God",
        "a": "h"
    },
    {
        "o": 32174,
        "r": "csb:1 Corinthians:3:9",
        "w": 10,
        "l": {},
        "c": "1Pt 2:5*34468",
        "a": "i"
    },
    {
        "o": 32175,
        "r": "csb:1 Corinthians:3:10",
        "w": 18,
        "l": {},
        "t": "3:10*r Or wise master builder",
        "a": "j"
    },
    {
        "o": 32176,
        "r": "csb:1 Corinthians:3:11",
        "w": 6,
        "l": {},
        "c": "Is 28:16*20366; Rm 15:20*32060; 2Co 10:16*32822; 11:4*32830; Gl 1:6–9*32909",
        "a": "k"
    },
    {
        "o": 32177,
        "r": "csb:1 Corinthians:3:12",
        "w": 8,
        "l": {},
        "c": "Jms 5:3*34412",
        "a": "l"
    },
    {
        "o": 32177,
        "r": "csb:1 Corinthians:3:12",
        "w": 10,
        "l": {},
        "c": "Rv 17:4*35169",
        "a": "m"
    },
    {
        "o": 32178,
        "r": "csb:1 Corinthians:3:13",
        "w": 18,
        "l": {},
        "c": "2Th 1:8*33597; 1Pt 1:7*34442",
        "a": "n"
    },
    {
        "o": 32178,
        "r": "csb:1 Corinthians:3:13",
        "w": 28,
        "l": {},
        "c": "Ps 62:12*16543; Pr 24:12*19104; Mt 16:27*26760; 2Co 5:10*32709; 1Pt 1:17*34453",
        "a": "o"
    },
    {
        "o": 32180,
        "r": "csb:1 Corinthians:3:15",
        "w": 8,
        "l": {},
        "t": "3:15*r Or suffer",
        "a": "p"
    },
    {
        "o": 32180,
        "r": "csb:1 Corinthians:3:15",
        "w": 15,
        "l": {},
        "c": "Mt 9:22*26412; Ac 16:30*31133; Eph 2:8*33108",
        "a": "q"
    },
    {
        "o": 32180,
        "r": "csb:1 Corinthians:3:15",
        "w": 20,
        "l": {},
        "c": "Jd 23*34816",
        "a": "r"
    },
    {
        "o": 32181,
        "r": "csb:1 Corinthians:3:16",
        "w": 8,
        "l": {},
        "c": "Lk 1:21*28156",
        "a": "s"
    },
    {
        "o": 32181,
        "r": "csb:1 Corinthians:3:16",
        "w": 17,
        "l": {},
        "c": "Lv 26:11*3902; Jms 4:5*34394",
        "a": "t"
    },
    {
        "o": 32182,
        "r": "csb:1 Corinthians:3:17",
        "w": 8,
        "l": {},
        "c": "Heb 6:8*34069",
        "a": "u"
    },
    {
        "o": 32182,
        "r": "csb:1 Corinthians:3:17",
        "w": 13,
        "l": {},
        "c": "Ps 20:6*15767; 1Co 7:14*32271",
        "a": "v"
    },
    {
        "o": 32184,
        "r": "csb:1 Corinthians:3:18",
        "w": 3,
        "l": {},
        "c": "2Co 11:3*32829",
        "a": "w"
    },
    {
        "o": 32184,
        "r": "csb:1 Corinthians:3:18",
        "w": 15,
        "l": {},
        "c": "Lk 16:8*28987",
        "a": "x"
    },
    {
        "o": 32184,
        "r": "csb:1 Corinthians:3:18",
        "w": 20,
        "l": {},
        "c": "Mt 5:22*26238",
        "a": "y"
    },
    {
        "o": 32184,
        "r": "csb:1 Corinthians:3:18",
        "w": 26,
        "l": {},
        "c": "Is 5:21*19882; Jr 8:8–9*21473; Gl 6:3*33054",
        "a": "z"
    },
    {
        "o": 32185,
        "r": "csb:1 Corinthians:3:19",
        "w": 7,
        "l": {},
        "c": "1Co 1:18*32129",
        "a": "a"
    },
    {
        "o": 32185,
        "r": "csb:1 Corinthians:3:19",
        "w": 13,
        "l": {},
        "c": "Ac 15:15*31069; Gl 4:22*33011",
        "a": "b"
    },
    {
        "o": 32185,
        "r": "csb:1 Corinthians:3:19",
        "w": 20,
        "l": {},
        "t": "3:19*r Jb 5:13",
        "a": "c"
    },
    {
        "o": 32185,
        "r": "csb:1 Corinthians:3:19",
        "w": 20,
        "l": {},
        "c": "Jb 5:13*14425; Lk 20:23*29185",
        "a": "d"
    },
    {
        "o": 32186,
        "r": "csb:1 Corinthians:3:20",
        "w": 7,
        "l": {},
        "c": "Mt 15:19*26705; 1Tm 2:8*33679",
        "a": "e"
    },
    {
        "o": 32186,
        "r": "csb:1 Corinthians:3:20",
        "w": 12,
        "l": {},
        "t": "3:20*r Ps 94:11",
        "a": "f"
    },
    {
        "o": 32186,
        "r": "csb:1 Corinthians:3:20",
        "w": 12,
        "l": {},
        "c": "Ps 94:11*17242",
        "a": "g"
    },
    {
        "o": 32187,
        "r": "csb:1 Corinthians:3:21",
        "w": 11,
        "l": {},
        "c": "Rm 8:32*31858",
        "a": "h"
    },
    {
        "o": 32188,
        "r": "csb:1 Corinthians:3:22",
        "w": 5,
        "l": {},
        "c": "Jn 1:42*29509",
        "a": "i"
    },
    {
        "o": 32188,
        "r": "csb:1 Corinthians:3:22",
        "w": 10,
        "l": {},
        "c": "1Jn 5:12*34739",
        "a": "j"
    },
    {
        "o": 32188,
        "r": "csb:1 Corinthians:3:22",
        "w": 12,
        "l": {},
        "c": "Mt 10:21*26455; Jn 8:51*29890; Php 3:10*33330",
        "a": "k"
    },
    {
        "o": 32188,
        "r": "csb:1 Corinthians:3:22",
        "w": 19,
        "l": {},
        "c": "Rm 8:38*31864",
        "a": "l"
    },
    {
        "o": 32189,
        "r": "csb:1 Corinthians:3:23",
        "w": 4,
        "l": {},
        "c": "Nm 3:12*4080",
        "a": "m"
    }
]
