[
    {
        "o": 32163,
        "r": "csb:1 Corinthians:3:0",
        "t": "1 Corinthians 3",
        "h": 1
    },
    {
        "o": 32164,
        "r": "csb:1 Corinthians:3:0",
        "t": "The Problem of Immaturity",
        "h": 2
    },
    {
        "o": 32165,
        "r": "csb:1 Corinthians:3:1",
        "t": "For*p my part, brothers and sisters, I was not able to speak to you as spiritual people but as people of the flesh, as babies in Christ."
    },
    {
        "o": 32166,
        "r": "csb:1 Corinthians:3:2",
        "t": "I gave you milk to drink, not solid food, since you were not yet ready for it. In fact, you are still not ready,"
    },
    {
        "o": 32167,
        "r": "csb:1 Corinthians:3:3",
        "t": "because you are still worldly. For since there is envy and strife among you, are you not worldly and behaving like mere humans?"
    },
    {
        "o": 32168,
        "r": "csb:1 Corinthians:3:4",
        "t": "For whenever someone says, “I belong to Paul,” and another, “I belong to Apollos,” are you not acting like mere humans?"
    },
    {
        "o": 32169,
        "r": "csb:1 Corinthians:3:4",
        "t": "The Role of God’s Servants",
        "h": 2
    },
    {
        "o": 32170,
        "r": "csb:1 Corinthians:3:5",
        "t": "What*p then is Apollos? What is Paul? They are servants through whom you believed, and each has the role the Lord has given."
    },
    {
        "o": 32171,
        "r": "csb:1 Corinthians:3:6",
        "t": "I planted, Apollos watered, but God gave the growth."
    },
    {
        "o": 32172,
        "r": "csb:1 Corinthians:3:7",
        "t": "So, then, neither the one who plants nor the one who waters is anything, but only God who gives the growth."
    },
    {
        "o": 32173,
        "r": "csb:1 Corinthians:3:8",
        "t": "Now he who plants and he who waters are one, and each will receive his own reward according to his own labor."
    },
    {
        "o": 32174,
        "r": "csb:1 Corinthians:3:9",
        "t": "For we are God’s coworkers. You are God’s field, God’s building."
    },
    {
        "o": 32175,
        "r": "csb:1 Corinthians:3:10",
        "t": "According*p to God’s grace that was given to me, I have laid a foundation as a skilled master builder, and another builds on it. But each one is to be careful how he builds on it."
    },
    {
        "o": 32176,
        "r": "csb:1 Corinthians:3:11",
        "t": "For no one can lay any foundation other than what has been laid down. That foundation is Jesus Christ."
    },
    {
        "o": 32177,
        "r": "csb:1 Corinthians:3:12",
        "t": "If anyone builds on the foundation with gold, silver, costly stones, wood, hay, or straw,"
    },
    {
        "o": 32178,
        "r": "csb:1 Corinthians:3:13",
        "t": "each one’s work will become obvious. For the day will disclose it, because it will be revealed by fire; the fire will test the quality of each one’s work."
    },
    {
        "o": 32179,
        "r": "csb:1 Corinthians:3:14",
        "t": "If anyone’s work that he has built survives, he will receive a reward."
    },
    {
        "o": 32180,
        "r": "csb:1 Corinthians:3:15",
        "t": "If anyone’s work is burned up, he will experience loss, but he himself will be saved- but only as through fire."
    },
    {
        "o": 32181,
        "r": "csb:1 Corinthians:3:16",
        "t": "Don’t*p you yourselves know that you are God’s temple and that the Spirit of God lives in you?"
    },
    {
        "o": 32182,
        "r": "csb:1 Corinthians:3:17",
        "t": "If anyone destroys God’s temple, God will destroy him; for God’s temple is holy, and that is what you are."
    },
    {
        "o": 32183,
        "r": "csb:1 Corinthians:3:17",
        "t": "The Folly of Human Wisdom",
        "h": 2
    },
    {
        "o": 32184,
        "r": "csb:1 Corinthians:3:18",
        "t": "Let*p no one deceive himself. If anyone among you thinks he is wise in this age, let him become a fool so that he can become wise."
    },
    {
        "o": 32185,
        "r": "csb:1 Corinthians:3:19",
        "t": "For the wisdom of this world is foolishness with God, since it is written, He*i catches*i the*i wise*i in*i their*i craftiness;*i"
    },
    {
        "o": 32186,
        "r": "csb:1 Corinthians:3:20",
        "t": "and again, The*i Lord*i knows*i that*i the*i reasonings*i of*i the*i wise*i are*i futile.*i"
    },
    {
        "o": 32187,
        "r": "csb:1 Corinthians:3:21",
        "t": "So let no one boast in human leaders, for everything is yours-"
    },
    {
        "o": 32188,
        "r": "csb:1 Corinthians:3:22",
        "t": "whether Paul or Apollos or Cephas or the world or life or death or things present or things to come- everything is yours,"
    },
    {
        "o": 32189,
        "r": "csb:1 Corinthians:3:23",
        "t": "and you belong to Christ, and Christ belongs to God."
    }
]
