[
    {
        "o": 34641,
        "r": "csb:1 John:2:1",
        "w": 23,
        "l": {},
        "c": "Jn 14:26*30187",
        "a": "a"
    },
    {
        "o": 34642,
        "r": "csb:1 John:2:2",
        "w": 5,
        "l": {},
        "t": "2:2*r Or the propitiation",
        "a": "b"
    },
    {
        "o": 34642,
        "r": "csb:1 John:2:2",
        "w": 5,
        "l": {},
        "c": "Rm 3:25*31704; 2Co 5:21*32721; Heb 2:17*34000; 1Jn 4:10*34714",
        "a": "c"
    },
    {
        "o": 34642,
        "r": "csb:1 John:2:2",
        "w": 21,
        "l": {},
        "c": "Mt 26:13*27178; 28:19–20*27346; Mk 14:9*27981; Rm 1:8*31615",
        "a": "d"
    },
    {
        "o": 34644,
        "r": "csb:1 John:2:3",
        "w": 4,
        "l": {},
        "c": "Jn 13:35*30151; 1Jn 2:5*34646; 3:19,24*34696; 4:2,6,13*34705; 5:2*34728",
        "a": "e"
    },
    {
        "o": 34644,
        "r": "csb:1 John:2:3",
        "w": 13,
        "l": {},
        "c": "Jn 14:15*30174; 15:10*30205",
        "a": "f"
    },
    {
        "o": 34646,
        "r": "csb:1 John:2:5",
        "w": 4,
        "l": {},
        "c": "Jn 14:23*30183",
        "a": "g"
    },
    {
        "o": 34646,
        "r": "csb:1 John:2:5",
        "w": 23,
        "l": {},
        "c": "Jn 6:56*29757; 14:20*30180; 15:1–7*30195; Rm 8:1*31824; 2Co 5:17*32717; Eph 2:10*33111; Php 1:1*33251",
        "a": "h"
    },
    {
        "o": 34647,
        "r": "csb:1 John:2:6",
        "w": 7,
        "l": {},
        "c": "Jn 15:4–7*30198; 1Jn 2:24,27–28*34669; 3:6,24*34682; 4:13,15–16*34717",
        "a": "i"
    },
    {
        "o": 34648,
        "r": "csb:1 John:2:7",
        "w": 9,
        "l": {},
        "c": "Mk 7:8*27644; Jn 13:34*30149; 2Jn 5*34758",
        "a": "j"
    },
    {
        "o": 34648,
        "r": "csb:1 John:2:7",
        "w": 26,
        "l": {},
        "c": "Lk 6:47*28475; Jn 1:1*29465",
        "a": "k"
    },
    {
        "o": 34649,
        "r": "csb:1 John:2:8",
        "w": 21,
        "l": {},
        "c": "Rm 13:12*32008; 1Co 7:31*32290; 1Jn 2:17*34661",
        "a": "l"
    },
    {
        "o": 34649,
        "r": "csb:1 John:2:8",
        "w": 25,
        "l": {},
        "c": "Jn 1:9*29473; 3:19–21*29567; 8:12*29848; 12:46*30106",
        "a": "m"
    },
    {
        "o": 34649,
        "r": "csb:1 John:2:8",
        "w": 28,
        "l": {},
        "c": "Jn 1:5*29469; 12:35–36*30093; Rv 22:5*35295",
        "a": "n"
    },
    {
        "o": 34650,
        "r": "csb:1 John:2:9",
        "w": 14,
        "l": {},
        "c": "1Jn 2:11*34653; 3:15*34692; 4:20*34724",
        "a": "o"
    },
    {
        "o": 34651,
        "r": "csb:1 John:2:10",
        "w": 7,
        "l": {},
        "c": "Rm 12:10*31981; 1Th 4:9*33545; Heb 13:1*34281; 1Pt 1:22*34458; 1Jn 3:10,14–17*34687; 4:20–21*34724",
        "a": "p"
    },
    {
        "o": 34651,
        "r": "csb:1 John:2:10",
        "w": 20,
        "l": {},
        "t": "2:10*r Or it",
        "a": "q"
    },
    {
        "o": 34652,
        "r": "csb:1 John:2:11",
        "w": 8,
        "l": {},
        "c": "Lv 19:17*3646; 1Jn 3:15*34692; 4:20*34724",
        "a": "r"
    },
    {
        "o": 34652,
        "r": "csb:1 John:2:11",
        "w": 16,
        "l": {},
        "c": "1Jn 1:6*34635",
        "a": "s"
    },
    {
        "o": 34652,
        "r": "csb:1 John:2:11",
        "w": 22,
        "l": {},
        "c": "Jn 14:6*30162",
        "a": "t"
    },
    {
        "o": 34654,
        "r": "csb:1 John:2:12",
        "w": 17,
        "l": {},
        "c": "Ps 25:11*15856; Lk 24:47*29455; Ac 2:38*30531; 10:43*30894",
        "a": "u"
    },
    {
        "o": 34655,
        "r": "csb:1 John:2:13",
        "w": 18,
        "l": {},
        "c": "1Jn 1:1*34629",
        "a": "v"
    },
    {
        "o": 34655,
        "r": "csb:1 John:2:13",
        "w": 32,
        "l": {},
        "c": "Jn 16:33*30260; 17:15*30278; Eph 6:10*33233; 1Jn 2:14*34657; 4:4*34707; 5:4–5*34731; Rv 2:7*34852",
        "a": "w"
    },
    {
        "o": 34656,
        "r": "csb:1 John:2:14",
        "w": 45,
        "l": {},
        "c": "1Jn 1:10*34639",
        "a": "x"
    },
    {
        "o": 34658,
        "r": "csb:1 John:2:15",
        "w": 4,
        "l": {},
        "c": "Jn 15:19*30215; 17:16*30279; Rm 12:2*31972; Jms 1:27*34337; 4:4*34393",
        "a": "y"
    },
    {
        "o": 34659,
        "r": "csb:1 John:2:16",
        "w": 9,
        "l": {},
        "c": "Rm 13:14*32010; Eph 2:3*33103; 1Pt 4:2*34520; 2Pt 2:18*34601",
        "a": "z"
    },
    {
        "o": 34659,
        "r": "csb:1 John:2:16",
        "w": 14,
        "l": {},
        "c": "Gn 3:6*68; Pr 27:20*19206",
        "a": "a"
    },
    {
        "o": 34659,
        "r": "csb:1 John:2:16",
        "w": 17,
        "l": {},
        "c": "Jms 4:16*34406",
        "a": "b"
    },
    {
        "o": 34660,
        "r": "csb:1 John:2:17",
        "w": 8,
        "l": {},
        "c": "1Jn 2:8*34649",
        "a": "c"
    },
    {
        "o": 34660,
        "r": "csb:1 John:2:17",
        "w": 17,
        "l": {},
        "c": "Mk 3:35*27475; Eph 6:6*33228; 1Th 4:3*33538; 1Pt 2:15*34479",
        "a": "d"
    },
    {
        "o": 34660,
        "r": "csb:1 John:2:17",
        "w": 19,
        "l": {},
        "c": "Jn 8:35*29873; 12:34*30092; 2Co 9:9*32798; 1Pt 1:25*34461",
        "a": "e"
    },
    {
        "o": 34662,
        "r": "csb:1 John:2:18",
        "w": 5,
        "l": {},
        "c": "Jn 2:4*29524; 1Pt 4:7*34526",
        "a": "f"
    },
    {
        "o": 34662,
        "r": "csb:1 John:2:18",
        "w": 12,
        "l": {},
        "c": "Mt 24:5,24*27060; 1Jn 2:22*34666; 4:3*34706; 2Jn 7*34760",
        "a": "g"
    },
    {
        "o": 34664,
        "r": "csb:1 John:2:20",
        "w": 4,
        "l": {},
        "c": "2Co 1:21*32630",
        "a": "h"
    },
    {
        "o": 34664,
        "r": "csb:1 John:2:20",
        "w": 8,
        "l": {},
        "c": "Ps 89:18*17130; Mk 1:24*27378; Ac 10:38*30888",
        "a": "i"
    },
    {
        "o": 34664,
        "r": "csb:1 John:2:20",
        "w": 15,
        "l": {},
        "t": "2:20*r Other mss read and you know all things",
        "a": "j"
    },
    {
        "o": 34666,
        "r": "csb:1 John:2:22",
        "w": 14,
        "l": {},
        "c": "Jn 20:31*30427; Ac 18:5*31191; Eph 5:2*33185; 1Jn 5:1*34727",
        "a": "k"
    },
    {
        "o": 34667,
        "r": "csb:1 John:2:23",
        "w": 8,
        "l": {},
        "c": "Jn 5:23*29672",
        "a": "l"
    },
    {
        "o": 34667,
        "r": "csb:1 John:2:23",
        "w": 18,
        "l": {},
        "c": "Jn 8:19*29855; 16:3*30228; 17:3*30265; 1Jn 4:15*34719; 5:1*34727; 2Jn 9*34762",
        "a": "m"
    },
    {
        "o": 34669,
        "r": "csb:1 John:2:24",
        "w": 29,
        "l": {},
        "c": "Jn 15:4–7*30198; 1Jn 2:6,27–28*34647; 3:6,24*34682; 4:13,15–16*34717",
        "a": "n"
    },
    {
        "o": 34669,
        "r": "csb:1 John:2:24",
        "w": 33,
        "l": {},
        "c": "Jn 10:38*29985; Col 3:3*33434; 1Th 1:1*33483; 1Jn 4:15–16*34719",
        "a": "o"
    },
    {
        "o": 34670,
        "r": "csb:1 John:2:25",
        "w": 12,
        "l": {},
        "c": "Jn 4:14*29602; 1Tm 4:8*33716; 2Tm 1:1*33784; Ti 1:2*33883",
        "a": "p"
    },
    {
        "o": 34672,
        "r": "csb:1 John:2:27",
        "w": 27,
        "l": {},
        "c": "Jn 14:26*30187",
        "a": "q"
    },
    {
        "o": 34672,
        "r": "csb:1 John:2:27",
        "w": 41,
        "l": {},
        "t": "2:27*r Or as he has taught you",
        "a": "r"
    },
    {
        "o": 34672,
        "r": "csb:1 John:2:27",
        "w": 44,
        "l": {},
        "c": "Jn 15:4–7*30198; 1Jn 2:6*34647; 3:6,24*34682; 4:13,15–16*34717",
        "a": "s"
    },
    {
        "o": 34674,
        "r": "csb:1 John:2:28",
        "w": 11,
        "l": {},
        "c": "Lk 17:30*29047; Col 3:4*33435; 1Jn 3:2*34678",
        "a": "t"
    },
    {
        "o": 34674,
        "r": "csb:1 John:2:28",
        "w": 24,
        "l": {},
        "c": "1Th 2:19*33515",
        "a": "u"
    },
    {
        "o": 34675,
        "r": "csb:1 John:2:29",
        "w": 17,
        "l": {},
        "c": "Gn 18:19*492; Dt 6:18*5614; 1Jn 3:7,10*34683",
        "a": "v"
    },
    {
        "o": 34675,
        "r": "csb:1 John:2:29",
        "w": 22,
        "l": {},
        "c": "Jn 1:12–13*29476; 3:3–7*29551; 8:41*29879; 1Jn 3:9*34685; 4:7*34711; 5:1,4,18*34727",
        "a": "w"
    }
]
