[
    {
        "o": 12662,
        "r": "csb:2 Chronicles:11:1",
        "w": 4,
        "l": {},
        "c": "1Kg 12:21–24*10136",
        "a": "a"
    },
    {
        "o": 12663,
        "r": "csb:2 Chronicles:11:2",
        "w": 8,
        "l": {},
        "c": "2Ch 12:5–7,15*12692",
        "a": "b"
    },
    {
        "o": 12665,
        "r": "csb:2 Chronicles:11:4",
        "w": 16,
        "l": {},
        "c": "2Ch 28:8–11*13082",
        "a": "c"
    },
    {
        "o": 12665,
        "r": "csb:2 Chronicles:11:4",
        "w": 28,
        "l": {},
        "c": "2Ch 10:15*12655",
        "a": "d"
    },
    {
        "o": 12667,
        "r": "csb:2 Chronicles:11:5",
        "w": 7,
        "l": {},
        "t": "11:5*r Lit he built cities for a fortress",
        "a": "e"
    },
    {
        "o": 12667,
        "r": "csb:2 Chronicles:11:5",
        "w": 7,
        "l": {},
        "c": "2Ch 8:2–6*12585; 11:23*12685",
        "a": "f"
    },
    {
        "o": 12676,
        "r": "csb:2 Chronicles:11:14",
        "w": 8,
        "l": {},
        "c": "Nm 35:2–5*5329",
        "a": "g"
    },
    {
        "o": 12676,
        "r": "csb:2 Chronicles:11:14",
        "w": 29,
        "l": {},
        "c": "2Ch 13:9*12715",
        "a": "h"
    },
    {
        "o": 12677,
        "r": "csb:2 Chronicles:11:15",
        "w": 8,
        "l": {},
        "c": "Ex 34:16–17*2779",
        "a": "i"
    },
    {
        "o": 12677,
        "r": "csb:2 Chronicles:11:15",
        "w": 10,
        "l": {},
        "c": "Lv 17:7*3585",
        "a": "j"
    },
    {
        "o": 12677,
        "r": "csb:2 Chronicles:11:15",
        "w": 17,
        "l": {},
        "c": "1Kg 12:25–33*10141; 13:33*10185",
        "a": "k"
    },
    {
        "o": 12679,
        "r": "csb:2 Chronicles:11:17",
        "w": 15,
        "l": {},
        "c": "2Ch 12:1*12688",
        "a": "l"
    },
    {
        "o": 12680,
        "r": "csb:2 Chronicles:11:18",
        "w": 15,
        "l": {},
        "c": "1Sm 16:6*8412",
        "a": "m"
    },
    {
        "o": 12682,
        "r": "csb:2 Chronicles:11:20",
        "w": 5,
        "l": {},
        "t": "11:20*r Possibly granddaughter, also in v. 21; 2Ch 13:2",
        "a": "n"
    },
    {
        "o": 12682,
        "r": "csb:2 Chronicles:11:20",
        "w": 5,
        "l": {},
        "c": "2Ch 13:2*12708",
        "a": "o"
    },
    {
        "o": 12683,
        "r": "csb:2 Chronicles:11:21",
        "w": 16,
        "l": {},
        "c": "Dt 17:17*5929",
        "a": "p"
    },
    {
        "o": 12684,
        "r": "csb:2 Chronicles:11:22",
        "w": 16,
        "l": {},
        "c": "Dt 21:15–17*6023",
        "a": "q"
    }
]
