[
    {
        "o": 13004,
        "r": "csb:2 Chronicles:25:1",
        "w": 0,
        "l": {},
        "c": "2Kg 14:2–6*10957",
        "a": "a"
    },
    {
        "o": 13005,
        "r": "csb:2 Chronicles:25:2",
        "w": 11,
        "l": {},
        "c": "2Kg 25:14*11356",
        "a": "b"
    },
    {
        "o": 13006,
        "r": "csb:2 Chronicles:25:3",
        "w": 9,
        "l": {},
        "t": "25:3*r LXX, Syr; MT reads was strong on him; 1Kg 14:4",
        "a": "c"
    },
    {
        "o": 13007,
        "r": "csb:2 Chronicles:25:4",
        "w": 21,
        "l": {},
        "c": "2Ch 17:9*12797; 23:18*12965",
        "a": "d"
    },
    {
        "o": 13007,
        "r": "csb:2 Chronicles:25:4",
        "w": 51,
        "l": {},
        "c": "Dt 24:16*6120; Jr 31:30*22130; Ezk 18:4,20*23471",
        "a": "e"
    },
    {
        "o": 13009,
        "r": "csb:2 Chronicles:25:5",
        "w": 10,
        "l": {},
        "t": "25:5*r Lit house of fathers",
        "a": "f"
    },
    {
        "o": 13009,
        "r": "csb:2 Chronicles:25:5",
        "w": 29,
        "l": {},
        "c": "Nm 1:3*3978",
        "a": "g"
    },
    {
        "o": 13009,
        "r": "csb:2 Chronicles:25:5",
        "w": 55,
        "l": {},
        "c": "2Ch 26:13*13050",
        "a": "h"
    },
    {
        "o": 13010,
        "r": "csb:2 Chronicles:25:6",
        "w": 3,
        "l": {},
        "t": "25:6*r Lit 100 talents, also in v. 9",
        "a": "i"
    },
    {
        "o": 13011,
        "r": "csb:2 Chronicles:25:7",
        "w": 4,
        "l": {},
        "c": "2Kg 4:9*10629",
        "a": "j"
    },
    {
        "o": 13012,
        "r": "csb:2 Chronicles:25:8",
        "w": 20,
        "l": {},
        "c": "Ps 64:7–8*16567",
        "a": "k"
    },
    {
        "o": 13012,
        "r": "csb:2 Chronicles:25:8",
        "w": 27,
        "l": {},
        "c": "2Ch 14:11*12742; 20:6*12869",
        "a": "l"
    },
    {
        "o": 13015,
        "r": "csb:2 Chronicles:25:11",
        "w": 17,
        "l": {},
        "t": "25:11*r = Edomites, also in v. 14",
        "a": "m"
    },
    {
        "o": 13018,
        "r": "csb:2 Chronicles:25:14",
        "w": 31,
        "l": {},
        "c": "2Ch 28:23*13097",
        "a": "n"
    },
    {
        "o": 13019,
        "r": "csb:2 Chronicles:25:15",
        "w": 31,
        "l": {},
        "c": "2Ch 25:11–12*13015",
        "a": "o"
    },
    {
        "o": 13022,
        "r": "csb:2 Chronicles:25:17",
        "w": 5,
        "l": {},
        "c": "2Kg 14:8–14*10963",
        "a": "p"
    },
    {
        "o": 13022,
        "r": "csb:2 Chronicles:25:17",
        "w": 10,
        "l": {},
        "t": "25:17*r Lit Joash",
        "a": "q"
    },
    {
        "o": 13023,
        "r": "csb:2 Chronicles:25:18",
        "w": 45,
        "l": {},
        "c": "Jdg 9:8–15*7492",
        "a": "r"
    },
    {
        "o": 13024,
        "r": "csb:2 Chronicles:25:19",
        "w": 4,
        "l": {},
        "t": "25:19*r Some LXX mss, Old Lat, Tg, Vg; MT reads you",
        "a": "s"
    },
    {
        "o": 13024,
        "r": "csb:2 Chronicles:25:19",
        "w": 12,
        "l": {},
        "t": "25:19*r Lit and your heart has lifted you",
        "a": "t"
    },
    {
        "o": 13024,
        "r": "csb:2 Chronicles:25:19",
        "w": 12,
        "l": {},
        "c": "2Ch 26:16*13054; 32:25*13225",
        "a": "u"
    },
    {
        "o": 13028,
        "r": "csb:2 Chronicles:25:23",
        "w": 13,
        "l": {},
        "t": "25:23*r = Ahaziah in 2Kg 14:13",
        "a": "v"
    },
    {
        "o": 13028,
        "r": "csb:2 Chronicles:25:23",
        "w": 13,
        "l": {},
        "c": "2Ch 21:17*12926; 22:1*12932",
        "a": "w"
    },
    {
        "o": 13028,
        "r": "csb:2 Chronicles:25:23",
        "w": 27,
        "l": {},
        "t": "25:23*r Lit 400 cubits",
        "a": "x"
    },
    {
        "o": 13028,
        "r": "csb:2 Chronicles:25:23",
        "w": 38,
        "l": {},
        "t": "25:23*r Some Hb mss; other Hb mss read to Happoneh",
        "a": "y"
    },
    {
        "o": 13028,
        "r": "csb:2 Chronicles:25:23",
        "w": 38,
        "l": {},
        "c": "2Kg 14:13*10968",
        "a": "z"
    },
    {
        "o": 13029,
        "r": "csb:2 Chronicles:25:24",
        "w": 13,
        "l": {},
        "c": "1Ch 26:15*12291",
        "a": "a"
    },
    {
        "o": 13031,
        "r": "csb:2 Chronicles:25:25",
        "w": 2,
        "l": {},
        "c": "2Kg 14:17–20*10974",
        "a": "b"
    },
    {
        "o": 13034,
        "r": "csb:2 Chronicles:25:28",
        "w": 16,
        "l": {},
        "t": "25:28*r Some Hb mss read city of David",
        "a": "c"
    },
    {
        "o": 13034,
        "r": "csb:2 Chronicles:25:28",
        "w": 16,
        "l": {},
        "c": "2Kg 14:20*10977",
        "a": "d"
    }
]
