[
    {
        "o": 9509,
        "r": "csb:2 Samuel:22:2",
        "w": 1,
        "l": {},
        "c": "Ps 18:2–50*15693",
        "a": "a"
    },
    {
        "o": 9509,
        "r": "csb:2 Samuel:22:2",
        "w": 8,
        "l": {},
        "c": "Ps 31:3*15946; 71:3*16709",
        "a": "b"
    },
    {
        "o": 9510,
        "r": "csb:2 Samuel:22:3",
        "w": 1,
        "l": {},
        "t": "22:3*r LXX, Ps 18:2 read my God; MT reads God of",
        "a": "c"
    },
    {
        "o": 9510,
        "r": "csb:2 Samuel:22:3",
        "w": 14,
        "l": {},
        "c": "Lk 1:69*28209",
        "a": "d"
    },
    {
        "o": 9510,
        "r": "csb:2 Samuel:22:3",
        "w": 16,
        "l": {},
        "c": "Ps 9:9*15577; 59:9,16–17*16494; 62:2,6*16533",
        "a": "e"
    },
    {
        "o": 9510,
        "r": "csb:2 Samuel:22:3",
        "w": 18,
        "l": {},
        "c": "Ps 14:6*15647; 71:7*16713; Jr 16:19*21701",
        "a": "f"
    },
    {
        "o": 9511,
        "r": "csb:2 Samuel:22:4",
        "w": 9,
        "l": {},
        "c": "1Ch 16:25*12019; Ps 48:1*16297; 96:4*17273",
        "a": "g"
    },
    {
        "o": 9512,
        "r": "csb:2 Samuel:22:5",
        "w": 6,
        "l": {},
        "c": "Ps 42:7*16208; Jnh 2:3*25396",
        "a": "h"
    },
    {
        "o": 9513,
        "r": "csb:2 Samuel:22:6",
        "w": 11,
        "l": {},
        "c": "Ps 116:3*17705",
        "a": "i"
    },
    {
        "o": 9514,
        "r": "csb:2 Samuel:22:7",
        "w": 12,
        "l": {},
        "c": "Ps 116:4*17706; 120:1*17960; Jnh 2:2*25395",
        "a": "j"
    },
    {
        "o": 9515,
        "r": "csb:2 Samuel:22:8",
        "w": 10,
        "l": {},
        "t": "22:8*r Some Hb mss, Syr, Vg read mountains; Ps 18:7",
        "a": "k"
    },
    {
        "o": 9515,
        "r": "csb:2 Samuel:22:8",
        "w": 11,
        "l": {},
        "c": "Jdg 5:4*7341; Ps 77:18*16861; 97:4*17288",
        "a": "l"
    },
    {
        "o": 9515,
        "r": "csb:2 Samuel:22:8",
        "w": 18,
        "l": {},
        "c": "Jb 26:11*14977",
        "a": "m"
    },
    {
        "o": 9516,
        "r": "csb:2 Samuel:22:9",
        "w": 17,
        "l": {},
        "t": "22:9*r Or him",
        "a": "n"
    },
    {
        "o": 9517,
        "r": "csb:2 Samuel:22:10",
        "w": 6,
        "l": {},
        "c": "Ps 144:5*18264; Is 64:1*21160",
        "a": "o"
    },
    {
        "o": 9518,
        "r": "csb:2 Samuel:22:11",
        "w": 7,
        "l": {},
        "t": "22:11*r Some Hb mss; other Hb mss, Syr, Tg read he was seen",
        "a": "p"
    },
    {
        "o": 9519,
        "r": "csb:2 Samuel:22:12",
        "w": 8,
        "l": {},
        "t": "22:12*r Or sieve, or mass; Hb obscure",
        "a": "q"
    },
    {
        "o": 9519,
        "r": "csb:2 Samuel:22:12",
        "w": 13,
        "l": {},
        "c": "Ps 97:2*17286",
        "a": "r"
    },
    {
        "o": 9521,
        "r": "csb:2 Samuel:22:14",
        "w": 11,
        "l": {},
        "c": "Jb 37:4*15287",
        "a": "s"
    },
    {
        "o": 9522,
        "r": "csb:2 Samuel:22:15",
        "w": 5,
        "l": {},
        "c": "Dt 32:23*6386; Ps 7:13*15549; 77:17*16860; Hab 3:11*25671",
        "a": "t"
    },
    {
        "o": 9522,
        "r": "csb:2 Samuel:22:15",
        "w": 12,
        "l": {},
        "c": "Ps 144:6*18265",
        "a": "u"
    },
    {
        "o": 9523,
        "r": "csb:2 Samuel:22:16",
        "w": 25,
        "l": {},
        "c": "Jb 4:9*14399; Is 30:33*20443",
        "a": "v"
    },
    {
        "o": 9523,
        "r": "csb:2 Samuel:22:16",
        "w": 28,
        "l": {},
        "c": "Ex 15:8*2126",
        "a": "w"
    },
    {
        "o": 9524,
        "r": "csb:2 Samuel:22:17",
        "w": 17,
        "l": {},
        "c": "Ps 144:7*18266",
        "a": "x"
    },
    {
        "o": 9527,
        "r": "csb:2 Samuel:22:20",
        "w": 7,
        "l": {},
        "c": "Ps 31:8*15951; 118:5*17732",
        "a": "y"
    },
    {
        "o": 9528,
        "r": "csb:2 Samuel:22:21",
        "w": 7,
        "l": {},
        "c": "1Sm 26:23*8766; 1Kg 8:32*9965; Ps 7:8*15544",
        "a": "z"
    },
    {
        "o": 9528,
        "r": "csb:2 Samuel:22:21",
        "w": 17,
        "l": {},
        "c": "Ps 24:3–4*15835",
        "a": "a"
    },
    {
        "o": 9529,
        "r": "csb:2 Samuel:22:22",
        "w": 8,
        "l": {},
        "c": "Pr 8:32*18628",
        "a": "b"
    },
    {
        "o": 9530,
        "r": "csb:2 Samuel:22:23",
        "w": 5,
        "l": {},
        "c": "Ps 119:30,102*17792",
        "a": "c"
    },
    {
        "o": 9530,
        "r": "csb:2 Samuel:22:23",
        "w": 7,
        "l": {},
        "t": "22:23*r Lit Indeed, all his ordinances have been in front of me",
        "a": "d"
    },
    {
        "o": 9532,
        "r": "csb:2 Samuel:22:25",
        "w": 12,
        "l": {},
        "t": "22:25*r LXX, Syr, Vg read to the cleanness of my hands; Ps 18:24",
        "a": "e"
    },
    {
        "o": 9535,
        "r": "csb:2 Samuel:22:28",
        "w": 4,
        "l": {},
        "c": "Ps 72:12–13*16745",
        "a": "f"
    },
    {
        "o": 9535,
        "r": "csb:2 Samuel:22:28",
        "w": 15,
        "l": {},
        "c": "Is 2:11–12,17*19810; Lk 1:51*28189",
        "a": "g"
    },
    {
        "o": 9536,
        "r": "csb:2 Samuel:22:29",
        "w": 9,
        "l": {},
        "c": "Jb 29:3*15039; Ps 27:1*15886",
        "a": "h"
    },
    {
        "o": 9537,
        "r": "csb:2 Samuel:22:30",
        "w": 6,
        "l": {},
        "t": "22:30*r Or a ridge, or raiders",
        "a": "i"
    },
    {
        "o": 9537,
        "r": "csb:2 Samuel:22:30",
        "w": 16,
        "l": {},
        "c": "2Sm 5:6–9*8997",
        "a": "j"
    },
    {
        "o": 9538,
        "r": "csb:2 Samuel:22:31",
        "w": 4,
        "l": {},
        "c": "Dt 32:4*6367",
        "a": "k"
    },
    {
        "o": 9538,
        "r": "csb:2 Samuel:22:31",
        "w": 11,
        "l": {},
        "c": "Ps 119:140*17916",
        "a": "l"
    },
    {
        "o": 9540,
        "r": "csb:2 Samuel:22:33",
        "w": 4,
        "l": {},
        "t": "22:33*r DSS, some LXX mss, Syr, Vg read God clothes me with strength; Ps 18:32",
        "a": "m"
    },
    {
        "o": 9540,
        "r": "csb:2 Samuel:22:33",
        "w": 9,
        "l": {},
        "t": "22:33*r Some LXX mss, Syr; MT reads he sets free the blameless his way; Hb obscure",
        "a": "n"
    },
    {
        "o": 9541,
        "r": "csb:2 Samuel:22:34",
        "w": 15,
        "l": {},
        "t": "22:34*r LXX; some Hb mss read my; other Hb mss read his",
        "a": "o"
    },
    {
        "o": 9541,
        "r": "csb:2 Samuel:22:34",
        "w": 16,
        "l": {},
        "t": "22:34*r Or on my high places",
        "a": "p"
    },
    {
        "o": 9542,
        "r": "csb:2 Samuel:22:35",
        "w": 5,
        "l": {},
        "c": "Ps 144:1*18260",
        "a": "q"
    },
    {
        "o": 9543,
        "r": "csb:2 Samuel:22:36",
        "w": 8,
        "l": {},
        "c": "Eph 6:16–17*33239",
        "a": "r"
    },
    {
        "o": 9543,
        "r": "csb:2 Samuel:22:36",
        "w": 10,
        "l": {},
        "t": "22:36*r LXX reads humility; Ps 18:35",
        "a": "s"
    },
    {
        "o": 9547,
        "r": "csb:2 Samuel:22:40",
        "w": 13,
        "l": {},
        "c": "Ps 44:5*16226",
        "a": "t"
    },
    {
        "o": 9548,
        "r": "csb:2 Samuel:22:41",
        "w": 7,
        "l": {},
        "t": "22:41*r Lit you gave me the neck of my enemies",
        "a": "u"
    },
    {
        "o": 9549,
        "r": "csb:2 Samuel:22:42",
        "w": 20,
        "l": {},
        "c": "1Sm 28:6*8790; Pr 1:28*18399",
        "a": "v"
    },
    {
        "o": 9550,
        "r": "csb:2 Samuel:22:43",
        "w": 18,
        "l": {},
        "c": "Is 10:6*19991; Mc 7:10*25546; Zch 10:5*25955",
        "a": "w"
    },
    {
        "o": 9551,
        "r": "csb:2 Samuel:22:44",
        "w": 9,
        "l": {},
        "c": "2Sm 2:8–10*8909; 15:1–6*9276; 20:1–2*9454",
        "a": "x"
    },
    {
        "o": 9551,
        "r": "csb:2 Samuel:22:44",
        "w": 25,
        "l": {},
        "c": "2Sm 8:1–14*9076; Is 55:5*20998",
        "a": "y"
    },
    {
        "o": 9553,
        "r": "csb:2 Samuel:22:46",
        "w": 8,
        "l": {},
        "c": "Mc 7:17*25554",
        "a": "z"
    },
    {
        "o": 9554,
        "r": "csb:2 Samuel:22:47",
        "w": 12,
        "l": {},
        "c": "Ps 89:26*17138; 95:1*17257",
        "a": "a"
    },
    {
        "o": 9555,
        "r": "csb:2 Samuel:22:48",
        "w": 10,
        "l": {},
        "c": "Ps 144:2*18261",
        "a": "b"
    },
    {
        "o": 9556,
        "r": "csb:2 Samuel:22:49",
        "w": 17,
        "l": {},
        "c": "Ps 140:1*18206",
        "a": "c"
    },
    {
        "o": 9557,
        "r": "csb:2 Samuel:22:50",
        "w": 17,
        "l": {},
        "c": "Rm 15:9*32048",
        "a": "d"
    },
    {
        "o": 9558,
        "r": "csb:2 Samuel:22:51",
        "w": 6,
        "l": {},
        "t": "22:51*r DSS read he gives great victory to",
        "a": "e"
    },
    {
        "o": 9558,
        "r": "csb:2 Samuel:22:51",
        "w": 20,
        "l": {},
        "c": "2Sm 7:12–16*9055; Lk 1:55*28193",
        "a": "f"
    }
]
