[
    {
        "o": 9506,
        "r": "csb:2 Samuel:22:0",
        "t": "2 Samuel 22",
        "h": 1
    },
    {
        "o": 9507,
        "r": "csb:2 Samuel:22:0",
        "t": "David’s Song of Thanksgiving",
        "h": 2
    },
    {
        "o": 9508,
        "r": "csb:2 Samuel:22:1",
        "t": "David*p spoke the words of this song to the Lord*s on the day the Lord*s rescued him from the grasp of all his enemies and from the grasp of Saul."
    },
    {
        "o": 9509,
        "r": "csb:2 Samuel:22:2",
        "t": "He said: The*pn Lord*s is my rock, my fortress, and my deliverer,"
    },
    {
        "o": 9510,
        "r": "csb:2 Samuel:22:3",
        "t": "my*ln God, my rock where I seek refuge. My*ln shield, the horn of my salvation, my stronghold, my refuge, and*ln my Savior, you save me from violence."
    },
    {
        "o": 9511,
        "r": "csb:2 Samuel:22:4",
        "t": "I*ln called to the Lord,*s who is worthy of praise, and*ln I was saved from my enemies."
    },
    {
        "o": 9512,
        "r": "csb:2 Samuel:22:5",
        "t": "For*ln the waves of death engulfed me; the*ln torrents of destruction terrified me."
    },
    {
        "o": 9513,
        "r": "csb:2 Samuel:22:6",
        "t": "The*ln ropes of Sheol entangled me; the*ln snares of death confronted me."
    },
    {
        "o": 9514,
        "r": "csb:2 Samuel:22:7",
        "t": "I*pn called to the Lord*s in my distress; I*ln called to my God. From*ln his temple he heard my voice, and*ln my cry for help reached his ears."
    },
    {
        "o": 9515,
        "r": "csb:2 Samuel:22:8",
        "t": "Then*ln the earth shook and quaked; the*ln foundations of the heavens trembled; they*ln shook because he burned with anger."
    },
    {
        "o": 9516,
        "r": "csb:2 Samuel:22:9",
        "t": "Smoke*ln rose from his nostrils, and*ln consuming fire came from his mouth; coals*ln were set ablaze by it."
    },
    {
        "o": 9517,
        "r": "csb:2 Samuel:22:10",
        "t": "He*ln bent the heavens and came down, total*ln darkness beneath his feet."
    },
    {
        "o": 9518,
        "r": "csb:2 Samuel:22:11",
        "t": "He*ln rode on a cherub and flew, soaring*ln on the wings of the wind."
    },
    {
        "o": 9519,
        "r": "csb:2 Samuel:22:12",
        "t": "He*ln made darkness a canopy around him, a*ln gathering of water and thick clouds."
    },
    {
        "o": 9520,
        "r": "csb:2 Samuel:22:13",
        "t": "From*ln the radiance of his presence, blazing*ln coals were ignited."
    },
    {
        "o": 9521,
        "r": "csb:2 Samuel:22:14",
        "t": "The*ln Lord*s thundered from heaven; the*ln Most High made his voice heard."
    },
    {
        "o": 9522,
        "r": "csb:2 Samuel:22:15",
        "t": "He*ln shot arrows and scattered them; he*ln hurled lightning bolts and routed them."
    },
    {
        "o": 9523,
        "r": "csb:2 Samuel:22:16",
        "t": "The*ln depths of the sea became visible, the*ln foundations of the world were exposed at*ln the rebuke of the Lord,*s at*ln the blast of the breath of his nostrils."
    },
    {
        "o": 9524,
        "r": "csb:2 Samuel:22:17",
        "t": "He*pn reached down from on high and*ln took hold of me; he*ln pulled me out of deep water."
    },
    {
        "o": 9525,
        "r": "csb:2 Samuel:22:18",
        "t": "He*ln rescued me from my powerful enemy and*ln from those who hated me, for*ln they were too strong for me."
    },
    {
        "o": 9526,
        "r": "csb:2 Samuel:22:19",
        "t": "They*ln confronted me in the day of my calamity, but*ln the Lord*s was my support."
    },
    {
        "o": 9527,
        "r": "csb:2 Samuel:22:20",
        "t": "He*ln brought me out to a spacious place; he*ln rescued me because he delighted in me."
    },
    {
        "o": 9528,
        "r": "csb:2 Samuel:22:21",
        "t": "The*pn Lord*s rewarded me according*ln to my righteousness; he*ln repaid me according*ln to the cleanness of my hands."
    },
    {
        "o": 9529,
        "r": "csb:2 Samuel:22:22",
        "t": "For*ln I have kept the ways of the Lord*s and*ln have not turned from my God to wickedness."
    },
    {
        "o": 9530,
        "r": "csb:2 Samuel:22:23",
        "t": "Indeed,*ln I let all his ordinances guide me and*ln have not disregarded his statutes."
    },
    {
        "o": 9531,
        "r": "csb:2 Samuel:22:24",
        "t": "I*ln was blameless before him and*ln kept myself from my iniquity."
    },
    {
        "o": 9532,
        "r": "csb:2 Samuel:22:25",
        "t": "So*ln the Lord*s repaid me according*ln to my righteousness, according*ln to my cleanness in his sight."
    },
    {
        "o": 9533,
        "r": "csb:2 Samuel:22:26",
        "t": "With*pn the faithful you*ln prove yourself faithful, with*ln the blameless you*ln prove yourself blameless,"
    },
    {
        "o": 9534,
        "r": "csb:2 Samuel:22:27",
        "t": "with*ln the pure you*ln prove yourself pure, but*ln with the crooked you*ln prove yourself shrewd."
    },
    {
        "o": 9535,
        "r": "csb:2 Samuel:22:28",
        "t": "You*ln rescue an oppressed people, but*ln your eyes are set against the proud — you*ln humble them."
    },
    {
        "o": 9536,
        "r": "csb:2 Samuel:22:29",
        "t": "Lord,*sln you are my lamp; the*ln Lord*s illuminates my darkness."
    },
    {
        "o": 9537,
        "r": "csb:2 Samuel:22:30",
        "t": "With*ln you I can attack a barricade, and*ln with my God I can leap over a wall."
    },
    {
        "o": 9538,
        "r": "csb:2 Samuel:22:31",
        "t": "God -*ln his way is perfect; the*ln word of the Lord*s is pure. He*ln is a shield to all who take refuge in him."
    },
    {
        "o": 9539,
        "r": "csb:2 Samuel:22:32",
        "t": "For*pn who is God besides the Lord?*s And*ln who is a rock? Only our God."
    },
    {
        "o": 9540,
        "r": "csb:2 Samuel:22:33",
        "t": "God*ln is my strong refuge; he*ln makes my way perfect."
    },
    {
        "o": 9541,
        "r": "csb:2 Samuel:22:34",
        "t": "He*ln makes my feet like the feet of a deer and*ln sets me securely on the heights."
    },
    {
        "o": 9542,
        "r": "csb:2 Samuel:22:35",
        "t": "He*ln trains my hands for war; my*ln arms can bend a bow of bronze."
    },
    {
        "o": 9543,
        "r": "csb:2 Samuel:22:36",
        "t": "You*ln have given me the shield of your salvation; your*ln help exalts me."
    },
    {
        "o": 9544,
        "r": "csb:2 Samuel:22:37",
        "t": "You*ln make a spacious place beneath me for my steps, and*ln my ankles do not give way."
    },
    {
        "o": 9545,
        "r": "csb:2 Samuel:22:38",
        "t": "I*ln pursue my enemies and destroy them; I*ln do not turn back until they are wiped out."
    },
    {
        "o": 9546,
        "r": "csb:2 Samuel:22:39",
        "t": "I*ln wipe them out and crush them, and*ln they do not rise; they*ln fall beneath my feet."
    },
    {
        "o": 9547,
        "r": "csb:2 Samuel:22:40",
        "t": "You*ln have clothed me with strength for battle; you*ln subdue my adversaries beneath me."
    },
    {
        "o": 9548,
        "r": "csb:2 Samuel:22:41",
        "t": "You*ln have made my enemies retreat before me; I*ln annihilate those who hate me."
    },
    {
        "o": 9549,
        "r": "csb:2 Samuel:22:42",
        "t": "They*ln look, but there is no one to save them — they*ln look to the Lord,*s but he does not answer them."
    },
    {
        "o": 9550,
        "r": "csb:2 Samuel:22:43",
        "t": "I*ln pulverize them like dust of the earth; I*ln crush them and trample them like mud in the streets."
    },
    {
        "o": 9551,
        "r": "csb:2 Samuel:22:44",
        "t": "You*pn have freed me from the feuds among my people; you*ln have preserved me as head of nations; a*ln people I had not known serve me."
    },
    {
        "o": 9552,
        "r": "csb:2 Samuel:22:45",
        "t": "Foreigners*ln submit to me cringing; as*ln soon as they hear, they obey me."
    },
    {
        "o": 9553,
        "r": "csb:2 Samuel:22:46",
        "t": "Foreigners*ln lose heart and*ln come trembling from their fortifications."
    },
    {
        "o": 9554,
        "r": "csb:2 Samuel:22:47",
        "t": "The*pn Lord*s lives - blessed be my rock! God,*ln the rock of my salvation, is exalted."
    },
    {
        "o": 9555,
        "r": "csb:2 Samuel:22:48",
        "t": "God -*ln he grants me vengeance and*ln casts down peoples under me."
    },
    {
        "o": 9556,
        "r": "csb:2 Samuel:22:49",
        "t": "He*ln frees me from my enemies. You*ln exalt me above my adversaries; you*ln rescue me from violent men."
    },
    {
        "o": 9557,
        "r": "csb:2 Samuel:22:50",
        "t": "Therefore*pn I will give thanks to you among the nations, Lord;*s I*ln will sing praises about your name."
    },
    {
        "o": 9558,
        "r": "csb:2 Samuel:22:51",
        "t": "He*ln is a tower of salvation for his king; he*ln shows loyalty to his anointed, to*ln David and his descendants forever."
    }
]
