[
    {
        "o": 11272,
        "r": "csb:2 Kings:23:1",
        "w": 4,
        "l": {},
        "c": "2Ch 34:29–32*13301",
        "a": "a"
    },
    {
        "o": 11272,
        "r": "csb:2 Kings:23:1",
        "w": 10,
        "l": {},
        "c": "2Kg 10:1*10835",
        "a": "b"
    },
    {
        "o": 11273,
        "r": "csb:2 Kings:23:2",
        "w": 50,
        "l": {},
        "c": "Dt 31:10–13*6340",
        "a": "c"
    },
    {
        "o": 11273,
        "r": "csb:2 Kings:23:2",
        "w": 58,
        "l": {},
        "c": "2Kg 22:8*11256",
        "a": "d"
    },
    {
        "o": 11274,
        "r": "csb:2 Kings:23:3",
        "w": 6,
        "l": {},
        "t": "23:3*r 2Ch 34:31 reads platform",
        "a": "e"
    },
    {
        "o": 11274,
        "r": "csb:2 Kings:23:3",
        "w": 6,
        "l": {},
        "c": "1Kg 7:15*9888; 2Kg 11:14*10889",
        "a": "f"
    },
    {
        "o": 11274,
        "r": "csb:2 Kings:23:3",
        "w": 10,
        "l": {},
        "c": "2Kg 11:17*10893",
        "a": "g"
    },
    {
        "o": 11274,
        "r": "csb:2 Kings:23:3",
        "w": 37,
        "l": {},
        "c": "Dt 6:4–6*5599; 13:4*5804",
        "a": "h"
    },
    {
        "o": 11274,
        "r": "csb:2 Kings:23:3",
        "w": 58,
        "l": {},
        "t": "23:3*r Lit people took a stand in",
        "a": "i"
    },
    {
        "o": 11274,
        "r": "csb:2 Kings:23:3",
        "w": 60,
        "l": {},
        "c": "Ex 24:3–8*2409; Jos 24:14–28*7186",
        "a": "j"
    },
    {
        "o": 11276,
        "r": "csb:2 Kings:23:4",
        "w": 7,
        "l": {},
        "c": "2Kg 22:8,14*11256",
        "a": "k"
    },
    {
        "o": 11276,
        "r": "csb:2 Kings:23:4",
        "w": 14,
        "l": {},
        "c": "2Kg 25:18*11360; Jr 35:4*22246; 52:24*22776",
        "a": "l"
    },
    {
        "o": 11276,
        "r": "csb:2 Kings:23:4",
        "w": 38,
        "l": {},
        "c": "2Kg 21:3,7*11219; 2Ch 33:3*13240",
        "a": "m"
    },
    {
        "o": 11276,
        "r": "csb:2 Kings:23:4",
        "w": 55,
        "l": {},
        "c": "2Kg 23:15*11287",
        "a": "n"
    },
    {
        "o": 11277,
        "r": "csb:2 Kings:23:5",
        "w": 20,
        "l": {},
        "c": "2Kg 16:4*11039",
        "a": "o"
    },
    {
        "o": 11277,
        "r": "csb:2 Kings:23:5",
        "w": 50,
        "l": {},
        "c": "2Kg 21:3*11219",
        "a": "p"
    },
    {
        "o": 11278,
        "r": "csb:2 Kings:23:6",
        "w": 5,
        "l": {},
        "c": "1Kg 14:15,23*10203; 2Kg 18:4*11110; 21:7*11223",
        "a": "q"
    },
    {
        "o": 11278,
        "r": "csb:2 Kings:23:6",
        "w": 22,
        "l": {},
        "c": "1Kg 15:13*10236",
        "a": "r"
    },
    {
        "o": 11278,
        "r": "csb:2 Kings:23:6",
        "w": 26,
        "l": {},
        "c": "2Kg 23:15*11287",
        "a": "s"
    },
    {
        "o": 11278,
        "r": "csb:2 Kings:23:6",
        "w": 37,
        "l": {},
        "t": "23:6*r Lit the sons of the people",
        "a": "t"
    },
    {
        "o": 11278,
        "r": "csb:2 Kings:23:6",
        "w": 37,
        "l": {},
        "c": "2Ch 34:4*13272; Jr 26:23*21982",
        "a": "u"
    },
    {
        "o": 11279,
        "r": "csb:2 Kings:23:7",
        "w": 10,
        "l": {},
        "c": "Dt 23:17*6089; 1Kg 14:24*10213; 15:12*10235",
        "a": "v"
    },
    {
        "o": 11279,
        "r": "csb:2 Kings:23:7",
        "w": 23,
        "l": {},
        "t": "23:7*r Or clothing",
        "a": "w"
    },
    {
        "o": 11279,
        "r": "csb:2 Kings:23:7",
        "w": 25,
        "l": {},
        "c": "Ex 38:8*2924; Ezk 16:16*23392",
        "a": "x"
    },
    {
        "o": 11280,
        "r": "csb:2 Kings:23:8",
        "w": 16,
        "l": {},
        "c": "2Kg 18:4*11110",
        "a": "y"
    },
    {
        "o": 11280,
        "r": "csb:2 Kings:23:8",
        "w": 18,
        "l": {},
        "c": "Jos 21:17*7080; 1Kg 15:22*10245",
        "a": "z"
    },
    {
        "o": 11280,
        "r": "csb:2 Kings:23:8",
        "w": 20,
        "l": {},
        "c": "1Sm 3:20*8074",
        "a": "a"
    },
    {
        "o": 11281,
        "r": "csb:2 Kings:23:9",
        "w": 27,
        "l": {},
        "c": "Ezk 44:10–14*24308",
        "a": "b"
    },
    {
        "o": 11282,
        "r": "csb:2 Kings:23:10",
        "w": 2,
        "l": {},
        "c": "Is 30:33*20443; Jr 7:31–32*21459",
        "a": "c"
    },
    {
        "o": 11282,
        "r": "csb:2 Kings:23:10",
        "w": 8,
        "l": {},
        "c": "Jos 15:8*6867",
        "a": "d"
    },
    {
        "o": 11282,
        "r": "csb:2 Kings:23:10",
        "w": 21,
        "l": {},
        "t": "23:10*r Lit could make his son or daughter pass through the fire",
        "a": "e"
    },
    {
        "o": 11282,
        "r": "csb:2 Kings:23:10",
        "w": 21,
        "l": {},
        "c": "Lv 18:21*3618; 20:2–5*3670",
        "a": "f"
    },
    {
        "o": 11282,
        "r": "csb:2 Kings:23:10",
        "w": 23,
        "l": {},
        "c": "1Kg 11:7*10074; Jr 32:35*22177",
        "a": "g"
    },
    {
        "o": 11283,
        "r": "csb:2 Kings:23:11",
        "w": 43,
        "l": {},
        "c": "Dt 4:19*5525; Ezk 8:16*23213",
        "a": "h"
    },
    {
        "o": 11284,
        "r": "csb:2 Kings:23:12",
        "w": 15,
        "l": {},
        "c": "Jr 19:13*21778; Zph 1:4–5*25686",
        "a": "i"
    },
    {
        "o": 11284,
        "r": "csb:2 Kings:23:12",
        "w": 19,
        "l": {},
        "c": "2Kg 20:11*11203",
        "a": "j"
    },
    {
        "o": 11284,
        "r": "csb:2 Kings:23:12",
        "w": 29,
        "l": {},
        "c": "2Kg 21:5*11221; 2Ch 33:5*13242",
        "a": "k"
    },
    {
        "o": 11284,
        "r": "csb:2 Kings:23:12",
        "w": 41,
        "l": {},
        "t": "23:12*r Text emended; MT reads he ran from",
        "a": "l"
    },
    {
        "o": 11285,
        "r": "csb:2 Kings:23:13",
        "w": 50,
        "l": {},
        "c": "1Kg 11:5–8*10072",
        "a": "m"
    },
    {
        "o": 11286,
        "r": "csb:2 Kings:23:14",
        "w": 6,
        "l": {},
        "c": "Ex 23:24*2395",
        "a": "n"
    },
    {
        "o": 11286,
        "r": "csb:2 Kings:23:14",
        "w": 11,
        "l": {},
        "c": "2Kg 18:4*11110",
        "a": "o"
    },
    {
        "o": 11287,
        "r": "csb:2 Kings:23:15",
        "w": 7,
        "l": {},
        "c": "1Kg 13:1–3*10152",
        "a": "p"
    },
    {
        "o": 11287,
        "r": "csb:2 Kings:23:15",
        "w": 11,
        "l": {},
        "c": "1Kg 12:28–33*10144",
        "a": "q"
    },
    {
        "o": 11287,
        "r": "csb:2 Kings:23:15",
        "w": 38,
        "l": {},
        "c": "2Kg 23:6*11278",
        "a": "r"
    },
    {
        "o": 11288,
        "r": "csb:2 Kings:23:16",
        "w": 28,
        "l": {},
        "c": "2Ch 34:5*13273",
        "a": "s"
    },
    {
        "o": 11288,
        "r": "csb:2 Kings:23:16",
        "w": 44,
        "l": {},
        "t": "23:16*r LXX adds when Jeroboam stood by the altar of the feast. And he turned and raised his eyes to the tomb of the man of God",
        "a": "t"
    },
    {
        "o": 11288,
        "r": "csb:2 Kings:23:16",
        "w": 48,
        "l": {},
        "c": "1Kg 13:2*10153",
        "a": "u"
    },
    {
        "o": 11289,
        "r": "csb:2 Kings:23:17",
        "w": 41,
        "l": {},
        "c": "1Kg 13:1,31–32*10152",
        "a": "v"
    },
    {
        "o": 11290,
        "r": "csb:2 Kings:23:18",
        "w": 27,
        "l": {},
        "c": "1Kg 13:29–31*10181",
        "a": "w"
    },
    {
        "o": 11291,
        "r": "csb:2 Kings:23:19",
        "w": 27,
        "l": {},
        "c": "2Ch 34:6–7*13274",
        "a": "x"
    },
    {
        "o": 11292,
        "r": "csb:2 Kings:23:20",
        "w": 11,
        "l": {},
        "c": "1Kg 12:31*10147; 13:2*10153",
        "a": "y"
    },
    {
        "o": 11292,
        "r": "csb:2 Kings:23:20",
        "w": 19,
        "l": {},
        "c": "2Kg 10:25*10860; 11:18*10894; 2Ch 34:5*13273",
        "a": "z"
    },
    {
        "o": 11294,
        "r": "csb:2 Kings:23:21",
        "w": 21,
        "l": {},
        "c": "Nm 9:1–14*4363; Dt 16:1–8*5883; 2Ch 35:1–6*13308",
        "a": "a"
    },
    {
        "o": 11296,
        "r": "csb:2 Kings:23:23",
        "w": 14,
        "l": {},
        "c": "2Ch 35:18–19*13325",
        "a": "b"
    },
    {
        "o": 11298,
        "r": "csb:2 Kings:23:24",
        "w": 7,
        "l": {},
        "c": "Lv 19:31*3660; 2Kg 21:6*11222",
        "a": "c"
    },
    {
        "o": 11298,
        "r": "csb:2 Kings:23:24",
        "w": 9,
        "l": {},
        "c": "Gn 31:19*984",
        "a": "d"
    },
    {
        "o": 11298,
        "r": "csb:2 Kings:23:24",
        "w": 15,
        "l": {},
        "c": "Dt 7:26*5649; 2Kg 16:3*11038",
        "a": "e"
    },
    {
        "o": 11298,
        "r": "csb:2 Kings:23:24",
        "w": 54,
        "l": {},
        "c": "2Kg 22:8*11256; 23:2–3*11273",
        "a": "f"
    },
    {
        "o": 11299,
        "r": "csb:2 Kings:23:25",
        "w": 26,
        "l": {},
        "c": "Dt 6:4–9*5599; 2Kg 23:3*11275",
        "a": "g"
    },
    {
        "o": 11299,
        "r": "csb:2 Kings:23:25",
        "w": 41,
        "l": {},
        "c": "1Kg 3:12*9754; 2Kg 18:5*11111",
        "a": "h"
    },
    {
        "o": 11300,
        "r": "csb:2 Kings:23:26",
        "w": 32,
        "l": {},
        "c": "2Kg 21:11–13*11227; Jr 15:4*21657",
        "a": "i"
    },
    {
        "o": 11301,
        "r": "csb:2 Kings:23:27",
        "w": 18,
        "l": {},
        "c": "2Kg 18:11–12*11118",
        "a": "j"
    },
    {
        "o": 11301,
        "r": "csb:2 Kings:23:27",
        "w": 40,
        "l": {},
        "c": "Dt 12:11*5776; 1Kg 9:3*10005; 2Kg 21:4*11220",
        "a": "k"
    },
    {
        "o": 11303,
        "r": "csb:2 Kings:23:28",
        "w": 7,
        "l": {},
        "c": "2Ch 35:20–27*13328",
        "a": "l"
    },
    {
        "o": 11304,
        "r": "csb:2 Kings:23:29",
        "w": 7,
        "l": {},
        "c": "Jr 46:2*22501",
        "a": "m"
    },
    {
        "o": 11304,
        "r": "csb:2 Kings:23:29",
        "w": 28,
        "l": {},
        "c": "Jdg 5:19*7356",
        "a": "n"
    },
    {
        "o": 11305,
        "r": "csb:2 Kings:23:30",
        "w": 21,
        "l": {},
        "c": "2Kg 9:28*10822",
        "a": "o"
    },
    {
        "o": 11305,
        "r": "csb:2 Kings:23:30",
        "w": 25,
        "l": {},
        "t": "23:30*r Lit the people of the land, also in v. 35",
        "a": "p"
    },
    {
        "o": 11305,
        "r": "csb:2 Kings:23:30",
        "w": 41,
        "l": {},
        "c": "2Ch 36:1*13338",
        "a": "q"
    },
    {
        "o": 11307,
        "r": "csb:2 Kings:23:31",
        "w": 0,
        "l": {},
        "c": "1Ch 3:15*11508; Jr 22:11*21833",
        "a": "r"
    },
    {
        "o": 11307,
        "r": "csb:2 Kings:23:31",
        "w": 1,
        "l": {},
        "c": "2Ch 36:2–3*13339",
        "a": "s"
    },
    {
        "o": 11307,
        "r": "csb:2 Kings:23:31",
        "w": 20,
        "l": {},
        "c": "2Kg 24:18*11337",
        "a": "t"
    },
    {
        "o": 11308,
        "r": "csb:2 Kings:23:32",
        "w": 14,
        "l": {},
        "c": "2Kg 21:2–7*11218",
        "a": "u"
    },
    {
        "o": 11309,
        "r": "csb:2 Kings:23:33",
        "w": 5,
        "l": {},
        "c": "2Kg 25:6*11347",
        "a": "v"
    },
    {
        "o": 11309,
        "r": "csb:2 Kings:23:33",
        "w": 10,
        "l": {},
        "c": "1Kg 8:65*9999",
        "a": "w"
    },
    {
        "o": 11309,
        "r": "csb:2 Kings:23:33",
        "w": 29,
        "l": {},
        "t": "23:33*r Lit 100 talents",
        "a": "x"
    },
    {
        "o": 11309,
        "r": "csb:2 Kings:23:33",
        "w": 34,
        "l": {},
        "t": "23:33*r Lit one talent",
        "a": "y"
    },
    {
        "o": 11311,
        "r": "csb:2 Kings:23:34",
        "w": 0,
        "l": {},
        "c": "2Ch 36:4–5*13342",
        "a": "z"
    },
    {
        "o": 11311,
        "r": "csb:2 Kings:23:34",
        "w": 4,
        "l": {},
        "c": "1Ch 3:15*11508",
        "a": "a"
    },
    {
        "o": 11311,
        "r": "csb:2 Kings:23:34",
        "w": 20,
        "l": {},
        "c": "2Kg 24:17*11336; 2Ch 36:4*13342",
        "a": "b"
    },
    {
        "o": 11311,
        "r": "csb:2 Kings:23:34",
        "w": 32,
        "l": {},
        "c": "Jr 22:11–12*21833; Ezk 19:3–4*23504",
        "a": "c"
    },
    {
        "o": 11312,
        "r": "csb:2 Kings:23:35",
        "w": 36,
        "l": {},
        "c": "Ex 30:12–16*2646; Lv 27:2–8*3941",
        "a": "d"
    },
    {
        "o": 11314,
        "r": "csb:2 Kings:23:37",
        "w": 4,
        "l": {},
        "c": "Jr 22:13–19*21836; 36:1–26*22264",
        "a": "e"
    }
]
