[
    {
        "o": 10261,
        "r": "csb:1 Kings:16:1",
        "w": 8,
        "l": {},
        "c": "1Kg 16:7*10268; 2Ch 19:2*12850",
        "a": "a"
    },
    {
        "o": 10261,
        "r": "csb:1 Kings:16:1",
        "w": 11,
        "l": {},
        "c": "2Ch 16:7–10*12777",
        "a": "b"
    },
    {
        "o": 10262,
        "r": "csb:1 Kings:16:2",
        "w": 7,
        "l": {},
        "c": "1Sm 2:8*8023",
        "a": "c"
    },
    {
        "o": 10262,
        "r": "csb:1 Kings:16:2",
        "w": 15,
        "l": {},
        "c": "1Kg 14:7*10195",
        "a": "d"
    },
    {
        "o": 10262,
        "r": "csb:1 Kings:16:2",
        "w": 32,
        "l": {},
        "c": "1Kg 15:26,34*10250",
        "a": "e"
    },
    {
        "o": 10263,
        "r": "csb:1 Kings:16:3",
        "w": 22,
        "l": {},
        "c": "1Kg 14:10*10198; 15:29*10253",
        "a": "f"
    },
    {
        "o": 10264,
        "r": "csb:1 Kings:16:4",
        "w": 25,
        "l": {},
        "t": "16:4*r Lit birds of the sky",
        "a": "g"
    },
    {
        "o": 10264,
        "r": "csb:1 Kings:16:4",
        "w": 27,
        "l": {},
        "c": "1Kg 14:11*10199; 21:24*10474",
        "a": "h"
    },
    {
        "o": 10265,
        "r": "csb:1 Kings:16:5",
        "w": 23,
        "l": {},
        "c": "1Kg 14:19*10207; 15:31*10255",
        "a": "i"
    },
    {
        "o": 10267,
        "r": "csb:1 Kings:16:7",
        "w": 4,
        "l": {},
        "c": "1Kg 16:1*10261; 2Ch 19:2*12850",
        "a": "j"
    },
    {
        "o": 10267,
        "r": "csb:1 Kings:16:7",
        "w": 53,
        "l": {},
        "c": "1Kg 15:27,29*10251",
        "a": "k"
    },
    {
        "o": 10269,
        "r": "csb:1 Kings:16:8",
        "w": 20,
        "l": {},
        "c": "1Kg 15:21*10244",
        "a": "l"
    },
    {
        "o": 10270,
        "r": "csb:1 Kings:16:9",
        "w": 2,
        "l": {},
        "c": "2Kg 9:30–33*10825",
        "a": "m"
    },
    {
        "o": 10270,
        "r": "csb:1 Kings:16:9",
        "w": 17,
        "l": {},
        "c": "1Sm 25:36*8733; 1Kg 20:12,16*10415; Pr 31:4–5*19311; Eph 5:18*33203",
        "a": "n"
    },
    {
        "o": 10270,
        "r": "csb:1 Kings:16:9",
        "w": 29,
        "l": {},
        "c": "1Kg 18:3*10331",
        "a": "o"
    },
    {
        "o": 10271,
        "r": "csb:1 Kings:16:10",
        "w": 23,
        "l": {},
        "c": "1Kg 15:28*10252",
        "a": "p"
    },
    {
        "o": 10272,
        "r": "csb:1 Kings:16:11",
        "w": 27,
        "l": {},
        "t": "16:11*r Lit leave him one who urinates against the wall",
        "a": "q"
    },
    {
        "o": 10272,
        "r": "csb:1 Kings:16:11",
        "w": 27,
        "l": {},
        "c": "1Sm 25:22*8719; 1Kg 15:29*10253",
        "a": "r"
    },
    {
        "o": 10273,
        "r": "csb:1 Kings:16:12",
        "w": 23,
        "l": {},
        "c": "1Kg 16:1–4*10261",
        "a": "s"
    },
    {
        "o": 10274,
        "r": "csb:1 Kings:16:13",
        "w": 28,
        "l": {},
        "c": "1Kg 15:26,30*10250",
        "a": "t"
    },
    {
        "o": 10274,
        "r": "csb:1 Kings:16:13",
        "w": 32,
        "l": {},
        "c": "Dt 32:21*6384; 1Kg 12:28–33*10144",
        "a": "u"
    },
    {
        "o": 10275,
        "r": "csb:1 Kings:16:14",
        "w": 21,
        "l": {},
        "c": "1Kg 15:31*10255",
        "a": "v"
    },
    {
        "o": 10277,
        "r": "csb:1 Kings:16:15",
        "w": 15,
        "l": {},
        "c": "1Kg 15:21*10244",
        "a": "w"
    },
    {
        "o": 10277,
        "r": "csb:1 Kings:16:15",
        "w": 25,
        "l": {},
        "c": "1Kg 15:27*10251",
        "a": "x"
    },
    {
        "o": 10279,
        "r": "csb:1 Kings:16:17",
        "w": 11,
        "l": {},
        "c": "1Kg 14:17*10205",
        "a": "y"
    },
    {
        "o": 10281,
        "r": "csb:1 Kings:16:19",
        "w": 30,
        "l": {},
        "c": "1Kg 12:28–33*10144",
        "a": "z"
    },
    {
        "o": 10286,
        "r": "csb:1 Kings:16:23",
        "w": 23,
        "l": {},
        "c": "1Kg 15:21*10244",
        "a": "a"
    },
    {
        "o": 10287,
        "r": "csb:1 Kings:16:24",
        "w": 6,
        "l": {},
        "c": "1Kg 13:32*10184",
        "a": "b"
    },
    {
        "o": 10287,
        "r": "csb:1 Kings:16:24",
        "w": 11,
        "l": {},
        "t": "16:24*r Lit for two talents",
        "a": "c"
    },
    {
        "o": 10287,
        "r": "csb:1 Kings:16:24",
        "w": 26,
        "l": {},
        "t": "16:24*r = Belonging to Shemer’s Clan",
        "a": "d"
    },
    {
        "o": 10288,
        "r": "csb:1 Kings:16:25",
        "w": 18,
        "l": {},
        "c": "1Kg 14:9*10197; 16:30*10294",
        "a": "e"
    },
    {
        "o": 10289,
        "r": "csb:1 Kings:16:26",
        "w": 34,
        "l": {},
        "c": "1Kg 16:13,19*10274",
        "a": "f"
    },
    {
        "o": 10294,
        "r": "csb:1 Kings:16:30",
        "w": 19,
        "l": {},
        "c": "1Kg 14:9*10197; 16:25*10288",
        "a": "g"
    },
    {
        "o": 10295,
        "r": "csb:1 Kings:16:31",
        "w": 16,
        "l": {},
        "c": "Dt 7:3–4*5626; 1Kg 18:4,13*10332; Rv 2:20*34867",
        "a": "h"
    },
    {
        "o": 10295,
        "r": "csb:1 Kings:16:31",
        "w": 24,
        "l": {},
        "c": "1Kg 11:5*10072",
        "a": "i"
    },
    {
        "o": 10295,
        "r": "csb:1 Kings:16:31",
        "w": 36,
        "l": {},
        "c": "Jdg 2:11*7261",
        "a": "j"
    },
    {
        "o": 10296,
        "r": "csb:1 Kings:16:32",
        "w": 11,
        "l": {},
        "c": "2Kg 10:21,26–27*10856",
        "a": "k"
    },
    {
        "o": 10297,
        "r": "csb:1 Kings:16:33",
        "w": 5,
        "l": {},
        "c": "2Kg 13:6*10931",
        "a": "l"
    },
    {
        "o": 10297,
        "r": "csb:1 Kings:16:33",
        "w": 25,
        "l": {},
        "c": "1Kg 16:30*10294",
        "a": "m"
    },
    {
        "o": 10298,
        "r": "csb:1 Kings:16:34",
        "w": 45,
        "l": {},
        "c": "Jos 6:26*6602",
        "a": "n"
    }
]
