[
    {
        "o": 11060,
        "r": "csb:2 Kings:17:1",
        "w": 8,
        "l": {},
        "c": "2Kg 15:30*11024",
        "a": "a"
    },
    {
        "o": 11061,
        "r": "csb:2 Kings:17:2",
        "w": 18,
        "l": {},
        "c": "2Kg 15:24,28*11017",
        "a": "b"
    },
    {
        "o": 11062,
        "r": "csb:2 Kings:17:3",
        "w": 1,
        "l": {},
        "c": "Hs 10:14*25024",
        "a": "c"
    },
    {
        "o": 11062,
        "r": "csb:2 Kings:17:3",
        "w": 5,
        "l": {},
        "c": "2Kg 18:9–12*11116",
        "a": "d"
    },
    {
        "o": 11063,
        "r": "csb:2 Kings:17:4",
        "w": 18,
        "l": {},
        "c": "Is 31:1*20446",
        "a": "e"
    },
    {
        "o": 11063,
        "r": "csb:2 Kings:17:4",
        "w": 32,
        "l": {},
        "t": "17:4*r Lit as year by year",
        "a": "f"
    },
    {
        "o": 11064,
        "r": "csb:2 Kings:17:5",
        "w": 17,
        "l": {},
        "c": "2Kg 18:9–10*11116; Hs 13:16*25076",
        "a": "g"
    },
    {
        "o": 11066,
        "r": "csb:2 Kings:17:6",
        "w": 5,
        "l": {},
        "c": "Hs 1:4*24860; 13:16*25076",
        "a": "h"
    },
    {
        "o": 11066,
        "r": "csb:2 Kings:17:6",
        "w": 13,
        "l": {},
        "c": "Dt 28:64*6269; 29:27–28*6303",
        "a": "i"
    },
    {
        "o": 11066,
        "r": "csb:2 Kings:17:6",
        "w": 34,
        "l": {},
        "c": "1Ch 5:26*11594",
        "a": "j"
    },
    {
        "o": 11068,
        "r": "csb:2 Kings:17:7",
        "w": 31,
        "l": {},
        "c": "Jos 24:5–7*7176",
        "a": "k"
    },
    {
        "o": 11068,
        "r": "csb:2 Kings:17:7",
        "w": 35,
        "l": {},
        "t": "17:7*r Lit feared",
        "a": "l"
    },
    {
        "o": 11068,
        "r": "csb:2 Kings:17:7",
        "w": 37,
        "l": {},
        "c": "Jdg 6:10*7381",
        "a": "m"
    },
    {
        "o": 11069,
        "r": "csb:2 Kings:17:8",
        "w": 16,
        "l": {},
        "c": "Lv 18:3*3600; Dt 18:9*5944",
        "a": "n"
    },
    {
        "o": 11069,
        "r": "csb:2 Kings:17:8",
        "w": 25,
        "l": {},
        "c": "2Kg 16:3*11038; 17:19*11080",
        "a": "o"
    },
    {
        "o": 11070,
        "r": "csb:2 Kings:17:9",
        "w": 4,
        "l": {},
        "t": "17:9*r Or Israelites spoke words",
        "a": "p"
    },
    {
        "o": 11070,
        "r": "csb:2 Kings:17:9",
        "w": 23,
        "l": {},
        "c": "2Kg 18:8*11115",
        "a": "q"
    },
    {
        "o": 11071,
        "r": "csb:2 Kings:17:10",
        "w": 6,
        "l": {},
        "c": "Ex 23:24*2395",
        "a": "r"
    },
    {
        "o": 11071,
        "r": "csb:2 Kings:17:10",
        "w": 9,
        "l": {},
        "c": "1Kg 14:15,23*10203; 15:13*10236; 2Kg 18:4*11110",
        "a": "s"
    },
    {
        "o": 11071,
        "r": "csb:2 Kings:17:10",
        "w": 18,
        "l": {},
        "c": "Dt 12:2*5767",
        "a": "t"
    },
    {
        "o": 11073,
        "r": "csb:2 Kings:17:12",
        "w": 13,
        "l": {},
        "c": "Ex 20:4–5*2265",
        "a": "u"
    },
    {
        "o": 11074,
        "r": "csb:2 Kings:17:13",
        "w": 3,
        "l": {},
        "c": "Neh 9:29–30*13955",
        "a": "v"
    },
    {
        "o": 11074,
        "r": "csb:2 Kings:17:13",
        "w": 42,
        "l": {},
        "c": "1Kg 9:6–9*10008; 18:18–21*10346",
        "a": "w"
    },
    {
        "o": 11075,
        "r": "csb:2 Kings:17:14",
        "w": 9,
        "l": {},
        "t": "17:14*r Lit they stiffened their neck like the neck of",
        "a": "x"
    },
    {
        "o": 11075,
        "r": "csb:2 Kings:17:14",
        "w": 19,
        "l": {},
        "c": "Ex 32:9*2708; 33:3*2739; Nm 14:11*4533",
        "a": "y"
    },
    {
        "o": 11076,
        "r": "csb:2 Kings:17:15",
        "w": 12,
        "l": {},
        "c": "Ex 24:6–8*2412",
        "a": "z"
    },
    {
        "o": 11076,
        "r": "csb:2 Kings:17:15",
        "w": 27,
        "l": {},
        "c": "Jr 2:5*21254; Rm 1:21–23*31630",
        "a": "a"
    },
    {
        "o": 11076,
        "r": "csb:2 Kings:17:15",
        "w": 39,
        "l": {},
        "c": "Dt 12:30–31*5796",
        "a": "b"
    },
    {
        "o": 11077,
        "r": "csb:2 Kings:17:16",
        "w": 13,
        "l": {},
        "c": "1Kg 12:28*10144",
        "a": "c"
    },
    {
        "o": 11077,
        "r": "csb:2 Kings:17:16",
        "w": 21,
        "l": {},
        "c": "1Kg 14:15,23*10203",
        "a": "d"
    },
    {
        "o": 11077,
        "r": "csb:2 Kings:17:16",
        "w": 32,
        "l": {},
        "c": "2Kg 21:3*11219",
        "a": "e"
    },
    {
        "o": 11077,
        "r": "csb:2 Kings:17:16",
        "w": 35,
        "l": {},
        "c": "1Kg 16:31–33*10295; Am 5:26*25270; Zph 1:5*25687",
        "a": "f"
    },
    {
        "o": 11078,
        "r": "csb:2 Kings:17:17",
        "w": 8,
        "l": {},
        "t": "17:17*r Lit They made their sons and daughters pass through the fire",
        "a": "g"
    },
    {
        "o": 11078,
        "r": "csb:2 Kings:17:17",
        "w": 8,
        "l": {},
        "c": "2Kg 16:3*11038",
        "a": "h"
    },
    {
        "o": 11078,
        "r": "csb:2 Kings:17:17",
        "w": 14,
        "l": {},
        "c": "Lv 19:26*3655; Dt 18:10–12*5945; 2Kg 16:3*11038",
        "a": "i"
    },
    {
        "o": 11078,
        "r": "csb:2 Kings:17:17",
        "w": 29,
        "l": {},
        "c": "1Kg 21:20*10470",
        "a": "j"
    },
    {
        "o": 11079,
        "r": "csb:2 Kings:17:18",
        "w": 14,
        "l": {},
        "c": "2Kg 17:6*11067",
        "a": "k"
    },
    {
        "o": 11079,
        "r": "csb:2 Kings:17:18",
        "w": 20,
        "l": {},
        "c": "1Kg 11:13,32,36*10081",
        "a": "l"
    },
    {
        "o": 11080,
        "r": "csb:2 Kings:17:19",
        "w": 11,
        "l": {},
        "c": "1Kg 14:22–23*10211",
        "a": "m"
    },
    {
        "o": 11080,
        "r": "csb:2 Kings:17:19",
        "w": 20,
        "l": {},
        "c": "2Kg 16:3*11038",
        "a": "n"
    },
    {
        "o": 11081,
        "r": "csb:2 Kings:17:20",
        "w": 24,
        "l": {},
        "c": "2Kg 15:29*11023; 17:6*11067",
        "a": "o"
    },
    {
        "o": 11083,
        "r": "csb:2 Kings:17:21",
        "w": 3,
        "l": {},
        "c": "1Kg 11:11,31*10078",
        "a": "p"
    },
    {
        "o": 11083,
        "r": "csb:2 Kings:17:21",
        "w": 16,
        "l": {},
        "c": "1Kg 12:20*10135",
        "a": "q"
    },
    {
        "o": 11084,
        "r": "csb:2 Kings:17:22",
        "w": 16,
        "l": {},
        "c": "1Kg 12:28–33*10144",
        "a": "r"
    },
    {
        "o": 11085,
        "r": "csb:2 Kings:17:23",
        "w": 32,
        "l": {},
        "c": "2Kg 17:6,13*11067",
        "a": "s"
    },
    {
        "o": 11087,
        "r": "csb:2 Kings:17:24",
        "w": 37,
        "l": {},
        "c": "Ezr 4:10*13482",
        "a": "t"
    },
    {
        "o": 11088,
        "r": "csb:2 Kings:17:25",
        "w": 22,
        "l": {},
        "c": "1Kg 13:24*10176",
        "a": "u"
    },
    {
        "o": 11090,
        "r": "csb:2 Kings:17:27",
        "w": 15,
        "l": {},
        "c": "2Kg 17:6*11067",
        "a": "v"
    },
    {
        "o": 11091,
        "r": "csb:2 Kings:17:28",
        "w": 12,
        "l": {},
        "c": "1Kg 12:29,32–33*10145",
        "a": "w"
    },
    {
        "o": 11092,
        "r": "csb:2 Kings:17:29",
        "w": 34,
        "l": {},
        "c": "1Kg 12:31*10147; 13:32*10184",
        "a": "x"
    },
    {
        "o": 11094,
        "r": "csb:2 Kings:17:31",
        "w": 14,
        "l": {},
        "c": "2Kg 17:17*11078",
        "a": "y"
    },
    {
        "o": 11095,
        "r": "csb:2 Kings:17:32",
        "w": 27,
        "l": {},
        "c": "Jdg 17:5–13*7737; 1Kg 12:31*10147; 13:33*10185",
        "a": "z"
    },
    {
        "o": 11096,
        "r": "csb:2 Kings:17:33",
        "w": 10,
        "l": {},
        "c": "Zph 1:5*25687",
        "a": "a"
    },
    {
        "o": 11097,
        "r": "csb:2 Kings:17:34",
        "w": 41,
        "l": {},
        "c": "Gn 32:28*1053; 35:10*1124",
        "a": "b"
    },
    {
        "o": 11098,
        "r": "csb:2 Kings:17:35",
        "w": 22,
        "l": {},
        "c": "Ex 20:5*2266; Dt 5:9*5568; Jdg 6:10*7381",
        "a": "c"
    },
    {
        "o": 11098,
        "r": "csb:2 Kings:17:35",
        "w": 31,
        "l": {},
        "c": "Dt 5:9*5568",
        "a": "d"
    },
    {
        "o": 11099,
        "r": "csb:2 Kings:17:36",
        "w": 15,
        "l": {},
        "c": "Ex 14:15–30*2100",
        "a": "e"
    },
    {
        "o": 11099,
        "r": "csb:2 Kings:17:36",
        "w": 19,
        "l": {},
        "c": "Ex 6:6*1831; 9:15*1939",
        "a": "f"
    },
    {
        "o": 11100,
        "r": "csb:2 Kings:17:37",
        "w": 5,
        "l": {},
        "c": "Dt 5:32*5592",
        "a": "g"
    },
    {
        "o": 11101,
        "r": "csb:2 Kings:17:38",
        "w": 10,
        "l": {},
        "c": "Dt 4:23*5529; 6:12*5608",
        "a": "h"
    },
    {
        "o": 11102,
        "r": "csb:2 Kings:17:39",
        "w": 14,
        "l": {},
        "c": "Ex 23:22*2393; Dt 20:1–4*5985; 23:14*6085",
        "a": "i"
    },
    {
        "o": 11104,
        "r": "csb:2 Kings:17:41",
        "w": 20,
        "l": {},
        "c": "1Kg 18:21*10350; Ezr 4:2*13473; Mt 6:24*26300",
        "a": "j"
    }
]
