[
    {
        "o": 10404,
        "r": "csb:1 Kings:20:1",
        "w": 2,
        "l": {},
        "c": "1Kg 15:18,20*10241",
        "a": "a"
    },
    {
        "o": 10404,
        "r": "csb:1 Kings:20:1",
        "w": 10,
        "l": {},
        "c": "1Kg 22:31*10514",
        "a": "b"
    },
    {
        "o": 10404,
        "r": "csb:1 Kings:20:1",
        "w": 23,
        "l": {},
        "c": "1Kg 16:24,29*10287",
        "a": "c"
    },
    {
        "o": 10406,
        "r": "csb:1 Kings:20:3",
        "w": 16,
        "l": {},
        "c": "2Kg 24:14–16*11332; Dn 1:3–4*24455",
        "a": "d"
    },
    {
        "o": 10409,
        "r": "csb:1 Kings:20:6",
        "w": 11,
        "l": {},
        "t": "20:6*r Lit take all the delight of your eyes",
        "a": "e"
    },
    {
        "o": 10409,
        "r": "csb:1 Kings:20:6",
        "w": 11,
        "l": {},
        "c": "Lm 2:4*22844; Ezk 24:16,21,25*23707",
        "a": "f"
    },
    {
        "o": 10410,
        "r": "csb:1 Kings:20:7",
        "w": 15,
        "l": {},
        "t": "20:7*r Lit “Know and see",
        "a": "g"
    },
    {
        "o": 10410,
        "r": "csb:1 Kings:20:7",
        "w": 23,
        "l": {},
        "c": "2Kg 5:7*10677",
        "a": "h"
    },
    {
        "o": 10413,
        "r": "csb:1 Kings:20:10",
        "w": 16,
        "l": {},
        "c": "1Kg 19:2*10379; 2Kg 6:31*10734",
        "a": "i"
    },
    {
        "o": 10413,
        "r": "csb:1 Kings:20:10",
        "w": 19,
        "l": {},
        "c": "2Sm 22:43*9550",
        "a": "j"
    },
    {
        "o": 10414,
        "r": "csb:1 Kings:20:11",
        "w": 16,
        "l": {},
        "c": "Pr 27:1*19187",
        "a": "k"
    },
    {
        "o": 10415,
        "r": "csb:1 Kings:20:12",
        "w": 11,
        "l": {},
        "c": "1Kg 16:9*10270",
        "a": "l"
    },
    {
        "o": 10415,
        "r": "csb:1 Kings:20:12",
        "w": 14,
        "l": {},
        "t": "20:12*r Lit booths, also in v. 16",
        "a": "m"
    },
    {
        "o": 10416,
        "r": "csb:1 Kings:20:13",
        "w": 41,
        "l": {},
        "c": "1Kg 20:28*10431",
        "a": "n"
    },
    {
        "o": 10417,
        "r": "csb:1 Kings:20:14",
        "w": 30,
        "l": {},
        "c": "Jdg 1:1*7209; 20:18*7830",
        "a": "o"
    },
    {
        "o": 10418,
        "r": "csb:1 Kings:20:15",
        "w": 22,
        "l": {},
        "c": "Jdg 7:2*7417",
        "a": "p"
    },
    {
        "o": 10419,
        "r": "csb:1 Kings:20:16",
        "w": 10,
        "l": {},
        "c": "1Kg 20:1*10404",
        "a": "q"
    },
    {
        "o": 10420,
        "r": "csb:1 Kings:20:17",
        "w": 26,
        "l": {},
        "c": "1Kg 16:24*10287",
        "a": "r"
    },
    {
        "o": 10421,
        "r": "csb:1 Kings:20:18",
        "w": 9,
        "l": {},
        "c": "2Kg 14:8*10963",
        "a": "s"
    },
    {
        "o": 10423,
        "r": "csb:1 Kings:20:20",
        "w": 6,
        "l": {},
        "c": "2Sm 2:15–16*8916",
        "a": "t"
    },
    {
        "o": 10423,
        "r": "csb:1 Kings:20:20",
        "w": 14,
        "l": {},
        "c": "1Sm 14:13–14,22*8324",
        "a": "u"
    },
    {
        "o": 10425,
        "r": "csb:1 Kings:20:22",
        "w": 17,
        "l": {},
        "t": "20:22*r Lit then know and see",
        "a": "v"
    },
    {
        "o": 10425,
        "r": "csb:1 Kings:20:22",
        "w": 25,
        "l": {},
        "c": "2Sm 11:1*9132",
        "a": "w"
    },
    {
        "o": 10426,
        "r": "csb:1 Kings:20:23",
        "w": 16,
        "l": {},
        "c": "1Kg 14:23*10212; Ps 139:7–12*18185",
        "a": "x"
    },
    {
        "o": 10429,
        "r": "csb:1 Kings:20:26",
        "w": 11,
        "l": {},
        "c": "2Kg 13:17*10944",
        "a": "y"
    },
    {
        "o": 10430,
        "r": "csb:1 Kings:20:27",
        "w": 28,
        "l": {},
        "c": "Jdg 6:5*7375; 1Sm 13:5*8291",
        "a": "z"
    },
    {
        "o": 10431,
        "r": "csb:1 Kings:20:28",
        "w": 4,
        "l": {},
        "c": "1Kg 17:18*10320",
        "a": "a"
    },
    {
        "o": 10431,
        "r": "csb:1 Kings:20:28",
        "w": 38,
        "l": {},
        "c": "1Kg 20:23*10426",
        "a": "b"
    },
    {
        "o": 10431,
        "r": "csb:1 Kings:20:28",
        "w": 59,
        "l": {},
        "c": "1Kg 20:13*10416",
        "a": "c"
    },
    {
        "o": 10432,
        "r": "csb:1 Kings:20:29",
        "w": 11,
        "l": {},
        "c": "Jos 6:15*6590",
        "a": "d"
    },
    {
        "o": 10433,
        "r": "csb:1 Kings:20:30",
        "w": 28,
        "l": {},
        "c": "1Kg 22:25*10507",
        "a": "e"
    },
    {
        "o": 10434,
        "r": "csb:1 Kings:20:31",
        "w": 27,
        "l": {},
        "c": "Gn 37:34*1230",
        "a": "f"
    },
    {
        "o": 10436,
        "r": "csb:1 Kings:20:33",
        "w": 16,
        "l": {},
        "t": "20:33*r Some Hb mss, alt Hb tradition, LXX; other Hb mss read they hastened and caught hold; “Is this it?”",
        "a": "g"
    },
    {
        "o": 10437,
        "r": "csb:1 Kings:20:34",
        "w": 17,
        "l": {},
        "c": "1Kg 15:20*10243",
        "a": "h"
    },
    {
        "o": 10437,
        "r": "csb:1 Kings:20:34",
        "w": 34,
        "l": {},
        "c": "2Sm 8:6*9081",
        "a": "i"
    },
    {
        "o": 10439,
        "r": "csb:1 Kings:20:35",
        "w": 6,
        "l": {},
        "c": "2Kg 2:3,5,7*10563",
        "a": "j"
    },
    {
        "o": 10440,
        "r": "csb:1 Kings:20:36",
        "w": 22,
        "l": {},
        "c": "1Kg 13:24*10176",
        "a": "k"
    },
    {
        "o": 10442,
        "r": "csb:1 Kings:20:38",
        "w": 13,
        "l": {},
        "c": "1Kg 14:2*10190",
        "a": "l"
    },
    {
        "o": 10443,
        "r": "csb:1 Kings:20:39",
        "w": 53,
        "l": {},
        "c": "Jos 2:14*6499; 2Kg 10:24*10859",
        "a": "m"
    },
    {
        "o": 10443,
        "r": "csb:1 Kings:20:39",
        "w": 60,
        "l": {},
        "t": "20:39*r Lit a talent",
        "a": "n"
    },
    {
        "o": 10444,
        "r": "csb:1 Kings:20:40",
        "w": 27,
        "l": {},
        "c": "2Sm 12:5*9166",
        "a": "o"
    },
    {
        "o": 10446,
        "r": "csb:1 Kings:20:42",
        "w": 24,
        "l": {},
        "c": "1Kg 19:16*10395",
        "a": "p"
    },
    {
        "o": 10447,
        "r": "csb:1 Kings:20:43",
        "w": 9,
        "l": {},
        "c": "1Kg 21:4*10453",
        "a": "q"
    }
]
