[
    {
        "o": 12863,
        "r": "csb:2 Chronicles:20:1",
        "w": 11,
        "l": {},
        "t": "20:1*r LXX; MT reads Ammonites; 2Ch 26:7",
        "a": "a"
    },
    {
        "o": 12863,
        "r": "csb:2 Chronicles:20:1",
        "w": 11,
        "l": {},
        "c": "2Ch 26:7*13044",
        "a": "b"
    },
    {
        "o": 12864,
        "r": "csb:2 Chronicles:20:2",
        "w": 15,
        "l": {},
        "t": "20:2*r Some Hb mss, Old Lat; other Hb mss read Aram",
        "a": "c"
    },
    {
        "o": 12864,
        "r": "csb:2 Chronicles:20:2",
        "w": 26,
        "l": {},
        "c": "Gn 14:7*381",
        "a": "d"
    },
    {
        "o": 12865,
        "r": "csb:2 Chronicles:20:3",
        "w": 5,
        "l": {},
        "c": "2Ch 19:3*12852",
        "a": "e"
    },
    {
        "o": 12865,
        "r": "csb:2 Chronicles:20:3",
        "w": 14,
        "l": {},
        "c": "1Sm 7:6*8146; Ezr 8:21*13598",
        "a": "f"
    },
    {
        "o": 12869,
        "r": "csb:2 Chronicles:20:6",
        "w": 15,
        "l": {},
        "c": "Dt 4:39*5545",
        "a": "g"
    },
    {
        "o": 12869,
        "r": "csb:2 Chronicles:20:6",
        "w": 27,
        "l": {},
        "c": "1Ch 29:11*12382",
        "a": "h"
    },
    {
        "o": 12870,
        "r": "csb:2 Chronicles:20:7",
        "w": 16,
        "l": {},
        "c": "Ps 135:10–12*18114",
        "a": "i"
    },
    {
        "o": 12870,
        "r": "csb:2 Chronicles:20:7",
        "w": 26,
        "l": {},
        "c": "Is 41:8*20679",
        "a": "j"
    },
    {
        "o": 12872,
        "r": "csb:2 Chronicles:20:9",
        "w": 10,
        "l": {},
        "c": "2Ch 6:28–30*12542",
        "a": "k"
    },
    {
        "o": 12872,
        "r": "csb:2 Chronicles:20:9",
        "w": 26,
        "l": {},
        "c": "2Ch 6:20*12534",
        "a": "l"
    },
    {
        "o": 12873,
        "r": "csb:2 Chronicles:20:10",
        "w": 11,
        "l": {},
        "c": "2Ch 20:1,22*12863",
        "a": "m"
    },
    {
        "o": 12873,
        "r": "csb:2 Chronicles:20:10",
        "w": 38,
        "l": {},
        "c": "Nm 20:14–21*4756; Dt 2:4–9*5434",
        "a": "n"
    },
    {
        "o": 12875,
        "r": "csb:2 Chronicles:20:12",
        "w": 6,
        "l": {},
        "c": "Jdg 11:27*7593",
        "a": "o"
    },
    {
        "o": 12875,
        "r": "csb:2 Chronicles:20:12",
        "w": 32,
        "l": {},
        "t": "20:12*r Lit but on you our eyes",
        "a": "p"
    },
    {
        "o": 12875,
        "r": "csb:2 Chronicles:20:12",
        "w": 32,
        "l": {},
        "c": "Ps 25:15*15860; 121:1–2*17970",
        "a": "q"
    },
    {
        "o": 12878,
        "r": "csb:2 Chronicles:20:14",
        "w": 12,
        "l": {},
        "c": "2Ch 15:1*12749; 24:20*12992",
        "a": "r"
    },
    {
        "o": 12879,
        "r": "csb:2 Chronicles:20:15",
        "w": 31,
        "l": {},
        "c": "Ex 14:13*2097; 2Ch 32:7–8*13204",
        "a": "s"
    },
    {
        "o": 12879,
        "r": "csb:2 Chronicles:20:15",
        "w": 39,
        "l": {},
        "c": "1Sm 17:47*8479; 2Ch 13:15*12721; 14:12*12743",
        "a": "t"
    },
    {
        "o": 12881,
        "r": "csb:2 Chronicles:20:17",
        "w": 18,
        "l": {},
        "c": "Ex 14:13–14*2097",
        "a": "u"
    },
    {
        "o": 12881,
        "r": "csb:2 Chronicles:20:17",
        "w": 31,
        "l": {},
        "c": "Jos 1:9*6473",
        "a": "v"
    },
    {
        "o": 12881,
        "r": "csb:2 Chronicles:20:17",
        "w": 43,
        "l": {},
        "c": "2Ch 15:2*12750",
        "a": "w"
    },
    {
        "o": 12882,
        "r": "csb:2 Chronicles:20:18",
        "w": 25,
        "l": {},
        "c": "2Ch 7:3*12561",
        "a": "x"
    },
    {
        "o": 12883,
        "r": "csb:2 Chronicles:20:19",
        "w": 11,
        "l": {},
        "c": "Ex 6:18*1844; 1Ch 9:19*11790",
        "a": "y"
    },
    {
        "o": 12885,
        "r": "csb:2 Chronicles:20:20",
        "w": 44,
        "l": {},
        "c": "Is 7:9*19918",
        "a": "z"
    },
    {
        "o": 12886,
        "r": "csb:2 Chronicles:20:21",
        "w": 22,
        "l": {},
        "c": "1Ch 16:29*12023; Ps 29:2*15916",
        "a": "a"
    },
    {
        "o": 12886,
        "r": "csb:2 Chronicles:20:21",
        "w": 35,
        "l": {},
        "t": "20:21*r Lit saying",
        "a": "b"
    },
    {
        "o": 12886,
        "r": "csb:2 Chronicles:20:21",
        "w": 46,
        "l": {},
        "c": "1Ch 16:34*12028; 2Ch 5:13*12510; 7:3*12561; Ps 118:1,29*17728; 136:1*18128",
        "a": "c"
    },
    {
        "o": 12887,
        "r": "csb:2 Chronicles:20:22",
        "w": 12,
        "l": {},
        "c": "2Ch 13:13*12719",
        "a": "d"
    },
    {
        "o": 12888,
        "r": "csb:2 Chronicles:20:23",
        "w": 14,
        "l": {},
        "c": "Ezk 38:21*24122; Hg 2:22*25785; Zch 14:13*26024",
        "a": "e"
    },
    {
        "o": 12888,
        "r": "csb:2 Chronicles:20:23",
        "w": 28,
        "l": {},
        "c": "Jdg 7:22*7439; 1Sm 14:20*8332",
        "a": "f"
    },
    {
        "o": 12890,
        "r": "csb:2 Chronicles:20:25",
        "w": 13,
        "l": {},
        "t": "20:25*r LXX reads found cattle",
        "a": "g"
    },
    {
        "o": 12890,
        "r": "csb:2 Chronicles:20:25",
        "w": 20,
        "l": {},
        "t": "20:25*r Some Hb mss, Old Lat, Vg read goods, garments",
        "a": "h"
    },
    {
        "o": 12891,
        "r": "csb:2 Chronicles:20:26",
        "w": 6,
        "l": {},
        "t": "20:26*r = Blessing",
        "a": "i"
    },
    {
        "o": 12894,
        "r": "csb:2 Chronicles:20:29",
        "w": 3,
        "l": {},
        "c": "2Ch 14:14*12745; 17:10*12798",
        "a": "j"
    },
    {
        "o": 12895,
        "r": "csb:2 Chronicles:20:30",
        "w": 13,
        "l": {},
        "c": "2Ch 14:6–7*12736; 15:15*12763",
        "a": "k"
    },
    {
        "o": 12897,
        "r": "csb:2 Chronicles:20:31",
        "w": 4,
        "l": {},
        "c": "1Kg 22:41–45*10525",
        "a": "l"
    },
    {
        "o": 12899,
        "r": "csb:2 Chronicles:20:33",
        "w": 7,
        "l": {},
        "c": "2Ch 17:6*12794",
        "a": "m"
    },
    {
        "o": 12899,
        "r": "csb:2 Chronicles:20:33",
        "w": 21,
        "l": {},
        "c": "2Ch 19:3*12852",
        "a": "n"
    },
    {
        "o": 12900,
        "r": "csb:2 Chronicles:20:34",
        "w": 18,
        "l": {},
        "c": "2Ch 19:2*12850",
        "a": "o"
    },
    {
        "o": 12900,
        "r": "csb:2 Chronicles:20:34",
        "w": 30,
        "l": {},
        "c": "1Kg 16:1,7*10261",
        "a": "p"
    },
    {
        "o": 12902,
        "r": "csb:2 Chronicles:20:35",
        "w": 1,
        "l": {},
        "c": "1Kg 22:48–49*10532",
        "a": "q"
    },
    {
        "o": 12903,
        "r": "csb:2 Chronicles:20:36",
        "w": 12,
        "l": {},
        "c": "2Ch 9:21*12627",
        "a": "r"
    }
]
