[
    {
        "o": 32808,
        "r": "csb:2 Corinthians:10:2",
        "w": 34,
        "l": {},
        "c": "Php 3:3*33323",
        "a": "a"
    },
    {
        "o": 32810,
        "r": "csb:2 Corinthians:10:4",
        "w": 5,
        "l": {},
        "c": "1Tm 1:18*33666",
        "a": "b"
    },
    {
        "o": 32810,
        "r": "csb:2 Corinthians:10:4",
        "w": 13,
        "l": {},
        "c": "Ac 25:5*31458",
        "a": "c"
    },
    {
        "o": 32811,
        "r": "csb:2 Corinthians:10:5",
        "w": 10,
        "l": {},
        "c": "Jn 17:3*30265; 1Jn 4:8*34712",
        "a": "d"
    },
    {
        "o": 32813,
        "r": "csb:2 Corinthians:10:7",
        "w": 4,
        "l": {},
        "t": "10:7*r Or You are looking at things outwardly",
        "a": "e"
    },
    {
        "o": 32813,
        "r": "csb:2 Corinthians:10:7",
        "w": 13,
        "l": {},
        "c": "1Co 3:23*32189; Gl 5:24*33047",
        "a": "f"
    },
    {
        "o": 32814,
        "r": "csb:2 Corinthians:10:8",
        "w": 18,
        "l": {},
        "c": "1Co 14:3*32472",
        "a": "g"
    },
    {
        "o": 32818,
        "r": "csb:2 Corinthians:10:12",
        "w": 11,
        "l": {},
        "c": "Gl 2:18*32949",
        "a": "h"
    },
    {
        "o": 32818,
        "r": "csb:2 Corinthians:10:12",
        "w": 23,
        "l": {},
        "c": "Pr 26:12*19169; 27:2*19188",
        "a": "i"
    },
    {
        "o": 32818,
        "r": "csb:2 Corinthians:10:12",
        "w": 26,
        "l": {},
        "c": "Mt 13:13*26588",
        "a": "j"
    },
    {
        "o": 32819,
        "r": "csb:2 Corinthians:10:13",
        "w": 20,
        "l": {},
        "c": "Rm 12:3*31973; 1Co 7:17*32275; Heb 7:2*34086",
        "a": "k"
    },
    {
        "o": 32821,
        "r": "csb:2 Corinthians:10:15",
        "w": 16,
        "l": {},
        "c": "1Th 1:3*33485",
        "a": "l"
    },
    {
        "o": 32822,
        "r": "csb:2 Corinthians:10:16",
        "w": 11,
        "l": {},
        "c": "Ac 19:21*31242",
        "a": "m"
    },
    {
        "o": 32822,
        "r": "csb:2 Corinthians:10:16",
        "w": 25,
        "l": {},
        "c": "Rm 15:20*32060",
        "a": "n"
    },
    {
        "o": 32823,
        "r": "csb:2 Corinthians:10:17",
        "w": 9,
        "l": {},
        "t": "10:17*r Jr 9:24",
        "a": "o"
    },
    {
        "o": 32823,
        "r": "csb:2 Corinthians:10:17",
        "w": 9,
        "l": {},
        "c": "Jr 9:24*21517",
        "a": "p"
    },
    {
        "o": 32824,
        "r": "csb:2 Corinthians:10:18",
        "w": 16,
        "l": {},
        "c": "1Th 2:4*33498",
        "a": "q"
    }
]
