[
    {
        "o": 12470,
        "r": "csb:2 Chronicles:4:1",
        "w": 4,
        "l": {},
        "c": "Ex 27:1–2*2511; 2Kg 16:14*11050",
        "a": "a"
    },
    {
        "o": 12470,
        "r": "csb:2 Chronicles:4:1",
        "w": 6,
        "l": {},
        "t": "4:1*r Lit 20 cubits",
        "a": "b"
    },
    {
        "o": 12470,
        "r": "csb:2 Chronicles:4:1",
        "w": 13,
        "l": {},
        "t": "4:1*r Lit 10 cubits, also in v. 2",
        "a": "c"
    },
    {
        "o": 12471,
        "r": "csb:2 Chronicles:4:2",
        "w": 6,
        "l": {},
        "t": "4:2*r Lit sea",
        "a": "d"
    },
    {
        "o": 12471,
        "r": "csb:2 Chronicles:4:2",
        "w": 6,
        "l": {},
        "c": "1Kg 7:23–26*9897; Ezk 47:1–12*24389; Rv 22:1*35290",
        "a": "e"
    },
    {
        "o": 12471,
        "r": "csb:2 Chronicles:4:2",
        "w": 18,
        "l": {},
        "t": "4:2*r Lit five cubits",
        "a": "f"
    },
    {
        "o": 12471,
        "r": "csb:2 Chronicles:4:2",
        "w": 22,
        "l": {},
        "t": "4:2*r Lit 30 cubits",
        "a": "g"
    },
    {
        "o": 12472,
        "r": "csb:2 Chronicles:4:3",
        "w": 3,
        "l": {},
        "t": "4:3*r = gourds in 1Kg 7:24",
        "a": "h"
    },
    {
        "o": 12472,
        "r": "csb:2 Chronicles:4:3",
        "w": 13,
        "l": {},
        "t": "4:3*r Lit 10 per cubit",
        "a": "i"
    },
    {
        "o": 12474,
        "r": "csb:2 Chronicles:4:5",
        "w": 4,
        "l": {},
        "t": "4:5*r Lit a handbreadth",
        "a": "j"
    },
    {
        "o": 12474,
        "r": "csb:2 Chronicles:4:5",
        "w": 26,
        "l": {},
        "t": "4:5*r Text emended; MT reads 3,000 baths in 1Kg 7:26",
        "a": "k"
    },
    {
        "o": 12475,
        "r": "csb:2 Chronicles:4:6",
        "w": 17,
        "l": {},
        "c": "1Kg 7:38–39*9914",
        "a": "l"
    },
    {
        "o": 12475,
        "r": "csb:2 Chronicles:4:6",
        "w": 27,
        "l": {},
        "c": "Ezk 40:38*24199",
        "a": "m"
    },
    {
        "o": 12477,
        "r": "csb:2 Chronicles:4:7",
        "w": 24,
        "l": {},
        "c": "Ex 37:17–24*2899; 1Kg 7:49*9928",
        "a": "n"
    },
    {
        "o": 12478,
        "r": "csb:2 Chronicles:4:8",
        "w": 18,
        "l": {},
        "c": "1Kg 7:48*9927",
        "a": "o"
    },
    {
        "o": 12479,
        "r": "csb:2 Chronicles:4:9",
        "w": 3,
        "l": {},
        "c": "1Kg 6:36*9868",
        "a": "p"
    },
    {
        "o": 12480,
        "r": "csb:2 Chronicles:4:10",
        "w": 10,
        "l": {},
        "c": "1Kg 7:39*9915",
        "a": "q"
    },
    {
        "o": 12481,
        "r": "csb:2 Chronicles:4:11",
        "w": 1,
        "l": {},
        "t": "4:11*r = Hiram in 1Kg 7:13,40,45",
        "a": "r"
    },
    {
        "o": 12481,
        "r": "csb:2 Chronicles:4:11",
        "w": 1,
        "l": {},
        "c": "1Kg 7:13,40,45*9885",
        "a": "s"
    },
    {
        "o": 12481,
        "r": "csb:2 Chronicles:4:11",
        "w": 2,
        "l": {},
        "c": "1Kg 7:40–51*9918",
        "a": "t"
    },
    {
        "o": 12485,
        "r": "csb:2 Chronicles:4:13",
        "w": 23,
        "l": {},
        "c": "1Kg 7:20*9893",
        "a": "u"
    },
    {
        "o": 12486,
        "r": "csb:2 Chronicles:4:14",
        "w": 5,
        "l": {},
        "t": "4:14*r Lit the stands",
        "a": "v"
    },
    {
        "o": 12486,
        "r": "csb:2 Chronicles:4:14",
        "w": 5,
        "l": {},
        "c": "1Kg 7:27–37*9902",
        "a": "w"
    },
    {
        "o": 12488,
        "r": "csb:2 Chronicles:4:16",
        "w": 10,
        "l": {},
        "t": "4:16*r Lit Huram my father",
        "a": "x"
    },
    {
        "o": 12488,
        "r": "csb:2 Chronicles:4:16",
        "w": 10,
        "l": {},
        "c": "1Kg 7:14*9887; 2Ch 2:13*12440",
        "a": "y"
    },
    {
        "o": 12492,
        "r": "csb:2 Chronicles:4:19",
        "w": 22,
        "l": {},
        "c": "Lv 24:5–9*3813",
        "a": "z"
    },
    {
        "o": 12493,
        "r": "csb:2 Chronicles:4:20",
        "w": 18,
        "l": {},
        "c": "Ex 25:31–40*2460; 2Ch 4:7*12477",
        "a": "a"
    },
    {
        "o": 12495,
        "r": "csb:2 Chronicles:4:22",
        "w": 5,
        "l": {},
        "t": "4:22*r Or dishes, or spoons; lit palms",
        "a": "b"
    }
]
