[
    {
        "o": 34435,
        "r": "csb:1 Peter:1:1",
        "w": 0,
        "l": {},
        "c": "Lk 6:14*28435; Ac 10:32*30881",
        "a": "a"
    },
    {
        "o": 34435,
        "r": "csb:1 Peter:1:1",
        "w": 11,
        "l": {},
        "c": "Gn 23:4*638; Ps 39:12*16159; Heb 11:9,13*34214; 1Pt 2:11*34475",
        "a": "b"
    },
    {
        "o": 34435,
        "r": "csb:1 Peter:1:1",
        "w": 12,
        "l": {},
        "c": "Jn 7:35*29812; Jms 1:1*34310",
        "a": "c"
    },
    {
        "o": 34435,
        "r": "csb:1 Peter:1:1",
        "w": 20,
        "l": {},
        "c": "Ac 2:9*30500; 6:9*30674; 16:6–7*31106; Gl 1:2*32904",
        "a": "d"
    },
    {
        "o": 34435,
        "r": "csb:1 Peter:1:1",
        "w": 21,
        "l": {},
        "c": "Mt 22:14*26976; 24:22*27079; Ti 1:1*33882",
        "a": "e"
    },
    {
        "o": 34436,
        "r": "csb:1 Peter:1:2",
        "w": 3,
        "l": {},
        "c": "Rm 8:29*31854; 1Pt 1:20*34456",
        "a": "f"
    },
    {
        "o": 34436,
        "r": "csb:1 Peter:1:2",
        "w": 14,
        "l": {},
        "c": "2Th 2:13*33617",
        "a": "g"
    },
    {
        "o": 34436,
        "r": "csb:1 Peter:1:2",
        "w": 17,
        "l": {},
        "c": "1Pt 1:14,22*34450",
        "a": "h"
    },
    {
        "o": 34436,
        "r": "csb:1 Peter:1:2",
        "w": 24,
        "l": {},
        "c": "Heb 9:12*34144; 10:22*34185; 12:24*34273",
        "a": "i"
    },
    {
        "o": 34438,
        "r": "csb:1 Peter:1:3",
        "w": 10,
        "l": {},
        "c": "2Co 1:3*32610; Eph 1:3*33076",
        "a": "j"
    },
    {
        "o": 34438,
        "r": "csb:1 Peter:1:3",
        "w": 15,
        "l": {},
        "c": "Gl 6:16*33068; Ti 3:5*33922",
        "a": "k"
    },
    {
        "o": 34438,
        "r": "csb:1 Peter:1:3",
        "w": 21,
        "l": {},
        "c": "Jn 1:13*29477; 3:3,7*29551; Jms 1:18*34328; 1Pt 1:23*34459",
        "a": "l"
    },
    {
        "o": 34438,
        "r": "csb:1 Peter:1:3",
        "w": 25,
        "l": {},
        "c": "Ac 23:6*31391; 1Th 1:3*33485",
        "a": "m"
    },
    {
        "o": 34438,
        "r": "csb:1 Peter:1:3",
        "w": 34,
        "l": {},
        "c": "1Co 15:20*32534; 1Pt 3:21*34515",
        "a": "n"
    },
    {
        "o": 34439,
        "r": "csb:1 Peter:1:4",
        "w": 6,
        "l": {},
        "c": "Ac 20:32*31299; Rm 8:17*31842; Col 3:24*33457",
        "a": "o"
    },
    {
        "o": 34439,
        "r": "csb:1 Peter:1:4",
        "w": 12,
        "l": {},
        "c": "2Tm 4:8*33864",
        "a": "p"
    },
    {
        "o": 34440,
        "r": "csb:1 Peter:1:5",
        "w": 6,
        "l": {},
        "c": "Jn 10:28*29974; Php 4:7*33351",
        "a": "q"
    },
    {
        "o": 34440,
        "r": "csb:1 Peter:1:5",
        "w": 21,
        "l": {},
        "c": "Rm 8:18*31843; 2Co 4:17*32696; Heb 12:11*34259; 1Pt 4:13*34533; 5:1,10*34542; Rv 15:1*35127; 21:9*35269",
        "a": "r"
    },
    {
        "o": 34441,
        "r": "csb:1 Peter:1:6",
        "w": 3,
        "l": {},
        "t": "1:6*r Or In this fact rejoice",
        "a": "s"
    },
    {
        "o": 34441,
        "r": "csb:1 Peter:1:6",
        "w": 18,
        "l": {},
        "c": "Jms 1:2*34311; 1Pt 4:12*34532",
        "a": "t"
    },
    {
        "o": 34442,
        "r": "csb:1 Peter:1:7",
        "w": 7,
        "l": {},
        "c": "Jms 1:3*34312",
        "a": "u"
    },
    {
        "o": 34442,
        "r": "csb:1 Peter:1:7",
        "w": 18,
        "l": {},
        "c": "Is 48:10*20863; Zch 13:9*26009; Mal 3:3*26074; 1Co 3:13*32178",
        "a": "v"
    },
    {
        "o": 34442,
        "r": "csb:1 Peter:1:7",
        "w": 20,
        "l": {},
        "c": "2Co 5:3*32702; Php 3:9*33329; Rv 14:5*35108",
        "a": "w"
    },
    {
        "o": 34442,
        "r": "csb:1 Peter:1:7",
        "w": 25,
        "l": {},
        "c": "Rm 2:7,10,29*31651; 1Co 4:5*32197",
        "a": "x"
    },
    {
        "o": 34442,
        "r": "csb:1 Peter:1:7",
        "w": 31,
        "l": {},
        "c": "Lk 17:30*29047",
        "a": "y"
    },
    {
        "o": 34443,
        "r": "csb:1 Peter:1:8",
        "w": 4,
        "l": {},
        "c": "Ex 33:20*2757; Rm 8:24*31849",
        "a": "z"
    },
    {
        "o": 34443,
        "r": "csb:1 Peter:1:8",
        "w": 8,
        "l": {},
        "c": "1Jn 4:20*34724",
        "a": "a"
    },
    {
        "o": 34443,
        "r": "csb:1 Peter:1:8",
        "w": 20,
        "l": {},
        "c": "Jn 15:11*30206; 2Co 6:10*32733",
        "a": "b"
    },
    {
        "o": 34445,
        "r": "csb:1 Peter:1:10",
        "w": 4,
        "l": {},
        "c": "Lk 1:70*28210; 10:24*28706; 16:16,29*28996; 18:31*29091; 24:25,27,44*29432",
        "a": "c"
    },
    {
        "o": 34446,
        "r": "csb:1 Peter:1:11",
        "w": 11,
        "l": {},
        "c": "Rm 8:9*31832",
        "a": "d"
    },
    {
        "o": 34446,
        "r": "csb:1 Peter:1:11",
        "w": 20,
        "l": {},
        "c": "Mt 26:24*27190",
        "a": "e"
    },
    {
        "o": 34446,
        "r": "csb:1 Peter:1:11",
        "w": 25,
        "l": {},
        "c": "Mk 8:31*27711; Lk 24:26*29433; Php 3:10*33330",
        "a": "f"
    },
    {
        "o": 34446,
        "r": "csb:1 Peter:1:11",
        "w": 28,
        "l": {},
        "c": "Lk 24:26*29433",
        "a": "g"
    },
    {
        "o": 34446,
        "r": "csb:1 Peter:1:11",
        "w": 31,
        "l": {},
        "t": "1:11*r Or the glories after that",
        "a": "h"
    },
    {
        "o": 34447,
        "r": "csb:1 Peter:1:12",
        "w": 28,
        "l": {},
        "c": "Mk 16:15*28126; 1Co 9:14*32330; 2Co 10:16*32822",
        "a": "i"
    },
    {
        "o": 34447,
        "r": "csb:1 Peter:1:12",
        "w": 35,
        "l": {},
        "c": "Jn 14:26*30187; 15:26*30223; Ac 1:8*30469; 2:2–4*30493; 13:4*30969",
        "a": "j"
    },
    {
        "o": 34449,
        "r": "csb:1 Peter:1:13",
        "w": 6,
        "l": {},
        "c": "Ex 12:11*2016",
        "a": "k"
    },
    {
        "o": 34449,
        "r": "csb:1 Peter:1:13",
        "w": 8,
        "l": {},
        "c": "1Pt 5:8*34550",
        "a": "l"
    },
    {
        "o": 34449,
        "r": "csb:1 Peter:1:13",
        "w": 12,
        "l": {},
        "c": "Mt 12:21*26539; Rm 8:24*31849; 1Th 1:3*33485",
        "a": "m"
    },
    {
        "o": 34449,
        "r": "csb:1 Peter:1:13",
        "w": 24,
        "l": {},
        "c": "1Pt 4:13*34533; 5:4*34545",
        "a": "n"
    },
    {
        "o": 34450,
        "r": "csb:1 Peter:1:14",
        "w": 2,
        "l": {},
        "c": "Heb 2:13*33996",
        "a": "o"
    },
    {
        "o": 34451,
        "r": "csb:1 Peter:1:15",
        "w": 6,
        "l": {},
        "c": "Gl 1:6*32909; 5:8*33030; 1Th 2:12*33507; 5:24*33582; 1Pt 5:10*34552",
        "a": "p"
    },
    {
        "o": 34451,
        "r": "csb:1 Peter:1:15",
        "w": 8,
        "l": {},
        "c": "Lk 1:49*28187; 1Co 7:14*32271",
        "a": "q"
    },
    {
        "o": 34452,
        "r": "csb:1 Peter:1:16",
        "w": 9,
        "l": {},
        "t": "1:16*r Lv 11:44–45; 19:2; 20:7",
        "a": "r"
    },
    {
        "o": 34452,
        "r": "csb:1 Peter:1:16",
        "w": 9,
        "l": {},
        "c": "Lv 11:44–45*3370; 19:2*3631; 20:7*3675",
        "a": "s"
    },
    {
        "o": 34453,
        "r": "csb:1 Peter:1:17",
        "w": 8,
        "l": {},
        "c": "Ac 10:34*30884; Rm 2:11*31655; Gl 2:6*32936; Eph 6:9*33232",
        "a": "t"
    },
    {
        "o": 34453,
        "r": "csb:1 Peter:1:17",
        "w": 13,
        "l": {},
        "c": "1Co 3:12*32177",
        "a": "u"
    },
    {
        "o": 34453,
        "r": "csb:1 Peter:1:17",
        "w": 20,
        "l": {},
        "c": "Ac 9:31*30832; Rm 3:18*31696; 2Co 5:11*32710; 7:1*32745; Eph 5:21*33207; Php 2:12*33299",
        "a": "v"
    },
    {
        "o": 34454,
        "r": "csb:1 Peter:1:18",
        "w": 12,
        "l": {},
        "c": "2Pt 3:11*34618",
        "a": "w"
    },
    {
        "o": 34454,
        "r": "csb:1 Peter:1:18",
        "w": 24,
        "l": {},
        "c": "Is 52:3*20946; 1Co 6:20*32253; Ti 2:14*33914; Heb 9:12*34144",
        "a": "x"
    },
    {
        "o": 34455,
        "r": "csb:1 Peter:1:19",
        "w": 6,
        "l": {},
        "c": "Jn 6:53*29754; Ac 20:28*31295; 1Co 10:16*32362; Eph 2:13*33114; Heb 10:19*34182",
        "a": "y"
    },
    {
        "o": 34455,
        "r": "csb:1 Peter:1:19",
        "w": 14,
        "l": {},
        "c": "Ex 12:5*2010; Lv 4:32*3130; Is 53:7*20967; Jn 1:29*29495",
        "a": "z"
    },
    {
        "o": 34456,
        "r": "csb:1 Peter:1:20",
        "w": 2,
        "l": {},
        "c": "Ac 2:23*30515; Eph 1:4*33077; 1Pt 1:2*34437; Rv 13:8*35089",
        "a": "a"
    },
    {
        "o": 34456,
        "r": "csb:1 Peter:1:20",
        "w": 15,
        "l": {},
        "c": "2Pt 3:3*34610; Jd 18*34810",
        "a": "b"
    },
    {
        "o": 34457,
        "r": "csb:1 Peter:1:21",
        "w": 5,
        "l": {},
        "c": "Ac 10:45*30896; Rm 4:24*31740; 10:9*31914; Eph 1:1*33073; 1Tm 4:12*33721; 6:2*33759",
        "a": "c"
    },
    {
        "o": 34457,
        "r": "csb:1 Peter:1:21",
        "w": 11,
        "l": {},
        "c": "Ac 2:24*30516; Rm 10:9*31914",
        "a": "d"
    },
    {
        "o": 34457,
        "r": "csb:1 Peter:1:21",
        "w": 15,
        "l": {},
        "c": "Jn 17:5,24*30268; 1Tm 3:16*33705; Heb 2:9*33992",
        "a": "e"
    },
    {
        "o": 34458,
        "r": "csb:1 Peter:1:22",
        "w": 10,
        "l": {},
        "t": "1:22*r Other mss add through the Spirit",
        "a": "f"
    },
    {
        "o": 34458,
        "r": "csb:1 Peter:1:22",
        "w": 20,
        "l": {},
        "c": "Zch 7:9*25898; Jn 13:34*30149; Rm 12:10*31981; 1Th 4:9*33545; 1Jn 4:7*34711",
        "a": "g"
    },
    {
        "o": 34458,
        "r": "csb:1 Peter:1:22",
        "w": 23,
        "l": {},
        "t": "1:22*r Other mss omit pure",
        "a": "h"
    },
    {
        "o": 34458,
        "r": "csb:1 Peter:1:22",
        "w": 28,
        "l": {},
        "t": "1:22*r Or fervently",
        "a": "i"
    },
    {
        "o": 34458,
        "r": "csb:1 Peter:1:22",
        "w": 28,
        "l": {},
        "c": "1Tm 1:5*33651",
        "a": "j"
    },
    {
        "o": 34459,
        "r": "csb:1 Peter:1:23",
        "w": 5,
        "l": {},
        "c": "1Pt 1:3*34438",
        "a": "k"
    },
    {
        "o": 34459,
        "r": "csb:1 Peter:1:23",
        "w": 9,
        "l": {},
        "c": "1Jn 3:9*34685",
        "a": "l"
    },
    {
        "o": 34459,
        "r": "csb:1 Peter:1:23",
        "w": 20,
        "l": {},
        "c": "Lk 8:21*28562; Heb 4:12*34037",
        "a": "m"
    },
    {
        "o": 34460,
        "r": "csb:1 Peter:1:24",
        "w": 9,
        "l": {},
        "c": "1Pt 5:4*34545",
        "a": "n"
    },
    {
        "o": 34461,
        "r": "csb:1 Peter:1:25",
        "w": 7,
        "l": {},
        "t": "1:24–25*r Is 40:6–8",
        "a": "o"
    },
    {
        "o": 34461,
        "r": "csb:1 Peter:1:25",
        "w": 7,
        "l": {},
        "c": "Is 40:6–8*20644; Lk 21:33*29253; Jms 1:10–11*34319; 1Jn 2:17*34661",
        "a": "p"
    }
]
