[
    {
        "o": 10620,
        "r": "csb:2 Kings:4:1",
        "w": 9,
        "l": {},
        "c": "2Kg 2:3,15*10563",
        "a": "a"
    },
    {
        "o": 10620,
        "r": "csb:2 Kings:4:1",
        "w": 27,
        "l": {},
        "c": "Pr 1:7*18377; 9:10*18644",
        "a": "b"
    },
    {
        "o": 10620,
        "r": "csb:2 Kings:4:1",
        "w": 40,
        "l": {},
        "c": "Lv 25:39–41*3873",
        "a": "c"
    },
    {
        "o": 10621,
        "r": "csb:2 Kings:4:2",
        "w": 31,
        "l": {},
        "c": "1Kg 17:12*10313",
        "a": "d"
    },
    {
        "o": 10622,
        "r": "csb:2 Kings:4:3",
        "w": 18,
        "l": {},
        "c": "2Kg 3:16*10606",
        "a": "e"
    },
    {
        "o": 10624,
        "r": "csb:2 Kings:4:5",
        "w": 22,
        "l": {},
        "c": "Mt 14:17–21*26662",
        "a": "f"
    },
    {
        "o": 10626,
        "r": "csb:2 Kings:4:7",
        "w": 7,
        "l": {},
        "c": "1Kg 12:22*10137",
        "a": "g"
    },
    {
        "o": 10626,
        "r": "csb:2 Kings:4:7",
        "w": 27,
        "l": {},
        "c": "1Kg 17:16*10318",
        "a": "h"
    },
    {
        "o": 10628,
        "r": "csb:2 Kings:4:8",
        "w": 5,
        "l": {},
        "c": "Jos 19:18*7012",
        "a": "i"
    },
    {
        "o": 10628,
        "r": "csb:2 Kings:4:8",
        "w": 27,
        "l": {},
        "c": "Mt 10:40–42*26477; 3Jn 5–8*34775",
        "a": "j"
    },
    {
        "o": 10630,
        "r": "csb:2 Kings:4:10",
        "w": 28,
        "l": {},
        "c": "1Kg 17:19*10321",
        "a": "k"
    },
    {
        "o": 10633,
        "r": "csb:2 Kings:4:12",
        "w": 4,
        "l": {},
        "c": "2Kg 4:29–31*10651; 5:20–27*10692",
        "a": "l"
    },
    {
        "o": 10634,
        "r": "csb:2 Kings:4:13",
        "w": 22,
        "l": {},
        "c": "2Kg 4:2*10621",
        "a": "m"
    },
    {
        "o": 10637,
        "r": "csb:2 Kings:4:16",
        "w": 14,
        "l": {},
        "c": "Gn 18:9–14*481; Lk 1:7–13*28142",
        "a": "n"
    },
    {
        "o": 10637,
        "r": "csb:2 Kings:4:16",
        "w": 29,
        "l": {},
        "c": "2Kg 4:28*10650",
        "a": "o"
    },
    {
        "o": 10640,
        "r": "csb:2 Kings:4:18",
        "w": 13,
        "l": {},
        "c": "Ru 2:3*7917",
        "a": "p"
    },
    {
        "o": 10645,
        "r": "csb:2 Kings:4:23",
        "w": 15,
        "l": {},
        "c": "Nm 10:10*4399; 28:11*5050",
        "a": "q"
    },
    {
        "o": 10645,
        "r": "csb:2 Kings:4:23",
        "w": 20,
        "l": {},
        "c": "2Sm 18:28*9401; 2Kg 4:26*10648",
        "a": "r"
    },
    {
        "o": 10647,
        "r": "csb:2 Kings:4:25",
        "w": 10,
        "l": {},
        "c": "1Kg 18:19–20*10348",
        "a": "s"
    },
    {
        "o": 10647,
        "r": "csb:2 Kings:4:25",
        "w": 26,
        "l": {},
        "c": "2Kg 4:12*10633",
        "a": "t"
    },
    {
        "o": 10647,
        "r": "csb:2 Kings:4:25",
        "w": 31,
        "l": {},
        "c": "2Kg 4:8,12*10628",
        "a": "u"
    },
    {
        "o": 10649,
        "r": "csb:2 Kings:4:27",
        "w": 16,
        "l": {},
        "c": "Mt 28:9*27334",
        "a": "v"
    },
    {
        "o": 10649,
        "r": "csb:2 Kings:4:27",
        "w": 36,
        "l": {},
        "c": "Ru 1:19–21*7909; 1Sm 1:15*7999; Zch 12:10*25994",
        "a": "w"
    },
    {
        "o": 10650,
        "r": "csb:2 Kings:4:28",
        "w": 18,
        "l": {},
        "c": "2Kg 4:16*10637",
        "a": "x"
    },
    {
        "o": 10651,
        "r": "csb:2 Kings:4:29",
        "w": 7,
        "l": {},
        "c": "1Kg 18:46*10375; 2Kg 9:1*10794",
        "a": "y"
    },
    {
        "o": 10651,
        "r": "csb:2 Kings:4:29",
        "w": 35,
        "l": {},
        "c": "Lk 10:4*28682",
        "a": "z"
    },
    {
        "o": 10652,
        "r": "csb:2 Kings:4:30",
        "w": 19,
        "l": {},
        "c": "2Kg 2:2,4,6*10562",
        "a": "a"
    },
    {
        "o": 10653,
        "r": "csb:2 Kings:4:31",
        "w": 36,
        "l": {},
        "c": "Jn 11:11*30003",
        "a": "b"
    },
    {
        "o": 10654,
        "r": "csb:2 Kings:4:32",
        "w": 14,
        "l": {},
        "c": "2Kg 4:21*10643",
        "a": "c"
    },
    {
        "o": 10655,
        "r": "csb:2 Kings:4:33",
        "w": 16,
        "l": {},
        "c": "Mt 6:6*26278",
        "a": "d"
    },
    {
        "o": 10656,
        "r": "csb:2 Kings:4:34",
        "w": 8,
        "l": {},
        "c": "1Kg 17:21–23*10323",
        "a": "e"
    },
    {
        "o": 10656,
        "r": "csb:2 Kings:4:34",
        "w": 30,
        "l": {},
        "c": "Ac 20:10*31275",
        "a": "f"
    },
    {
        "o": 10657,
        "r": "csb:2 Kings:4:35",
        "w": 30,
        "l": {},
        "c": "2Kg 8:5*10764",
        "a": "g"
    },
    {
        "o": 10659,
        "r": "csb:2 Kings:4:37",
        "w": 17,
        "l": {},
        "c": "Heb 11:35*34240",
        "a": "h"
    },
    {
        "o": 10661,
        "r": "csb:2 Kings:4:38",
        "w": 4,
        "l": {},
        "c": "2Kg 2:1*10561",
        "a": "i"
    },
    {
        "o": 10661,
        "r": "csb:2 Kings:4:38",
        "w": 8,
        "l": {},
        "c": "Lv 26:26*3917; 2Kg 8:1*10760",
        "a": "j"
    },
    {
        "o": 10661,
        "r": "csb:2 Kings:4:38",
        "w": 16,
        "l": {},
        "c": "2Kg 2:3,5,7*10563",
        "a": "k"
    },
    {
        "o": 10661,
        "r": "csb:2 Kings:4:38",
        "w": 20,
        "l": {},
        "c": "Lk 10:39*28722; Ac 22:3*31354",
        "a": "l"
    },
    {
        "o": 10662,
        "r": "csb:2 Kings:4:39",
        "w": 47,
        "l": {},
        "t": "4:39*r of what they were added for clarity",
        "a": "m"
    },
    {
        "o": 10663,
        "r": "csb:2 Kings:4:40",
        "w": 21,
        "l": {},
        "c": "Ex 10:17*1978",
        "a": "n"
    },
    {
        "o": 10664,
        "r": "csb:2 Kings:4:41",
        "w": 28,
        "l": {},
        "c": "Ex 15:25*2144; 2Kg 2:21*10583",
        "a": "o"
    },
    {
        "o": 10666,
        "r": "csb:2 Kings:4:42",
        "w": 3,
        "l": {},
        "c": "1Sm 9:4*8187",
        "a": "p"
    },
    {
        "o": 10666,
        "r": "csb:2 Kings:4:42",
        "w": 14,
        "l": {},
        "t": "4:42*r Or with some heads of fresh grain and",
        "a": "q"
    },
    {
        "o": 10666,
        "r": "csb:2 Kings:4:42",
        "w": 35,
        "l": {},
        "c": "Mt 14:17*26662",
        "a": "r"
    },
    {
        "o": 10667,
        "r": "csb:2 Kings:4:43",
        "w": 13,
        "l": {},
        "c": "Lk 9:13*28616; Jn 6:9*29708",
        "a": "s"
    },
    {
        "o": 10668,
        "r": "csb:2 Kings:4:44",
        "w": 18,
        "l": {},
        "c": "Mt 14:20*26665",
        "a": "t"
    }
]
