[
    {
        "o": 8433,
        "r": "csb:1 Samuel:17:1",
        "w": 1,
        "l": {},
        "c": "1Sm 13:5*8291",
        "a": "a"
    },
    {
        "o": 8433,
        "r": "csb:1 Samuel:17:1",
        "w": 14,
        "l": {},
        "c": "2Ch 28:18*13092",
        "a": "b"
    },
    {
        "o": 8433,
        "r": "csb:1 Samuel:17:1",
        "w": 16,
        "l": {},
        "c": "Jos 10:10*6712",
        "a": "c"
    },
    {
        "o": 8433,
        "r": "csb:1 Samuel:17:1",
        "w": 18,
        "l": {},
        "c": "1Ch 11:13*11849",
        "a": "d"
    },
    {
        "o": 8434,
        "r": "csb:1 Samuel:17:2",
        "w": 13,
        "l": {},
        "c": "1Sm 21:9*8606",
        "a": "e"
    },
    {
        "o": 8436,
        "r": "csb:1 Samuel:17:4",
        "w": 6,
        "l": {},
        "c": "2Sm 21:18–22*9501; 1Ch 20:4–8*12114",
        "a": "f"
    },
    {
        "o": 8436,
        "r": "csb:1 Samuel:17:4",
        "w": 18,
        "l": {},
        "t": "17:4*r DSS, LXX read four cubits and a span; i.e., six and a half feet",
        "a": "g"
    },
    {
        "o": 8436,
        "r": "csb:1 Samuel:17:4",
        "w": 18,
        "l": {},
        "t": "17:4*r Lit was six cubits and a span",
        "a": "h"
    },
    {
        "o": 8437,
        "r": "csb:1 Samuel:17:5",
        "w": 14,
        "l": {},
        "t": "17:5*r Lit 5,000 shekels",
        "a": "i"
    },
    {
        "o": 8438,
        "r": "csb:1 Samuel:17:6",
        "w": 10,
        "l": {},
        "c": "1Sm 17:45*8477",
        "a": "j"
    },
    {
        "o": 8439,
        "r": "csb:1 Samuel:17:7",
        "w": 2,
        "l": {},
        "c": "2Sm 21:19*9502; 1Ch 11:23*11859",
        "a": "k"
    },
    {
        "o": 8439,
        "r": "csb:1 Samuel:17:7",
        "w": 17,
        "l": {},
        "t": "17:7*r Lit 600 shekels",
        "a": "l"
    },
    {
        "o": 8439,
        "r": "csb:1 Samuel:17:7",
        "w": 21,
        "l": {},
        "c": "1Sm 17:41*8473",
        "a": "m"
    },
    {
        "o": 8440,
        "r": "csb:1 Samuel:17:8",
        "w": 34,
        "l": {},
        "c": "1Sm 8:17*8176",
        "a": "n"
    },
    {
        "o": 8441,
        "r": "csb:1 Samuel:17:9",
        "w": 33,
        "l": {},
        "c": "2Sm 2:12–16*8913",
        "a": "o"
    },
    {
        "o": 8442,
        "r": "csb:1 Samuel:17:10",
        "w": 10,
        "l": {},
        "c": "1Sm 17:26,36,45*8458",
        "a": "p"
    },
    {
        "o": 8444,
        "r": "csb:1 Samuel:17:12",
        "w": 7,
        "l": {},
        "c": "Gn 35:19*1134",
        "a": "q"
    },
    {
        "o": 8444,
        "r": "csb:1 Samuel:17:12",
        "w": 17,
        "l": {},
        "c": "1Sm 16:10–11*8416; 1Ch 2:13–15*11448",
        "a": "r"
    },
    {
        "o": 8445,
        "r": "csb:1 Samuel:17:13",
        "w": 12,
        "l": {},
        "c": "1Sm 16:6,8–9*8412",
        "a": "s"
    },
    {
        "o": 8446,
        "r": "csb:1 Samuel:17:14",
        "w": 4,
        "l": {},
        "c": "1Sm 16:11*8417",
        "a": "t"
    },
    {
        "o": 8447,
        "r": "csb:1 Samuel:17:15",
        "w": 8,
        "l": {},
        "c": "1Sm 16:21–23*8428",
        "a": "u"
    },
    {
        "o": 8449,
        "r": "csb:1 Samuel:17:17",
        "w": 10,
        "l": {},
        "t": "17:17*r Lit this ephah",
        "a": "v"
    },
    {
        "o": 8449,
        "r": "csb:1 Samuel:17:17",
        "w": 20,
        "l": {},
        "c": "1Sm 25:18*8715",
        "a": "w"
    },
    {
        "o": 8450,
        "r": "csb:1 Samuel:17:18",
        "w": 10,
        "l": {},
        "t": "17:18*r Lit the leader of 1,000",
        "a": "x"
    },
    {
        "o": 8450,
        "r": "csb:1 Samuel:17:18",
        "w": 17,
        "l": {},
        "c": "Gn 37:13–14*1209",
        "a": "y"
    },
    {
        "o": 8452,
        "r": "csb:1 Samuel:17:20",
        "w": 33,
        "l": {},
        "c": "1Sm 26:5,7*8748",
        "a": "z"
    },
    {
        "o": 8454,
        "r": "csb:1 Samuel:17:22",
        "w": 9,
        "l": {},
        "c": "Jdg 18:21*7768; Is 10:28*20016",
        "a": "a"
    },
    {
        "o": 8455,
        "r": "csb:1 Samuel:17:23",
        "w": 26,
        "l": {},
        "c": "1Sm 17:8–10*8440",
        "a": "b"
    },
    {
        "o": 8457,
        "r": "csb:1 Samuel:17:25",
        "w": 36,
        "l": {},
        "c": "Jos 15:16*6876",
        "a": "c"
    },
    {
        "o": 8457,
        "r": "csb:1 Samuel:17:25",
        "w": 53,
        "l": {},
        "c": "1Sm 8:11*8170",
        "a": "d"
    },
    {
        "o": 8458,
        "r": "csb:1 Samuel:17:26",
        "w": 26,
        "l": {},
        "c": "1Sm 11:2*8243",
        "a": "e"
    },
    {
        "o": 8458,
        "r": "csb:1 Samuel:17:26",
        "w": 32,
        "l": {},
        "c": "1Sm 14:6*8317; 17:36*8468; Jr 9:25–26*21518",
        "a": "f"
    },
    {
        "o": 8458,
        "r": "csb:1 Samuel:17:26",
        "w": 38,
        "l": {},
        "c": "1Sm 17:10*8442",
        "a": "g"
    },
    {
        "o": 8458,
        "r": "csb:1 Samuel:17:26",
        "w": 42,
        "l": {},
        "c": "Dt 5:26*5586; 2Kg 19:4*11152",
        "a": "h"
    },
    {
        "o": 8459,
        "r": "csb:1 Samuel:17:27",
        "w": 19,
        "l": {},
        "c": "1Sm 17:25*8457",
        "a": "i"
    },
    {
        "o": 8460,
        "r": "csb:1 Samuel:17:28",
        "w": 16,
        "l": {},
        "c": "Gn 37:4,8–36*1199",
        "a": "j"
    },
    {
        "o": 8462,
        "r": "csb:1 Samuel:17:30",
        "w": 26,
        "l": {},
        "c": "1Sm 17:26–27*8458",
        "a": "k"
    },
    {
        "o": 8464,
        "r": "csb:1 Samuel:17:32",
        "w": 10,
        "l": {},
        "c": "Dt 20:1–4*5985",
        "a": "l"
    },
    {
        "o": 8464,
        "r": "csb:1 Samuel:17:32",
        "w": 14,
        "l": {},
        "c": "1Sm 16:18*8425",
        "a": "m"
    },
    {
        "o": 8467,
        "r": "csb:1 Samuel:17:35",
        "w": 13,
        "l": {},
        "c": "Am 3:12*25221",
        "a": "n"
    },
    {
        "o": 8467,
        "r": "csb:1 Samuel:17:35",
        "w": 26,
        "l": {},
        "t": "17:35*r LXX reads throat; lit beard",
        "a": "o"
    },
    {
        "o": 8469,
        "r": "csb:1 Samuel:17:37",
        "w": 28,
        "l": {},
        "c": "2Tm 4:17–18*33873",
        "a": "p"
    },
    {
        "o": 8469,
        "r": "csb:1 Samuel:17:37",
        "w": 40,
        "l": {},
        "c": "1Sm 20:13*8565",
        "a": "q"
    },
    {
        "o": 8472,
        "r": "csb:1 Samuel:17:40",
        "w": 7,
        "l": {},
        "c": "Jdg 20:16*7828",
        "a": "r"
    },
    {
        "o": 8474,
        "r": "csb:1 Samuel:17:42",
        "w": 9,
        "l": {},
        "c": "Pr 16:18*18862",
        "a": "s"
    },
    {
        "o": 8474,
        "r": "csb:1 Samuel:17:42",
        "w": 16,
        "l": {},
        "t": "17:42*r Or ruddy",
        "a": "t"
    },
    {
        "o": 8474,
        "r": "csb:1 Samuel:17:42",
        "w": 16,
        "l": {},
        "c": "1Sm 16:12*8418",
        "a": "u"
    },
    {
        "o": 8475,
        "r": "csb:1 Samuel:17:43",
        "w": 7,
        "l": {},
        "c": "1Sm 24:14*8687",
        "a": "v"
    },
    {
        "o": 8475,
        "r": "csb:1 Samuel:17:43",
        "w": 14,
        "l": {},
        "t": "17:43*r Some LXX mss add and stones?” And David said, “No! Worse than a dog!”",
        "a": "w"
    },
    {
        "o": 8475,
        "r": "csb:1 Samuel:17:43",
        "w": 21,
        "l": {},
        "c": "1Kg 20:10*10413",
        "a": "x"
    },
    {
        "o": 8476,
        "r": "csb:1 Samuel:17:44",
        "w": 21,
        "l": {},
        "c": "1Sm 17:46*8478",
        "a": "y"
    },
    {
        "o": 8477,
        "r": "csb:1 Samuel:17:45",
        "w": 38,
        "l": {},
        "c": "2Ch 32:7–8*13204; Ps 124:8*18007; Heb 11:34*34239",
        "a": "z"
    },
    {
        "o": 8478,
        "r": "csb:1 Samuel:17:46",
        "w": 20,
        "l": {},
        "t": "17:46*r LXX reads give your limbs and the limbs",
        "a": "a"
    },
    {
        "o": 8478,
        "r": "csb:1 Samuel:17:46",
        "w": 48,
        "l": {},
        "c": "1Kg 18:36*10365; 2Kg 19:19*11170; Is 37:20*20583",
        "a": "b"
    },
    {
        "o": 8479,
        "r": "csb:1 Samuel:17:47",
        "w": 18,
        "l": {},
        "c": "Hs 1:7*24863",
        "a": "c"
    },
    {
        "o": 8479,
        "r": "csb:1 Samuel:17:47",
        "w": 25,
        "l": {},
        "c": "Ex 14:13–14*2097; Ps 33:16–22*15999; 44:4–8*16225",
        "a": "d"
    },
    {
        "o": 8480,
        "r": "csb:1 Samuel:17:48",
        "w": 18,
        "l": {},
        "c": "Ps 27:3*15888",
        "a": "e"
    },
    {
        "o": 8483,
        "r": "csb:1 Samuel:17:51",
        "w": 10,
        "l": {},
        "c": "1Sm 21:9*8606",
        "a": "f"
    },
    {
        "o": 8483,
        "r": "csb:1 Samuel:17:51",
        "w": 38,
        "l": {},
        "c": "Heb 11:34*34239",
        "a": "g"
    },
    {
        "o": 8484,
        "r": "csb:1 Samuel:17:52",
        "w": 26,
        "l": {},
        "t": "17:52*r LXX reads Ashkelon",
        "a": "h"
    },
    {
        "o": 8484,
        "r": "csb:1 Samuel:17:52",
        "w": 26,
        "l": {},
        "c": "Jos 15:11*6870",
        "a": "i"
    },
    {
        "o": 8484,
        "r": "csb:1 Samuel:17:52",
        "w": 35,
        "l": {},
        "c": "Jos 15:36*6897",
        "a": "j"
    },
    {
        "o": 8486,
        "r": "csb:1 Samuel:17:54",
        "w": 2,
        "l": {},
        "t": "17:54*r Lit the Philistine’s",
        "a": "k"
    },
    {
        "o": 8487,
        "r": "csb:1 Samuel:17:55",
        "w": 0,
        "l": {},
        "t": "17:55*r LXX omits 1Sm 17:55–18:5",
        "a": "l"
    },
    {
        "o": 8487,
        "r": "csb:1 Samuel:17:55",
        "w": 24,
        "l": {},
        "c": "1Sm 16:17–22*8424; 17:25*8457",
        "a": "m"
    },
    {
        "o": 8489,
        "r": "csb:1 Samuel:17:57",
        "w": 22,
        "l": {},
        "c": "1Sm 17:54*8486",
        "a": "n"
    },
    {
        "o": 8490,
        "r": "csb:1 Samuel:17:58",
        "w": 17,
        "l": {},
        "c": "1Sm 17:12*8444",
        "a": "o"
    }
]
