[
    {
        "o": 9454,
        "r": "csb:2 Samuel:20:1",
        "w": 37,
        "l": {},
        "t": "20:1*r Alt Hb tradition reads gods",
        "a": "a"
    },
    {
        "o": 9455,
        "r": "csb:2 Samuel:20:2",
        "w": 31,
        "l": {},
        "c": "1Kg 12:16–17*10130",
        "a": "b"
    },
    {
        "o": 9456,
        "r": "csb:2 Samuel:20:3",
        "w": 26,
        "l": {},
        "c": "2Sm 15:16*9291; 16:21–22*9337",
        "a": "c"
    },
    {
        "o": 9459,
        "r": "csb:2 Samuel:20:6",
        "w": 32,
        "l": {},
        "t": "20:6*r Lit and snatch away our eyes",
        "a": "d"
    },
    {
        "o": 9460,
        "r": "csb:2 Samuel:20:7",
        "w": 15,
        "l": {},
        "t": "20:7*r Lit out following him",
        "a": "e"
    },
    {
        "o": 9462,
        "r": "csb:2 Samuel:20:9",
        "w": 21,
        "l": {},
        "c": "Mt 26:49*27219; Mk 14:45*28023; Lk 22:47*29314",
        "a": "f"
    },
    {
        "o": 9463,
        "r": "csb:2 Samuel:20:10",
        "w": 36,
        "l": {},
        "c": "1Kg 2:5*9695",
        "a": "g"
    },
    {
        "o": 9465,
        "r": "csb:2 Samuel:20:12",
        "w": 50,
        "l": {},
        "c": "2Sm 2:23*8924",
        "a": "h"
    },
    {
        "o": 9467,
        "r": "csb:2 Samuel:20:14",
        "w": 14,
        "l": {},
        "t": "20:14*r LXX, Vg read Bichrites",
        "a": "i"
    },
    {
        "o": 9468,
        "r": "csb:2 Samuel:20:15",
        "w": 14,
        "l": {},
        "c": "2Kg 19:32*11183; Is 37:33*20596; Jr 6:6*21394; Ezk 4:2*23114; 26:8*23751",
        "a": "j"
    },
    {
        "o": 9475,
        "r": "csb:2 Samuel:20:22",
        "w": 10,
        "l": {},
        "c": "Ec 9:14–15*19539",
        "a": "k"
    },
    {
        "o": 9476,
        "r": "csb:2 Samuel:20:23",
        "w": 6,
        "l": {},
        "c": "2Sm 8:16–18*9091; 1Kg 4:3–6*9776",
        "a": "l"
    },
    {
        "o": 9477,
        "r": "csb:2 Samuel:20:24",
        "w": 0,
        "l": {},
        "t": "20:24*r Some Hb mss, LXX, Syr read Adoniram; 1Kg 4:6; 5:14",
        "a": "m"
    },
    {
        "o": 9477,
        "r": "csb:2 Samuel:20:24",
        "w": 4,
        "l": {},
        "c": "1Kg 12:18*10132",
        "a": "n"
    }
]
