[
    {
        "o": 11945,
        "r": "csb:1 Chronicles:14:1",
        "w": 7,
        "l": {},
        "c": "2Sm 5:11–25*9002",
        "a": "a"
    },
    {
        "o": 11948,
        "r": "csb:1 Chronicles:14:4",
        "w": 0,
        "l": {},
        "c": "1Ch 3:5–8*11497",
        "a": "b"
    },
    {
        "o": 11953,
        "r": "csb:1 Chronicles:14:9",
        "w": 9,
        "l": {},
        "c": "1Ch 11:15*11851; 14:13*11957",
        "a": "c"
    },
    {
        "o": 11955,
        "r": "csb:1 Chronicles:14:11",
        "w": 38,
        "l": {},
        "t": "14:11*r Or Baal-perazim",
        "a": "d"
    },
    {
        "o": 11961,
        "r": "csb:1 Chronicles:14:17",
        "w": 18,
        "l": {},
        "c": "Ex 15:14–16*2132; Dt 2:25*5458",
        "a": "e"
    }
]
