[
    {
        "o": 33495,
        "r": "csb:1 Thessalonians:2:1",
        "w": 9,
        "l": {},
        "c": "Ac 17:1–9*31147",
        "a": "a"
    },
    {
        "o": 33496,
        "r": "csb:1 Thessalonians:2:2",
        "w": 7,
        "l": {},
        "c": "Ac 16:19–24*31121",
        "a": "b"
    },
    {
        "o": 33496,
        "r": "csb:1 Thessalonians:2:2",
        "w": 13,
        "l": {},
        "c": "Php 1:1*33251",
        "a": "c"
    },
    {
        "o": 33497,
        "r": "csb:1 Thessalonians:2:3",
        "w": 8,
        "l": {},
        "c": "1Th 4:7*33542",
        "a": "d"
    },
    {
        "o": 33497,
        "r": "csb:1 Thessalonians:2:3",
        "w": 13,
        "l": {},
        "c": "Ps 10:7*15597",
        "a": "e"
    },
    {
        "o": 33498,
        "r": "csb:1 Thessalonians:2:4",
        "w": 11,
        "l": {},
        "c": "Lk 16:11*28990",
        "a": "f"
    },
    {
        "o": 33498,
        "r": "csb:1 Thessalonians:2:4",
        "w": 14,
        "l": {},
        "c": "Ac 15:7*31061; Gl 2:7*32937; 1Tm 1:11*33658",
        "a": "g"
    },
    {
        "o": 33498,
        "r": "csb:1 Thessalonians:2:4",
        "w": 24,
        "l": {},
        "c": "Jn 5:44*29694; 12:43*30103; 1Co 4:5*32197; 2Co 10:18*32824; Gl 1:10*32914; Php 3:19*33340; 1Th 2:15*33510; 1Pt 3:4*34496",
        "a": "h"
    },
    {
        "o": 33498,
        "r": "csb:1 Thessalonians:2:4",
        "w": 28,
        "l": {},
        "c": "Ps 17:3*15676; Pr 21:2*18995; Rm 8:27*31852",
        "a": "i"
    },
    {
        "o": 33499,
        "r": "csb:1 Thessalonians:2:5",
        "w": 11,
        "l": {},
        "c": "Eph 5:3*33186",
        "a": "j"
    },
    {
        "o": 33499,
        "r": "csb:1 Thessalonians:2:5",
        "w": 12,
        "l": {},
        "c": "Mk 12:40*27920; Lk 20:47*29212; Jn 15:22*30218; Ac 27:30*31552; Php 1:18*33270",
        "a": "k"
    },
    {
        "o": 33499,
        "r": "csb:1 Thessalonians:2:5",
        "w": 16,
        "l": {},
        "c": "Rm 1:9*31616",
        "a": "l"
    },
    {
        "o": 33500,
        "r": "csb:1 Thessalonians:2:6",
        "w": 4,
        "l": {},
        "c": "Php 3:19*33340",
        "a": "m"
    },
    {
        "o": 33501,
        "r": "csb:1 Thessalonians:2:7",
        "w": 9,
        "l": {},
        "c": "Ac 1:2*30461; Jd 17*34809",
        "a": "n"
    },
    {
        "o": 33501,
        "r": "csb:1 Thessalonians:2:7",
        "w": 13,
        "l": {},
        "t": "2:7*r Many mss read infants",
        "a": "o"
    },
    {
        "o": 33501,
        "r": "csb:1 Thessalonians:2:7",
        "w": 18,
        "l": {},
        "t": "2:7*r Or nursing mother",
        "a": "p"
    },
    {
        "o": 33503,
        "r": "csb:1 Thessalonians:2:9",
        "w": 10,
        "l": {},
        "c": "2Jn 8*34761",
        "a": "q"
    },
    {
        "o": 33504,
        "r": "csb:1 Thessalonians:2:10",
        "w": 2,
        "l": {},
        "c": "Rm 1:9*31616",
        "a": "r"
    },
    {
        "o": 33504,
        "r": "csb:1 Thessalonians:2:10",
        "w": 10,
        "l": {},
        "c": "Ti 2:12*33912",
        "a": "s"
    },
    {
        "o": 33504,
        "r": "csb:1 Thessalonians:2:10",
        "w": 12,
        "l": {},
        "c": "1Th 5:23*33581",
        "a": "t"
    },
    {
        "o": 33505,
        "r": "csb:1 Thessalonians:2:11",
        "w": 9,
        "l": {},
        "c": "1Co 4:14*32207; Gl 4:19*33007; 1Tm 1:2*33648; Phm 10*33947",
        "a": "u"
    },
    {
        "o": 33506,
        "r": "csb:1 Thessalonians:2:12",
        "w": 13,
        "l": {},
        "c": "3Jn 6*34776",
        "a": "v"
    },
    {
        "o": 33506,
        "r": "csb:1 Thessalonians:2:12",
        "w": 20,
        "l": {},
        "c": "Mk 1:15*27368; Ac 20:25*31292",
        "a": "w"
    },
    {
        "o": 33506,
        "r": "csb:1 Thessalonians:2:12",
        "w": 22,
        "l": {},
        "c": "Lk 9:32*28639; 24:26*29433; Jn 17:24*30288; 2Co 3:18*32676; 1Pt 5:1*34542; 2Pt 3:18*34626",
        "a": "x"
    },
    {
        "o": 33508,
        "r": "csb:1 Thessalonians:2:13",
        "w": 32,
        "l": {},
        "c": "2Th 3:1*33624",
        "a": "y"
    },
    {
        "o": 33508,
        "r": "csb:1 Thessalonians:2:13",
        "w": 36,
        "l": {},
        "c": "Lk 8:21*28562",
        "a": "z"
    },
    {
        "o": 33509,
        "r": "csb:1 Thessalonians:2:14",
        "w": 16,
        "l": {},
        "c": "Lk 1:5*28140",
        "a": "a"
    },
    {
        "o": 33509,
        "r": "csb:1 Thessalonians:2:14",
        "w": 21,
        "l": {},
        "c": "Php 1:29*33282",
        "a": "b"
    },
    {
        "o": 33509,
        "r": "csb:1 Thessalonians:2:14",
        "w": 30,
        "l": {},
        "c": "Ac 17:5*31152",
        "a": "c"
    },
    {
        "o": 33510,
        "r": "csb:1 Thessalonians:2:15",
        "w": 4,
        "l": {},
        "c": "Lk 24:20*29427",
        "a": "d"
    },
    {
        "o": 33510,
        "r": "csb:1 Thessalonians:2:15",
        "w": 10,
        "l": {},
        "c": "Rm 11:3*31932",
        "a": "e"
    },
    {
        "o": 33511,
        "r": "csb:1 Thessalonians:2:16",
        "w": 26,
        "l": {},
        "c": "Mt 23:30–32*27042",
        "a": "f"
    },
    {
        "o": 33511,
        "r": "csb:1 Thessalonians:2:16",
        "w": 33,
        "l": {},
        "t": "2:16*r Or to the end",
        "a": "g"
    },
    {
        "o": 33513,
        "r": "csb:1 Thessalonians:2:17",
        "w": 13,
        "l": {},
        "t": "2:17*r Lit orphaned from you",
        "a": "h"
    },
    {
        "o": 33513,
        "r": "csb:1 Thessalonians:2:17",
        "w": 22,
        "l": {},
        "c": "Col 2:5*33411",
        "a": "i"
    },
    {
        "o": 33513,
        "r": "csb:1 Thessalonians:2:17",
        "w": 31,
        "l": {},
        "c": "1Th 3:10*33530",
        "a": "j"
    },
    {
        "o": 33514,
        "r": "csb:1 Thessalonians:2:18",
        "w": 14,
        "l": {},
        "c": "Mt 4:1,10*26183; Ac 13:10*30975",
        "a": "k"
    },
    {
        "o": 33515,
        "r": "csb:1 Thessalonians:2:19",
        "w": 6,
        "l": {},
        "c": "Jn 15:11*30206; 2Co 6:10*32733",
        "a": "l"
    },
    {
        "o": 33515,
        "r": "csb:1 Thessalonians:2:19",
        "w": 8,
        "l": {},
        "c": "Rv 12:1*35060",
        "a": "m"
    },
    {
        "o": 33515,
        "r": "csb:1 Thessalonians:2:19",
        "w": 10,
        "l": {},
        "c": "2Co 12:5*32867; Jms 4:16*34406",
        "a": "n"
    },
    {
        "o": 33515,
        "r": "csb:1 Thessalonians:2:19",
        "w": 16,
        "l": {},
        "c": "Rv 11:8*35044",
        "a": "o"
    },
    {
        "o": 33515,
        "r": "csb:1 Thessalonians:2:19",
        "w": 20,
        "l": {},
        "c": "1Th 1:10*33492; 1Jn 2:28*34674",
        "a": "p"
    },
    {
        "o": 33515,
        "r": "csb:1 Thessalonians:2:19",
        "w": 24,
        "l": {},
        "c": "1Co 15:31*32546; 2Co 1:14*32623; Php 4:1*33345; 2Th 1:4*33593",
        "a": "q"
    },
    {
        "o": 33516,
        "r": "csb:1 Thessalonians:2:20",
        "w": 4,
        "l": {},
        "c": "Jn 12:43*30103; Php 3:19*33340",
        "a": "r"
    }
]
