[
    {
        "o": 34559,
        "r": "csb:2 Peter:1:1",
        "w": 0,
        "l": {},
        "t": "1:1*r Other mss read Simon",
        "a": "a"
    },
    {
        "o": 34559,
        "r": "csb:2 Peter:1:1",
        "w": 1,
        "l": {},
        "c": "Mt 16:17*26748; Lk 6:14*28435; Ac 10:32*30881; 15:14*31068",
        "a": "b"
    },
    {
        "o": 34559,
        "r": "csb:2 Peter:1:1",
        "w": 6,
        "l": {},
        "c": "Rm 1:1*31607; Ti 1:1*33882",
        "a": "c"
    },
    {
        "o": 34559,
        "r": "csb:2 Peter:1:1",
        "w": 22,
        "l": {},
        "c": "Rm 5:17,21*31762; Php 1:11*33263",
        "a": "d"
    },
    {
        "o": 34559,
        "r": "csb:2 Peter:1:1",
        "w": 27,
        "l": {},
        "c": "Ti 2:13*33913",
        "a": "e"
    },
    {
        "o": 34560,
        "r": "csb:2 Peter:1:2",
        "w": 12,
        "l": {},
        "c": "Jn 17:3*30265; Php 3:8*33328; 2Pt 1:3,8*34562; 2:20*34603; 3:18*34626",
        "a": "f"
    },
    {
        "o": 34562,
        "r": "csb:2 Peter:1:3",
        "w": 0,
        "l": {},
        "t": "1:3*r Lit As his",
        "a": "g"
    },
    {
        "o": 34562,
        "r": "csb:2 Peter:1:3",
        "w": 2,
        "l": {},
        "c": "1Pt 1:5*34440",
        "a": "h"
    },
    {
        "o": 34562,
        "r": "csb:2 Peter:1:3",
        "w": 14,
        "l": {},
        "c": "Jn 17:3*30265; Php 3:8*33328; 2Pt 1:2,8*34561; 2:20*34603; 3:18*34626",
        "a": "i"
    },
    {
        "o": 34562,
        "r": "csb:2 Peter:1:3",
        "w": 18,
        "l": {},
        "c": "1Th 2:12*33507; 2Th 2:14*33618; 1Pt 5:10*34552",
        "a": "j"
    },
    {
        "o": 34562,
        "r": "csb:2 Peter:1:3",
        "w": 20,
        "l": {},
        "t": "1:3*r Or to",
        "a": "k"
    },
    {
        "o": 34563,
        "r": "csb:2 Peter:1:4",
        "w": 10,
        "l": {},
        "c": "Jos 21:45*7112; 1Kg 8:56*9990; Is 38:16*20620; Jr 33:14*22203; Rm 9:4*31871; 15:8*32047; 2Co 7:1*32745",
        "a": "l"
    },
    {
        "o": 34563,
        "r": "csb:2 Peter:1:4",
        "w": 21,
        "l": {},
        "c": "Eph 4:24*33174; Heb 12:10*34258; 1Jn 3:2*34678",
        "a": "m"
    },
    {
        "o": 34565,
        "r": "csb:2 Peter:1:6",
        "w": 2,
        "l": {},
        "c": "Ac 24:25*31449; Gl 5:23*33046",
        "a": "n"
    },
    {
        "o": 34566,
        "r": "csb:2 Peter:1:7",
        "w": 3,
        "l": {},
        "c": "Rm 12:10*31981; Heb 13:1*34281; 1Pt 1:22*34458",
        "a": "o"
    },
    {
        "o": 34567,
        "r": "csb:2 Peter:1:8",
        "w": 15,
        "l": {},
        "c": "Jms 2:20*34360",
        "a": "p"
    },
    {
        "o": 34567,
        "r": "csb:2 Peter:1:8",
        "w": 17,
        "l": {},
        "c": "Mt 7:16–21*26330; Gl 5:22*33045; Ti 3:14*33932",
        "a": "q"
    },
    {
        "o": 34569,
        "r": "csb:2 Peter:1:10",
        "w": 12,
        "l": {},
        "c": "Mt 22:14*26976; Rm 11:29*31959; 2Pt 1:3*34562",
        "a": "r"
    },
    {
        "o": 34570,
        "r": "csb:2 Peter:1:11",
        "w": 8,
        "l": {},
        "c": "Col 1:13*33386; 2Tm 4:18*33875",
        "a": "s"
    },
    {
        "o": 34571,
        "r": "csb:2 Peter:1:12",
        "w": 19,
        "l": {},
        "c": "2Co 11:10*32836; Col 1:5–6*33377; 2Jn 2*34754; 3Jn 3–4*34772",
        "a": "t"
    },
    {
        "o": 34572,
        "r": "csb:2 Peter:1:13",
        "w": 13,
        "l": {},
        "c": "2Co 5:1–4*32700",
        "a": "u"
    },
    {
        "o": 34573,
        "r": "csb:2 Peter:1:14",
        "w": 21,
        "l": {},
        "c": "Jn 21:18–23*30448",
        "a": "v"
    },
    {
        "o": 34574,
        "r": "csb:2 Peter:1:15",
        "w": 21,
        "l": {},
        "t": "1:15*r Or death",
        "a": "w"
    },
    {
        "o": 34576,
        "r": "csb:2 Peter:1:16",
        "w": 22,
        "l": {},
        "c": "Mk 13:26*27956; 14:62*28041; 1Th 2:19*33515",
        "a": "x"
    },
    {
        "o": 34576,
        "r": "csb:2 Peter:1:16",
        "w": 29,
        "l": {},
        "c": "Mt 17:1–6*26764",
        "a": "y"
    },
    {
        "o": 34577,
        "r": "csb:2 Peter:1:17",
        "w": 25,
        "l": {},
        "t": "1:17*r Or my Son, my beloved",
        "a": "z"
    },
    {
        "o": 34577,
        "r": "csb:2 Peter:1:17",
        "w": 30,
        "l": {},
        "c": "Is 42:1*20703; Mt 3:17*26180; 17:5*26768; Mk 1:11*27362; 9:7*27728; Lk 3:22*28307",
        "a": "a"
    },
    {
        "o": 34578,
        "r": "csb:2 Peter:1:18",
        "w": 18,
        "l": {},
        "c": "Ps 2:6*15477; Mt 17:1*26764; Mk 9:2*27723; Lk 9:28*28635",
        "a": "b"
    },
    {
        "o": 34579,
        "r": "csb:2 Peter:1:19",
        "w": 26,
        "l": {},
        "c": "Ps 119:105*17877",
        "a": "c"
    },
    {
        "o": 34579,
        "r": "csb:2 Peter:1:19",
        "w": 30,
        "l": {},
        "c": "Mal 4:2*26095; Rm 13:12*32008; 2Pt 3:18*34626",
        "a": "d"
    },
    {
        "o": 34579,
        "r": "csb:2 Peter:1:19",
        "w": 34,
        "l": {},
        "c": "Nm 24:17*4910; Rv 22:16*35306",
        "a": "e"
    },
    {
        "o": 34581,
        "r": "csb:2 Peter:1:21",
        "w": 9,
        "l": {},
        "c": "Jr 23:26*21884; 2Tm 3:16*33852",
        "a": "f"
    },
    {
        "o": 34581,
        "r": "csb:2 Peter:1:21",
        "w": 23,
        "l": {},
        "c": "2Sm 23:2*9562; Lk 1:70*28210; Ac 1:16*30479; 3:18*30562; 1Pt 1:11*34446",
        "a": "g"
    }
]
