[
    {
        "o": 34557,
        "r": "csb:2 Peter:1:0",
        "t": "2 Peter 1",
        "h": 1
    },
    {
        "o": 34558,
        "r": "csb:2 Peter:1:0",
        "t": "Greeting",
        "h": 2
    },
    {
        "o": 34559,
        "r": "csb:2 Peter:1:1",
        "t": "Simeon*p Peter, a servant and an apostle of Jesus Christ: To*p those who have received a faith equal to ours through the righteousness of our God and Savior Jesus Christ."
    },
    {
        "o": 34560,
        "r": "csb:2 Peter:1:2",
        "t": "May*p grace and peace be multiplied to you through the knowledge of God and of Jesus our Lord."
    },
    {
        "o": 34561,
        "r": "csb:2 Peter:1:2",
        "t": "Growth in the Faith",
        "h": 2
    },
    {
        "o": 34562,
        "r": "csb:2 Peter:1:3",
        "t": "His*p divine power has given us everything required for life and godliness through the knowledge of him who called us by his own glory and goodness."
    },
    {
        "o": 34563,
        "r": "csb:2 Peter:1:4",
        "t": "By these he has given us very great and precious promises, so that through them you may share in the divine nature, escaping the corruption that is in the world because of evil desire."
    },
    {
        "o": 34564,
        "r": "csb:2 Peter:1:5",
        "t": "For this very reason, make every effort to supplement your faith with goodness, goodness with knowledge,"
    },
    {
        "o": 34565,
        "r": "csb:2 Peter:1:6",
        "t": "knowledge with self-control, self-control with endurance, endurance with godliness,"
    },
    {
        "o": 34566,
        "r": "csb:2 Peter:1:7",
        "t": "godliness with brotherly affection, and brotherly affection with love."
    },
    {
        "o": 34567,
        "r": "csb:2 Peter:1:8",
        "t": "For if you possess these qualities in increasing measure, they will keep you from being useless or unfruitful in the knowledge of our Lord Jesus Christ."
    },
    {
        "o": 34568,
        "r": "csb:2 Peter:1:9",
        "t": "The person who lacks these things is blind and shortsighted and has forgotten the cleansing from his past sins."
    },
    {
        "o": 34569,
        "r": "csb:2 Peter:1:10",
        "t": "Therefore, brothers and sisters, make every effort to confirm your calling and election, because if you do these things you will never stumble."
    },
    {
        "o": 34570,
        "r": "csb:2 Peter:1:11",
        "t": "For in this way, entry into the eternal kingdom of our Lord and Savior Jesus Christ will be richly provided for you."
    },
    {
        "o": 34571,
        "r": "csb:2 Peter:1:12",
        "t": "Therefore*p I will always remind you about these things, even though you know them and are established in the truth you now have."
    },
    {
        "o": 34572,
        "r": "csb:2 Peter:1:13",
        "t": "I think it is right, as long as I am in this bodily tent, to wake you up with a reminder,"
    },
    {
        "o": 34573,
        "r": "csb:2 Peter:1:14",
        "t": "since I know that I will soon lay aside my tent, as our Lord Jesus Christ has indeed made clear to me."
    },
    {
        "o": 34574,
        "r": "csb:2 Peter:1:15",
        "t": "And I will also make every effort so that you are able to recall these things at any time after my departure."
    },
    {
        "o": 34575,
        "r": "csb:2 Peter:1:15",
        "t": "The Trustworthy Prophetic Word",
        "h": 2
    },
    {
        "o": 34576,
        "r": "csb:2 Peter:1:16",
        "t": "For*p we did not follow cleverly contrived myths when we made known to you the power and coming of our Lord Jesus Christ; instead, we were eyewitnesses of his majesty."
    },
    {
        "o": 34577,
        "r": "csb:2 Peter:1:17",
        "t": "For he received honor and glory from God the Father when the voice came to him from the Majestic Glory, saying “This is my beloved Son, with whom I am well-pleased!”"
    },
    {
        "o": 34578,
        "r": "csb:2 Peter:1:18",
        "t": "We ourselves heard this voice when it came from heaven while we were with him on the holy mountain."
    },
    {
        "o": 34579,
        "r": "csb:2 Peter:1:19",
        "t": "We also have the prophetic word strongly confirmed, and you will do well to pay attention to it, as to a lamp shining in a dark place, until the day dawns and the morning star rises in your hearts."
    },
    {
        "o": 34580,
        "r": "csb:2 Peter:1:20",
        "t": "Above all, you know this: No prophecy of Scripture comes from the prophet’s own interpretation,"
    },
    {
        "o": 34581,
        "r": "csb:2 Peter:1:21",
        "t": "because no prophecy ever came by the will of man; instead, men spoke from God as they were carried along by the Holy Spirit."
    }
]
