[
    {
        "o": 13174,
        "r": "csb:2 Chronicles:31:1",
        "w": 35,
        "l": {},
        "c": "2Kg 18:4*11110",
        "a": "a"
    },
    {
        "o": 13174,
        "r": "csb:2 Chronicles:31:1",
        "w": 50,
        "l": {},
        "t": "31:1*r Lit Manasseh, until finishing",
        "a": "b"
    },
    {
        "o": 13176,
        "r": "csb:2 Chronicles:31:2",
        "w": 3,
        "l": {},
        "c": "1Ch 23:6–23*12181; 24:1–19*12210",
        "a": "c"
    },
    {
        "o": 13176,
        "r": "csb:2 Chronicles:31:2",
        "w": 32,
        "l": {},
        "c": "1Ch 23:28–31*12203",
        "a": "d"
    },
    {
        "o": 13177,
        "r": "csb:2 Chronicles:31:3",
        "w": 2,
        "l": {},
        "t": "31:3*r Lit The king’s portion",
        "a": "e"
    },
    {
        "o": 13177,
        "r": "csb:2 Chronicles:31:3",
        "w": 6,
        "l": {},
        "c": "2Ch 35:7*13314",
        "a": "f"
    },
    {
        "o": 13177,
        "r": "csb:2 Chronicles:31:3",
        "w": 37,
        "l": {},
        "c": "Nm 28*5035",
        "a": "g"
    },
    {
        "o": 13178,
        "r": "csb:2 Chronicles:31:4",
        "w": 11,
        "l": {},
        "c": "Nm 18:8*4691",
        "a": "h"
    },
    {
        "o": 13179,
        "r": "csb:2 Chronicles:31:5",
        "w": 34,
        "l": {},
        "c": "Neh 13:12*14109",
        "a": "i"
    },
    {
        "o": 13180,
        "r": "csb:2 Chronicles:31:6",
        "w": 37,
        "l": {},
        "c": "Lv 27:30*3969; Dt 14:28*5851",
        "a": "j"
    },
    {
        "o": 13184,
        "r": "csb:2 Chronicles:31:10",
        "w": 8,
        "l": {},
        "c": "1Ch 6:8–9*11604",
        "a": "k"
    },
    {
        "o": 13184,
        "r": "csb:2 Chronicles:31:10",
        "w": 47,
        "l": {},
        "c": "Mal 3:10*26082",
        "a": "l"
    },
    {
        "o": 13185,
        "r": "csb:2 Chronicles:31:11",
        "w": 5,
        "l": {},
        "c": "1Kg 6:5*9837",
        "a": "m"
    },
    {
        "o": 13186,
        "r": "csb:2 Chronicles:31:12",
        "w": 26,
        "l": {},
        "c": "2Ch 35:9*13316",
        "a": "n"
    },
    {
        "o": 13188,
        "r": "csb:2 Chronicles:31:14",
        "w": 29,
        "l": {},
        "c": "1Ch 26:26–28*12303",
        "a": "o"
    },
    {
        "o": 13189,
        "r": "csb:2 Chronicles:31:15",
        "w": 0,
        "l": {},
        "c": "2Ch 29:12*13117",
        "a": "p"
    },
    {
        "o": 13189,
        "r": "csb:2 Chronicles:31:15",
        "w": 12,
        "l": {},
        "c": "Jos 21:9–19*7072",
        "a": "q"
    },
    {
        "o": 13190,
        "r": "csb:2 Chronicles:31:16",
        "w": 10,
        "l": {},
        "t": "31:16*r Or 30; 1Ch 23:3",
        "a": "r"
    },
    {
        "o": 13190,
        "r": "csb:2 Chronicles:31:16",
        "w": 10,
        "l": {},
        "c": "1Ch 23:3*12178",
        "a": "s"
    },
    {
        "o": 13190,
        "r": "csb:2 Chronicles:31:16",
        "w": 26,
        "l": {},
        "c": "Ezr 3:4*13458",
        "a": "t"
    },
    {
        "o": 13191,
        "r": "csb:2 Chronicles:31:17",
        "w": 14,
        "l": {},
        "t": "31:17*r Lit by the house of their fathers",
        "a": "u"
    },
    {
        "o": 13191,
        "r": "csb:2 Chronicles:31:17",
        "w": 22,
        "l": {},
        "c": "1Ch 23:24*12199",
        "a": "v"
    },
    {
        "o": 13193,
        "r": "csb:2 Chronicles:31:19",
        "w": 14,
        "l": {},
        "c": "Lv 25:34*3868; Nm 35:2–5*5329",
        "a": "w"
    },
    {
        "o": 13193,
        "r": "csb:2 Chronicles:31:19",
        "w": 27,
        "l": {},
        "c": "2Ch 31:12–15*13186",
        "a": "x"
    },
    {
        "o": 13194,
        "r": "csb:2 Chronicles:31:20",
        "w": 19,
        "l": {},
        "c": "2Kg 20:3*11194; 22:2*11249",
        "a": "y"
    }
]
