[
    {
        "o": 8242,
        "r": "csb:1 Samuel:11:1",
        "w": 0,
        "l": {},
        "t": "11:1*r DSS, LXX read About a month later, Nahash",
        "a": "a"
    },
    {
        "o": 8242,
        "r": "csb:1 Samuel:11:1",
        "w": 0,
        "l": {},
        "c": "1Sm 12:12*8271",
        "a": "b"
    },
    {
        "o": 8242,
        "r": "csb:1 Samuel:11:1",
        "w": 9,
        "l": {},
        "c": "1Sm 12:12*8271; 31:11*8868",
        "a": "c"
    },
    {
        "o": 8242,
        "r": "csb:1 Samuel:11:1",
        "w": 20,
        "l": {},
        "c": "1Kg 20:34*10438; Ezk 17:13*23454",
        "a": "d"
    },
    {
        "o": 8243,
        "r": "csb:1 Samuel:11:2",
        "w": 18,
        "l": {},
        "c": "Nm 16:14*4629",
        "a": "e"
    },
    {
        "o": 8243,
        "r": "csb:1 Samuel:11:2",
        "w": 22,
        "l": {},
        "c": "1Sm 17:26*8458; Ps 44:13*16234",
        "a": "f"
    },
    {
        "o": 8245,
        "r": "csb:1 Samuel:11:4",
        "w": 5,
        "l": {},
        "c": "1Sm 10:26*8238; 15:34*8403",
        "a": "g"
    },
    {
        "o": 8245,
        "r": "csb:1 Samuel:11:4",
        "w": 17,
        "l": {},
        "c": "Gn 27:38*845; Jdg 2:4*7253",
        "a": "h"
    },
    {
        "o": 8247,
        "r": "csb:1 Samuel:11:6",
        "w": 13,
        "l": {},
        "c": "Jdg 14:6*7660; 1Sm 10:10*8221",
        "a": "i"
    },
    {
        "o": 8248,
        "r": "csb:1 Samuel:11:7",
        "w": 9,
        "l": {},
        "c": "Jdg 19:29*7809",
        "a": "j"
    },
    {
        "o": 8248,
        "r": "csb:1 Samuel:11:7",
        "w": 39,
        "l": {},
        "c": "Gn 15:10,17–18*411; Jdg 21:5,8,10*7867; Jr 34:18*22236",
        "a": "k"
    },
    {
        "o": 8248,
        "r": "csb:1 Samuel:11:7",
        "w": 56,
        "l": {},
        "c": "Jdg 20:1*7813",
        "a": "l"
    },
    {
        "o": 8249,
        "r": "csb:1 Samuel:11:8",
        "w": 4,
        "l": {},
        "c": "Jdg 1:5*7213",
        "a": "m"
    },
    {
        "o": 8249,
        "r": "csb:1 Samuel:11:8",
        "w": 9,
        "l": {},
        "t": "11:8*r LXX reads 600,000",
        "a": "n"
    },
    {
        "o": 8249,
        "r": "csb:1 Samuel:11:8",
        "w": 9,
        "l": {},
        "c": "Jdg 20:2*7814",
        "a": "o"
    },
    {
        "o": 8249,
        "r": "csb:1 Samuel:11:8",
        "w": 13,
        "l": {},
        "t": "11:8*r DSS, LXX read 70,000",
        "a": "p"
    },
    {
        "o": 8252,
        "r": "csb:1 Samuel:11:11",
        "w": 9,
        "l": {},
        "c": "Jdg 7:16*7433",
        "a": "q"
    },
    {
        "o": 8254,
        "r": "csb:1 Samuel:11:12",
        "w": 11,
        "l": {},
        "t": "11:12*r Some Hb mss, LXX; other Hb mss omit not",
        "a": "r"
    },
    {
        "o": 8254,
        "r": "csb:1 Samuel:11:12",
        "w": 14,
        "l": {},
        "c": "1Sm 10:27*8239",
        "a": "s"
    },
    {
        "o": 8254,
        "r": "csb:1 Samuel:11:12",
        "w": 23,
        "l": {},
        "c": "Lk 19:27*29135",
        "a": "t"
    },
    {
        "o": 8255,
        "r": "csb:1 Samuel:11:13",
        "w": 18,
        "l": {},
        "c": "Ex 14:13*2097; 1Sm 19:5*8531",
        "a": "u"
    },
    {
        "o": 8257,
        "r": "csb:1 Samuel:11:15",
        "w": 12,
        "l": {},
        "c": "1Sm 10:17*8229",
        "a": "v"
    },
    {
        "o": 8257,
        "r": "csb:1 Samuel:11:15",
        "w": 21,
        "l": {},
        "c": "1Sm 10:8*8219",
        "a": "w"
    }
]
