[
    {
        "o": 33558,
        "r": "csb:1 Thessalonians:5:1",
        "w": 5,
        "l": {},
        "c": "Dn 2:21*24498; Ac 1:7*30467",
        "a": "a"
    },
    {
        "o": 33559,
        "r": "csb:1 Thessalonians:5:2",
        "w": 11,
        "l": {},
        "c": "Jl 2:1*25113; Mt 25:13*27128; Ac 2:20*30512; Php 1:6*33257",
        "a": "b"
    },
    {
        "o": 33559,
        "r": "csb:1 Thessalonians:5:2",
        "w": 17,
        "l": {},
        "c": "Jn 10:1*29946",
        "a": "c"
    },
    {
        "o": 33560,
        "r": "csb:1 Thessalonians:5:3",
        "w": 8,
        "l": {},
        "c": "2Th 1:9*33598",
        "a": "d"
    },
    {
        "o": 33561,
        "r": "csb:1 Thessalonians:5:4",
        "w": 18,
        "l": {},
        "c": "Jb 24:13–17*14944",
        "a": "e"
    },
    {
        "o": 33562,
        "r": "csb:1 Thessalonians:5:5",
        "w": 21,
        "l": {},
        "c": "Col 1:13*33386",
        "a": "f"
    },
    {
        "o": 33565,
        "r": "csb:1 Thessalonians:5:8",
        "w": 10,
        "l": {},
        "c": "1Pt 5:8*34550",
        "a": "g"
    },
    {
        "o": 33565,
        "r": "csb:1 Thessalonians:5:8",
        "w": 15,
        "l": {},
        "c": "Eph 6:14*33237; Rv 9:9,17*35007",
        "a": "h"
    },
    {
        "o": 33565,
        "r": "csb:1 Thessalonians:5:8",
        "w": 22,
        "l": {},
        "c": "1Sm 17:5,38*8437; Ps 60:7*16512; 108:8*17586; Is 59:17*21080; Eph 6:17*33240",
        "a": "i"
    },
    {
        "o": 33566,
        "r": "csb:1 Thessalonians:5:9",
        "w": 14,
        "l": {},
        "c": "Rv 11:8*35044",
        "a": "j"
    },
    {
        "o": 33566,
        "r": "csb:1 Thessalonians:5:9",
        "w": 16,
        "l": {},
        "c": "Ac 15:26*31081",
        "a": "k"
    },
    {
        "o": 33567,
        "r": "csb:1 Thessalonians:5:10",
        "w": 3,
        "l": {},
        "c": "Jn 11:51*30047; Rm 14:9*32021; 1Co 8:11*32312; Gl 1:4*32906",
        "a": "l"
    },
    {
        "o": 33567,
        "r": "csb:1 Thessalonians:5:10",
        "w": 11,
        "l": {},
        "c": "1Th 5:6*33563",
        "a": "m"
    },
    {
        "o": 33567,
        "r": "csb:1 Thessalonians:5:10",
        "w": 17,
        "l": {},
        "c": "Lk 20:38*29201; Php 1:23*33276",
        "a": "n"
    },
    {
        "o": 33570,
        "r": "csb:1 Thessalonians:5:12",
        "w": 9,
        "l": {},
        "c": "1Co 16:18*32598; Php 2:29*33317",
        "a": "o"
    },
    {
        "o": 33570,
        "r": "csb:1 Thessalonians:5:12",
        "w": 18,
        "l": {},
        "t": "5:12*r Or care for you",
        "a": "p"
    },
    {
        "o": 33571,
        "r": "csb:1 Thessalonians:5:13",
        "w": 14,
        "l": {},
        "c": "Mk 9:50*27774",
        "a": "q"
    },
    {
        "o": 33572,
        "r": "csb:1 Thessalonians:5:14",
        "w": 6,
        "l": {},
        "c": "2Th 3:15*33640",
        "a": "r"
    },
    {
        "o": 33572,
        "r": "csb:1 Thessalonians:5:14",
        "w": 11,
        "l": {},
        "t": "5:14*r Or who are disorderly, or who are undisciplined",
        "a": "s"
    },
    {
        "o": 33572,
        "r": "csb:1 Thessalonians:5:14",
        "w": 19,
        "l": {},
        "c": "Mt 18:26,29*26822; Lk 18:7*29062; 1Co 13:4*32458; Heb 6:15*34077; Jms 5:7–8*34417; 2Pt 3:9*34616",
        "a": "t"
    },
    {
        "o": 33573,
        "r": "csb:1 Thessalonians:5:15",
        "w": 9,
        "l": {},
        "c": "Mt 5:44*26265; Rm 12:17*31988; 1Pt 3:9*34502",
        "a": "u"
    },
    {
        "o": 33573,
        "r": "csb:1 Thessalonians:5:15",
        "w": 11,
        "l": {},
        "c": "Lk 7:47*28530",
        "a": "v"
    },
    {
        "o": 33573,
        "r": "csb:1 Thessalonians:5:15",
        "w": 23,
        "l": {},
        "c": "Rm 12:9*31980; Gl 6:10*33062; 1Th 5:21*33579",
        "a": "w"
    },
    {
        "o": 33574,
        "r": "csb:1 Thessalonians:5:16",
        "w": 0,
        "l": {},
        "c": "2Co 6:10*32733; Php 1:18*33270",
        "a": "x"
    },
    {
        "o": 33576,
        "r": "csb:1 Thessalonians:5:18",
        "w": 8,
        "l": {},
        "c": "Eph 6:6*33228; 1Th 4:3*33538; 1Pt 2:15*34479; 4:2*34520; 1Jn 2:17*34661",
        "a": "y"
    },
    {
        "o": 33579,
        "r": "csb:1 Thessalonians:5:21",
        "w": 3,
        "l": {},
        "c": "Eph 5:17*33202",
        "a": "z"
    },
    {
        "o": 33580,
        "r": "csb:1 Thessalonians:5:22",
        "w": 1,
        "l": {},
        "c": "1Tm 4:3*33710",
        "a": "a"
    },
    {
        "o": 33581,
        "r": "csb:1 Thessalonians:5:23",
        "w": 5,
        "l": {},
        "c": "Rm 15:33*32074",
        "a": "b"
    },
    {
        "o": 33581,
        "r": "csb:1 Thessalonians:5:23",
        "w": 14,
        "l": {},
        "c": "Ps 51:12*16374",
        "a": "c"
    },
    {
        "o": 33581,
        "r": "csb:1 Thessalonians:5:23",
        "w": 25,
        "l": {},
        "c": "1Th 1:10*33492",
        "a": "d"
    },
    {
        "o": 33581,
        "r": "csb:1 Thessalonians:5:23",
        "w": 28,
        "l": {},
        "c": "Rv 11:8*35044",
        "a": "e"
    },
    {
        "o": 33581,
        "r": "csb:1 Thessalonians:5:23",
        "w": 30,
        "l": {},
        "c": "1Jn 2:28*34674",
        "a": "f"
    },
    {
        "o": 33582,
        "r": "csb:1 Thessalonians:5:24",
        "w": 2,
        "l": {},
        "c": "Col 3:15*33447",
        "a": "g"
    },
    {
        "o": 33582,
        "r": "csb:1 Thessalonians:5:24",
        "w": 3,
        "l": {},
        "c": "1Pt 1:15*34451",
        "a": "h"
    },
    {
        "o": 33585,
        "r": "csb:1 Thessalonians:5:27",
        "w": 16,
        "l": {},
        "c": "Col 4:16*33477",
        "a": "i"
    }
]
