[
    {
        "o": 13308,
        "r": "csb:2 Chronicles:35:1",
        "w": 4,
        "l": {},
        "c": "2Kg 23:21*11294",
        "a": "a"
    },
    {
        "o": 13308,
        "r": "csb:2 Chronicles:35:1",
        "w": 17,
        "l": {},
        "c": "Ex 12:6*2011; Nm 9:3*4365",
        "a": "b"
    },
    {
        "o": 13309,
        "r": "csb:2 Chronicles:35:2",
        "w": 15,
        "l": {},
        "c": "2Ch 29:11*13116",
        "a": "c"
    },
    {
        "o": 13310,
        "r": "csb:2 Chronicles:35:3",
        "w": 8,
        "l": {},
        "c": "2Ch 17:8–9*12796; Neh 8:7*13912",
        "a": "d"
    },
    {
        "o": 13310,
        "r": "csb:2 Chronicles:35:3",
        "w": 41,
        "l": {},
        "c": "1Ch 23:26*12201",
        "a": "e"
    },
    {
        "o": 13311,
        "r": "csb:2 Chronicles:35:4",
        "w": 3,
        "l": {},
        "t": "35:4*r Lit the house of your fathers",
        "a": "f"
    },
    {
        "o": 13311,
        "r": "csb:2 Chronicles:35:4",
        "w": 6,
        "l": {},
        "c": "1Ch 9:10–13*11781",
        "a": "g"
    },
    {
        "o": 13311,
        "r": "csb:2 Chronicles:35:4",
        "w": 22,
        "l": {},
        "c": "2Ch 8:14*12598",
        "a": "h"
    },
    {
        "o": 13312,
        "r": "csb:2 Chronicles:35:5",
        "w": 11,
        "l": {},
        "t": "35:5*r Lit the house of the fathers",
        "a": "i"
    },
    {
        "o": 13312,
        "r": "csb:2 Chronicles:35:5",
        "w": 17,
        "l": {},
        "t": "35:5*r Lit the sons of the people, also in vv. 7,12,13",
        "a": "j"
    },
    {
        "o": 13312,
        "r": "csb:2 Chronicles:35:5",
        "w": 27,
        "l": {},
        "c": "Ezr 6:18*13539",
        "a": "k"
    },
    {
        "o": 13313,
        "r": "csb:2 Chronicles:35:6",
        "w": 3,
        "l": {},
        "c": "2Ch 35:1,11*13308",
        "a": "l"
    },
    {
        "o": 13313,
        "r": "csb:2 Chronicles:35:6",
        "w": 5,
        "l": {},
        "c": "2Ch 29:5*13109",
        "a": "m"
    },
    {
        "o": 13316,
        "r": "csb:2 Chronicles:35:9",
        "w": 0,
        "l": {},
        "c": "2Ch 31:12–13*13186",
        "a": "n"
    },
    {
        "o": 13317,
        "r": "csb:2 Chronicles:35:10",
        "w": 21,
        "l": {},
        "c": "2Ch 35:5*13312",
        "a": "o"
    },
    {
        "o": 13318,
        "r": "csb:2 Chronicles:35:11",
        "w": 13,
        "l": {},
        "c": "2Ch 29:34*13140",
        "a": "p"
    },
    {
        "o": 13318,
        "r": "csb:2 Chronicles:35:11",
        "w": 18,
        "l": {},
        "t": "35:11*r LXX, Vg, Tg; MT omits blood",
        "a": "q"
    },
    {
        "o": 13318,
        "r": "csb:2 Chronicles:35:11",
        "w": 22,
        "l": {},
        "t": "35:11*r Lit splattered from their hand",
        "a": "r"
    },
    {
        "o": 13319,
        "r": "csb:2 Chronicles:35:12",
        "w": 17,
        "l": {},
        "t": "35:12*r Lit house of fathers",
        "a": "s"
    },
    {
        "o": 13320,
        "r": "csb:2 Chronicles:35:13",
        "w": 9,
        "l": {},
        "c": "Ex 12:8–9*2013",
        "a": "t"
    },
    {
        "o": 13322,
        "r": "csb:2 Chronicles:35:15",
        "w": 22,
        "l": {},
        "c": "1Ch 25:1*12244",
        "a": "u"
    },
    {
        "o": 13322,
        "r": "csb:2 Chronicles:35:15",
        "w": 30,
        "l": {},
        "c": "1Ch 26:12–19*12288",
        "a": "v"
    },
    {
        "o": 13324,
        "r": "csb:2 Chronicles:35:17",
        "w": 22,
        "l": {},
        "c": "2Ch 30:21*13165",
        "a": "w"
    },
    {
        "o": 13325,
        "r": "csb:2 Chronicles:35:18",
        "w": 4,
        "l": {},
        "c": "2Kg 23:22–23*11295",
        "a": "x"
    },
    {
        "o": 13328,
        "r": "csb:2 Chronicles:35:20",
        "w": 2,
        "l": {},
        "c": "2Kg 23:29–30a*11304",
        "a": "y"
    },
    {
        "o": 13328,
        "r": "csb:2 Chronicles:35:20",
        "w": 13,
        "l": {},
        "c": "Jr 46:2*22501",
        "a": "z"
    },
    {
        "o": 13328,
        "r": "csb:2 Chronicles:35:20",
        "w": 19,
        "l": {},
        "c": "Is 10:9*19994",
        "a": "a"
    },
    {
        "o": 13329,
        "r": "csb:2 Chronicles:35:21",
        "w": 17,
        "l": {},
        "c": "Jdg 11:12*7578; 2Ch 25:19*13024",
        "a": "b"
    },
    {
        "o": 13329,
        "r": "csb:2 Chronicles:35:21",
        "w": 24,
        "l": {},
        "t": "35:21*r LXX, Syr, Tg, Vg; MT reads Not against you, you today",
        "a": "c"
    },
    {
        "o": 13329,
        "r": "csb:2 Chronicles:35:21",
        "w": 30,
        "l": {},
        "t": "35:21*r Lit house",
        "a": "d"
    },
    {
        "o": 13330,
        "r": "csb:2 Chronicles:35:22",
        "w": 17,
        "l": {},
        "t": "35:22*r LXX reads he was determined",
        "a": "e"
    },
    {
        "o": 13330,
        "r": "csb:2 Chronicles:35:22",
        "w": 17,
        "l": {},
        "c": "2Ch 18:29*12841",
        "a": "f"
    },
    {
        "o": 13330,
        "r": "csb:2 Chronicles:35:22",
        "w": 36,
        "l": {},
        "c": "Jdg 5:19*7356",
        "a": "g"
    },
    {
        "o": 13331,
        "r": "csb:2 Chronicles:35:23",
        "w": 18,
        "l": {},
        "c": "2Ch 18:33*12845",
        "a": "h"
    },
    {
        "o": 13332,
        "r": "csb:2 Chronicles:35:24",
        "w": 38,
        "l": {},
        "c": "Zch 12:11*25995",
        "a": "i"
    },
    {
        "o": 13333,
        "r": "csb:2 Chronicles:35:25",
        "w": 3,
        "l": {},
        "c": "Jr 22:10*21832; Lm 4:20*23012",
        "a": "j"
    },
    {
        "o": 13334,
        "r": "csb:2 Chronicles:35:26",
        "w": 4,
        "l": {},
        "c": "2Kg 23:28*11303",
        "a": "k"
    }
]
