[
    {
        "o": 11886,
        "r": "csb:1 Chronicles:12:1",
        "w": 23,
        "l": {},
        "c": "1Sm 27:1–7*8771",
        "a": "a"
    },
    {
        "o": 11887,
        "r": "csb:1 Chronicles:12:2",
        "w": 21,
        "l": {},
        "c": "Jdg 3:15*7292; 20:16*7828",
        "a": "b"
    },
    {
        "o": 11887,
        "r": "csb:1 Chronicles:12:2",
        "w": 25,
        "l": {},
        "c": "1Ch 12:29*11915",
        "a": "c"
    },
    {
        "o": 11893,
        "r": "csb:1 Chronicles:12:8",
        "w": 40,
        "l": {},
        "c": "2Sm 2:18*8919",
        "a": "d"
    },
    {
        "o": 11899,
        "r": "csb:1 Chronicles:12:14",
        "w": 22,
        "l": {},
        "c": "Lv 26:8*3899; Dt 32:30*6393; Is 30:17*20426",
        "a": "e"
    },
    {
        "o": 11900,
        "r": "csb:1 Chronicles:12:15",
        "w": 11,
        "l": {},
        "t": "12:15*r = Nisan (March–April)",
        "a": "f"
    },
    {
        "o": 11900,
        "r": "csb:1 Chronicles:12:15",
        "w": 18,
        "l": {},
        "c": "Jos 3:15*6526; 4:18*6548",
        "a": "g"
    },
    {
        "o": 11901,
        "r": "csb:1 Chronicles:12:16",
        "w": 12,
        "l": {},
        "c": "1Sm 22:1–2*8615",
        "a": "h"
    },
    {
        "o": 11903,
        "r": "csb:1 Chronicles:12:18",
        "w": 3,
        "l": {},
        "t": "12:18*r Lit clothed; Jdg 6:34; 2Ch 24:20",
        "a": "i"
    },
    {
        "o": 11903,
        "r": "csb:1 Chronicles:12:18",
        "w": 3,
        "l": {},
        "c": "Jdg 6:34*7407; 2Ch 24:20*12992",
        "a": "j"
    },
    {
        "o": 11903,
        "r": "csb:1 Chronicles:12:18",
        "w": 4,
        "l": {},
        "c": "1Ch 2:17*11452",
        "a": "k"
    },
    {
        "o": 11903,
        "r": "csb:1 Chronicles:12:18",
        "w": 33,
        "l": {},
        "c": "1Sm 25:5–6*8702",
        "a": "l"
    },
    {
        "o": 11904,
        "r": "csb:1 Chronicles:12:19",
        "w": 45,
        "l": {},
        "c": "1Sm 29:1–11*8812",
        "a": "m"
    },
    {
        "o": 11906,
        "r": "csb:1 Chronicles:12:21",
        "w": 5,
        "l": {},
        "c": "1Sm 30:1–20*8825",
        "a": "n"
    },
    {
        "o": 11907,
        "r": "csb:1 Chronicles:12:22",
        "w": 21,
        "l": {},
        "t": "12:22*r Or like the ultimate army",
        "a": "o"
    },
    {
        "o": 11907,
        "r": "csb:1 Chronicles:12:22",
        "w": 21,
        "l": {},
        "c": "Gn 32:1–2*1025; Jos 5:13–15*6571",
        "a": "p"
    },
    {
        "o": 11909,
        "r": "csb:1 Chronicles:12:23",
        "w": 18,
        "l": {},
        "c": "1Sm 15:28*8397; 1Ch 10:14*11832",
        "a": "q"
    },
    {
        "o": 11909,
        "r": "csb:1 Chronicles:12:23",
        "w": 23,
        "l": {},
        "c": "1Ch 11:10*11846",
        "a": "r"
    },
    {
        "o": 11914,
        "r": "csb:1 Chronicles:12:28",
        "w": 1,
        "l": {},
        "c": "2Sm 8:17*9092; 1Ch 6:8,53*11604; 9:11*11782; 15:11*11974; 16:39*12033",
        "a": "s"
    },
    {
        "o": 11914,
        "r": "csb:1 Chronicles:12:28",
        "w": 12,
        "l": {},
        "t": "12:28*r Lit the house of his father",
        "a": "t"
    },
    {
        "o": 11915,
        "r": "csb:1 Chronicles:12:29",
        "w": 6,
        "l": {},
        "c": "1Ch 12:2*11887",
        "a": "u"
    },
    {
        "o": 11916,
        "r": "csb:1 Chronicles:12:30",
        "w": 13,
        "l": {},
        "t": "12:30*r Lit the house of their fathers",
        "a": "v"
    },
    {
        "o": 11918,
        "r": "csb:1 Chronicles:12:32",
        "w": 6,
        "l": {},
        "c": "Est 1:13*14144",
        "a": "w"
    },
    {
        "o": 11919,
        "r": "csb:1 Chronicles:12:33",
        "w": 21,
        "l": {},
        "c": "Ps 12:2*15623",
        "a": "x"
    },
    {
        "o": 11919,
        "r": "csb:1 Chronicles:12:33",
        "w": 24,
        "l": {},
        "t": "12:33*r LXX; MT omits David",
        "a": "y"
    },
    {
        "o": 11924,
        "r": "csb:1 Chronicles:12:38",
        "w": 33,
        "l": {},
        "c": "2Sm 5:1–3*8992",
        "a": "z"
    },
    {
        "o": 11926,
        "r": "csb:1 Chronicles:12:40",
        "w": 35,
        "l": {},
        "c": "1Sm 25:18*8715",
        "a": "a"
    }
]
