[
    {
        "o": 33672,
        "r": "csb:1 Timothy:2:2",
        "w": 8,
        "l": {},
        "c": "Ezr 6:10*13530; Rm 13:1*31995; 1Co 2:1*32146",
        "a": "a"
    },
    {
        "o": 33672,
        "r": "csb:1 Timothy:2:2",
        "w": 21,
        "l": {},
        "c": "2Pt 1:3*34562",
        "a": "b"
    },
    {
        "o": 33672,
        "r": "csb:1 Timothy:2:2",
        "w": 23,
        "l": {},
        "c": "1Tm 3:4*33692; Ti 2:7*33907",
        "a": "c"
    },
    {
        "o": 33673,
        "r": "csb:1 Timothy:2:3",
        "w": 8,
        "l": {},
        "c": "1Tm 1:1*33646",
        "a": "d"
    },
    {
        "o": 33674,
        "r": "csb:1 Timothy:2:4",
        "w": 2,
        "l": {},
        "c": "Ti 2:11*33911",
        "a": "e"
    },
    {
        "o": 33674,
        "r": "csb:1 Timothy:2:4",
        "w": 5,
        "l": {},
        "c": "Ezk 18:23,32*23490; Jn 3:17*29565; 1Tm 4:10*33719; Ti 2:11*33911; 2Pt 3:9*34616",
        "a": "f"
    },
    {
        "o": 33674,
        "r": "csb:1 Timothy:2:4",
        "w": 14,
        "l": {},
        "c": "Jn 14:6,17*30162",
        "a": "g"
    },
    {
        "o": 33675,
        "r": "csb:1 Timothy:2:5",
        "w": 4,
        "l": {},
        "c": "Dt 6:4*5599; Gl 3:20*32976",
        "a": "h"
    },
    {
        "o": 33675,
        "r": "csb:1 Timothy:2:5",
        "w": 7,
        "l": {},
        "c": "Heb 8:6*34122",
        "a": "i"
    },
    {
        "o": 33675,
        "r": "csb:1 Timothy:2:5",
        "w": 13,
        "l": {},
        "c": "Jn 1:14*29478; Php 2:7*33293; 3:3*33323; 1Jn 4:2*34705; 5:20*34749",
        "a": "j"
    },
    {
        "o": 33676,
        "r": "csb:1 Timothy:2:6",
        "w": 7,
        "l": {},
        "c": "Mt 20:28*26899; Gl 1:4*32906",
        "a": "k"
    },
    {
        "o": 33677,
        "r": "csb:1 Timothy:2:7",
        "w": 8,
        "l": {},
        "c": "Eph 3:7–8*33132; 1Tm 1:11*33658; 2Tm 1:11*33796",
        "a": "l"
    },
    {
        "o": 33677,
        "r": "csb:1 Timothy:2:7",
        "w": 13,
        "l": {},
        "t": "2:7*r Other mss add in Christ",
        "a": "m"
    },
    {
        "o": 33677,
        "r": "csb:1 Timothy:2:7",
        "w": 23,
        "l": {},
        "c": "Ac 9:15*30811",
        "a": "n"
    },
    {
        "o": 33679,
        "r": "csb:1 Timothy:2:8",
        "w": 17,
        "l": {},
        "c": "Mk 7:21*27656; Lk 9:46–47*28657; 24:38*29446; Rm 14:1*32013; Php 2:14*33301",
        "a": "o"
    },
    {
        "o": 33680,
        "r": "csb:1 Timothy:2:9",
        "w": 9,
        "l": {},
        "c": "1Pt 3:3*34495",
        "a": "p"
    },
    {
        "o": 33680,
        "r": "csb:1 Timothy:2:9",
        "w": 19,
        "l": {},
        "c": "Rv 3:18*34898",
        "a": "q"
    },
    {
        "o": 33681,
        "r": "csb:1 Timothy:2:10",
        "w": 3,
        "l": {},
        "c": "2Co 9:8*32797; Gl 3:10*32965",
        "a": "r"
    },
    {
        "o": 33682,
        "r": "csb:1 Timothy:2:11",
        "w": 8,
        "l": {},
        "c": "1Co 14:34*32504; Ti 2:5*33905",
        "a": "s"
    },
    {
        "o": 33684,
        "r": "csb:1 Timothy:2:13",
        "w": 6,
        "l": {},
        "c": "Gn 2:7,22*42; 3:16*79; 1Co 11:8–12*32390",
        "a": "t"
    },
    {
        "o": 33685,
        "r": "csb:1 Timothy:2:14",
        "w": 11,
        "l": {},
        "c": "Gn 3:6,13*68; 2Co 11:3*32829",
        "a": "u"
    },
    {
        "o": 33686,
        "r": "csb:1 Timothy:2:15",
        "w": 14,
        "l": {},
        "c": "1Th 3:12–4:10*33532",
        "a": "v"
    }
]
