[
    {
        "o": 32513,
        "r": "csb:1 Corinthians:15:1",
        "w": 26,
        "l": {},
        "c": "Pr 24:16*19108",
        "a": "a"
    },
    {
        "o": 32514,
        "r": "csb:1 Corinthians:15:2",
        "w": 21,
        "l": {},
        "c": "Gl 4:11*32999; Heb 6:8*34069",
        "a": "b"
    },
    {
        "o": 32515,
        "r": "csb:1 Corinthians:15:3",
        "w": 5,
        "l": {},
        "c": "Jd 3*34793",
        "a": "c"
    },
    {
        "o": 32515,
        "r": "csb:1 Corinthians:15:3",
        "w": 15,
        "l": {},
        "c": "1Co 8:11*32312",
        "a": "d"
    },
    {
        "o": 32515,
        "r": "csb:1 Corinthians:15:3",
        "w": 22,
        "l": {},
        "c": "Mt 26:54*27224; 1Pt 1:20*34456",
        "a": "e"
    },
    {
        "o": 32516,
        "r": "csb:1 Corinthians:15:4",
        "w": 3,
        "l": {},
        "c": "Mt 27:59–60*27315; Mk 15:46*28105; Lk 23:53*29401; Jn 19:41–42*30389",
        "a": "f"
    },
    {
        "o": 32516,
        "r": "csb:1 Corinthians:15:4",
        "w": 11,
        "l": {},
        "c": "1Th 4:14*33551",
        "a": "g"
    },
    {
        "o": 32516,
        "r": "csb:1 Corinthians:15:4",
        "w": 15,
        "l": {},
        "c": "Ps 16:10*15669; Is 53:10*20970; Hs 6:2*24942; Mt 12:40*26560; Jn 2:22*29543; Ac 2:25–32*30517; 13:33–35*30999; 26:22–23*31507",
        "a": "h"
    },
    {
        "o": 32517,
        "r": "csb:1 Corinthians:15:5",
        "w": 5,
        "l": {},
        "c": "Lk 24:34*29441",
        "a": "i"
    },
    {
        "o": 32517,
        "r": "csb:1 Corinthians:15:5",
        "w": 9,
        "l": {},
        "c": "Mk 16:14*28125; Lk 24:36*29444; Jn 20:19,26*30413; Ac 10:41*30891",
        "a": "j"
    },
    {
        "o": 32518,
        "r": "csb:1 Corinthians:15:6",
        "w": 12,
        "l": {},
        "c": "Mt 28:10–20*27336",
        "a": "k"
    },
    {
        "o": 32519,
        "r": "csb:1 Corinthians:15:7",
        "w": 4,
        "l": {},
        "c": "Jms 1:1*34310",
        "a": "l"
    },
    {
        "o": 32519,
        "r": "csb:1 Corinthians:15:7",
        "w": 9,
        "l": {},
        "c": "Ac 1:3–11*30463",
        "a": "m"
    },
    {
        "o": 32520,
        "r": "csb:1 Corinthians:15:8",
        "w": 10,
        "l": {},
        "t": "15:8*r Or one whose birth was unusual",
        "a": "n"
    },
    {
        "o": 32520,
        "r": "csb:1 Corinthians:15:8",
        "w": 10,
        "l": {},
        "c": "1Tm 1:13–16*33660",
        "a": "o"
    },
    {
        "o": 32520,
        "r": "csb:1 Corinthians:15:8",
        "w": 15,
        "l": {},
        "c": "Ac 9:1–8*30796",
        "a": "p"
    },
    {
        "o": 32521,
        "r": "csb:1 Corinthians:15:9",
        "w": 7,
        "l": {},
        "c": "Eph 3:8*33133; 1Tm 1:16–17*33663",
        "a": "q"
    },
    {
        "o": 32521,
        "r": "csb:1 Corinthians:15:9",
        "w": 17,
        "l": {},
        "c": "Php 3:6*33326",
        "a": "r"
    },
    {
        "o": 32522,
        "r": "csb:1 Corinthians:15:10",
        "w": 41,
        "l": {},
        "c": "2Co 3:5*32662; Php 2:13*33300; Col 1:29*33404",
        "a": "s"
    },
    {
        "o": 32525,
        "r": "csb:1 Corinthians:15:12",
        "w": 9,
        "l": {},
        "c": "Mt 17:9*26772",
        "a": "t"
    },
    {
        "o": 32525,
        "r": "csb:1 Corinthians:15:12",
        "w": 22,
        "l": {},
        "c": "Mt 22:23*26986; Mk 12:18*27894; Lk 20:27*29190; Ac 23:8*31393; 2Tm 2:18*33825",
        "a": "u"
    },
    {
        "o": 32527,
        "r": "csb:1 Corinthians:15:14",
        "w": 17,
        "l": {},
        "t": "15:14*r Or proclamation is useless, and your faith also is useless, or proclamation is empty, and your faith also is empty",
        "a": "v"
    },
    {
        "o": 32528,
        "r": "csb:1 Corinthians:15:15",
        "w": 7,
        "l": {},
        "c": "Mt 26:60*27231",
        "a": "w"
    },
    {
        "o": 32528,
        "r": "csb:1 Corinthians:15:15",
        "w": 13,
        "l": {},
        "c": "Jn 15:26*30223",
        "a": "x"
    },
    {
        "o": 32531,
        "r": "csb:1 Corinthians:15:18",
        "w": 7,
        "l": {},
        "c": "1Th 4:16*33553; 1Pt 5:14*34556",
        "a": "y"
    },
    {
        "o": 32534,
        "r": "csb:1 Corinthians:15:20",
        "w": 12,
        "l": {},
        "c": "Ex 23:19*2390; Lv 2:12*3073; Rm 8:23*31848; Col 1:18*33392",
        "a": "z"
    },
    {
        "o": 32535,
        "r": "csb:1 Corinthians:15:21",
        "w": 2,
        "l": {},
        "c": "Mt 10:21*26455; Jn 8:51*29890; Php 3:10*33330",
        "a": "a"
    },
    {
        "o": 32535,
        "r": "csb:1 Corinthians:15:21",
        "w": 6,
        "l": {},
        "c": "Gn 3:1–7*63; Rm 5:12–14*31757",
        "a": "b"
    },
    {
        "o": 32535,
        "r": "csb:1 Corinthians:15:21",
        "w": 16,
        "l": {},
        "c": "Mt 28:5–6*27330; Mk 16:6*28114; Lk 24:5–8,34*29411; Jn 11:25*30018; 20:9,15–18*30401",
        "a": "c"
    },
    {
        "o": 32536,
        "r": "csb:1 Corinthians:15:22",
        "w": 15,
        "l": {},
        "c": "Rm 14:9*32021",
        "a": "d"
    },
    {
        "o": 32537,
        "r": "csb:1 Corinthians:15:23",
        "w": 5,
        "l": {},
        "c": "1Th 4:17*33554",
        "a": "e"
    },
    {
        "o": 32538,
        "r": "csb:1 Corinthians:15:24",
        "w": 3,
        "l": {},
        "c": "Mt 24:6*27061; Mk 13:7*27934",
        "a": "f"
    },
    {
        "o": 32538,
        "r": "csb:1 Corinthians:15:24",
        "w": 13,
        "l": {},
        "c": "Mt 5:16*26231; 11:27*26510; Lk 11:13*28742; Jn 8:42*29880; Eph 5:20*33205",
        "a": "g"
    },
    {
        "o": 32538,
        "r": "csb:1 Corinthians:15:24",
        "w": 23,
        "l": {},
        "c": "Ac 8:10*30762; Eph 1:21*33096; 1Pt 3:22*34516",
        "a": "h"
    },
    {
        "o": 32539,
        "r": "csb:1 Corinthians:15:25",
        "w": 3,
        "l": {},
        "c": "Lk 1:33*28169; Rv 11:15*35053",
        "a": "i"
    },
    {
        "o": 32539,
        "r": "csb:1 Corinthians:15:25",
        "w": 12,
        "l": {},
        "c": "Ps 110:1*17629; Mt 22:44*27009; Eph 1:22*33097",
        "a": "j"
    },
    {
        "o": 32540,
        "r": "csb:1 Corinthians:15:26",
        "w": 7,
        "l": {},
        "c": "2Co 5:4*32703",
        "a": "k"
    },
    {
        "o": 32541,
        "r": "csb:1 Corinthians:15:27",
        "w": 7,
        "l": {},
        "t": "15:27*r Ps 8:6; 110:1",
        "a": "l"
    },
    {
        "o": 32541,
        "r": "csb:1 Corinthians:15:27",
        "w": 7,
        "l": {},
        "c": "Ps 8:6*15562; 110:1*17629",
        "a": "m"
    },
    {
        "o": 32542,
        "r": "csb:1 Corinthians:15:28",
        "w": 8,
        "l": {},
        "c": "Jn 5:19*29667; Heb 1:2*33967",
        "a": "n"
    },
    {
        "o": 32542,
        "r": "csb:1 Corinthians:15:28",
        "w": 29,
        "l": {},
        "c": "Ps 104:24*17420; Eph 1:23*33098",
        "a": "o"
    },
    {
        "o": 32544,
        "r": "csb:1 Corinthians:15:29",
        "w": 11,
        "l": {},
        "t": "15:29*r Or baptized on account of the dead",
        "a": "p"
    },
    {
        "o": 32544,
        "r": "csb:1 Corinthians:15:29",
        "w": 26,
        "l": {},
        "t": "15:29*r Other mss read for the dead",
        "a": "q"
    },
    {
        "o": 32546,
        "r": "csb:1 Corinthians:15:31",
        "w": 4,
        "l": {},
        "c": "Rm 8:36*31862",
        "a": "r"
    },
    {
        "o": 32547,
        "r": "csb:1 Corinthians:15:32",
        "w": 6,
        "l": {},
        "c": "Eph 1:1*33073",
        "a": "s"
    },
    {
        "o": 32547,
        "r": "csb:1 Corinthians:15:32",
        "w": 16,
        "l": {},
        "c": "1Th 2:19*33515",
        "a": "t"
    },
    {
        "o": 32547,
        "r": "csb:1 Corinthians:15:32",
        "w": 31,
        "l": {},
        "t": "15:32*r Is 22:13",
        "a": "u"
    },
    {
        "o": 32547,
        "r": "csb:1 Corinthians:15:32",
        "w": 31,
        "l": {},
        "c": "Is 22:13*20235",
        "a": "v"
    },
    {
        "o": 32549,
        "r": "csb:1 Corinthians:15:34",
        "w": 3,
        "l": {},
        "t": "15:34*r Lit Sober up",
        "a": "w"
    },
    {
        "o": 32549,
        "r": "csb:1 Corinthians:15:34",
        "w": 3,
        "l": {},
        "c": "Ti 2:12*33912",
        "a": "x"
    },
    {
        "o": 32549,
        "r": "csb:1 Corinthians:15:34",
        "w": 19,
        "l": {},
        "c": "1Co 4:14*32207",
        "a": "y"
    },
    {
        "o": 32552,
        "r": "csb:1 Corinthians:15:36",
        "w": 9,
        "l": {},
        "c": "Jn 12:24*30082",
        "a": "z"
    },
    {
        "o": 32554,
        "r": "csb:1 Corinthians:15:38",
        "w": 8,
        "l": {},
        "c": "Ps 143:10*18254; Pr 16:9*18853; Jn 5:30*29680; Gl 1:4*32906; Eph 1:9*33082; 1Jn 2:17*34661",
        "a": "a"
    },
    {
        "o": 32555,
        "r": "csb:1 Corinthians:15:39",
        "w": 2,
        "l": {},
        "c": "Php 3:3*33323",
        "a": "b"
    },
    {
        "o": 32556,
        "r": "csb:1 Corinthians:15:40",
        "w": 9,
        "l": {},
        "c": "Lk 9:31–32*28638; Ac 22:11*31363",
        "a": "c"
    },
    {
        "o": 32558,
        "r": "csb:1 Corinthians:15:42",
        "w": 14,
        "l": {},
        "c": "Rm 2:7*31651; Eph 6:24*33248; 2Tm 1:10*33795",
        "a": "d"
    },
    {
        "o": 32559,
        "r": "csb:1 Corinthians:15:43",
        "w": 2,
        "l": {},
        "c": "2Co 6:8*32731",
        "a": "e"
    },
    {
        "o": 32559,
        "r": "csb:1 Corinthians:15:43",
        "w": 5,
        "l": {},
        "c": "1Pt 5:4*34545",
        "a": "f"
    },
    {
        "o": 32559,
        "r": "csb:1 Corinthians:15:43",
        "w": 11,
        "l": {},
        "c": "Mk 5:30*27558; Lk 1:35*28171; 6:19*28442; Ac 19:11*31231; 2Co 13:4*32891; Rv 11:17*35055",
        "a": "g"
    },
    {
        "o": 32561,
        "r": "csb:1 Corinthians:15:45",
        "w": 11,
        "l": {},
        "t": "15:45*r Gn 2:7",
        "a": "h"
    },
    {
        "o": 32561,
        "r": "csb:1 Corinthians:15:45",
        "w": 11,
        "l": {},
        "c": "Gn 2:7*42",
        "a": "i"
    },
    {
        "o": 32561,
        "r": "csb:1 Corinthians:15:45",
        "w": 14,
        "l": {},
        "c": "Rm 8:2*31825",
        "a": "j"
    },
    {
        "o": 32563,
        "r": "csb:1 Corinthians:15:47",
        "w": 10,
        "l": {},
        "c": "Gn 2:7*42; 3:19*82; Ps 90:3*17172",
        "a": "k"
    },
    {
        "o": 32563,
        "r": "csb:1 Corinthians:15:47",
        "w": 14,
        "l": {},
        "t": "15:47*r Other mss add the Lord",
        "a": "l"
    },
    {
        "o": 32564,
        "r": "csb:1 Corinthians:15:48",
        "w": 24,
        "l": {},
        "c": "Php 3:20–21*33341",
        "a": "m"
    },
    {
        "o": 32565,
        "r": "csb:1 Corinthians:15:49",
        "w": 7,
        "l": {},
        "c": "Gn 1:27*29",
        "a": "n"
    },
    {
        "o": 32565,
        "r": "csb:1 Corinthians:15:49",
        "w": 23,
        "l": {},
        "c": "1Jn 3:2*34678",
        "a": "o"
    },
    {
        "o": 32567,
        "r": "csb:1 Corinthians:15:50",
        "w": 9,
        "l": {},
        "c": "Php 3:3*33323",
        "a": "p"
    },
    {
        "o": 32567,
        "r": "csb:1 Corinthians:15:50",
        "w": 11,
        "l": {},
        "c": "Mt 16:17*26748",
        "a": "q"
    },
    {
        "o": 32569,
        "r": "csb:1 Corinthians:15:52",
        "w": 12,
        "l": {},
        "c": "Mt 24:31*27090; 1Pt 1:5*34440",
        "a": "r"
    },
    {
        "o": 32570,
        "r": "csb:1 Corinthians:15:53",
        "w": 6,
        "l": {},
        "c": "Pr 31:25*19333",
        "a": "s"
    },
    {
        "o": 32570,
        "r": "csb:1 Corinthians:15:53",
        "w": 8,
        "l": {},
        "c": "1Pt 1:18*34454",
        "a": "t"
    },
    {
        "o": 32571,
        "r": "csb:1 Corinthians:15:54",
        "w": 29,
        "l": {},
        "c": "Mt 23:24*27036",
        "a": "u"
    },
    {
        "o": 32571,
        "r": "csb:1 Corinthians:15:54",
        "w": 31,
        "l": {},
        "t": "15:54*r Is 25:8",
        "a": "v"
    },
    {
        "o": 32571,
        "r": "csb:1 Corinthians:15:54",
        "w": 31,
        "l": {},
        "c": "Is 25:8*20303",
        "a": "w"
    },
    {
        "o": 32572,
        "r": "csb:1 Corinthians:15:55",
        "w": 9,
        "l": {},
        "t": "15:55*r Hs 13:14",
        "a": "x"
    },
    {
        "o": 32572,
        "r": "csb:1 Corinthians:15:55",
        "w": 9,
        "l": {},
        "c": "Hs 13:14*25074",
        "a": "y"
    },
    {
        "o": 32573,
        "r": "csb:1 Corinthians:15:56",
        "w": 10,
        "l": {},
        "c": "Rm 4:15*31731",
        "a": "z"
    },
    {
        "o": 32573,
        "r": "csb:1 Corinthians:15:56",
        "w": 13,
        "l": {},
        "c": "Gl 5:4*33026",
        "a": "a"
    },
    {
        "o": 32574,
        "r": "csb:1 Corinthians:15:57",
        "w": 9,
        "l": {},
        "c": "1Jn 5:5*34732",
        "a": "b"
    },
    {
        "o": 32575,
        "r": "csb:1 Corinthians:15:58",
        "w": 14,
        "l": {},
        "c": "Mk 14:6*27978; Gl 3:10*32965; Jms 2:14–26*34354",
        "a": "c"
    }
]
