[
    {
        "o": 12947,
        "r": "csb:2 Chronicles:23:1",
        "w": 4,
        "l": {},
        "c": "2Kg 11:4–20*10879",
        "a": "a"
    },
    {
        "o": 12949,
        "r": "csb:2 Chronicles:23:3",
        "w": 29,
        "l": {},
        "c": "2Ch 21:7*12914",
        "a": "b"
    },
    {
        "o": 12950,
        "r": "csb:2 Chronicles:23:4",
        "w": 21,
        "l": {},
        "c": "1Ch 9:25*11796",
        "a": "c"
    },
    {
        "o": 12952,
        "r": "csb:2 Chronicles:23:6",
        "w": 15,
        "l": {},
        "c": "1Ch 23:28–32*12203",
        "a": "d"
    },
    {
        "o": 12953,
        "r": "csb:2 Chronicles:23:7",
        "w": 30,
        "l": {},
        "t": "23:7*r Lit king when he comes in and when he goes out",
        "a": "e"
    },
    {
        "o": 12954,
        "r": "csb:2 Chronicles:23:8",
        "w": 39,
        "l": {},
        "c": "1Ch 24:1*12210",
        "a": "f"
    },
    {
        "o": 12955,
        "r": "csb:2 Chronicles:23:9",
        "w": 14,
        "l": {},
        "t": "23:9*r Or spears and large and small shields",
        "a": "g"
    },
    {
        "o": 12957,
        "r": "csb:2 Chronicles:23:11",
        "w": 14,
        "l": {},
        "c": "Ex 25:16,21*2443; 31:18*2697",
        "a": "h"
    },
    {
        "o": 12957,
        "r": "csb:2 Chronicles:23:11",
        "w": 30,
        "l": {},
        "c": "1Sm 10:24*8236",
        "a": "i"
    },
    {
        "o": 12959,
        "r": "csb:2 Chronicles:23:13",
        "w": 10,
        "l": {},
        "t": "23:13*r LXX reads post",
        "a": "j"
    },
    {
        "o": 12959,
        "r": "csb:2 Chronicles:23:13",
        "w": 34,
        "l": {},
        "c": "Nm 10:7–10*4395",
        "a": "k"
    },
    {
        "o": 12961,
        "r": "csb:2 Chronicles:23:15",
        "w": 13,
        "l": {},
        "c": "Neh 3:28*13752; Jr 31:40*22140",
        "a": "l"
    },
    {
        "o": 12964,
        "r": "csb:2 Chronicles:23:17",
        "w": 29,
        "l": {},
        "c": "Dt 13:6–9*5807; 1Kg 18:40*10369",
        "a": "m"
    },
    {
        "o": 12965,
        "r": "csb:2 Chronicles:23:18",
        "w": 15,
        "l": {},
        "c": "2Ch 5:5*12502",
        "a": "n"
    },
    {
        "o": 12965,
        "r": "csb:2 Chronicles:23:18",
        "w": 19,
        "l": {},
        "c": "1Ch 23:6,25–31*12181",
        "a": "o"
    },
    {
        "o": 12965,
        "r": "csb:2 Chronicles:23:18",
        "w": 39,
        "l": {},
        "c": "2Kg 14:6*10961; 2Ch 17:9*12797; Ezr 7:6*13551; Neh 8:1*13906",
        "a": "p"
    },
    {
        "o": 12965,
        "r": "csb:2 Chronicles:23:18",
        "w": 45,
        "l": {},
        "t": "23:18*r Lit song on the hands of",
        "a": "q"
    },
    {
        "o": 12966,
        "r": "csb:2 Chronicles:23:19",
        "w": 2,
        "l": {},
        "c": "1Ch 9:22*11793",
        "a": "r"
    }
]
