[
    {
        "o": 10561,
        "r": "csb:2 Kings:2:1",
        "w": 12,
        "l": {},
        "c": "Gn 5:24*142; Heb 11:5*34210",
        "a": "a"
    },
    {
        "o": 10561,
        "r": "csb:2 Kings:2:1",
        "w": 15,
        "l": {},
        "c": "2Kg 2:11*10571",
        "a": "b"
    },
    {
        "o": 10561,
        "r": "csb:2 Kings:2:1",
        "w": 18,
        "l": {},
        "c": "1Kg 19:16–21*10395",
        "a": "c"
    },
    {
        "o": 10561,
        "r": "csb:2 Kings:2:1",
        "w": 22,
        "l": {},
        "c": "Jos 4:19*6549; 2Kg 4:38*10661",
        "a": "d"
    },
    {
        "o": 10562,
        "r": "csb:2 Kings:2:2",
        "w": 4,
        "l": {},
        "c": "1Kg 19:16,19–21*10395",
        "a": "e"
    },
    {
        "o": 10562,
        "r": "csb:2 Kings:2:2",
        "w": 6,
        "l": {},
        "c": "Ru 1:15*7905",
        "a": "f"
    },
    {
        "o": 10562,
        "r": "csb:2 Kings:2:2",
        "w": 14,
        "l": {},
        "c": "1Kg 12:28–29*10144",
        "a": "g"
    },
    {
        "o": 10562,
        "r": "csb:2 Kings:2:2",
        "w": 31,
        "l": {},
        "c": "1Sm 1:26*8011; 2Kg 4:30*10652",
        "a": "h"
    },
    {
        "o": 10563,
        "r": "csb:2 Kings:2:3",
        "w": 5,
        "l": {},
        "c": "1Sm 10:5*8216; 1Kg 20:35*10439; 2Kg 4:1,38*10620",
        "a": "i"
    },
    {
        "o": 10563,
        "r": "csb:2 Kings:2:3",
        "w": 29,
        "l": {},
        "c": "Gn 5:24*142",
        "a": "j"
    },
    {
        "o": 10564,
        "r": "csb:2 Kings:2:4",
        "w": 13,
        "l": {},
        "c": "Jos 6:16*6591; 1Kg 16:34*10298",
        "a": "k"
    },
    {
        "o": 10566,
        "r": "csb:2 Kings:2:6",
        "w": 13,
        "l": {},
        "c": "Jos 3:8*6519; Mt 3:5–6,13*26167",
        "a": "l"
    },
    {
        "o": 10568,
        "r": "csb:2 Kings:2:8",
        "w": 3,
        "l": {},
        "c": "1Kg 19:13,19*10392",
        "a": "m"
    },
    {
        "o": 10568,
        "r": "csb:2 Kings:2:8",
        "w": 27,
        "l": {},
        "c": "Ex 14:21–22*2106; Jos 3:14–17*6525",
        "a": "n"
    },
    {
        "o": 10569,
        "r": "csb:2 Kings:2:9",
        "w": 34,
        "l": {},
        "c": "Nm 11:16–25*4445; Dt 21:15–17*6023",
        "a": "o"
    },
    {
        "o": 10570,
        "r": "csb:2 Kings:2:10",
        "w": 15,
        "l": {},
        "c": "Ac 1:9–11*30470",
        "a": "p"
    },
    {
        "o": 10571,
        "r": "csb:2 Kings:2:11",
        "w": 13,
        "l": {},
        "c": "2Kg 6:17*10719",
        "a": "q"
    },
    {
        "o": 10571,
        "r": "csb:2 Kings:2:11",
        "w": 30,
        "l": {},
        "c": "2Kg 2:1*10561",
        "a": "r"
    },
    {
        "o": 10572,
        "r": "csb:2 Kings:2:12",
        "w": 16,
        "l": {},
        "c": "2Kg 13:14*10941",
        "a": "s"
    },
    {
        "o": 10574,
        "r": "csb:2 Kings:2:12",
        "w": 17,
        "l": {},
        "c": "Gn 37:29,34*1225",
        "a": "t"
    },
    {
        "o": 10575,
        "r": "csb:2 Kings:2:13",
        "w": 3,
        "l": {},
        "c": "1Kg 19:19*10399",
        "a": "u"
    },
    {
        "o": 10578,
        "r": "csb:2 Kings:2:16",
        "w": 51,
        "l": {},
        "c": "1Kg 18:12*10340; Ac 8:39*30792",
        "a": "v"
    },
    {
        "o": 10579,
        "r": "csb:2 Kings:2:17",
        "w": 8,
        "l": {},
        "c": "Jdg 3:25*7302; 2Kg 8:11*10771",
        "a": "w"
    },
    {
        "o": 10580,
        "r": "csb:2 Kings:2:18",
        "w": 6,
        "l": {},
        "c": "2Kg 2:4*10564",
        "a": "x"
    },
    {
        "o": 10581,
        "r": "csb:2 Kings:2:19",
        "w": 27,
        "l": {},
        "c": "Dt 28:15–18*6220; Jos 6:26*6602; 1Kg 16:34*10298",
        "a": "y"
    },
    {
        "o": 10582,
        "r": "csb:2 Kings:2:20",
        "w": 11,
        "l": {},
        "c": "Lv 2:13*3074; Nm 18:19*4702",
        "a": "z"
    },
    {
        "o": 10583,
        "r": "csb:2 Kings:2:21",
        "w": 9,
        "l": {},
        "c": "Ex 15:25–26*2144; 2Kg 4:41*10665; 6:6*10707",
        "a": "a"
    },
    {
        "o": 10585,
        "r": "csb:2 Kings:2:23",
        "w": 6,
        "l": {},
        "c": "2Kg 2:2–3*10562",
        "a": "b"
    },
    {
        "o": 10585,
        "r": "csb:2 Kings:2:23",
        "w": 25,
        "l": {},
        "c": "2Ch 36:16*13357; Ps 31:17–18*15960",
        "a": "c"
    },
    {
        "o": 10586,
        "r": "csb:2 Kings:2:24",
        "w": 14,
        "l": {},
        "c": "Lv 26:21–22*3912; Neh 13:25*14122",
        "a": "d"
    },
    {
        "o": 10587,
        "r": "csb:2 Kings:2:25",
        "w": 6,
        "l": {},
        "c": "1Kg 18:19–20*10348",
        "a": "e"
    },
    {
        "o": 10587,
        "r": "csb:2 Kings:2:25",
        "w": 12,
        "l": {},
        "c": "1Kg 16:24*10287; 2Kg 1:2*10542",
        "a": "f"
    }
]
