[
    {
        "o": 8260,
        "r": "csb:1 Samuel:12:1",
        "w": 21,
        "l": {},
        "c": "1Sm 8:5–22*8164",
        "a": "a"
    },
    {
        "o": 8262,
        "r": "csb:1 Samuel:12:3",
        "w": 19,
        "l": {},
        "c": "Ex 20:17*2279; Nm 16:15*4630",
        "a": "b"
    },
    {
        "o": 8262,
        "r": "csb:1 Samuel:12:3",
        "w": 33,
        "l": {},
        "t": "12:3*r LXX reads bribe or a pair of shoes? Testify against me.",
        "a": "c"
    },
    {
        "o": 8262,
        "r": "csb:1 Samuel:12:3",
        "w": 33,
        "l": {},
        "c": "Dt 16:19*5904",
        "a": "d"
    },
    {
        "o": 8264,
        "r": "csb:1 Samuel:12:5",
        "w": 22,
        "l": {},
        "c": "Ac 23:9*31394; 24:20*31443",
        "a": "e"
    },
    {
        "o": 8264,
        "r": "csb:1 Samuel:12:5",
        "w": 25,
        "l": {},
        "c": "Ex 22:4*2335",
        "a": "f"
    },
    {
        "o": 8265,
        "r": "csb:1 Samuel:12:6",
        "w": 12,
        "l": {},
        "c": "Ex 6:26*1852",
        "a": "g"
    },
    {
        "o": 8265,
        "r": "csb:1 Samuel:12:6",
        "w": 26,
        "l": {},
        "t": "12:6*r LXX; MT omits is a witness",
        "a": "h"
    },
    {
        "o": 8267,
        "r": "csb:1 Samuel:12:8",
        "w": 4,
        "l": {},
        "t": "12:8*r LXX reads “When Jacob and his sons went to Egypt and Egypt humbled them",
        "a": "i"
    },
    {
        "o": 8267,
        "r": "csb:1 Samuel:12:8",
        "w": 11,
        "l": {},
        "c": "Ex 2:23–25*1736",
        "a": "j"
    },
    {
        "o": 8267,
        "r": "csb:1 Samuel:12:8",
        "w": 31,
        "l": {},
        "c": "Ex 3:1–10*1741",
        "a": "k"
    },
    {
        "o": 8268,
        "r": "csb:1 Samuel:12:9",
        "w": 13,
        "l": {},
        "c": "Jdg 4:1–2*7312",
        "a": "l"
    },
    {
        "o": 8268,
        "r": "csb:1 Samuel:12:9",
        "w": 28,
        "l": {},
        "c": "Jdg 2:11–15*7261",
        "a": "m"
    },
    {
        "o": 8269,
        "r": "csb:1 Samuel:12:10",
        "w": 32,
        "l": {},
        "c": "Jdg 2:18*7268",
        "a": "n"
    },
    {
        "o": 8270,
        "r": "csb:1 Samuel:12:11",
        "w": 4,
        "l": {},
        "c": "Jdg 6:11–12,32*7382",
        "a": "o"
    },
    {
        "o": 8270,
        "r": "csb:1 Samuel:12:11",
        "w": 5,
        "l": {},
        "t": "12:11*r LXX, Syr; MT reads Bedan; Jdg 4:6; Heb 11:32",
        "a": "p"
    },
    {
        "o": 8270,
        "r": "csb:1 Samuel:12:11",
        "w": 5,
        "l": {},
        "c": "Jdg 4:6*7317; 11:1*7566",
        "a": "q"
    },
    {
        "o": 8270,
        "r": "csb:1 Samuel:12:11",
        "w": 6,
        "l": {},
        "c": "Jdg 11:1*7566",
        "a": "r"
    },
    {
        "o": 8270,
        "r": "csb:1 Samuel:12:11",
        "w": 8,
        "l": {},
        "c": "1Sm 7:10–14*8150",
        "a": "s"
    },
    {
        "o": 8272,
        "r": "csb:1 Samuel:12:13",
        "w": 6,
        "l": {},
        "c": "1Sm 10:24*8236",
        "a": "t"
    },
    {
        "o": 8272,
        "r": "csb:1 Samuel:12:13",
        "w": 10,
        "l": {},
        "c": "1Sm 8:5*8164; Hs 13:11*25070",
        "a": "u"
    },
    {
        "o": 8273,
        "r": "csb:1 Samuel:12:14",
        "w": 4,
        "l": {},
        "c": "Jos 24:14*7186",
        "a": "v"
    },
    {
        "o": 8274,
        "r": "csb:1 Samuel:12:15",
        "w": 5,
        "l": {},
        "c": "Jos 24:20*7192; Is 1:20*19785",
        "a": "w"
    },
    {
        "o": 8274,
        "r": "csb:1 Samuel:12:15",
        "w": 17,
        "l": {},
        "c": "1Sm 5:9*8112",
        "a": "x"
    },
    {
        "o": 8274,
        "r": "csb:1 Samuel:12:15",
        "w": 23,
        "l": {},
        "t": "12:15*r LXX against you and against your king",
        "a": "y"
    },
    {
        "o": 8274,
        "r": "csb:1 Samuel:12:15",
        "w": 23,
        "l": {},
        "c": "Lv 26:14–33*3905; Jos 24:14–27*7186",
        "a": "z"
    },
    {
        "o": 8275,
        "r": "csb:1 Samuel:12:16",
        "w": 16,
        "l": {},
        "c": "Ex 14:13*2097",
        "a": "a"
    },
    {
        "o": 8276,
        "r": "csb:1 Samuel:12:17",
        "w": 4,
        "l": {},
        "c": "Pr 26:1*19158",
        "a": "b"
    },
    {
        "o": 8276,
        "r": "csb:1 Samuel:12:17",
        "w": 38,
        "l": {},
        "c": "1Sm 8:7*8166",
        "a": "c"
    },
    {
        "o": 8277,
        "r": "csb:1 Samuel:12:18",
        "w": 26,
        "l": {},
        "c": "Ex 9:23–25,31*1947; 1Kg 18:37–39*10366; Pr 26:1*19158",
        "a": "d"
    },
    {
        "o": 8278,
        "r": "csb:1 Samuel:12:19",
        "w": 12,
        "l": {},
        "c": "Ex 9:28*1952; Jr 15:1*21654",
        "a": "e"
    },
    {
        "o": 8278,
        "r": "csb:1 Samuel:12:19",
        "w": 32,
        "l": {},
        "c": "1Sm 17:20*8452",
        "a": "f"
    },
    {
        "o": 8279,
        "r": "csb:1 Samuel:12:20",
        "w": 19,
        "l": {},
        "c": "Dt 11:16*5746",
        "a": "g"
    },
    {
        "o": 8280,
        "r": "csb:1 Samuel:12:21",
        "w": 5,
        "l": {},
        "t": "12:21*r LXX reads away after empty",
        "a": "h"
    },
    {
        "o": 8280,
        "r": "csb:1 Samuel:12:21",
        "w": 15,
        "l": {},
        "c": "Is 44:9–20*20772; Jr 2:8,11*21257; Hab 2:18*25656",
        "a": "i"
    },
    {
        "o": 8281,
        "r": "csb:1 Samuel:12:22",
        "w": 6,
        "l": {},
        "c": "Jos 7:9*6614; Ezk 36:22–28*24052",
        "a": "j"
    },
    {
        "o": 8281,
        "r": "csb:1 Samuel:12:22",
        "w": 22,
        "l": {},
        "c": "Dt 7:6–9*5629; 1Pt 2:9*34472",
        "a": "k"
    },
    {
        "o": 8282,
        "r": "csb:1 Samuel:12:23",
        "w": 18,
        "l": {},
        "c": "Nm 21:7*4782; 1Sm 7:5–9*8145; Rm 1:9–10*31616",
        "a": "l"
    },
    {
        "o": 8283,
        "r": "csb:1 Samuel:12:24",
        "w": 21,
        "l": {},
        "c": "Dt 10:21*5727; Ps 103:2–14*17374",
        "a": "m"
    },
    {
        "o": 8284,
        "r": "csb:1 Samuel:12:25",
        "w": 17,
        "l": {},
        "c": "2Kg 17:6–7*11067",
        "a": "n"
    }
]
