[
    {
        "o": 10990,
        "r": "csb:2 Kings:15:1",
        "w": 8,
        "l": {},
        "t": "15:1*r = Uzziah in 2Ch 26:3",
        "a": "a"
    },
    {
        "o": 10990,
        "r": "csb:2 Kings:15:1",
        "w": 8,
        "l": {},
        "c": "2Kg 14:21*10978",
        "a": "b"
    },
    {
        "o": 10990,
        "r": "csb:2 Kings:15:1",
        "w": 15,
        "l": {},
        "c": "2Ch 26:3–5*13039",
        "a": "c"
    },
    {
        "o": 10992,
        "r": "csb:2 Kings:15:3",
        "w": 8,
        "l": {},
        "c": "1Kg 14:8*10196",
        "a": "d"
    },
    {
        "o": 10993,
        "r": "csb:2 Kings:15:4",
        "w": 18,
        "l": {},
        "c": "2Kg 14:3–4*10958",
        "a": "e"
    },
    {
        "o": 10994,
        "r": "csb:2 Kings:15:5",
        "w": 17,
        "l": {},
        "c": "2Ch 26:16–21*13054",
        "a": "f"
    },
    {
        "o": 10994,
        "r": "csb:2 Kings:15:5",
        "w": 21,
        "l": {},
        "t": "15:5*r Lit in a house of exemption from duty",
        "a": "g"
    },
    {
        "o": 10994,
        "r": "csb:2 Kings:15:5",
        "w": 21,
        "l": {},
        "c": "Lv 13:46*3432",
        "a": "h"
    },
    {
        "o": 10994,
        "r": "csb:2 Kings:15:5",
        "w": 23,
        "l": {},
        "c": "2Kg 15:32*11027; 2Ch 27:1*13064; Mc 1:1*25431",
        "a": "i"
    },
    {
        "o": 10994,
        "r": "csb:2 Kings:15:5",
        "w": 36,
        "l": {},
        "c": "2Ch 26:16–21*13054",
        "a": "j"
    },
    {
        "o": 10995,
        "r": "csb:2 Kings:15:6",
        "w": 21,
        "l": {},
        "c": "2Kg 14:18*10975",
        "a": "k"
    },
    {
        "o": 10996,
        "r": "csb:2 Kings:15:7",
        "w": 23,
        "l": {},
        "c": "2Ch 26:22–23*13060",
        "a": "l"
    },
    {
        "o": 10998,
        "r": "csb:2 Kings:15:8",
        "w": 8,
        "l": {},
        "c": "2Kg 14:29*10987",
        "a": "m"
    },
    {
        "o": 10999,
        "r": "csb:2 Kings:15:9",
        "w": 13,
        "l": {},
        "c": "2Kg 14:24*10982",
        "a": "n"
    },
    {
        "o": 10999,
        "r": "csb:2 Kings:15:9",
        "w": 30,
        "l": {},
        "c": "1Kg 12:28–33*10144; 13:33–34*10185",
        "a": "o"
    },
    {
        "o": 11000,
        "r": "csb:2 Kings:15:10",
        "w": 11,
        "l": {},
        "t": "15:10*r Some LXX mss read down at Ibleam; Hb uncertain",
        "a": "p"
    },
    {
        "o": 11000,
        "r": "csb:2 Kings:15:10",
        "w": 19,
        "l": {},
        "c": "2Kg 12:20*10922",
        "a": "q"
    },
    {
        "o": 11001,
        "r": "csb:2 Kings:15:11",
        "w": 19,
        "l": {},
        "c": "2Kg 13:8*10933",
        "a": "r"
    },
    {
        "o": 11002,
        "r": "csb:2 Kings:15:12",
        "w": 22,
        "l": {},
        "c": "2Kg 10:30*10866",
        "a": "s"
    },
    {
        "o": 11004,
        "r": "csb:2 Kings:15:13",
        "w": 7,
        "l": {},
        "t": "15:13*r = Azariah, also in vv. 30,32,34",
        "a": "t"
    },
    {
        "o": 11004,
        "r": "csb:2 Kings:15:13",
        "w": 17,
        "l": {},
        "c": "1Kg 16:24*10287",
        "a": "u"
    },
    {
        "o": 11005,
        "r": "csb:2 Kings:15:14",
        "w": 8,
        "l": {},
        "c": "1Kg 14:17*10205",
        "a": "v"
    },
    {
        "o": 11008,
        "r": "csb:2 Kings:15:16",
        "w": 8,
        "l": {},
        "c": "1Kg 4:24*9798",
        "a": "w"
    },
    {
        "o": 11008,
        "r": "csb:2 Kings:15:16",
        "w": 20,
        "l": {},
        "c": "Dt 20:11*5995",
        "a": "x"
    },
    {
        "o": 11008,
        "r": "csb:2 Kings:15:16",
        "w": 27,
        "l": {},
        "c": "2Kg 8:12*10772; Hs 13:16*25076; Am 1:13*25186",
        "a": "y"
    },
    {
        "o": 11010,
        "r": "csb:2 Kings:15:18",
        "w": 28,
        "l": {},
        "c": "1Kg 12:28–33*10144; 15:26*10250",
        "a": "z"
    },
    {
        "o": 11011,
        "r": "csb:2 Kings:15:19",
        "w": 1,
        "l": {},
        "t": "15:19*r = Tiglath-pileser",
        "a": "a"
    },
    {
        "o": 11011,
        "r": "csb:2 Kings:15:19",
        "w": 1,
        "l": {},
        "c": "1Ch 5:25–26*11593",
        "a": "b"
    },
    {
        "o": 11011,
        "r": "csb:2 Kings:15:19",
        "w": 13,
        "l": {},
        "t": "15:19*r Lit 1,000 talents",
        "a": "c"
    },
    {
        "o": 11011,
        "r": "csb:2 Kings:15:19",
        "w": 28,
        "l": {},
        "c": "2Kg 14:5*10960",
        "a": "d"
    },
    {
        "o": 11012,
        "r": "csb:2 Kings:15:20",
        "w": 4,
        "l": {},
        "t": "15:20*r Lit 50 shekels",
        "a": "e"
    },
    {
        "o": 11012,
        "r": "csb:2 Kings:15:20",
        "w": 35,
        "l": {},
        "c": "2Kg 12:18*10920",
        "a": "f"
    },
    {
        "o": 11014,
        "r": "csb:2 Kings:15:22",
        "w": 13,
        "l": {},
        "c": "2Kg 14:29*10987",
        "a": "g"
    },
    {
        "o": 11017,
        "r": "csb:2 Kings:15:24",
        "w": 25,
        "l": {},
        "c": "1Kg 12:28–33*10144",
        "a": "h"
    },
    {
        "o": 11018,
        "r": "csb:2 Kings:15:25",
        "w": 3,
        "l": {},
        "c": "2Ch 28:6*13080",
        "a": "i"
    },
    {
        "o": 11018,
        "r": "csb:2 Kings:15:25",
        "w": 9,
        "l": {},
        "c": "2Kg 12:20*10922",
        "a": "j"
    },
    {
        "o": 11018,
        "r": "csb:2 Kings:15:25",
        "w": 22,
        "l": {},
        "c": "1Kg 16:8*10269",
        "a": "k"
    },
    {
        "o": 11018,
        "r": "csb:2 Kings:15:25",
        "w": 26,
        "l": {},
        "t": "15:25*r Hb obscure",
        "a": "l"
    },
    {
        "o": 11023,
        "r": "csb:2 Kings:15:29",
        "w": 9,
        "l": {},
        "c": "1Ch 5:6,26*11572",
        "a": "m"
    },
    {
        "o": 11023,
        "r": "csb:2 Kings:15:29",
        "w": 15,
        "l": {},
        "c": "1Kg 15:29*10253",
        "a": "n"
    },
    {
        "o": 11023,
        "r": "csb:2 Kings:15:29",
        "w": 27,
        "l": {},
        "c": "Jos 19:32–39*7028",
        "a": "o"
    },
    {
        "o": 11023,
        "r": "csb:2 Kings:15:29",
        "w": 33,
        "l": {},
        "c": "2Kg 17:6*11067",
        "a": "p"
    },
    {
        "o": 11024,
        "r": "csb:2 Kings:15:30",
        "w": 1,
        "l": {},
        "c": "2Kg 17:1*11060",
        "a": "q"
    },
    {
        "o": 11024,
        "r": "csb:2 Kings:15:30",
        "w": 17,
        "l": {},
        "c": "2Kg 12:20*10922",
        "a": "r"
    },
    {
        "o": 11027,
        "r": "csb:2 Kings:15:32",
        "w": 11,
        "l": {},
        "c": "2Kg 15:5,7*10994",
        "a": "s"
    },
    {
        "o": 11028,
        "r": "csb:2 Kings:15:33",
        "w": 8,
        "l": {},
        "c": "2Ch 27:1–3*13064",
        "a": "t"
    },
    {
        "o": 11029,
        "r": "csb:2 Kings:15:34",
        "w": 15,
        "l": {},
        "c": "2Kg 15:3–4*10992",
        "a": "u"
    },
    {
        "o": 11030,
        "r": "csb:2 Kings:15:35",
        "w": 27,
        "l": {},
        "c": "2Ch 27:3*13066",
        "a": "v"
    },
    {
        "o": 11031,
        "r": "csb:2 Kings:15:36",
        "w": 1,
        "l": {},
        "c": "2Ch 27:7–9*13070",
        "a": "w"
    },
    {
        "o": 11031,
        "r": "csb:2 Kings:15:36",
        "w": 21,
        "l": {},
        "c": "2Kg 14:18*10975",
        "a": "x"
    },
    {
        "o": 11032,
        "r": "csb:2 Kings:15:37",
        "w": 16,
        "l": {},
        "c": "2Kg 16:5*11040; Is 7:1*19909",
        "a": "y"
    },
    {
        "o": 11033,
        "r": "csb:2 Kings:15:38",
        "w": 17,
        "l": {},
        "c": "2Kg 15:7*10997",
        "a": "z"
    }
]
