[
    {
        "o": 10988,
        "r": "csb:2 Kings:15:0",
        "t": "2 Kings 15",
        "h": 1
    },
    {
        "o": 10989,
        "r": "csb:2 Kings:15:0",
        "t": "Judah’s King Azariah",
        "h": 2
    },
    {
        "o": 10990,
        "r": "csb:2 Kings:15:1",
        "t": "In*p the twenty-seventh year of Israel’s King Jeroboam, Azariah son of Amaziah became king of Judah."
    },
    {
        "o": 10991,
        "r": "csb:2 Kings:15:2",
        "t": "He was sixteen years old when he became king, and he reigned fifty-two years in Jerusalem. His mother’s name was Jecoliah; she was from Jerusalem."
    },
    {
        "o": 10992,
        "r": "csb:2 Kings:15:3",
        "t": "Azariah did what was right in the Lord’s*s sight just as his father Amaziah had done."
    },
    {
        "o": 10993,
        "r": "csb:2 Kings:15:4",
        "t": "Yet the high places were not taken away; the people continued sacrificing and burning incense on the high places."
    },
    {
        "o": 10994,
        "r": "csb:2 Kings:15:5",
        "t": "The*p Lord*s afflicted the king, and he had a serious skin disease until the day of his death. He lived in quarantine, while Jotham, the king’s son, was over the household governing the people of the land."
    },
    {
        "o": 10995,
        "r": "csb:2 Kings:15:6",
        "t": "The*p rest of the events of Azariah’s reign, along with all his accomplishments, are written in the Historical Record of Judah’s Kings."
    },
    {
        "o": 10996,
        "r": "csb:2 Kings:15:7",
        "t": "Azariah rested with his ancestors and was buried with his ancestors in the city of David. His son Jotham became king in his place."
    },
    {
        "o": 10997,
        "r": "csb:2 Kings:15:7",
        "t": "Israel’s King Zechariah",
        "h": 2
    },
    {
        "o": 10998,
        "r": "csb:2 Kings:15:8",
        "t": "In*p the thirty-eighth year of Judah’s King Azariah, Zechariah son of Jeroboam reigned over Israel in Samaria for six months."
    },
    {
        "o": 10999,
        "r": "csb:2 Kings:15:9",
        "t": "He did what was evil in the Lord’s*s sight as his predecessors had done. He did not turn away from the sins Jeroboam son of Nebat had caused Israel to commit."
    },
    {
        "o": 11000,
        "r": "csb:2 Kings:15:10",
        "t": "Shallum*p son of Jabesh conspired against Zechariah. He struck him down publicly, killed him, and became king in his place."
    },
    {
        "o": 11001,
        "r": "csb:2 Kings:15:11",
        "t": "As for the rest of the events of Zechariah’s reign, they are written in the Historical Record of Israel’s Kings."
    },
    {
        "o": 11002,
        "r": "csb:2 Kings:15:12",
        "t": "The word of the Lord*s that he spoke to Jehu was, “Four generations of your sons will sit on the throne of Israel,” and it was so."
    },
    {
        "o": 11003,
        "r": "csb:2 Kings:15:12",
        "t": "Israel’s King Shallum",
        "h": 2
    },
    {
        "o": 11004,
        "r": "csb:2 Kings:15:13",
        "t": "In*p the thirty-ninth year of Judah’s King Uzziah, Shallum son of Jabesh became king; he reigned in Samaria a full month."
    },
    {
        "o": 11005,
        "r": "csb:2 Kings:15:14",
        "t": "Then Menahem son of Gadi came up from Tirzah to Samaria and struck down Shallum son of Jabesh there. He killed him and became king in his place."
    },
    {
        "o": 11006,
        "r": "csb:2 Kings:15:15",
        "t": "As for the rest of the events of Shallum’s reign, along with the conspiracy that he formed, they are written in the Historical Record of Israel’s Kings."
    },
    {
        "o": 11007,
        "r": "csb:2 Kings:15:15",
        "t": "Israel’s King Menahem",
        "h": 2
    },
    {
        "o": 11008,
        "r": "csb:2 Kings:15:16",
        "t": "At*p that time, starting from Tirzah, Menahem attacked Tiphsah, all who were in it, and its territory because they wouldn’t surrender. He ripped open all the pregnant women."
    },
    {
        "o": 11009,
        "r": "csb:2 Kings:15:17",
        "t": "In*p the thirty-ninth year of Judah’s King Azariah, Menahem son of Gadi became king over Israel, and he reigned ten years in Samaria."
    },
    {
        "o": 11010,
        "r": "csb:2 Kings:15:18",
        "t": "He did what was evil in the Lord’s*s sight. Throughout his reign, he did not turn away from the sins Jeroboam son of Nebat had caused Israel to commit."
    },
    {
        "o": 11011,
        "r": "csb:2 Kings:15:19",
        "t": "King*p Pul of Assyria invaded the land, so Menahem gave Pul seventy-five thousand pounds of silver so that Pul would support him to strengthen his grasp on the kingdom."
    },
    {
        "o": 11012,
        "r": "csb:2 Kings:15:20",
        "t": "Then Menahem exacted twenty ounces of silver from each of the prominent men of Israel to give to the king of Assyria. So the king of Assyria withdrew and did not stay there in the land."
    },
    {
        "o": 11013,
        "r": "csb:2 Kings:15:21",
        "t": "The*p rest of the events of Menahem’s reign, along with all his accomplishments, are written in the Historical Record of Israel’s Kings."
    },
    {
        "o": 11014,
        "r": "csb:2 Kings:15:22",
        "t": "Menahem rested with his ancestors, and his son Pekahiah became king in his place."
    },
    {
        "o": 11015,
        "r": "csb:2 Kings:15:22",
        "t": "Israel’s King Pekahiah",
        "h": 2
    },
    {
        "o": 11016,
        "r": "csb:2 Kings:15:23",
        "t": "In*p the fiftieth year of Judah’s King Azariah, Pekahiah son of Menahem became king over Israel in Samaria, and he reigned two years."
    },
    {
        "o": 11017,
        "r": "csb:2 Kings:15:24",
        "t": "He did what was evil in the Lord’s*s sight and did not turn away from the sins Jeroboam son of Nebat had caused Israel to commit."
    },
    {
        "o": 11018,
        "r": "csb:2 Kings:15:25",
        "t": "Then*p his officer, Pekah son of Remaliah, conspired against him and struck him down in Samaria at the citadel of the king’s palace — with Argob and Arieh. There were fifty Gileadite men with Pekah. He killed Pekahiah and became king in his place."
    },
    {
        "o": 11019,
        "r": "csb:2 Kings:15:26",
        "t": "As*p for the rest of the events of Pekahiah’s reign, along with all his accomplishments, they are written in the Historical Record of Israel’s Kings."
    },
    {
        "o": 11020,
        "r": "csb:2 Kings:15:26",
        "t": "Israel’s King Pekah",
        "h": 2
    },
    {
        "o": 11021,
        "r": "csb:2 Kings:15:27",
        "t": "In*p the fifty-second year of Judah’s King Azariah, Pekah son of Remaliah became king over Israel in Samaria, and he reigned twenty years."
    },
    {
        "o": 11022,
        "r": "csb:2 Kings:15:28",
        "t": "He did what was evil in the Lord’s*s sight. He did not turn away from the sins Jeroboam son of Nebat had caused Israel to commit."
    },
    {
        "o": 11023,
        "r": "csb:2 Kings:15:29",
        "t": "In*p the days of King Pekah of Israel, King Tiglath-pileser of Assyria came and captured Ijon, Abel-beth-maacah, Janoah, Kedesh, Hazor, Gilead, and Galilee - all the land of Naphtali- and deported the people to Assyria."
    },
    {
        "o": 11024,
        "r": "csb:2 Kings:15:30",
        "t": "Then*p Hoshea son of Elah organized a conspiracy against Pekah son of Remaliah. He attacked him, killed him, and became king in his place in the twentieth year of Jotham son of Uzziah."
    },
    {
        "o": 11025,
        "r": "csb:2 Kings:15:31",
        "t": "As*p for the rest of the events of Pekah’s reign, along with all his accomplishments, they are written in the Historical Record of Israel’s Kings."
    },
    {
        "o": 11026,
        "r": "csb:2 Kings:15:31",
        "t": "Judah’s King Jotham",
        "h": 2
    },
    {
        "o": 11027,
        "r": "csb:2 Kings:15:32",
        "t": "In*p the second year of Israel’s King Pekah son of Remaliah, Jotham son of Uzziah became king of Judah."
    },
    {
        "o": 11028,
        "r": "csb:2 Kings:15:33",
        "t": "He was twenty-five years old when he became king, and he reigned sixteen years in Jerusalem. His mother’s name was Jerusha daughter of Zadok."
    },
    {
        "o": 11029,
        "r": "csb:2 Kings:15:34",
        "t": "He did what was right in the Lord’s*s sight just as his father Uzziah had done."
    },
    {
        "o": 11030,
        "r": "csb:2 Kings:15:35",
        "t": "Yet the high places were not taken away; the people continued sacrificing and burning incense on the high places. Jotham*p built the Upper Gate of the Lord’s*s temple."
    },
    {
        "o": 11031,
        "r": "csb:2 Kings:15:36",
        "t": "The rest of the events of Jotham’s reign, along with all his accomplishments, are written in the Historical Record of Judah’s Kings."
    },
    {
        "o": 11032,
        "r": "csb:2 Kings:15:37",
        "t": "In those days the Lord*s began sending Aram’s King Rezin and Pekah son of Remaliah against Judah."
    },
    {
        "o": 11033,
        "r": "csb:2 Kings:15:38",
        "t": "Jotham rested with his ancestors and was buried with his ancestors in the city of his ancestor David. His son Ahaz became king in his place."
    }
]
