[
    {
        "o": 12688,
        "r": "csb:2 Chronicles:12:1",
        "w": 8,
        "l": {},
        "c": "2Ch 11:17*12679; 12:13*12701",
        "a": "a"
    },
    {
        "o": 12689,
        "r": "csb:2 Chronicles:12:2",
        "w": 15,
        "l": {},
        "c": "1Kg 11:40*10109",
        "a": "b"
    },
    {
        "o": 12689,
        "r": "csb:2 Chronicles:12:2",
        "w": 22,
        "l": {},
        "c": "1Kg 14:25*10214",
        "a": "c"
    },
    {
        "o": 12690,
        "r": "csb:2 Chronicles:12:3",
        "w": 14,
        "l": {},
        "c": "2Ch 16:8*12778; Nah 3:9*25603",
        "a": "d"
    },
    {
        "o": 12691,
        "r": "csb:2 Chronicles:12:4",
        "w": 4,
        "l": {},
        "c": "2Ch 11:5–12*12667",
        "a": "e"
    },
    {
        "o": 12692,
        "r": "csb:2 Chronicles:12:5",
        "w": 3,
        "l": {},
        "c": "2Ch 11:2*12663",
        "a": "f"
    },
    {
        "o": 12692,
        "r": "csb:2 Chronicles:12:5",
        "w": 40,
        "l": {},
        "c": "Dt 28:15,25*6220; 2Ch 15:2*12750",
        "a": "g"
    },
    {
        "o": 12693,
        "r": "csb:2 Chronicles:12:6",
        "w": 15,
        "l": {},
        "c": "Ex 9:27*1951; Dn 9:14*24753",
        "a": "h"
    },
    {
        "o": 12694,
        "r": "csb:2 Chronicles:12:7",
        "w": 30,
        "l": {},
        "c": "1Kg 21:29*10479",
        "a": "i"
    },
    {
        "o": 12694,
        "r": "csb:2 Chronicles:12:7",
        "w": 41,
        "l": {},
        "c": "2Ch 34:25–27*13296; Ps 78:38*16904",
        "a": "j"
    },
    {
        "o": 12695,
        "r": "csb:2 Chronicles:12:8",
        "w": 22,
        "l": {},
        "c": "Dt 28:47–48*6252",
        "a": "k"
    },
    {
        "o": 12696,
        "r": "csb:2 Chronicles:12:9",
        "w": 7,
        "l": {},
        "c": "1Kg 14:25–28*10214",
        "a": "l"
    },
    {
        "o": 12696,
        "r": "csb:2 Chronicles:12:9",
        "w": 9,
        "l": {},
        "c": "2Ch 12:2*12689",
        "a": "m"
    },
    {
        "o": 12696,
        "r": "csb:2 Chronicles:12:9",
        "w": 36,
        "l": {},
        "c": "2Ch 9:15–16*12621",
        "a": "n"
    },
    {
        "o": 12697,
        "r": "csb:2 Chronicles:12:10",
        "w": 19,
        "l": {},
        "t": "12:10*r Lit the runners",
        "a": "o"
    },
    {
        "o": 12698,
        "r": "csb:2 Chronicles:12:11",
        "w": 19,
        "l": {},
        "t": "12:11*r Lit the chamber of the runners",
        "a": "p"
    },
    {
        "o": 12699,
        "r": "csb:2 Chronicles:12:12",
        "w": 17,
        "l": {},
        "c": "2Ch 12:6–7*12693",
        "a": "q"
    },
    {
        "o": 12699,
        "r": "csb:2 Chronicles:12:12",
        "w": 24,
        "l": {},
        "c": "2Ch 19:3*12852",
        "a": "r"
    },
    {
        "o": 12701,
        "r": "csb:2 Chronicles:12:13",
        "w": 1,
        "l": {},
        "c": "1Kg 14:21–22*10210",
        "a": "s"
    },
    {
        "o": 12701,
        "r": "csb:2 Chronicles:12:13",
        "w": 39,
        "l": {},
        "c": "Dt 12:5*5770; 1Kg 9:3*10005",
        "a": "t"
    },
    {
        "o": 12702,
        "r": "csb:2 Chronicles:12:14",
        "w": 16,
        "l": {},
        "c": "2Ch 19:3*12852",
        "a": "u"
    },
    {
        "o": 12703,
        "r": "csb:2 Chronicles:12:15",
        "w": 1,
        "l": {},
        "c": "1Kg 14:29–31*10218",
        "a": "v"
    },
    {
        "o": 12703,
        "r": "csb:2 Chronicles:12:15",
        "w": 17,
        "l": {},
        "c": "2Ch 12:5*12692",
        "a": "w"
    },
    {
        "o": 12703,
        "r": "csb:2 Chronicles:12:15",
        "w": 24,
        "l": {},
        "c": "2Ch 9:29*12636; 13:22*12728",
        "a": "x"
    },
    {
        "o": 12704,
        "r": "csb:2 Chronicles:12:16",
        "w": 15,
        "l": {},
        "t": "12:16*r = Abijam in 1Kg 14:31–15:8",
        "a": "y"
    },
    {
        "o": 12704,
        "r": "csb:2 Chronicles:12:16",
        "w": 15,
        "l": {},
        "c": "1Kg 14:31–15:8*10220",
        "a": "z"
    }
]
