[
    {
        "o": 10541,
        "r": "csb:2 Kings:1:1",
        "w": 3,
        "l": {},
        "c": "Gn 19:37*546; 2Sm 8:2*9077",
        "a": "a"
    },
    {
        "o": 10541,
        "r": "csb:2 Kings:1:1",
        "w": 6,
        "l": {},
        "c": "2Kg 3:5*10595",
        "a": "b"
    },
    {
        "o": 10542,
        "r": "csb:2 Kings:1:2",
        "w": 0,
        "l": {},
        "c": "1Kg 22:40,51–53*10524",
        "a": "c"
    },
    {
        "o": 10542,
        "r": "csb:2 Kings:1:2",
        "w": 12,
        "l": {},
        "c": "1Kg 16:24*10287; 22:51*10536",
        "a": "d"
    },
    {
        "o": 10542,
        "r": "csb:2 Kings:1:2",
        "w": 25,
        "l": {},
        "t": "1:2*r = Lord of the Flies",
        "a": "e"
    },
    {
        "o": 10542,
        "r": "csb:2 Kings:1:2",
        "w": 25,
        "l": {},
        "c": "Jdg 10:6*7551",
        "a": "f"
    },
    {
        "o": 10542,
        "r": "csb:2 Kings:1:2",
        "w": 29,
        "l": {},
        "c": "Jos 13:3*6805; 2Kg 1:16*10556",
        "a": "g"
    },
    {
        "o": 10542,
        "r": "csb:2 Kings:1:2",
        "w": 36,
        "l": {},
        "c": "2Kg 8:8–9*10768",
        "a": "h"
    },
    {
        "o": 10543,
        "r": "csb:2 Kings:1:3",
        "w": 10,
        "l": {},
        "c": "1Kg 19:7*10384",
        "a": "i"
    },
    {
        "o": 10543,
        "r": "csb:2 Kings:1:3",
        "w": 20,
        "l": {},
        "c": "1Sm 28:7–8*8791",
        "a": "j"
    },
    {
        "o": 10548,
        "r": "csb:2 Kings:1:8",
        "w": 11,
        "l": {},
        "c": "Zch 13:4*26004; Mt 3:4*26166",
        "a": "k"
    },
    {
        "o": 10548,
        "r": "csb:2 Kings:1:8",
        "w": 17,
        "l": {},
        "c": "1Kg 17:1*10301",
        "a": "l"
    },
    {
        "o": 10549,
        "r": "csb:2 Kings:1:9",
        "w": 9,
        "l": {},
        "c": "2Kg 6:13–14*10715",
        "a": "m"
    },
    {
        "o": 10549,
        "r": "csb:2 Kings:1:9",
        "w": 31,
        "l": {},
        "c": "1Kg 13:1*10152",
        "a": "n"
    },
    {
        "o": 10550,
        "r": "csb:2 Kings:1:10",
        "w": 37,
        "l": {},
        "c": "1Kg 18:36–38*10365",
        "a": "o"
    },
    {
        "o": 10551,
        "r": "csb:2 Kings:1:11",
        "w": 16,
        "l": {},
        "t": "1:11*r Lit He answered",
        "a": "p"
    },
    {
        "o": 10552,
        "r": "csb:2 Kings:1:12",
        "w": 25,
        "l": {},
        "t": "1:12*r Lit a fire of God",
        "a": "q"
    },
    {
        "o": 10553,
        "r": "csb:2 Kings:1:13",
        "w": 30,
        "l": {},
        "c": "1Kg 13:1*10152",
        "a": "r"
    },
    {
        "o": 10553,
        "r": "csb:2 Kings:1:13",
        "w": 47,
        "l": {},
        "c": "1Sm 26:21*8764; Ps 72:14*16747",
        "a": "s"
    },
    {
        "o": 10555,
        "r": "csb:2 Kings:1:15",
        "w": 4,
        "l": {},
        "c": "1Kg 19:7*10384; 2Kg 1:3*10543",
        "a": "t"
    },
    {
        "o": 10555,
        "r": "csb:2 Kings:1:15",
        "w": 16,
        "l": {},
        "c": "Jr 1:17*21245; Ezk 2:6*23077",
        "a": "u"
    },
    {
        "o": 10557,
        "r": "csb:2 Kings:1:17",
        "w": 18,
        "l": {},
        "t": "1:17*r Lit Jehoram; 2Kg 8:16",
        "a": "v"
    },
    {
        "o": 10557,
        "r": "csb:2 Kings:1:17",
        "w": 18,
        "l": {},
        "c": "2Kg 3:1–3*10590",
        "a": "w"
    },
    {
        "o": 10557,
        "r": "csb:2 Kings:1:17",
        "w": 33,
        "l": {},
        "c": "1Kg 22:50*10535",
        "a": "x"
    },
    {
        "o": 10557,
        "r": "csb:2 Kings:1:17",
        "w": 36,
        "l": {},
        "t": "1:17*r LXX omits in the second year... Jehoshaphat",
        "a": "y"
    },
    {
        "o": 10558,
        "r": "csb:2 Kings:1:18",
        "w": 20,
        "l": {},
        "t": "1:18*r LXX adds 4 more vv. here similar to 2Kg 3:1–3.",
        "a": "z"
    },
    {
        "o": 10558,
        "r": "csb:2 Kings:1:18",
        "w": 20,
        "l": {},
        "c": "1Kg 22:39*10522",
        "a": "a"
    }
]
