[
    {
        "o": 10301,
        "r": "csb:1 Kings:17:1",
        "w": 1,
        "l": {},
        "c": "1Kg 17–19*10300; 2Kg 1–2*10540; Mal 4:5*26099; Mt 11:14*26495",
        "a": "a"
    },
    {
        "o": 10301,
        "r": "csb:1 Kings:17:1",
        "w": 7,
        "l": {},
        "t": "17:1*r LXX reads from Tishbe of Gilead",
        "a": "b"
    },
    {
        "o": 10301,
        "r": "csb:1 Kings:17:1",
        "w": 7,
        "l": {},
        "c": "Jdg 12:4*7613",
        "a": "c"
    },
    {
        "o": 10301,
        "r": "csb:1 Kings:17:1",
        "w": 17,
        "l": {},
        "c": "1Kg 18:10*10338; 22:14*10496",
        "a": "d"
    },
    {
        "o": 10301,
        "r": "csb:1 Kings:17:1",
        "w": 36,
        "l": {},
        "c": "Dt 11:16–17*5746; Jms 5:17*34429; Rv 11:6*35042",
        "a": "e"
    },
    {
        "o": 10303,
        "r": "csb:1 Kings:17:3",
        "w": 5,
        "l": {},
        "c": "1Kg 18:4*10332",
        "a": "f"
    },
    {
        "o": 10304,
        "r": "csb:1 Kings:17:4",
        "w": 11,
        "l": {},
        "c": "1Kg 17:9*10310; Jb 38:41*15350; Lk 12:24*28818",
        "a": "g"
    },
    {
        "o": 10306,
        "r": "csb:1 Kings:17:6",
        "w": 14,
        "l": {},
        "c": "Ex 16:8*2156",
        "a": "h"
    },
    {
        "o": 10310,
        "r": "csb:1 Kings:17:9",
        "w": 4,
        "l": {},
        "c": "Ob 20*25371; Lk 4:26*28353",
        "a": "i"
    },
    {
        "o": 10311,
        "r": "csb:1 Kings:17:10",
        "w": 39,
        "l": {},
        "c": "Gn 24:17*673; Jn 4:7*29595",
        "a": "j"
    },
    {
        "o": 10313,
        "r": "csb:1 Kings:17:12",
        "w": 8,
        "l": {},
        "c": "1Kg 17:1*10301",
        "a": "k"
    },
    {
        "o": 10313,
        "r": "csb:1 Kings:17:12",
        "w": 26,
        "l": {},
        "c": "2Kg 4:2–7*10621",
        "a": "l"
    },
    {
        "o": 10313,
        "r": "csb:1 Kings:17:12",
        "w": 56,
        "l": {},
        "c": "Gn 21:14,16*584",
        "a": "m"
    },
    {
        "o": 10315,
        "r": "csb:1 Kings:17:14",
        "w": 37,
        "l": {},
        "c": "1Kg 17:1*10301; Php 4:19*33364",
        "a": "n"
    },
    {
        "o": 10316,
        "r": "csb:1 Kings:17:15",
        "w": 21,
        "l": {},
        "c": "Mt 6:11*26284",
        "a": "o"
    },
    {
        "o": 10317,
        "r": "csb:1 Kings:17:16",
        "w": 25,
        "l": {},
        "t": "17:16*r Lit by the hand of",
        "a": "p"
    },
    {
        "o": 10319,
        "r": "csb:1 Kings:17:17",
        "w": 20,
        "l": {},
        "c": "Ac 9:37*30839",
        "a": "q"
    },
    {
        "o": 10320,
        "r": "csb:1 Kings:17:18",
        "w": 6,
        "l": {},
        "c": "1Kg 12:22*10137",
        "a": "r"
    },
    {
        "o": 10320,
        "r": "csb:1 Kings:17:18",
        "w": 12,
        "l": {},
        "c": "2Sm 16:10*9325; 2Kg 3:13*10603",
        "a": "s"
    },
    {
        "o": 10320,
        "r": "csb:1 Kings:17:18",
        "w": 21,
        "l": {},
        "c": "Lk 5:8*28383",
        "a": "t"
    },
    {
        "o": 10321,
        "r": "csb:1 Kings:17:19",
        "w": 22,
        "l": {},
        "c": "Ac 9:37,39*30839",
        "a": "u"
    },
    {
        "o": 10322,
        "r": "csb:1 Kings:17:20",
        "w": 6,
        "l": {},
        "c": "2Kg 4:33*10655",
        "a": "v"
    },
    {
        "o": 10323,
        "r": "csb:1 Kings:17:21",
        "w": 9,
        "l": {},
        "c": "2Kg 4:34*10656; Ac 20:10*31275",
        "a": "w"
    },
    {
        "o": 10324,
        "r": "csb:1 Kings:17:22",
        "w": 16,
        "l": {},
        "c": "Lk 7:14*28494",
        "a": "x"
    },
    {
        "o": 10325,
        "r": "csb:1 Kings:17:23",
        "w": 20,
        "l": {},
        "c": "Lk 7:15*28495; Heb 11:35*34240",
        "a": "y"
    },
    {
        "o": 10326,
        "r": "csb:1 Kings:17:24",
        "w": 14,
        "l": {},
        "c": "Jn 3:2*29550",
        "a": "z"
    },
    {
        "o": 10326,
        "r": "csb:1 Kings:17:24",
        "w": 23,
        "l": {},
        "c": "1Kg 22:16*10498; Jn 17:17*30280",
        "a": "a"
    }
]
