[
    {
        "o": 13238,
        "r": "csb:2 Chronicles:33:1",
        "w": 4,
        "l": {},
        "c": "2Kg 21:1–9*11217",
        "a": "a"
    },
    {
        "o": 13239,
        "r": "csb:2 Chronicles:33:2",
        "w": 23,
        "l": {},
        "c": "2Ch 28:3*13077",
        "a": "b"
    },
    {
        "o": 13240,
        "r": "csb:2 Chronicles:33:3",
        "w": 11,
        "l": {},
        "c": "2Kg 18:4*11110; 2Ch 31:1*13175",
        "a": "c"
    },
    {
        "o": 13241,
        "r": "csb:2 Chronicles:33:4",
        "w": 2,
        "l": {},
        "c": "2Ch 28:24*13098",
        "a": "d"
    },
    {
        "o": 13241,
        "r": "csb:2 Chronicles:33:4",
        "w": 19,
        "l": {},
        "c": "2Ch 7:16*12575",
        "a": "e"
    },
    {
        "o": 13242,
        "r": "csb:2 Chronicles:33:5",
        "w": 12,
        "l": {},
        "c": "2Ch 4:9*12479",
        "a": "f"
    },
    {
        "o": 13243,
        "r": "csb:2 Chronicles:33:6",
        "w": 10,
        "l": {},
        "c": "2Kg 16:3*11038; 2Ch 28:3*13077",
        "a": "g"
    },
    {
        "o": 13243,
        "r": "csb:2 Chronicles:33:6",
        "w": 21,
        "l": {},
        "c": "Lv 19:31*3660; 20:27*3697; 2Kg 23:24*11298",
        "a": "h"
    },
    {
        "o": 13244,
        "r": "csb:2 Chronicles:33:7",
        "w": 0,
        "l": {},
        "c": "1Kg 9:1–9*10003",
        "a": "i"
    },
    {
        "o": 13244,
        "r": "csb:2 Chronicles:33:7",
        "w": 15,
        "l": {},
        "c": "Dt 16:21*5907",
        "a": "j"
    },
    {
        "o": 13244,
        "r": "csb:2 Chronicles:33:7",
        "w": 32,
        "l": {},
        "t": "33:7*r LXX, Syr, Tg, Vg; 2Kg 21:7; MT reads name for Elom",
        "a": "k"
    },
    {
        "o": 13244,
        "r": "csb:2 Chronicles:33:7",
        "w": 32,
        "l": {},
        "c": "2Kg 21:7*11223",
        "a": "l"
    },
    {
        "o": 13244,
        "r": "csb:2 Chronicles:33:7",
        "w": 49,
        "l": {},
        "c": "Dt 12:5*5770; 1Kg 11:32*10100",
        "a": "m"
    },
    {
        "o": 13245,
        "r": "csb:2 Chronicles:33:8",
        "w": 16,
        "l": {},
        "t": "33:8*r LXX, Syr, Vg read land I gave to their; 2Kg 21:8",
        "a": "n"
    },
    {
        "o": 13245,
        "r": "csb:2 Chronicles:33:8",
        "w": 16,
        "l": {},
        "c": "2Kg 21:8*11224",
        "a": "o"
    },
    {
        "o": 13245,
        "r": "csb:2 Chronicles:33:8",
        "w": 17,
        "l": {},
        "c": "2Sm 7:10*9053",
        "a": "p"
    },
    {
        "o": 13248,
        "r": "csb:2 Chronicles:33:10",
        "w": 11,
        "l": {},
        "c": "2Kg 21:10–16*11226",
        "a": "q"
    },
    {
        "o": 13249,
        "r": "csb:2 Chronicles:33:11",
        "w": 27,
        "l": {},
        "c": "2Ch 36:6*13344",
        "a": "r"
    },
    {
        "o": 13250,
        "r": "csb:2 Chronicles:33:12",
        "w": 17,
        "l": {},
        "c": "2Ch 32:26*13227",
        "a": "s"
    },
    {
        "o": 13251,
        "r": "csb:2 Chronicles:33:13",
        "w": 15,
        "l": {},
        "c": "Ezr 8:23*13600",
        "a": "t"
    },
    {
        "o": 13251,
        "r": "csb:2 Chronicles:33:13",
        "w": 34,
        "l": {},
        "c": "Dn 4:32*24599",
        "a": "u"
    },
    {
        "o": 13252,
        "r": "csb:2 Chronicles:33:14",
        "w": 15,
        "l": {},
        "c": "1Kg 1:33*9667; 2Ch 32:30*13231",
        "a": "v"
    },
    {
        "o": 13252,
        "r": "csb:2 Chronicles:33:14",
        "w": 25,
        "l": {},
        "c": "Neh 3:3*13723",
        "a": "w"
    },
    {
        "o": 13252,
        "r": "csb:2 Chronicles:33:14",
        "w": 30,
        "l": {},
        "c": "2Ch 27:3*13066",
        "a": "x"
    },
    {
        "o": 13253,
        "r": "csb:2 Chronicles:33:15",
        "w": 7,
        "l": {},
        "c": "2Ch 33:3–7*13240",
        "a": "y"
    },
    {
        "o": 13254,
        "r": "csb:2 Chronicles:33:16",
        "w": 1,
        "l": {},
        "t": "33:16*r Some Hb mss, Syr, Tg, Arabic; other Hb mss, LXX, Vg read restored",
        "a": "z"
    },
    {
        "o": 13255,
        "r": "csb:2 Chronicles:33:17",
        "w": 8,
        "l": {},
        "c": "2Ch 32:12*13210",
        "a": "a"
    },
    {
        "o": 13257,
        "r": "csb:2 Chronicles:33:18",
        "w": 4,
        "l": {},
        "c": "2Kg 21:17–24*11234",
        "a": "b"
    },
    {
        "o": 13257,
        "r": "csb:2 Chronicles:33:18",
        "w": 11,
        "l": {},
        "c": "2Ch 33:12–13*13250",
        "a": "c"
    },
    {
        "o": 13262,
        "r": "csb:2 Chronicles:33:22",
        "w": 15,
        "l": {},
        "c": "2Ch 33:2*13239",
        "a": "d"
    },
    {
        "o": 13263,
        "r": "csb:2 Chronicles:33:23",
        "w": 14,
        "l": {},
        "c": "2Ch 33:12,19*13250",
        "a": "e"
    },
    {
        "o": 13264,
        "r": "csb:2 Chronicles:33:24",
        "w": 10,
        "l": {},
        "c": "2Ch 25:27*13033",
        "a": "f"
    },
    {
        "o": 13265,
        "r": "csb:2 Chronicles:33:25",
        "w": 2,
        "l": {},
        "t": "33:25*r Lit The people of the land",
        "a": "g"
    }
]
