[
    {
        "o": 13236,
        "r": "csb:2 Chronicles:33:0",
        "t": "2 Chronicles 33",
        "h": 1
    },
    {
        "o": 13237,
        "r": "csb:2 Chronicles:33:0",
        "t": "Judah’s King Manasseh",
        "h": 2
    },
    {
        "o": 13238,
        "r": "csb:2 Chronicles:33:1",
        "t": "Manasseh*p was twelve years old when he became king, and he reigned fifty-five years in Jerusalem."
    },
    {
        "o": 13239,
        "r": "csb:2 Chronicles:33:2",
        "t": "He did what was evil in the Lord’s*s sight, imitating the detestable practices of the nations that the Lord*s had dispossessed before the Israelites."
    },
    {
        "o": 13240,
        "r": "csb:2 Chronicles:33:3",
        "t": "He rebuilt the high places that his father Hezekiah had torn down and reestablished the altars for the Baals. He made Asherah poles, and he bowed in worship to all the stars in the sky and served them."
    },
    {
        "o": 13241,
        "r": "csb:2 Chronicles:33:4",
        "t": "He built altars in the Lord’s*s temple, where the Lord*s had said, “Jerusalem is where my name will remain forever.”"
    },
    {
        "o": 13242,
        "r": "csb:2 Chronicles:33:5",
        "t": "He built altars to all the stars in the sky in both courtyards of the Lord’s*s temple."
    },
    {
        "o": 13243,
        "r": "csb:2 Chronicles:33:6",
        "t": "He passed his sons through the fire in Ben Hinnom Valley. He practiced witchcraft, divination, and sorcery, and consulted mediums and spiritists. He did a huge amount of evil in the Lord’s*s sight, angering him."
    },
    {
        "o": 13244,
        "r": "csb:2 Chronicles:33:7",
        "t": "Manasseh*p set up a carved image of the idol, which he had made, in God’s temple that God had spoken about to David and his son Solomon: “I will establish my name forever in this temple and in Jerusalem, which I have chosen out of all the tribes of Israel."
    },
    {
        "o": 13245,
        "r": "csb:2 Chronicles:33:8",
        "t": "I will never again remove the feet of the Israelites from the land where I stationed your ancestors, if only they will be careful to do all I have commanded them through Moses - all the law, statutes, and judgments.”"
    },
    {
        "o": 13246,
        "r": "csb:2 Chronicles:33:9",
        "t": "So Manasseh caused Judah and the inhabitants of Jerusalem to stray so that they did worse evil than the nations the Lord*s had destroyed before the Israelites."
    },
    {
        "o": 13247,
        "r": "csb:2 Chronicles:33:9",
        "t": "Manasseh’s Repentance",
        "h": 2
    },
    {
        "o": 13248,
        "r": "csb:2 Chronicles:33:10",
        "t": "The*p Lord*s spoke to Manasseh and his people, but they didn’t listen."
    },
    {
        "o": 13249,
        "r": "csb:2 Chronicles:33:11",
        "t": "So he brought against them the military commanders of the king of Assyria. They captured Manasseh with hooks, bound him with bronze shackles, and took him to Babylon."
    },
    {
        "o": 13250,
        "r": "csb:2 Chronicles:33:12",
        "t": "When he was in distress, he sought the favor of the Lord*s his God and earnestly humbled himself before the God of his ancestors."
    },
    {
        "o": 13251,
        "r": "csb:2 Chronicles:33:13",
        "t": "He prayed to him, and the Lord*s was receptive to his prayer. He granted his request and brought him back to Jerusalem, to his kingdom. So Manasseh came to know that the Lord*s is God."
    },
    {
        "o": 13252,
        "r": "csb:2 Chronicles:33:14",
        "t": "After*p this, he built the outer wall of the city of David from west of Gihon in the valley to the entrance of the Fish Gate; he brought it around Ophel, and he heightened it considerably. He also placed military commanders in all the fortified cities of Judah."
    },
    {
        "o": 13253,
        "r": "csb:2 Chronicles:33:15",
        "t": "He*p removed the foreign gods and the idol from the Lord’s*s temple, along with all the altars that he had built on the mountain of the Lord’s*s temple and in Jerusalem, and he threw them outside the city."
    },
    {
        "o": 13254,
        "r": "csb:2 Chronicles:33:16",
        "t": "He built the altar of the Lord*s and offered fellowship and thanksgiving sacrifices on it. Then he told Judah to serve the Lord,*s the God of Israel."
    },
    {
        "o": 13255,
        "r": "csb:2 Chronicles:33:17",
        "t": "However, the people still sacrificed at the high places, but only to the Lord*s their God."
    },
    {
        "o": 13256,
        "r": "csb:2 Chronicles:33:17",
        "t": "Manasseh’s Death",
        "h": 2
    },
    {
        "o": 13257,
        "r": "csb:2 Chronicles:33:18",
        "t": "The*p rest of the events of Manasseh’s reign, along with his prayer to his God and the words of the seers who spoke to him in the name of the Lord,*s the God of Israel, are written in the Events of Israel’s Kings."
    },
    {
        "o": 13258,
        "r": "csb:2 Chronicles:33:19",
        "t": "His prayer and how God was receptive to his prayer, and all his sin and unfaithfulness and the sites where he built high places and set up Asherah poles and carved images before he humbled himself, they are written in the Events of Hozai."
    },
    {
        "o": 13259,
        "r": "csb:2 Chronicles:33:20",
        "t": "Manasseh rested with his ancestors, and he was buried in his own house. His son Amon became king in his place."
    },
    {
        "o": 13260,
        "r": "csb:2 Chronicles:33:20",
        "t": "Judah’s King Amon",
        "h": 2
    },
    {
        "o": 13261,
        "r": "csb:2 Chronicles:33:21",
        "t": "Amon*p was twenty-two years old when he became king, and he reigned two years in Jerusalem."
    },
    {
        "o": 13262,
        "r": "csb:2 Chronicles:33:22",
        "t": "He did what was evil in the Lord’s*s sight, just as his father Manasseh had done. Amon sacrificed to all the carved images that his father Manasseh had made, and he served them."
    },
    {
        "o": 13263,
        "r": "csb:2 Chronicles:33:23",
        "t": "But he did not humble himself before the Lord*s like his father Manasseh humbled himself; instead, Amon increased his guilt."
    },
    {
        "o": 13264,
        "r": "csb:2 Chronicles:33:24",
        "t": "So*p his servants conspired against him and put him to death in his own house."
    },
    {
        "o": 13265,
        "r": "csb:2 Chronicles:33:25",
        "t": "The common people killed all who had conspired against King Amon, and they made his son Josiah king in his place."
    }
]
