[
    {
        "o": 10875,
        "r": "csb:2 Kings:11:1",
        "w": 1,
        "l": {},
        "c": "2Ch 22:10*12942",
        "a": "a"
    },
    {
        "o": 10875,
        "r": "csb:2 Kings:11:1",
        "w": 3,
        "l": {},
        "c": "2Kg 8:26*10788",
        "a": "b"
    },
    {
        "o": 10875,
        "r": "csb:2 Kings:11:1",
        "w": 9,
        "l": {},
        "c": "2Kg 9:27*10821",
        "a": "c"
    },
    {
        "o": 10876,
        "r": "csb:2 Kings:11:2",
        "w": 0,
        "l": {},
        "c": "2Kg 11:21*10898; 12:1*10900",
        "a": "d"
    },
    {
        "o": 10876,
        "r": "csb:2 Kings:11:2",
        "w": 7,
        "l": {},
        "c": "2Kg 8:25*10787",
        "a": "e"
    },
    {
        "o": 10879,
        "r": "csb:2 Kings:11:4",
        "w": 0,
        "l": {},
        "c": "2Ch 23:1–15*12947",
        "a": "f"
    },
    {
        "o": 10879,
        "r": "csb:2 Kings:11:4",
        "w": 4,
        "l": {},
        "c": "2Kg 11:15,17*10890",
        "a": "g"
    },
    {
        "o": 10879,
        "r": "csb:2 Kings:11:4",
        "w": 15,
        "l": {},
        "c": "2Kg 11:19*10895",
        "a": "h"
    },
    {
        "o": 10880,
        "r": "csb:2 Kings:11:5",
        "w": 20,
        "l": {},
        "c": "1Ch 9:25*11796",
        "a": "i"
    },
    {
        "o": 10881,
        "r": "csb:2 Kings:11:6",
        "w": 7,
        "l": {},
        "t": "11:6*r See 2Ch 23:5; MT here reads Sur",
        "a": "j"
    },
    {
        "o": 10881,
        "r": "csb:2 Kings:11:6",
        "w": 27,
        "l": {},
        "t": "11:6*r Hb obscure",
        "a": "k"
    },
    {
        "o": 10881,
        "r": "csb:2 Kings:11:6",
        "w": 27,
        "l": {},
        "c": "2Ch 23:1–2*12947",
        "a": "l"
    },
    {
        "o": 10883,
        "r": "csb:2 Kings:11:8",
        "w": 27,
        "l": {},
        "t": "11:8*r Lit king when he goes out and when he comes in",
        "a": "m"
    },
    {
        "o": 10883,
        "r": "csb:2 Kings:11:8",
        "w": 27,
        "l": {},
        "c": "Nm 27:16–17*5026",
        "a": "n"
    },
    {
        "o": 10884,
        "r": "csb:2 Kings:11:9",
        "w": 33,
        "l": {},
        "c": "2Ch 23:8*12954",
        "a": "o"
    },
    {
        "o": 10885,
        "r": "csb:2 Kings:11:10",
        "w": 12,
        "l": {},
        "c": "2Sm 8:7*9082; 1Ch 18:7*12076",
        "a": "p"
    },
    {
        "o": 10887,
        "r": "csb:2 Kings:11:12",
        "w": 8,
        "l": {},
        "c": "2Sm 1:10*8882",
        "a": "q"
    },
    {
        "o": 10887,
        "r": "csb:2 Kings:11:12",
        "w": 14,
        "l": {},
        "t": "11:12*r Or him the copy of the covenant, or him a diadem, or him jewels",
        "a": "r"
    },
    {
        "o": 10887,
        "r": "csb:2 Kings:11:12",
        "w": 14,
        "l": {},
        "c": "Ex 31:18*2697; 2Kg 23:3*11275",
        "a": "s"
    },
    {
        "o": 10887,
        "r": "csb:2 Kings:11:12",
        "w": 20,
        "l": {},
        "c": "1Kg 1:39*9673",
        "a": "t"
    },
    {
        "o": 10887,
        "r": "csb:2 Kings:11:12",
        "w": 31,
        "l": {},
        "c": "1Sm 10:24*8236",
        "a": "u"
    },
    {
        "o": 10888,
        "r": "csb:2 Kings:11:13",
        "w": 1,
        "l": {},
        "c": "2Kg 11:1*10875",
        "a": "v"
    },
    {
        "o": 10888,
        "r": "csb:2 Kings:11:13",
        "w": 20,
        "l": {},
        "c": "2Ch 23:12*12958",
        "a": "w"
    },
    {
        "o": 10889,
        "r": "csb:2 Kings:11:14",
        "w": 10,
        "l": {},
        "c": "2Kg 23:3*11275; 2Ch 34:31*13303",
        "a": "x"
    },
    {
        "o": 10889,
        "r": "csb:2 Kings:11:14",
        "w": 35,
        "l": {},
        "c": "Nm 10:7–10*4395; 1Kg 1:39–40*9673",
        "a": "y"
    },
    {
        "o": 10889,
        "r": "csb:2 Kings:11:14",
        "w": 43,
        "l": {},
        "c": "2Kg 9:23*10817",
        "a": "z"
    },
    {
        "o": 10890,
        "r": "csb:2 Kings:11:15",
        "w": 3,
        "l": {},
        "c": "2Kg 11:4*10879",
        "a": "a"
    },
    {
        "o": 10890,
        "r": "csb:2 Kings:11:15",
        "w": 8,
        "l": {},
        "c": "1Kg 11:4*10071; 2Ch 23:1*12947",
        "a": "b"
    },
    {
        "o": 10890,
        "r": "csb:2 Kings:11:15",
        "w": 47,
        "l": {},
        "c": "1Kg 2:30*9723",
        "a": "c"
    },
    {
        "o": 10891,
        "r": "csb:2 Kings:11:16",
        "w": 10,
        "l": {},
        "c": "Neh 3:28*13752",
        "a": "d"
    },
    {
        "o": 10891,
        "r": "csb:2 Kings:11:16",
        "w": 20,
        "l": {},
        "c": "Gn 9:6*236; Lv 24:17*3826; 2Kg 11:1*10875",
        "a": "e"
    },
    {
        "o": 10893,
        "r": "csb:2 Kings:11:17",
        "w": 0,
        "l": {},
        "c": "2Ch 23:16–21*12963",
        "a": "f"
    },
    {
        "o": 10893,
        "r": "csb:2 Kings:11:17",
        "w": 19,
        "l": {},
        "c": "Jos 24:25*7197; 2Ch 34:31*13303",
        "a": "g"
    },
    {
        "o": 10893,
        "r": "csb:2 Kings:11:17",
        "w": 28,
        "l": {},
        "t": "11:17*r Some Gk versions, 2Ch 23:16 omit and another covenant between the king and the people",
        "a": "h"
    },
    {
        "o": 10893,
        "r": "csb:2 Kings:11:17",
        "w": 28,
        "l": {},
        "c": "1Sm 10:25*8237; 2Sm 5:3*8994",
        "a": "i"
    },
    {
        "o": 10894,
        "r": "csb:2 Kings:11:18",
        "w": 24,
        "l": {},
        "c": "Dt 12:2–3*5767; 2Kg 10:26–27*10861",
        "a": "j"
    },
    {
        "o": 10894,
        "r": "csb:2 Kings:11:18",
        "w": 35,
        "l": {},
        "c": "1Kg 18:40*10369",
        "a": "k"
    },
    {
        "o": 10894,
        "r": "csb:2 Kings:11:18",
        "w": 45,
        "l": {},
        "c": "2Ch 23:18*12965",
        "a": "l"
    },
    {
        "o": 10895,
        "r": "csb:2 Kings:11:19",
        "w": 9,
        "l": {},
        "c": "2Kg 11:4,6*10879",
        "a": "m"
    },
    {
        "o": 10895,
        "r": "csb:2 Kings:11:19",
        "w": 38,
        "l": {},
        "c": "2Kg 11:2–3,12*10876",
        "a": "n"
    },
    {
        "o": 10898,
        "r": "csb:2 Kings:11:21",
        "w": 0,
        "l": {},
        "t": "11:21*r = The Lord Has Bestowed",
        "a": "o"
    },
    {
        "o": 10898,
        "r": "csb:2 Kings:11:21",
        "w": 0,
        "l": {},
        "c": "2Ch 24:1–4*12971",
        "a": "p"
    },
    {
        "o": 10898,
        "r": "csb:2 Kings:11:21",
        "w": 8,
        "l": {},
        "c": "2Kg 11:2*10876",
        "a": "q"
    }
]
