[
    {
        "o": 10900,
        "r": "csb:2 Kings:12:1",
        "w": 24,
        "l": {},
        "c": "2Kg 11:2,21*10876; 2Ch 24:1*12971",
        "a": "a"
    },
    {
        "o": 10901,
        "r": "csb:2 Kings:12:2",
        "w": 5,
        "l": {},
        "c": "2Kg 11:4,17*10879",
        "a": "b"
    },
    {
        "o": 10901,
        "r": "csb:2 Kings:12:2",
        "w": 6,
        "l": {},
        "c": "Mal 2:6–7*26057",
        "a": "c"
    },
    {
        "o": 10901,
        "r": "csb:2 Kings:12:2",
        "w": 16,
        "l": {},
        "c": "Dt 12:25*5791; 2Sm 8:15*9090",
        "a": "d"
    },
    {
        "o": 10902,
        "r": "csb:2 Kings:12:3",
        "w": 18,
        "l": {},
        "c": "1Kg 3:3*9745; 2Kg 14:4*10959; 15:35*11030",
        "a": "e"
    },
    {
        "o": 10904,
        "r": "csb:2 Kings:12:4",
        "w": 0,
        "l": {},
        "c": "2Ch 24:5–12*12976",
        "a": "f"
    },
    {
        "o": 10904,
        "r": "csb:2 Kings:12:4",
        "w": 14,
        "l": {},
        "c": "2Kg 22:4*11251",
        "a": "g"
    },
    {
        "o": 10904,
        "r": "csb:2 Kings:12:4",
        "w": 16,
        "l": {},
        "c": "Ex 30:13–16*2647",
        "a": "h"
    },
    {
        "o": 10904,
        "r": "csb:2 Kings:12:4",
        "w": 19,
        "l": {},
        "c": "Lv 27:2–28*3941",
        "a": "i"
    },
    {
        "o": 10904,
        "r": "csb:2 Kings:12:4",
        "w": 24,
        "l": {},
        "c": "Ex 35:5*2807",
        "a": "j"
    },
    {
        "o": 10905,
        "r": "csb:2 Kings:12:5",
        "w": 8,
        "l": {},
        "t": "12:5*r Hb obscure",
        "a": "k"
    },
    {
        "o": 10905,
        "r": "csb:2 Kings:12:5",
        "w": 17,
        "l": {},
        "t": "12:5*r Lit repair the breach of the temple wherever there is found a breach",
        "a": "l"
    },
    {
        "o": 10905,
        "r": "csb:2 Kings:12:5",
        "w": 17,
        "l": {},
        "c": "2Kg 22:5*11252",
        "a": "m"
    },
    {
        "o": 10906,
        "r": "csb:2 Kings:12:6",
        "w": 4,
        "l": {},
        "c": "2Kg 11:21*10898",
        "a": "n"
    },
    {
        "o": 10906,
        "r": "csb:2 Kings:12:6",
        "w": 17,
        "l": {},
        "t": "12:6*r Lit breach in 2Kg 12:5–12",
        "a": "o"
    },
    {
        "o": 10906,
        "r": "csb:2 Kings:12:6",
        "w": 20,
        "l": {},
        "c": "2Ch 24:5*12976",
        "a": "p"
    },
    {
        "o": 10907,
        "r": "csb:2 Kings:12:7",
        "w": 6,
        "l": {},
        "c": "2Kg 11:4–6*10879",
        "a": "q"
    },
    {
        "o": 10909,
        "r": "csb:2 Kings:12:9",
        "w": 6,
        "l": {},
        "c": "2Ch 23:1*12947; 24:8*12979",
        "a": "r"
    },
    {
        "o": 10909,
        "r": "csb:2 Kings:12:9",
        "w": 48,
        "l": {},
        "c": "Mk 12:41*27921; Lk 21:1*29215",
        "a": "s"
    },
    {
        "o": 10910,
        "r": "csb:2 Kings:12:10",
        "w": 15,
        "l": {},
        "c": "2Sm 8:17*9092; 2Kg 19:2*11150",
        "a": "t"
    },
    {
        "o": 10910,
        "r": "csb:2 Kings:12:10",
        "w": 32,
        "l": {},
        "c": "2Ch 24:11*12982",
        "a": "u"
    },
    {
        "o": 10912,
        "r": "csb:2 Kings:12:12",
        "w": 22,
        "l": {},
        "c": "2Kg 22:5–6*11252; 2Ch 24:11–12*12982",
        "a": "v"
    },
    {
        "o": 10913,
        "r": "csb:2 Kings:12:13",
        "w": 15,
        "l": {},
        "c": "1Kg 7:48,50–51*9927; 2Ch 24:14*12986",
        "a": "w"
    },
    {
        "o": 10913,
        "r": "csb:2 Kings:12:13",
        "w": 24,
        "l": {},
        "t": "12:13*r Lit silver",
        "a": "x"
    },
    {
        "o": 10915,
        "r": "csb:2 Kings:12:15",
        "w": 21,
        "l": {},
        "c": "2Kg 22:7*11255; 2Ch 34:12*13281",
        "a": "y"
    },
    {
        "o": 10916,
        "r": "csb:2 Kings:12:16",
        "w": 22,
        "l": {},
        "c": "Lv 4:24,29*3122; 5:15–18*3151; 7:7*3198",
        "a": "z"
    },
    {
        "o": 10918,
        "r": "csb:2 Kings:12:17",
        "w": 4,
        "l": {},
        "c": "1Kg 19:17*10396; 2Kg 8:12*10772; 10:32*10868",
        "a": "a"
    },
    {
        "o": 10918,
        "r": "csb:2 Kings:12:17",
        "w": 21,
        "l": {},
        "c": "2Ch 24:23–27*12996",
        "a": "b"
    },
    {
        "o": 10919,
        "r": "csb:2 Kings:12:18",
        "w": 49,
        "l": {},
        "c": "2Kg 16:8*11043; 18:15–16*11123",
        "a": "c"
    },
    {
        "o": 10921,
        "r": "csb:2 Kings:12:19",
        "w": 21,
        "l": {},
        "c": "1Kg 22:45*10529",
        "a": "d"
    },
    {
        "o": 10922,
        "r": "csb:2 Kings:12:20",
        "w": 7,
        "l": {},
        "c": "2Kg 14:5*10960",
        "a": "e"
    },
    {
        "o": 10922,
        "r": "csb:2 Kings:12:20",
        "w": 9,
        "l": {},
        "c": "Jdg 9:6*7490",
        "a": "f"
    },
    {
        "o": 10923,
        "r": "csb:2 Kings:12:21",
        "w": 4,
        "l": {},
        "t": "12:21*r Some Hb mss, LXX read Jozacar; 2Ch 24:26 reads Zabad",
        "a": "g"
    },
    {
        "o": 10923,
        "r": "csb:2 Kings:12:21",
        "w": 17,
        "l": {},
        "c": "2Ch 24:26*13000",
        "a": "h"
    },
    {
        "o": 10923,
        "r": "csb:2 Kings:12:21",
        "w": 38,
        "l": {},
        "c": "2Kg 14:1*10956; 2Ch 24:27*13001",
        "a": "i"
    }
]
