[
    {
        "o": 8553,
        "r": "csb:1 Samuel:20:1",
        "w": 15,
        "l": {},
        "c": "1Sm 24:9*8682",
        "a": "a"
    },
    {
        "o": 8555,
        "r": "csb:1 Samuel:20:3",
        "w": 51,
        "l": {},
        "c": "1Sm 25:26*8723; 2Kg 2:6*10566",
        "a": "b"
    },
    {
        "o": 8557,
        "r": "csb:1 Samuel:20:5",
        "w": 9,
        "l": {},
        "c": "Nm 10:10*4399; 28:11–15*5050; Am 8:5*25317",
        "a": "c"
    },
    {
        "o": 8557,
        "r": "csb:1 Samuel:20:5",
        "w": 20,
        "l": {},
        "c": "1Sm 20:24,27*8576",
        "a": "d"
    },
    {
        "o": 8557,
        "r": "csb:1 Samuel:20:5",
        "w": 35,
        "l": {},
        "t": "20:5*r Lit countryside until the third night",
        "a": "e"
    },
    {
        "o": 8557,
        "r": "csb:1 Samuel:20:5",
        "w": 35,
        "l": {},
        "c": "1Sm 19:2*8528",
        "a": "f"
    },
    {
        "o": 8558,
        "r": "csb:1 Samuel:20:6",
        "w": 19,
        "l": {},
        "c": "1Sm 17:58*8490",
        "a": "g"
    },
    {
        "o": 8558,
        "r": "csb:1 Samuel:20:6",
        "w": 23,
        "l": {},
        "c": "Dt 12:5*5770",
        "a": "h"
    },
    {
        "o": 8560,
        "r": "csb:1 Samuel:20:8",
        "w": 2,
        "l": {},
        "t": "20:8*r Or Show loyalty to",
        "a": "i"
    },
    {
        "o": 8560,
        "r": "csb:1 Samuel:20:8",
        "w": 17,
        "l": {},
        "c": "1Sm 18:3*8495; 20:16*8568; 23:18*8660",
        "a": "j"
    },
    {
        "o": 8560,
        "r": "csb:1 Samuel:20:8",
        "w": 23,
        "l": {},
        "c": "2Sm 14:32*9272",
        "a": "k"
    },
    {
        "o": 8565,
        "r": "csb:1 Samuel:20:13",
        "w": 17,
        "l": {},
        "c": "Ru 1:17*7907; 1Sm 3:17*8071",
        "a": "l"
    },
    {
        "o": 8565,
        "r": "csb:1 Samuel:20:13",
        "w": 38,
        "l": {},
        "c": "1Sm 18:12*8505",
        "a": "m"
    },
    {
        "o": 8566,
        "r": "csb:1 Samuel:20:14",
        "w": 7,
        "l": {},
        "t": "20:14*r Or loyalty, also in v. 15",
        "a": "n"
    },
    {
        "o": 8567,
        "r": "csb:1 Samuel:20:15",
        "w": 25,
        "l": {},
        "c": "2Sm 9:1*9096",
        "a": "o"
    },
    {
        "o": 8568,
        "r": "csb:1 Samuel:20:16",
        "w": 9,
        "l": {},
        "c": "1Sm 18:3*8495; 23:18*8660",
        "a": "p"
    },
    {
        "o": 8568,
        "r": "csb:1 Samuel:20:16",
        "w": 17,
        "l": {},
        "t": "20:16*r Lit Lord require it from the hand of David’s enemies",
        "a": "q"
    },
    {
        "o": 8568,
        "r": "csb:1 Samuel:20:16",
        "w": 17,
        "l": {},
        "c": "Dt 23:21*6095",
        "a": "r"
    },
    {
        "o": 8569,
        "r": "csb:1 Samuel:20:17",
        "w": 5,
        "l": {},
        "t": "20:17*r LXX; MT reads Jonathan once again made David swear",
        "a": "s"
    },
    {
        "o": 8569,
        "r": "csb:1 Samuel:20:17",
        "w": 18,
        "l": {},
        "c": "1Sm 18:1*8493",
        "a": "t"
    },
    {
        "o": 8570,
        "r": "csb:1 Samuel:20:18",
        "w": 9,
        "l": {},
        "c": "Nm 10:10*4399",
        "a": "u"
    },
    {
        "o": 8574,
        "r": "csb:1 Samuel:20:22",
        "w": 13,
        "l": {},
        "c": "1Sm 20:37*8589",
        "a": "v"
    },
    {
        "o": 8575,
        "r": "csb:1 Samuel:20:23",
        "w": 9,
        "l": {},
        "c": "1Sm 20:14–15*8566",
        "a": "w"
    },
    {
        "o": 8575,
        "r": "csb:1 Samuel:20:23",
        "w": 15,
        "l": {},
        "t": "20:23*r LXX; MT omits a witness",
        "a": "x"
    },
    {
        "o": 8575,
        "r": "csb:1 Samuel:20:23",
        "w": 20,
        "l": {},
        "c": "Gn 31:49,53*1016",
        "a": "y"
    },
    {
        "o": 8577,
        "r": "csb:1 Samuel:20:25",
        "w": 15,
        "l": {},
        "t": "20:25*r Text emended; MT reads Jonathan got up",
        "a": "z"
    },
    {
        "o": 8577,
        "r": "csb:1 Samuel:20:25",
        "w": 27,
        "l": {},
        "c": "1Sm 20:18*8570",
        "a": "a"
    },
    {
        "o": 8578,
        "r": "csb:1 Samuel:20:26",
        "w": 24,
        "l": {},
        "c": "Lv 7:20–21*3212; Nm 10:10*4399",
        "a": "b"
    },
    {
        "o": 8580,
        "r": "csb:1 Samuel:20:28",
        "w": 10,
        "l": {},
        "c": "1Sm 20:6*8558",
        "a": "c"
    },
    {
        "o": 8582,
        "r": "csb:1 Samuel:20:30",
        "w": 36,
        "l": {},
        "t": "20:30*r Lit your mother’s nakedness",
        "a": "d"
    },
    {
        "o": 8583,
        "r": "csb:1 Samuel:20:31",
        "w": 25,
        "l": {},
        "c": "2Sm 12:5*9166",
        "a": "e"
    },
    {
        "o": 8584,
        "r": "csb:1 Samuel:20:32",
        "w": 14,
        "l": {},
        "c": "1Sm 19:5*8531",
        "a": "f"
    },
    {
        "o": 8585,
        "r": "csb:1 Samuel:20:33",
        "w": 9,
        "l": {},
        "c": "1Sm 18:11*8504; 19:10*8536",
        "a": "g"
    },
    {
        "o": 8585,
        "r": "csb:1 Samuel:20:33",
        "w": 20,
        "l": {},
        "c": "1Sm 20:7*8559",
        "a": "h"
    },
    {
        "o": 8588,
        "r": "csb:1 Samuel:20:36",
        "w": 11,
        "l": {},
        "c": "1Sm 20:20–21*8572",
        "a": "i"
    },
    {
        "o": 8589,
        "r": "csb:1 Samuel:20:37",
        "w": 25,
        "l": {},
        "c": "1Sm 20:22*8574",
        "a": "j"
    },
    {
        "o": 8593,
        "r": "csb:1 Samuel:20:41",
        "w": 25,
        "l": {},
        "c": "Gn 42:6*1384",
        "a": "k"
    },
    {
        "o": 8593,
        "r": "csb:1 Samuel:20:41",
        "w": 41,
        "l": {},
        "c": "1Sm 18:3*8495",
        "a": "l"
    },
    {
        "o": 8594,
        "r": "csb:1 Samuel:20:42",
        "w": 40,
        "l": {},
        "c": "1Sm 20:15–23*8567",
        "a": "m"
    }
]
