[
    {
        "o": 33708,
        "r": "csb:1 Timothy:4:1",
        "w": 2,
        "l": {},
        "c": "Jn 14:17*30177; 16:13*30238; Ac 20:23*31290; 21:11*31318; 1Co 2:10–11*32156",
        "a": "a"
    },
    {
        "o": 33708,
        "r": "csb:1 Timothy:4:1",
        "w": 8,
        "l": {},
        "c": "2Th 2:3–9*33606; 2Tm 3:1*33836; 2Pt 3:3*34610; Jd 18*34810",
        "a": "b"
    },
    {
        "o": 33708,
        "r": "csb:1 Timothy:4:1",
        "w": 14,
        "l": {},
        "c": "Php 1:27*33280; 1Tm 1:2*33648; Jd 3*34793",
        "a": "c"
    },
    {
        "o": 33708,
        "r": "csb:1 Timothy:4:1",
        "w": 19,
        "l": {},
        "c": "Mt 7:15*26329; 1Jn 4:6*34710",
        "a": "d"
    },
    {
        "o": 33708,
        "r": "csb:1 Timothy:4:1",
        "w": 24,
        "l": {},
        "c": "Jms 3:15*34384",
        "a": "e"
    },
    {
        "o": 33709,
        "r": "csb:1 Timothy:4:2",
        "w": 2,
        "l": {},
        "c": "Mk 12:15*27890",
        "a": "f"
    },
    {
        "o": 33709,
        "r": "csb:1 Timothy:4:2",
        "w": 6,
        "l": {},
        "c": "Heb 13:18*34298",
        "a": "g"
    },
    {
        "o": 33710,
        "r": "csb:1 Timothy:4:3",
        "w": 2,
        "l": {},
        "c": "1Tm 5:14*33741; Heb 13:4*34284",
        "a": "h"
    },
    {
        "o": 33710,
        "r": "csb:1 Timothy:4:3",
        "w": 5,
        "l": {},
        "c": "Rm 14:6*32018; Col 2:16,23*33422; 1Th 4:3*33538; 5:22*33580; 1Pt 2:11*34475",
        "a": "i"
    },
    {
        "o": 33710,
        "r": "csb:1 Timothy:4:3",
        "w": 10,
        "l": {},
        "c": "Gn 1:29*31; 9:3*233",
        "a": "j"
    },
    {
        "o": 33711,
        "r": "csb:1 Timothy:4:4",
        "w": 6,
        "l": {},
        "c": "Gn 1:31*33",
        "a": "k"
    },
    {
        "o": 33711,
        "r": "csb:1 Timothy:4:4",
        "w": 18,
        "l": {},
        "c": "Ac 10:15*30863",
        "a": "l"
    },
    {
        "o": 33712,
        "r": "csb:1 Timothy:4:5",
        "w": 8,
        "l": {},
        "c": "Lk 8:21*28562; 1Tm 2:1*33671; Heb 4:12*34037",
        "a": "m"
    },
    {
        "o": 33714,
        "r": "csb:1 Timothy:4:6",
        "w": 26,
        "l": {},
        "c": "Php 1:27*33280; 1Tm 1:2*33648; Jd 3*34793",
        "a": "n"
    },
    {
        "o": 33714,
        "r": "csb:1 Timothy:4:6",
        "w": 34,
        "l": {},
        "c": "2Tm 3:10–15*33846",
        "a": "o"
    },
    {
        "o": 33715,
        "r": "csb:1 Timothy:4:7",
        "w": 9,
        "l": {},
        "c": "1Tm 1:4*33650; 2Tm 4:4*33859; Ti 1:14*33896; 2Pt 1:16*34576",
        "a": "p"
    },
    {
        "o": 33715,
        "r": "csb:1 Timothy:4:7",
        "w": 14,
        "l": {},
        "c": "2Pt 1:3*34562",
        "a": "q"
    },
    {
        "o": 33716,
        "r": "csb:1 Timothy:4:8",
        "w": 8,
        "l": {},
        "c": "Col 2:23*33429",
        "a": "r"
    },
    {
        "o": 33716,
        "r": "csb:1 Timothy:4:8",
        "w": 30,
        "l": {},
        "c": "Ps 37:9,11*16088; Pr 19:23*18955; 22:4*19029; Mt 6:33*26309; Mk 10:30*27809; Jn 12:25*30083; Ac 13:48*31015; 1Pt 3:9*34502",
        "a": "s"
    },
    {
        "o": 33717,
        "r": "csb:1 Timothy:4:9",
        "w": 7,
        "l": {},
        "c": "1Tm 1:15*33662; 3:1*33689; 2Tm 2:11*33817",
        "a": "t"
    },
    {
        "o": 33718,
        "r": "csb:1 Timothy:4:10",
        "w": 6,
        "l": {},
        "t": "4:10*r Other mss read and suffer reproach",
        "a": "u"
    },
    {
        "o": 33718,
        "r": "csb:1 Timothy:4:10",
        "w": 16,
        "l": {},
        "c": "Dt 5:26*5586; Jos 3:10*6521; 1Sm 17:26*8458; Ps 42:2*16203; Jr 10:10*21531; Dn 6:20*24665; Ac 14:15*31037; 1Tm 3:15*33704",
        "a": "v"
    },
    {
        "o": 33718,
        "r": "csb:1 Timothy:4:10",
        "w": 20,
        "l": {},
        "c": "1Tm 1:1*33646",
        "a": "w"
    },
    {
        "o": 33718,
        "r": "csb:1 Timothy:4:10",
        "w": 23,
        "l": {},
        "c": "1Tm 2:4*33674; Ti 2:11*33911",
        "a": "x"
    },
    {
        "o": 33721,
        "r": "csb:1 Timothy:4:12",
        "w": 14,
        "l": {},
        "c": "Pr 12:6*18725",
        "a": "y"
    },
    {
        "o": 33721,
        "r": "csb:1 Timothy:4:12",
        "w": 16,
        "l": {},
        "c": "2Pt 3:11*34618",
        "a": "z"
    },
    {
        "o": 33721,
        "r": "csb:1 Timothy:4:12",
        "w": 18,
        "l": {},
        "t": "4:12*r Other mss add in spirit,",
        "a": "a"
    },
    {
        "o": 33721,
        "r": "csb:1 Timothy:4:12",
        "w": 18,
        "l": {},
        "c": "1Co 13:1*32455",
        "a": "b"
    },
    {
        "o": 33721,
        "r": "csb:1 Timothy:4:12",
        "w": 23,
        "l": {},
        "c": "1Tm 5:2*33729",
        "a": "c"
    },
    {
        "o": 33722,
        "r": "csb:1 Timothy:4:13",
        "w": 2,
        "l": {},
        "c": "1Tm 3:14*33703",
        "a": "d"
    },
    {
        "o": 33723,
        "r": "csb:1 Timothy:4:14",
        "w": 14,
        "l": {},
        "c": "1Co 13:2*32456; 1Tm 1:18*33666; 2Tm 1:6*33790",
        "a": "e"
    },
    {
        "o": 33723,
        "r": "csb:1 Timothy:4:14",
        "w": 20,
        "l": {},
        "c": "1Tm 5:22*33750",
        "a": "f"
    },
    {
        "o": 33725,
        "r": "csb:1 Timothy:4:16",
        "w": 19,
        "l": {},
        "c": "Eph 2:8*33108; Jd 23*34816",
        "a": "g"
    },
    {
        "o": 33725,
        "r": "csb:1 Timothy:4:16",
        "w": 24,
        "l": {},
        "c": "Ezk 33:9*23951; Ac 20:28*31295; Rm 11:14*31944",
        "a": "h"
    }
]
