[
    {
        "o": 33482,
        "r": "csb:1 Thessalonians:1:1",
        "w": 1,
        "l": {},
        "t": "1:1*r Or Silas; Ac 15:22–32; 16:19–40; 17:1–16",
        "a": "a"
    },
    {
        "o": 33482,
        "r": "csb:1 Thessalonians:1:1",
        "w": 1,
        "l": {},
        "c": "Ac 15:22*31077; 2Co 1:19*32628; 2Th 1:1*33589; 1Pt 5:12*34554",
        "a": "b"
    },
    {
        "o": 33482,
        "r": "csb:1 Thessalonians:1:1",
        "w": 3,
        "l": {},
        "c": "Ac 16:1*31100; 1Tm 1:2*33648",
        "a": "c"
    },
    {
        "o": 33482,
        "r": "csb:1 Thessalonians:1:1",
        "w": 9,
        "l": {},
        "c": "Ac 17:1*31147",
        "a": "d"
    },
    {
        "o": 33482,
        "r": "csb:1 Thessalonians:1:1",
        "w": 23,
        "l": {},
        "t": "1:1*r Other mss add from God our Father and the Lord Jesus Christ",
        "a": "e"
    },
    {
        "o": 33485,
        "r": "csb:1 Thessalonians:1:3",
        "w": 9,
        "l": {},
        "c": "Php 4:20*33366",
        "a": "f"
    },
    {
        "o": 33485,
        "r": "csb:1 Thessalonians:1:3",
        "w": 14,
        "l": {},
        "c": "Rm 3:28*31708; 9:32*31902; Gl 2:16*32947; 5:6*33028; 2Th 1:11*33600; Heb 6:1*34062; Jms 2:14–26*34354; Rv 2:19*34866",
        "a": "g"
    },
    {
        "o": 33485,
        "r": "csb:1 Thessalonians:1:3",
        "w": 30,
        "l": {},
        "c": "Ac 15:26*31081",
        "a": "h"
    },
    {
        "o": 33486,
        "r": "csb:1 Thessalonians:1:4",
        "w": 6,
        "l": {},
        "c": "Jn 3:16*29564; Rv 12:11*35071",
        "a": "i"
    },
    {
        "o": 33486,
        "r": "csb:1 Thessalonians:1:4",
        "w": 8,
        "l": {},
        "c": "Dt 33:12*6430; 2Th 2:13*33617",
        "a": "j"
    },
    {
        "o": 33486,
        "r": "csb:1 Thessalonians:1:4",
        "w": 13,
        "l": {},
        "c": "Mt 24:22*27079; Eph 1:4*33077",
        "a": "k"
    },
    {
        "o": 33487,
        "r": "csb:1 Thessalonians:1:5",
        "w": 18,
        "l": {},
        "c": "Jn 1:33*29499; Ac 2:4*30495; Rm 8:9*31832; 1Co 2:4*32149; Gl 5:25*33048; Ti 3:5*33922; Rv 3:22*34902",
        "a": "l"
    },
    {
        "o": 33487,
        "r": "csb:1 Thessalonians:1:5",
        "w": 29,
        "l": {},
        "c": "Ac 20:18*31285; 1Th 2:10*33504",
        "a": "m"
    },
    {
        "o": 33488,
        "r": "csb:1 Thessalonians:1:6",
        "w": 20,
        "l": {},
        "c": "Heb 4:12*34037",
        "a": "n"
    },
    {
        "o": 33489,
        "r": "csb:1 Thessalonians:1:7",
        "w": 12,
        "l": {},
        "c": "Ac 16:9*31109",
        "a": "o"
    },
    {
        "o": 33489,
        "r": "csb:1 Thessalonians:1:7",
        "w": 14,
        "l": {},
        "c": "Ac 18:12*31198",
        "a": "p"
    },
    {
        "o": 33490,
        "r": "csb:1 Thessalonians:1:8",
        "w": 22,
        "l": {},
        "t": "1:8*r Or in every place news of your faith",
        "a": "q"
    },
    {
        "o": 33490,
        "r": "csb:1 Thessalonians:1:8",
        "w": 22,
        "l": {},
        "c": "Gl 2:16*32947",
        "a": "r"
    },
    {
        "o": 33491,
        "r": "csb:1 Thessalonians:1:9",
        "w": 3,
        "l": {},
        "t": "1:9*r Lit report about us",
        "a": "s"
    },
    {
        "o": 33491,
        "r": "csb:1 Thessalonians:1:9",
        "w": 7,
        "l": {},
        "c": "Ac 17:1–9*31147",
        "a": "t"
    },
    {
        "o": 33491,
        "r": "csb:1 Thessalonians:1:9",
        "w": 14,
        "l": {},
        "c": "1Pt 2:25*34490",
        "a": "u"
    },
    {
        "o": 33491,
        "r": "csb:1 Thessalonians:1:9",
        "w": 18,
        "l": {},
        "c": "Gn 31:19*984; 1Co 8:4*32305",
        "a": "v"
    },
    {
        "o": 33491,
        "r": "csb:1 Thessalonians:1:9",
        "w": 22,
        "l": {},
        "c": "Dt 5:26*5586",
        "a": "w"
    },
    {
        "o": 33491,
        "r": "csb:1 Thessalonians:1:9",
        "w": 24,
        "l": {},
        "c": "Jn 4:23*29611; 1Jn 5:20*34749",
        "a": "x"
    },
    {
        "o": 33492,
        "r": "csb:1 Thessalonians:1:10",
        "w": 2,
        "l": {},
        "c": "Jd 21*34814",
        "a": "y"
    },
    {
        "o": 33492,
        "r": "csb:1 Thessalonians:1:10",
        "w": 5,
        "l": {},
        "c": "Heb 1:2*33967",
        "a": "z"
    },
    {
        "o": 33492,
        "r": "csb:1 Thessalonians:1:10",
        "w": 13,
        "l": {},
        "c": "Mt 17:9*26772; Jn 5:25*29674",
        "a": "a"
    },
    {
        "o": 33492,
        "r": "csb:1 Thessalonians:1:10",
        "w": 17,
        "l": {},
        "c": "Mt 27:43*27297",
        "a": "b"
    },
    {
        "o": 33492,
        "r": "csb:1 Thessalonians:1:10",
        "w": 21,
        "l": {},
        "c": "Rm 2:5*31649; 1Th 5:9*33566; Rv 6:16*34955",
        "a": "c"
    },
    {
        "o": 33495,
        "r": "csb:1 Thessalonians:2:1",
        "w": 9,
        "l": {},
        "c": "Ac 17:1–9*31147",
        "a": "a"
    },
    {
        "o": 33496,
        "r": "csb:1 Thessalonians:2:2",
        "w": 7,
        "l": {},
        "c": "Ac 16:19–24*31121",
        "a": "b"
    },
    {
        "o": 33496,
        "r": "csb:1 Thessalonians:2:2",
        "w": 13,
        "l": {},
        "c": "Php 1:1*33251",
        "a": "c"
    },
    {
        "o": 33497,
        "r": "csb:1 Thessalonians:2:3",
        "w": 8,
        "l": {},
        "c": "1Th 4:7*33542",
        "a": "d"
    },
    {
        "o": 33497,
        "r": "csb:1 Thessalonians:2:3",
        "w": 13,
        "l": {},
        "c": "Ps 10:7*15597",
        "a": "e"
    },
    {
        "o": 33498,
        "r": "csb:1 Thessalonians:2:4",
        "w": 11,
        "l": {},
        "c": "Lk 16:11*28990",
        "a": "f"
    },
    {
        "o": 33498,
        "r": "csb:1 Thessalonians:2:4",
        "w": 14,
        "l": {},
        "c": "Ac 15:7*31061; Gl 2:7*32937; 1Tm 1:11*33658",
        "a": "g"
    },
    {
        "o": 33498,
        "r": "csb:1 Thessalonians:2:4",
        "w": 24,
        "l": {},
        "c": "Jn 5:44*29694; 12:43*30103; 1Co 4:5*32197; 2Co 10:18*32824; Gl 1:10*32914; Php 3:19*33340; 1Th 2:15*33510; 1Pt 3:4*34496",
        "a": "h"
    },
    {
        "o": 33498,
        "r": "csb:1 Thessalonians:2:4",
        "w": 28,
        "l": {},
        "c": "Ps 17:3*15676; Pr 21:2*18995; Rm 8:27*31852",
        "a": "i"
    },
    {
        "o": 33499,
        "r": "csb:1 Thessalonians:2:5",
        "w": 11,
        "l": {},
        "c": "Eph 5:3*33186",
        "a": "j"
    },
    {
        "o": 33499,
        "r": "csb:1 Thessalonians:2:5",
        "w": 12,
        "l": {},
        "c": "Mk 12:40*27920; Lk 20:47*29212; Jn 15:22*30218; Ac 27:30*31552; Php 1:18*33270",
        "a": "k"
    },
    {
        "o": 33499,
        "r": "csb:1 Thessalonians:2:5",
        "w": 16,
        "l": {},
        "c": "Rm 1:9*31616",
        "a": "l"
    },
    {
        "o": 33500,
        "r": "csb:1 Thessalonians:2:6",
        "w": 4,
        "l": {},
        "c": "Php 3:19*33340",
        "a": "m"
    },
    {
        "o": 33501,
        "r": "csb:1 Thessalonians:2:7",
        "w": 9,
        "l": {},
        "c": "Ac 1:2*30461; Jd 17*34809",
        "a": "n"
    },
    {
        "o": 33501,
        "r": "csb:1 Thessalonians:2:7",
        "w": 13,
        "l": {},
        "t": "2:7*r Many mss read infants",
        "a": "o"
    },
    {
        "o": 33501,
        "r": "csb:1 Thessalonians:2:7",
        "w": 18,
        "l": {},
        "t": "2:7*r Or nursing mother",
        "a": "p"
    },
    {
        "o": 33503,
        "r": "csb:1 Thessalonians:2:9",
        "w": 10,
        "l": {},
        "c": "2Jn 8*34761",
        "a": "q"
    },
    {
        "o": 33504,
        "r": "csb:1 Thessalonians:2:10",
        "w": 2,
        "l": {},
        "c": "Rm 1:9*31616",
        "a": "r"
    },
    {
        "o": 33504,
        "r": "csb:1 Thessalonians:2:10",
        "w": 10,
        "l": {},
        "c": "Ti 2:12*33912",
        "a": "s"
    },
    {
        "o": 33504,
        "r": "csb:1 Thessalonians:2:10",
        "w": 12,
        "l": {},
        "c": "1Th 5:23*33581",
        "a": "t"
    },
    {
        "o": 33505,
        "r": "csb:1 Thessalonians:2:11",
        "w": 9,
        "l": {},
        "c": "1Co 4:14*32207; Gl 4:19*33007; 1Tm 1:2*33648; Phm 10*33947",
        "a": "u"
    },
    {
        "o": 33506,
        "r": "csb:1 Thessalonians:2:12",
        "w": 13,
        "l": {},
        "c": "3Jn 6*34776",
        "a": "v"
    },
    {
        "o": 33506,
        "r": "csb:1 Thessalonians:2:12",
        "w": 20,
        "l": {},
        "c": "Mk 1:15*27368; Ac 20:25*31292",
        "a": "w"
    },
    {
        "o": 33506,
        "r": "csb:1 Thessalonians:2:12",
        "w": 22,
        "l": {},
        "c": "Lk 9:32*28639; 24:26*29433; Jn 17:24*30288; 2Co 3:18*32676; 1Pt 5:1*34542; 2Pt 3:18*34626",
        "a": "x"
    },
    {
        "o": 33508,
        "r": "csb:1 Thessalonians:2:13",
        "w": 32,
        "l": {},
        "c": "2Th 3:1*33624",
        "a": "y"
    },
    {
        "o": 33508,
        "r": "csb:1 Thessalonians:2:13",
        "w": 36,
        "l": {},
        "c": "Lk 8:21*28562",
        "a": "z"
    },
    {
        "o": 33509,
        "r": "csb:1 Thessalonians:2:14",
        "w": 16,
        "l": {},
        "c": "Lk 1:5*28140",
        "a": "a"
    },
    {
        "o": 33509,
        "r": "csb:1 Thessalonians:2:14",
        "w": 21,
        "l": {},
        "c": "Php 1:29*33282",
        "a": "b"
    },
    {
        "o": 33509,
        "r": "csb:1 Thessalonians:2:14",
        "w": 30,
        "l": {},
        "c": "Ac 17:5*31152",
        "a": "c"
    },
    {
        "o": 33510,
        "r": "csb:1 Thessalonians:2:15",
        "w": 4,
        "l": {},
        "c": "Lk 24:20*29427",
        "a": "d"
    },
    {
        "o": 33510,
        "r": "csb:1 Thessalonians:2:15",
        "w": 10,
        "l": {},
        "c": "Rm 11:3*31932",
        "a": "e"
    },
    {
        "o": 33511,
        "r": "csb:1 Thessalonians:2:16",
        "w": 26,
        "l": {},
        "c": "Mt 23:30–32*27042",
        "a": "f"
    },
    {
        "o": 33511,
        "r": "csb:1 Thessalonians:2:16",
        "w": 33,
        "l": {},
        "t": "2:16*r Or to the end",
        "a": "g"
    },
    {
        "o": 33513,
        "r": "csb:1 Thessalonians:2:17",
        "w": 13,
        "l": {},
        "t": "2:17*r Lit orphaned from you",
        "a": "h"
    },
    {
        "o": 33513,
        "r": "csb:1 Thessalonians:2:17",
        "w": 22,
        "l": {},
        "c": "Col 2:5*33411",
        "a": "i"
    },
    {
        "o": 33513,
        "r": "csb:1 Thessalonians:2:17",
        "w": 31,
        "l": {},
        "c": "1Th 3:10*33530",
        "a": "j"
    },
    {
        "o": 33514,
        "r": "csb:1 Thessalonians:2:18",
        "w": 14,
        "l": {},
        "c": "Mt 4:1,10*26183; Ac 13:10*30975",
        "a": "k"
    },
    {
        "o": 33515,
        "r": "csb:1 Thessalonians:2:19",
        "w": 6,
        "l": {},
        "c": "Jn 15:11*30206; 2Co 6:10*32733",
        "a": "l"
    },
    {
        "o": 33515,
        "r": "csb:1 Thessalonians:2:19",
        "w": 8,
        "l": {},
        "c": "Rv 12:1*35060",
        "a": "m"
    },
    {
        "o": 33515,
        "r": "csb:1 Thessalonians:2:19",
        "w": 10,
        "l": {},
        "c": "2Co 12:5*32867; Jms 4:16*34406",
        "a": "n"
    },
    {
        "o": 33515,
        "r": "csb:1 Thessalonians:2:19",
        "w": 16,
        "l": {},
        "c": "Rv 11:8*35044",
        "a": "o"
    },
    {
        "o": 33515,
        "r": "csb:1 Thessalonians:2:19",
        "w": 20,
        "l": {},
        "c": "1Th 1:10*33492; 1Jn 2:28*34674",
        "a": "p"
    },
    {
        "o": 33515,
        "r": "csb:1 Thessalonians:2:19",
        "w": 24,
        "l": {},
        "c": "1Co 15:31*32546; 2Co 1:14*32623; Php 4:1*33345; 2Th 1:4*33593",
        "a": "q"
    },
    {
        "o": 33516,
        "r": "csb:1 Thessalonians:2:20",
        "w": 4,
        "l": {},
        "c": "Jn 12:43*30103; Php 3:19*33340",
        "a": "r"
    },
    {
        "o": 33519,
        "r": "csb:1 Thessalonians:3:1",
        "w": 18,
        "l": {},
        "c": "Ac 17:15*31164",
        "a": "a"
    },
    {
        "o": 33520,
        "r": "csb:1 Thessalonians:3:2",
        "w": 3,
        "l": {},
        "c": "Ac 16:1*31100; 1Tm 1:2*33648",
        "a": "b"
    },
    {
        "o": 33520,
        "r": "csb:1 Thessalonians:3:2",
        "w": 8,
        "l": {},
        "t": "3:2*r Other mss read servant",
        "a": "c"
    },
    {
        "o": 33520,
        "r": "csb:1 Thessalonians:3:2",
        "w": 13,
        "l": {},
        "c": "Php 1:27*33280",
        "a": "d"
    },
    {
        "o": 33525,
        "r": "csb:1 Thessalonians:3:6",
        "w": 6,
        "l": {},
        "c": "Ac 18:5*31191",
        "a": "e"
    },
    {
        "o": 33525,
        "r": "csb:1 Thessalonians:3:6",
        "w": 42,
        "l": {},
        "c": "1Co 11:2*32384; Php 1:8*33259",
        "a": "f"
    },
    {
        "o": 33527,
        "r": "csb:1 Thessalonians:3:8",
        "w": 7,
        "l": {},
        "c": "Rm 14:4*32016; 1Co 16:13*32592; Php 1:27*33280",
        "a": "g"
    },
    {
        "o": 33528,
        "r": "csb:1 Thessalonians:3:9",
        "w": 12,
        "l": {},
        "c": "Jn 15:11*30206; 2Co 6:10*32733; Php 1:18*33270",
        "a": "h"
    },
    {
        "o": 33529,
        "r": "csb:1 Thessalonians:3:10",
        "w": 13,
        "l": {},
        "c": "1Th 2:17*33513",
        "a": "i"
    },
    {
        "o": 33529,
        "r": "csb:1 Thessalonians:3:10",
        "w": 22,
        "l": {},
        "c": "Col 1:24*33399",
        "a": "j"
    },
    {
        "o": 33531,
        "r": "csb:1 Thessalonians:3:11",
        "w": 5,
        "l": {},
        "c": "Jn 8:42*29880; Php 4:20*33366",
        "a": "k"
    },
    {
        "o": 33531,
        "r": "csb:1 Thessalonians:3:11",
        "w": 10,
        "l": {},
        "c": "Ac 20:21*31288",
        "a": "l"
    },
    {
        "o": 33532,
        "r": "csb:1 Thessalonians:3:12",
        "w": 11,
        "l": {},
        "c": "Lk 7:42*28525",
        "a": "m"
    },
    {
        "o": 33532,
        "r": "csb:1 Thessalonians:3:12",
        "w": 14,
        "l": {},
        "c": "Rm 13:8*32003",
        "a": "n"
    },
    {
        "o": 33533,
        "r": "csb:1 Thessalonians:3:13",
        "w": 5,
        "l": {},
        "c": "Lk 1:6*28141",
        "a": "o"
    },
    {
        "o": 33533,
        "r": "csb:1 Thessalonians:3:13",
        "w": 7,
        "l": {},
        "c": "Rm 1:4*31610; 1Co 7:14*32271; 2Co 7:1*32745",
        "a": "p"
    },
    {
        "o": 33533,
        "r": "csb:1 Thessalonians:3:13",
        "w": 15,
        "l": {},
        "c": "1Th 1:10*33492; 1Jn 2:28*34674",
        "a": "q"
    },
    {
        "o": 33533,
        "r": "csb:1 Thessalonians:3:13",
        "w": 18,
        "l": {},
        "c": "Rv 11:8*35044",
        "a": "r"
    },
    {
        "o": 33533,
        "r": "csb:1 Thessalonians:3:13",
        "w": 24,
        "l": {},
        "t": "3:13*r Other mss omit Amen.",
        "a": "s"
    },
    {
        "o": 33536,
        "r": "csb:1 Thessalonians:4:1",
        "w": 33,
        "l": {},
        "t": "4:1*r Lit walking",
        "a": "a"
    },
    {
        "o": 33538,
        "r": "csb:1 Thessalonians:4:3",
        "w": 4,
        "l": {},
        "c": "1Th 5:18*33576",
        "a": "b"
    },
    {
        "o": 33538,
        "r": "csb:1 Thessalonians:4:3",
        "w": 6,
        "l": {},
        "c": "Rm 6:19,22*31788; 1Co 1:30*32142; 2Th 2:13*33617; 1Tm 2:15*33686; Heb 12:14*34263; 1Pt 1:2*34437",
        "a": "c"
    },
    {
        "o": 33538,
        "r": "csb:1 Thessalonians:4:3",
        "w": 10,
        "l": {},
        "c": "1Tm 4:3*33710",
        "a": "d"
    },
    {
        "o": 33539,
        "r": "csb:1 Thessalonians:4:4",
        "w": 10,
        "l": {},
        "t": "4:4*r Or to acquire his own wife; lit to possess his own vessel",
        "a": "e"
    },
    {
        "o": 33540,
        "r": "csb:1 Thessalonians:4:5",
        "w": 3,
        "l": {},
        "c": "2Pt 1:4*34563; 2:10*34593",
        "a": "f"
    },
    {
        "o": 33541,
        "r": "csb:1 Thessalonians:4:6",
        "w": 9,
        "l": {},
        "c": "2Co 12:17*32881",
        "a": "g"
    },
    {
        "o": 33542,
        "r": "csb:1 Thessalonians:4:7",
        "w": 7,
        "l": {},
        "c": "Mt 23:27*27039; 2Co 12:21*32885; Gl 5:19*33042; Eph 4:19*33169; 5:3*33186; Col 3:5*33436; 1Th 2:3*33497",
        "a": "h"
    },
    {
        "o": 33543,
        "r": "csb:1 Thessalonians:4:8",
        "w": 16,
        "l": {},
        "c": "Ps 51:11*16373; Jn 1:33*29499; Ac 2:4*30495; Rm 8:9*31832; Gl 5:25*33048; Ti 3:5*33922; 1Jn 5:8*34735; Rv 3:22*34902",
        "a": "i"
    },
    {
        "o": 33545,
        "r": "csb:1 Thessalonians:4:9",
        "w": 16,
        "l": {},
        "c": "Jn 6:45*29746",
        "a": "j"
    },
    {
        "o": 33545,
        "r": "csb:1 Thessalonians:4:9",
        "w": 20,
        "l": {},
        "c": "1Jn 3:11*34688",
        "a": "k"
    },
    {
        "o": 33546,
        "r": "csb:1 Thessalonians:4:10",
        "w": 17,
        "l": {},
        "c": "Ac 16:9*31109",
        "a": "l"
    },
    {
        "o": 33547,
        "r": "csb:1 Thessalonians:4:11",
        "w": 6,
        "l": {},
        "c": "Lk 14:4*28907; 23:56*29404; Ac 11:18*30920; 21:14*31322",
        "a": "m"
    },
    {
        "o": 33547,
        "r": "csb:1 Thessalonians:4:11",
        "w": 11,
        "l": {},
        "t": "4:11*r Lit to practice one’s own things",
        "a": "n"
    },
    {
        "o": 33547,
        "r": "csb:1 Thessalonians:4:11",
        "w": 14,
        "l": {},
        "c": "2Th 3:12*33636; 2Jn 8*34761",
        "a": "o"
    },
    {
        "o": 33548,
        "r": "csb:1 Thessalonians:4:12",
        "w": 5,
        "l": {},
        "c": "Rm 13:13*32009; 1Co 14:40*32510",
        "a": "p"
    },
    {
        "o": 33548,
        "r": "csb:1 Thessalonians:4:12",
        "w": 16,
        "l": {},
        "t": "4:12*r Or not need anything, or not be in need",
        "a": "q"
    },
    {
        "o": 33548,
        "r": "csb:1 Thessalonians:4:12",
        "w": 16,
        "l": {},
        "c": "Eph 4:28*33178",
        "a": "r"
    },
    {
        "o": 33550,
        "r": "csb:1 Thessalonians:4:13",
        "w": 28,
        "l": {},
        "c": "Jr 14:19*21648; Eph 2:12*33113; 1Th 1:3*33485",
        "a": "s"
    },
    {
        "o": 33551,
        "r": "csb:1 Thessalonians:4:14",
        "w": 8,
        "l": {},
        "c": "Lk 18:33*29093",
        "a": "t"
    },
    {
        "o": 33551,
        "r": "csb:1 Thessalonians:4:14",
        "w": 9,
        "l": {},
        "c": "Rm 14:9,15*32021; 1Co 8:11*32312; 15:3–4*32515; 2Co 5:15*32715",
        "a": "u"
    },
    {
        "o": 33551,
        "r": "csb:1 Thessalonians:4:14",
        "w": 15,
        "l": {},
        "c": "Jn 14:19*30179; Rm 8:11*31835; 1Co 6:14*32247; 15:18–20*32531; 2Co 4:14*32693; Php 1:23*33276",
        "a": "v"
    },
    {
        "o": 33552,
        "r": "csb:1 Thessalonians:4:15",
        "w": 11,
        "l": {},
        "c": "2Pt 1:21*34581; Rv 11:8*35044",
        "a": "w"
    },
    {
        "o": 33552,
        "r": "csb:1 Thessalonians:4:15",
        "w": 20,
        "l": {},
        "c": "1Jn 2:28*34674",
        "a": "x"
    },
    {
        "o": 33552,
        "r": "csb:1 Thessalonians:4:15",
        "w": 29,
        "l": {},
        "c": "1Co 15:51*32568",
        "a": "y"
    },
    {
        "o": 33553,
        "r": "csb:1 Thessalonians:4:16",
        "w": 10,
        "l": {},
        "t": "4:16*r Or command",
        "a": "z"
    },
    {
        "o": 33553,
        "r": "csb:1 Thessalonians:4:16",
        "w": 10,
        "l": {},
        "c": "Jn 5:25*29674",
        "a": "a"
    },
    {
        "o": 33553,
        "r": "csb:1 Thessalonians:4:16",
        "w": 13,
        "l": {},
        "c": "Jd 9*34800",
        "a": "b"
    },
    {
        "o": 33553,
        "r": "csb:1 Thessalonians:4:16",
        "w": 25,
        "l": {},
        "c": "Rm 16:7*32084; 1Co 15:18*32531; 1Pt 5:14*34556; Rv 14:13*35117; 20:5*35245",
        "a": "c"
    },
    {
        "o": 33554,
        "r": "csb:1 Thessalonians:4:17",
        "w": 0,
        "l": {},
        "c": "1Co 15:23,51–52*32537",
        "a": "d"
    },
    {
        "o": 33554,
        "r": "csb:1 Thessalonians:4:17",
        "w": 18,
        "l": {},
        "c": "Mt 26:64*27235",
        "a": "e"
    },
    {
        "o": 33555,
        "r": "csb:1 Thessalonians:4:18",
        "w": 1,
        "l": {},
        "t": "4:18*r Or comfort",
        "a": "f"
    },
    {
        "o": 33558,
        "r": "csb:1 Thessalonians:5:1",
        "w": 5,
        "l": {},
        "c": "Dn 2:21*24498; Ac 1:7*30467",
        "a": "a"
    },
    {
        "o": 33559,
        "r": "csb:1 Thessalonians:5:2",
        "w": 11,
        "l": {},
        "c": "Jl 2:1*25113; Mt 25:13*27128; Ac 2:20*30512; Php 1:6*33257",
        "a": "b"
    },
    {
        "o": 33559,
        "r": "csb:1 Thessalonians:5:2",
        "w": 17,
        "l": {},
        "c": "Jn 10:1*29946",
        "a": "c"
    },
    {
        "o": 33560,
        "r": "csb:1 Thessalonians:5:3",
        "w": 8,
        "l": {},
        "c": "2Th 1:9*33598",
        "a": "d"
    },
    {
        "o": 33561,
        "r": "csb:1 Thessalonians:5:4",
        "w": 18,
        "l": {},
        "c": "Jb 24:13–17*14944",
        "a": "e"
    },
    {
        "o": 33562,
        "r": "csb:1 Thessalonians:5:5",
        "w": 21,
        "l": {},
        "c": "Col 1:13*33386",
        "a": "f"
    },
    {
        "o": 33565,
        "r": "csb:1 Thessalonians:5:8",
        "w": 10,
        "l": {},
        "c": "1Pt 5:8*34550",
        "a": "g"
    },
    {
        "o": 33565,
        "r": "csb:1 Thessalonians:5:8",
        "w": 15,
        "l": {},
        "c": "Eph 6:14*33237; Rv 9:9,17*35007",
        "a": "h"
    },
    {
        "o": 33565,
        "r": "csb:1 Thessalonians:5:8",
        "w": 22,
        "l": {},
        "c": "1Sm 17:5,38*8437; Ps 60:7*16512; 108:8*17586; Is 59:17*21080; Eph 6:17*33240",
        "a": "i"
    },
    {
        "o": 33566,
        "r": "csb:1 Thessalonians:5:9",
        "w": 14,
        "l": {},
        "c": "Rv 11:8*35044",
        "a": "j"
    },
    {
        "o": 33566,
        "r": "csb:1 Thessalonians:5:9",
        "w": 16,
        "l": {},
        "c": "Ac 15:26*31081",
        "a": "k"
    },
    {
        "o": 33567,
        "r": "csb:1 Thessalonians:5:10",
        "w": 3,
        "l": {},
        "c": "Jn 11:51*30047; Rm 14:9*32021; 1Co 8:11*32312; Gl 1:4*32906",
        "a": "l"
    },
    {
        "o": 33567,
        "r": "csb:1 Thessalonians:5:10",
        "w": 11,
        "l": {},
        "c": "1Th 5:6*33563",
        "a": "m"
    },
    {
        "o": 33567,
        "r": "csb:1 Thessalonians:5:10",
        "w": 17,
        "l": {},
        "c": "Lk 20:38*29201; Php 1:23*33276",
        "a": "n"
    },
    {
        "o": 33570,
        "r": "csb:1 Thessalonians:5:12",
        "w": 9,
        "l": {},
        "c": "1Co 16:18*32598; Php 2:29*33317",
        "a": "o"
    },
    {
        "o": 33570,
        "r": "csb:1 Thessalonians:5:12",
        "w": 18,
        "l": {},
        "t": "5:12*r Or care for you",
        "a": "p"
    },
    {
        "o": 33571,
        "r": "csb:1 Thessalonians:5:13",
        "w": 14,
        "l": {},
        "c": "Mk 9:50*27774",
        "a": "q"
    },
    {
        "o": 33572,
        "r": "csb:1 Thessalonians:5:14",
        "w": 6,
        "l": {},
        "c": "2Th 3:15*33640",
        "a": "r"
    },
    {
        "o": 33572,
        "r": "csb:1 Thessalonians:5:14",
        "w": 11,
        "l": {},
        "t": "5:14*r Or who are disorderly, or who are undisciplined",
        "a": "s"
    },
    {
        "o": 33572,
        "r": "csb:1 Thessalonians:5:14",
        "w": 19,
        "l": {},
        "c": "Mt 18:26,29*26822; Lk 18:7*29062; 1Co 13:4*32458; Heb 6:15*34077; Jms 5:7–8*34417; 2Pt 3:9*34616",
        "a": "t"
    },
    {
        "o": 33573,
        "r": "csb:1 Thessalonians:5:15",
        "w": 9,
        "l": {},
        "c": "Mt 5:44*26265; Rm 12:17*31988; 1Pt 3:9*34502",
        "a": "u"
    },
    {
        "o": 33573,
        "r": "csb:1 Thessalonians:5:15",
        "w": 11,
        "l": {},
        "c": "Lk 7:47*28530",
        "a": "v"
    },
    {
        "o": 33573,
        "r": "csb:1 Thessalonians:5:15",
        "w": 23,
        "l": {},
        "c": "Rm 12:9*31980; Gl 6:10*33062; 1Th 5:21*33579",
        "a": "w"
    },
    {
        "o": 33574,
        "r": "csb:1 Thessalonians:5:16",
        "w": 0,
        "l": {},
        "c": "2Co 6:10*32733; Php 1:18*33270",
        "a": "x"
    },
    {
        "o": 33576,
        "r": "csb:1 Thessalonians:5:18",
        "w": 8,
        "l": {},
        "c": "Eph 6:6*33228; 1Th 4:3*33538; 1Pt 2:15*34479; 4:2*34520; 1Jn 2:17*34661",
        "a": "y"
    },
    {
        "o": 33579,
        "r": "csb:1 Thessalonians:5:21",
        "w": 3,
        "l": {},
        "c": "Eph 5:17*33202",
        "a": "z"
    },
    {
        "o": 33580,
        "r": "csb:1 Thessalonians:5:22",
        "w": 1,
        "l": {},
        "c": "1Tm 4:3*33710",
        "a": "a"
    },
    {
        "o": 33581,
        "r": "csb:1 Thessalonians:5:23",
        "w": 5,
        "l": {},
        "c": "Rm 15:33*32074",
        "a": "b"
    },
    {
        "o": 33581,
        "r": "csb:1 Thessalonians:5:23",
        "w": 14,
        "l": {},
        "c": "Ps 51:12*16374",
        "a": "c"
    },
    {
        "o": 33581,
        "r": "csb:1 Thessalonians:5:23",
        "w": 25,
        "l": {},
        "c": "1Th 1:10*33492",
        "a": "d"
    },
    {
        "o": 33581,
        "r": "csb:1 Thessalonians:5:23",
        "w": 28,
        "l": {},
        "c": "Rv 11:8*35044",
        "a": "e"
    },
    {
        "o": 33581,
        "r": "csb:1 Thessalonians:5:23",
        "w": 30,
        "l": {},
        "c": "1Jn 2:28*34674",
        "a": "f"
    },
    {
        "o": 33582,
        "r": "csb:1 Thessalonians:5:24",
        "w": 2,
        "l": {},
        "c": "Col 3:15*33447",
        "a": "g"
    },
    {
        "o": 33582,
        "r": "csb:1 Thessalonians:5:24",
        "w": 3,
        "l": {},
        "c": "1Pt 1:15*34451",
        "a": "h"
    },
    {
        "o": 33585,
        "r": "csb:1 Thessalonians:5:27",
        "w": 16,
        "l": {},
        "c": "Col 4:16*33477",
        "a": "i"
    }
]
