[
    {
        "o": 33480,
        "r": "csb:1 Thessalonians:1:0",
        "t": "1 Thessalonians 1",
        "h": 1
    },
    {
        "o": 33481,
        "r": "csb:1 Thessalonians:1:0",
        "t": "Greeting",
        "h": 2
    },
    {
        "o": 33482,
        "r": "csb:1 Thessalonians:1:1",
        "t": "Paul,*p Silvanus, and Timothy: To*p the church of the Thessalonians in God the Father and the Lord Jesus Christ. Grace*p to you and peace."
    },
    {
        "o": 33483,
        "r": "csb:1 Thessalonians:1:1",
        "t": "Thanksgiving",
        "h": 2
    },
    {
        "o": 33484,
        "r": "csb:1 Thessalonians:1:2",
        "t": "We*p always thank God for all of you, making mention of you constantly in our prayers."
    },
    {
        "o": 33485,
        "r": "csb:1 Thessalonians:1:3",
        "t": "We recall, in the presence of our God and Father, your work produced by faith, your labor motivated by love, and your endurance inspired by hope in our Lord Jesus Christ."
    },
    {
        "o": 33486,
        "r": "csb:1 Thessalonians:1:4",
        "t": "For we know, brothers and sisters loved by God, that he has chosen you,"
    },
    {
        "o": 33487,
        "r": "csb:1 Thessalonians:1:5",
        "t": "because our gospel did not come to you in word only, but also in power, in the Holy Spirit, and with full assurance. You know how we lived among you for your benefit,"
    },
    {
        "o": 33488,
        "r": "csb:1 Thessalonians:1:6",
        "t": "and you yourselves became imitators of us and of the Lord when, in spite of severe persecution, you welcomed the message with joy from the Holy Spirit."
    },
    {
        "o": 33489,
        "r": "csb:1 Thessalonians:1:7",
        "t": "As a result, you became an example to all the believers in Macedonia and Achaia."
    },
    {
        "o": 33490,
        "r": "csb:1 Thessalonians:1:8",
        "t": "For the word of the Lord rang out from you, not only in Macedonia and Achaia, but in every place that your faith in God has gone out. Therefore, we don’t need to say anything,"
    },
    {
        "o": 33491,
        "r": "csb:1 Thessalonians:1:9",
        "t": "for they themselves report what kind of reception we had from you: how you turned to God from idols to serve the living and true God"
    },
    {
        "o": 33492,
        "r": "csb:1 Thessalonians:1:10",
        "t": "and to wait for his Son from heaven, whom he raised from the dead- Jesus, who rescues us from the coming wrath."
    },
    {
        "o": 33493,
        "r": "csb:1 Thessalonians:2:0",
        "t": "1 Thessalonians 2",
        "h": 1
    },
    {
        "o": 33494,
        "r": "csb:1 Thessalonians:2:0",
        "t": "Paul’s Conduct",
        "h": 2
    },
    {
        "o": 33495,
        "r": "csb:1 Thessalonians:2:1",
        "t": "For*p you yourselves know, brothers and sisters, that our visit with you was not without result."
    },
    {
        "o": 33496,
        "r": "csb:1 Thessalonians:2:2",
        "t": "On the contrary, after we had previously suffered and were treated outrageously in Philippi, as you know, we were emboldened by our God to speak the gospel of God to you in spite of great opposition."
    },
    {
        "o": 33497,
        "r": "csb:1 Thessalonians:2:3",
        "t": "For our exhortation didn’t come from error or impurity or an intent to deceive."
    },
    {
        "o": 33498,
        "r": "csb:1 Thessalonians:2:4",
        "t": "Instead, just as we have been approved by God to be entrusted with the gospel, so we speak, not to please people, but rather God, who examines our hearts."
    },
    {
        "o": 33499,
        "r": "csb:1 Thessalonians:2:5",
        "t": "For we never used flattering speech, as you know, or had greedy motives- God is our witness-"
    },
    {
        "o": 33500,
        "r": "csb:1 Thessalonians:2:6",
        "t": "and we didn’t seek glory from people, either from you or from others."
    },
    {
        "o": 33501,
        "r": "csb:1 Thessalonians:2:7",
        "t": "Although we could have been a burden as Christ’s apostles, instead we were gentle among you, as a nurse nurtures her own children."
    },
    {
        "o": 33502,
        "r": "csb:1 Thessalonians:2:8",
        "t": "We cared so much for you that we were pleased to share with you not only the gospel of God but also our own lives, because you had become dear to us."
    },
    {
        "o": 33503,
        "r": "csb:1 Thessalonians:2:9",
        "t": "For you remember our labor and hardship, brothers and sisters. Working night and day so that we would not burden any of you, we preached God’s gospel to you."
    },
    {
        "o": 33504,
        "r": "csb:1 Thessalonians:2:10",
        "t": "You are witnesses, and so is God, of how devoutly, righteously, and blamelessly we conducted ourselves with you believers."
    },
    {
        "o": 33505,
        "r": "csb:1 Thessalonians:2:11",
        "t": "As you know, like a father with his own children,"
    },
    {
        "o": 33506,
        "r": "csb:1 Thessalonians:2:12",
        "t": "we encouraged, comforted, and implored each one of you to walk worthy of God, who calls you into his own kingdom and glory."
    },
    {
        "o": 33507,
        "r": "csb:1 Thessalonians:2:12",
        "t": "Reception and Opposition to the Message",
        "h": 2
    },
    {
        "o": 33508,
        "r": "csb:1 Thessalonians:2:13",
        "t": "This*p is why we constantly thank God, because when you received the word of God that you heard from us, you welcomed it not as a human message, but as it truly is, the word of God, which also works effectively in you who believe."
    },
    {
        "o": 33509,
        "r": "csb:1 Thessalonians:2:14",
        "t": "For you, brothers and sisters, became imitators of God’s churches in Christ Jesus that are in Judea, since you have also suffered the same things from people of your own country, just as they did from the Jews"
    },
    {
        "o": 33510,
        "r": "csb:1 Thessalonians:2:15",
        "t": "who killed the Lord Jesus and the prophets and persecuted us. They displease God and are hostile to everyone,"
    },
    {
        "o": 33511,
        "r": "csb:1 Thessalonians:2:16",
        "t": "by keeping us from speaking to the Gentiles so that they may be saved. As a result, they are constantly filling up their sins to the limit, and wrath has overtaken them at last."
    },
    {
        "o": 33512,
        "r": "csb:1 Thessalonians:2:16",
        "t": "Paul’s Desire to See Them",
        "h": 2
    },
    {
        "o": 33513,
        "r": "csb:1 Thessalonians:2:17",
        "t": "But*p as for us, brothers and sisters, after we were forced to leave you for a short time (in person, not in heart), we greatly desired and made every effort to return and see you face to face."
    },
    {
        "o": 33514,
        "r": "csb:1 Thessalonians:2:18",
        "t": "So we wanted to come to you - even I, Paul, time and again - but Satan hindered us."
    },
    {
        "o": 33515,
        "r": "csb:1 Thessalonians:2:19",
        "t": "For who is our hope or joy or crown of boasting in the presence of our Lord Jesus at his coming? Is it not you?"
    },
    {
        "o": 33516,
        "r": "csb:1 Thessalonians:2:20",
        "t": "Indeed you are our glory and joy!"
    },
    {
        "o": 33517,
        "r": "csb:1 Thessalonians:3:0",
        "t": "1 Thessalonians 3",
        "h": 1
    },
    {
        "o": 33518,
        "r": "csb:1 Thessalonians:3:0",
        "t": "Anxiety in Athens",
        "h": 2
    },
    {
        "o": 33519,
        "r": "csb:1 Thessalonians:3:1",
        "t": "Therefore,*p when we could no longer stand it, we thought it was better to be left alone in Athens."
    },
    {
        "o": 33520,
        "r": "csb:1 Thessalonians:3:2",
        "t": "And we sent Timothy, our brother and God’s coworker in the gospel of Christ, to strengthen and encourage you concerning your faith,"
    },
    {
        "o": 33521,
        "r": "csb:1 Thessalonians:3:3",
        "t": "so that no one will be shaken by these afflictions. For you yourselves know that we are appointed to this."
    },
    {
        "o": 33522,
        "r": "csb:1 Thessalonians:3:4",
        "t": "In fact, when we were with you, we told you in advance that we were going to experience affliction, and as you know, it happened."
    },
    {
        "o": 33523,
        "r": "csb:1 Thessalonians:3:5",
        "t": "For this reason, when I could no longer stand it, I also sent him to find out about your faith, fearing that the tempter had tempted you and that our labor might be for nothing."
    },
    {
        "o": 33524,
        "r": "csb:1 Thessalonians:3:5",
        "t": "Encouraged by Timothy",
        "h": 2
    },
    {
        "o": 33525,
        "r": "csb:1 Thessalonians:3:6",
        "t": "But*p now Timothy has come to us from you and brought us good news about your faith and love. He reported that you always have good memories of us and that you long to see us, as we also long to see you."
    },
    {
        "o": 33526,
        "r": "csb:1 Thessalonians:3:7",
        "t": "Therefore, brothers and sisters, in all our distress and affliction, we were encouraged about you through your faith."
    },
    {
        "o": 33527,
        "r": "csb:1 Thessalonians:3:8",
        "t": "For now we live, if you stand firm in the Lord."
    },
    {
        "o": 33528,
        "r": "csb:1 Thessalonians:3:9",
        "t": "How can we thank God for you in return for all the joy we experience before our God because of you,"
    },
    {
        "o": 33529,
        "r": "csb:1 Thessalonians:3:10",
        "t": "as we pray very earnestly night and day to see you face to face and to complete what is lacking in your faith?"
    },
    {
        "o": 33530,
        "r": "csb:1 Thessalonians:3:10",
        "t": "Prayer for the Church",
        "h": 2
    },
    {
        "o": 33531,
        "r": "csb:1 Thessalonians:3:11",
        "t": "Now*p may our God and Father himself, and our Lord Jesus, direct our way to you."
    },
    {
        "o": 33532,
        "r": "csb:1 Thessalonians:3:12",
        "t": "And may the Lord cause you to increase and overflow with love for one another and for everyone, just as we do for you."
    },
    {
        "o": 33533,
        "r": "csb:1 Thessalonians:3:13",
        "t": "May he make your hearts blameless in holiness before our God and Father at the coming of our Lord Jesus with all his saints. Amen."
    },
    {
        "o": 33534,
        "r": "csb:1 Thessalonians:4:0",
        "t": "1 Thessalonians 4",
        "h": 1
    },
    {
        "o": 33535,
        "r": "csb:1 Thessalonians:4:0",
        "t": "The Call to Sanctification",
        "h": 2
    },
    {
        "o": 33536,
        "r": "csb:1 Thessalonians:4:1",
        "t": "Additionally*p then, brothers and sisters, we ask and encourage you in the Lord Jesus, that as you have received instruction from us on how you should live and please God - as you are doing- do this even more."
    },
    {
        "o": 33537,
        "r": "csb:1 Thessalonians:4:2",
        "t": "For you know what commands we gave you through the Lord Jesus."
    },
    {
        "o": 33538,
        "r": "csb:1 Thessalonians:4:3",
        "t": "For*p this is God’s will, your sanctification: that you keep away from sexual immorality,"
    },
    {
        "o": 33539,
        "r": "csb:1 Thessalonians:4:4",
        "t": "that each of you knows how to control his own body in holiness and honor,"
    },
    {
        "o": 33540,
        "r": "csb:1 Thessalonians:4:5",
        "t": "not with lustful passions, like the Gentiles, who don’t know God."
    },
    {
        "o": 33541,
        "r": "csb:1 Thessalonians:4:6",
        "t": "This means one must not transgress against and take advantage of a brother or sister in this manner, because the Lord is an avenger of all these offenses, as we also previously told and warned you."
    },
    {
        "o": 33542,
        "r": "csb:1 Thessalonians:4:7",
        "t": "For God has not called us to impurity but to live in holiness."
    },
    {
        "o": 33543,
        "r": "csb:1 Thessalonians:4:8",
        "t": "Consequently, anyone who rejects this does not reject man, but God, who gives you his Holy Spirit."
    },
    {
        "o": 33544,
        "r": "csb:1 Thessalonians:4:8",
        "t": "Loving and Working",
        "h": 2
    },
    {
        "o": 33545,
        "r": "csb:1 Thessalonians:4:9",
        "t": "About*p brotherly love: You don’t need me to write you because you yourselves are taught by God to love one another."
    },
    {
        "o": 33546,
        "r": "csb:1 Thessalonians:4:10",
        "t": "In fact, you are doing this toward all the brothers and sisters in the entire region of Macedonia. But we encourage you, brothers and sisters, to do this even more,"
    },
    {
        "o": 33547,
        "r": "csb:1 Thessalonians:4:11",
        "t": "to seek to lead a quiet life, to mind your own business, and to work with your own hands, as we commanded you,"
    },
    {
        "o": 33548,
        "r": "csb:1 Thessalonians:4:12",
        "t": "so that you may behave properly in the presence of outsiders and not be dependent on anyone."
    },
    {
        "o": 33549,
        "r": "csb:1 Thessalonians:4:12",
        "t": "The Comfort of Christ’s Coming",
        "h": 2
    },
    {
        "o": 33550,
        "r": "csb:1 Thessalonians:4:13",
        "t": "We*p do not want you to be uninformed, brothers and sisters, concerning those who are asleep, so that you will not grieve like the rest, who have no hope."
    },
    {
        "o": 33551,
        "r": "csb:1 Thessalonians:4:14",
        "t": "For if we believe that Jesus died and rose again, in the same way, through Jesus, God will bring with him those who have fallen asleep."
    },
    {
        "o": 33552,
        "r": "csb:1 Thessalonians:4:15",
        "t": "For we say this to you by a word from the Lord: We who are still alive at the Lord’s coming will certainly not precede those who have fallen asleep."
    },
    {
        "o": 33553,
        "r": "csb:1 Thessalonians:4:16",
        "t": "For the Lord himself will descend from heaven with a shout, with the archangel’s voice, and with the trumpet of God, and the dead in Christ will rise first."
    },
    {
        "o": 33554,
        "r": "csb:1 Thessalonians:4:17",
        "t": "Then we who are still alive, who are left, will be caught up together with them in the clouds to meet the Lord in the air, and so we will always be with the Lord."
    },
    {
        "o": 33555,
        "r": "csb:1 Thessalonians:4:18",
        "t": "Therefore encourage one another with these words."
    },
    {
        "o": 33556,
        "r": "csb:1 Thessalonians:5:0",
        "t": "1 Thessalonians 5",
        "h": 1
    },
    {
        "o": 33557,
        "r": "csb:1 Thessalonians:5:0",
        "t": "The Day of the Lord",
        "h": 2
    },
    {
        "o": 33558,
        "r": "csb:1 Thessalonians:5:1",
        "t": "About*p the times and the seasons: Brothers and sisters, you do not need anything to be written to you."
    },
    {
        "o": 33559,
        "r": "csb:1 Thessalonians:5:2",
        "t": "For you yourselves know very well that the day of the Lord will come just like a thief in the night."
    },
    {
        "o": 33560,
        "r": "csb:1 Thessalonians:5:3",
        "t": "When they say, “Peace and security,” then sudden destruction will come upon them, like labor pains on a pregnant woman, and they will not escape."
    },
    {
        "o": 33561,
        "r": "csb:1 Thessalonians:5:4",
        "t": "But you, brothers and sisters, are not in the dark, for this day to surprise you like a thief."
    },
    {
        "o": 33562,
        "r": "csb:1 Thessalonians:5:5",
        "t": "For you are all children of light and children of the day. We do not belong to the night or the darkness."
    },
    {
        "o": 33563,
        "r": "csb:1 Thessalonians:5:6",
        "t": "So then, let us not sleep, like the rest, but let us stay awake and be self-controlled."
    },
    {
        "o": 33564,
        "r": "csb:1 Thessalonians:5:7",
        "t": "For those who sleep, sleep at night, and those who get drunk, get drunk at night."
    },
    {
        "o": 33565,
        "r": "csb:1 Thessalonians:5:8",
        "t": "But since we belong to the day, let us be self-controlled and put on the armor of faith and love, and a helmet of the hope of salvation."
    },
    {
        "o": 33566,
        "r": "csb:1 Thessalonians:5:9",
        "t": "For God did not appoint us to wrath, but to obtain salvation through our Lord Jesus Christ,"
    },
    {
        "o": 33567,
        "r": "csb:1 Thessalonians:5:10",
        "t": "who died for us, so that whether we are awake or asleep, we may live together with him."
    },
    {
        "o": 33568,
        "r": "csb:1 Thessalonians:5:11",
        "t": "Therefore encourage one another and build each other up as you are already doing."
    },
    {
        "o": 33569,
        "r": "csb:1 Thessalonians:5:11",
        "t": "Exhortations and Blessings",
        "h": 2
    },
    {
        "o": 33570,
        "r": "csb:1 Thessalonians:5:12",
        "t": "Now*p we ask you, brothers and sisters, to give recognition to those who labor among you and lead you in the Lord and admonish you,"
    },
    {
        "o": 33571,
        "r": "csb:1 Thessalonians:5:13",
        "t": "and to regard them very highly in love because of their work. Be at peace among yourselves."
    },
    {
        "o": 33572,
        "r": "csb:1 Thessalonians:5:14",
        "t": "And we exhort you, brothers and sisters: warn those who are idle, comfort the discouraged, help the weak, be patient with everyone."
    },
    {
        "o": 33573,
        "r": "csb:1 Thessalonians:5:15",
        "t": "See to it that no one repays evil for evil to anyone, but always pursue what is good for one another and for all."
    },
    {
        "o": 33574,
        "r": "csb:1 Thessalonians:5:16",
        "t": "Rejoice always,"
    },
    {
        "o": 33575,
        "r": "csb:1 Thessalonians:5:17",
        "t": "pray constantly,"
    },
    {
        "o": 33576,
        "r": "csb:1 Thessalonians:5:18",
        "t": "give thanks in everything; for this is God’s will for you in Christ Jesus."
    },
    {
        "o": 33577,
        "r": "csb:1 Thessalonians:5:19",
        "t": "Don’t stifle the Spirit."
    },
    {
        "o": 33578,
        "r": "csb:1 Thessalonians:5:20",
        "t": "Don’t despise prophecies,"
    },
    {
        "o": 33579,
        "r": "csb:1 Thessalonians:5:21",
        "t": "but test all things. Hold on to what is good."
    },
    {
        "o": 33580,
        "r": "csb:1 Thessalonians:5:22",
        "t": "Stay away from every kind of evil."
    },
    {
        "o": 33581,
        "r": "csb:1 Thessalonians:5:23",
        "t": "Now*p may the God of peace himself sanctify you completely. And may your whole spirit, soul, and body be kept sound and blameless at the coming of our Lord Jesus Christ."
    },
    {
        "o": 33582,
        "r": "csb:1 Thessalonians:5:24",
        "t": "He who calls you is faithful; he will do it."
    },
    {
        "o": 33583,
        "r": "csb:1 Thessalonians:5:25",
        "t": "Brothers and sisters, pray for us also."
    },
    {
        "o": 33584,
        "r": "csb:1 Thessalonians:5:26",
        "t": "Greet all the brothers and sisters with a holy kiss."
    },
    {
        "o": 33585,
        "r": "csb:1 Thessalonians:5:27",
        "t": "I charge you by the Lord that this letter be read to all the brothers and sisters."
    },
    {
        "o": 33586,
        "r": "csb:1 Thessalonians:5:28",
        "t": "The grace of our Lord Jesus Christ be with you."
    }
]
