[
    {
        "o": 11683,
        "r": "csb:1 Chronicles:7:1",
        "w": 1,
        "l": {},
        "c": "Gn 46:13*1538",
        "a": "a"
    },
    {
        "o": 11684,
        "r": "csb:1 Chronicles:7:2",
        "w": 14,
        "l": {},
        "t": "7:2*r Lit the house of their fathers, also in vv. 4,7,9,40",
        "a": "b"
    },
    {
        "o": 11684,
        "r": "csb:1 Chronicles:7:2",
        "w": 30,
        "l": {},
        "c": "2Sm 24:1–9*9603",
        "a": "c"
    },
    {
        "o": 11689,
        "r": "csb:1 Chronicles:7:6",
        "w": 0,
        "l": {},
        "c": "Gn 46:21*1546; Nm 26:38–41*4980; 1Ch 8*11729",
        "a": "d"
    },
    {
        "o": 11697,
        "r": "csb:1 Chronicles:7:13",
        "w": 1,
        "l": {},
        "c": "Gn 46:24–25*1549",
        "a": "e"
    },
    {
        "o": 11699,
        "r": "csb:1 Chronicles:7:14",
        "w": 0,
        "l": {},
        "c": "Nm 26:29–34*4971",
        "a": "f"
    },
    {
        "o": 11706,
        "r": "csb:1 Chronicles:7:20",
        "w": 0,
        "l": {},
        "c": "Nm 26:35–36*4977",
        "a": "g"
    },
    {
        "o": 11708,
        "r": "csb:1 Chronicles:7:22",
        "w": 9,
        "l": {},
        "t": "7:22*r Or his brothers",
        "a": "h"
    },
    {
        "o": 11709,
        "r": "csb:1 Chronicles:7:23",
        "w": 26,
        "l": {},
        "t": "7:23*r In Hb, the name Beriah sounds like “in misfortune.”",
        "a": "i"
    },
    {
        "o": 11710,
        "r": "csb:1 Chronicles:7:24",
        "w": 9,
        "l": {},
        "c": "Jos 16:3,5*6929",
        "a": "j"
    },
    {
        "o": 11711,
        "r": "csb:1 Chronicles:7:25",
        "w": 2,
        "l": {},
        "t": "7:25*r Probably Ephraim’s son",
        "a": "k"
    },
    {
        "o": 11713,
        "r": "csb:1 Chronicles:7:27",
        "w": 6,
        "l": {},
        "c": "Ex 17:9–14*2196; 24:13*2419",
        "a": "l"
    },
    {
        "o": 11714,
        "r": "csb:1 Chronicles:7:28",
        "w": 5,
        "l": {},
        "c": "Jos 16:2*6928",
        "a": "m"
    },
    {
        "o": 11717,
        "r": "csb:1 Chronicles:7:30",
        "w": 0,
        "l": {},
        "c": "Gn 46:17*1542; Nm 26:44–46*4986",
        "a": "n"
    }
]
