[
    {
        "o": 33589,
        "r": "csb:2 Thessalonians:1:1",
        "w": 1,
        "l": {},
        "t": "1:1*r Or Silas; Ac 15:22–32; 16:19–40; 17:1–16",
        "a": "a"
    },
    {
        "o": 33589,
        "r": "csb:2 Thessalonians:1:1",
        "w": 1,
        "l": {},
        "c": "Ac 15:22*31077; 2Co 1:19*32628; 1Th 1:1*33483; 1Pt 5:12*34554",
        "a": "b"
    },
    {
        "o": 33589,
        "r": "csb:2 Thessalonians:1:1",
        "w": 3,
        "l": {},
        "c": "Ac 16:1*31100; 1Tm 1:2*33648",
        "a": "c"
    },
    {
        "o": 33589,
        "r": "csb:2 Thessalonians:1:1",
        "w": 9,
        "l": {},
        "c": "Ac 17:1*31147",
        "a": "d"
    },
    {
        "o": 33592,
        "r": "csb:2 Thessalonians:1:3",
        "w": 21,
        "l": {},
        "c": "1Co 13:1*32455; 1Jn 4:16*34720",
        "a": "e"
    },
    {
        "o": 33592,
        "r": "csb:2 Thessalonians:1:3",
        "w": 29,
        "l": {},
        "c": "Php 2:2*33287",
        "a": "f"
    },
    {
        "o": 33592,
        "r": "csb:2 Thessalonians:1:3",
        "w": 31,
        "l": {},
        "c": "1Th 4:10*33546",
        "a": "g"
    },
    {
        "o": 33593,
        "r": "csb:2 Thessalonians:1:4",
        "w": 3,
        "l": {},
        "c": "2Co 12:5*32867",
        "a": "h"
    },
    {
        "o": 33594,
        "r": "csb:2 Thessalonians:1:5",
        "w": 6,
        "l": {},
        "c": "1Jn 1:9*34638",
        "a": "i"
    },
    {
        "o": 33594,
        "r": "csb:2 Thessalonians:1:5",
        "w": 7,
        "l": {},
        "c": "Mt 12:41*26561; Jn 5:22,27,30*29670; 8:16*29852; 16:11*30236; Heb 9:27*34159; Jms 2:13*34353; 2Pt 3:7*34614; Rv 14:7*35110; 16:7*35146; 19:2*35216",
        "a": "j"
    },
    {
        "o": 33594,
        "r": "csb:2 Thessalonians:1:5",
        "w": 22,
        "l": {},
        "c": "Php 1:29*33282",
        "a": "k"
    },
    {
        "o": 33597,
        "r": "csb:2 Thessalonians:1:8",
        "w": 6,
        "l": {},
        "c": "1Co 3:13*32178; Heb 10:27*34191; 12:29*34278; 2Pt 3:7*34614; Rv 14:10*35113",
        "a": "l"
    },
    {
        "o": 33597,
        "r": "csb:2 Thessalonians:1:8",
        "w": 12,
        "l": {},
        "c": "Ps 79:6*16947; Is 66:15*21216; Jr 10:25*21548",
        "a": "m"
    },
    {
        "o": 33597,
        "r": "csb:2 Thessalonians:1:8",
        "w": 24,
        "l": {},
        "c": "1Pt 4:17*34537",
        "a": "n"
    },
    {
        "o": 33598,
        "r": "csb:2 Thessalonians:1:9",
        "w": 7,
        "l": {},
        "c": "1Tm 6:9*33766",
        "a": "o"
    },
    {
        "o": 33598,
        "r": "csb:2 Thessalonians:1:9",
        "w": 11,
        "l": {},
        "c": "Gn 4:14*103",
        "a": "p"
    },
    {
        "o": 33598,
        "r": "csb:2 Thessalonians:1:9",
        "w": 16,
        "l": {},
        "c": "Is 2:10,19,21*19809",
        "a": "q"
    },
    {
        "o": 33599,
        "r": "csb:2 Thessalonians:1:10",
        "w": 5,
        "l": {},
        "c": "Mk 8:38*27719",
        "a": "r"
    },
    {
        "o": 33599,
        "r": "csb:2 Thessalonians:1:10",
        "w": 8,
        "l": {},
        "c": "Jn 17:10*30273; Rm 8:17*31842",
        "a": "s"
    },
    {
        "o": 33599,
        "r": "csb:2 Thessalonians:1:10",
        "w": 11,
        "l": {},
        "c": "Eph 5:3*33186; 6:18*33241",
        "a": "t"
    },
    {
        "o": 33600,
        "r": "csb:2 Thessalonians:1:11",
        "w": 18,
        "l": {},
        "c": "Eph 4:1*33150; Col 3:15*33447",
        "a": "u"
    },
    {
        "o": 33600,
        "r": "csb:2 Thessalonians:1:11",
        "w": 29,
        "l": {},
        "t": "1:11*r Or power bring to fruition your desire to do good",
        "a": "v"
    },
    {
        "o": 33600,
        "r": "csb:2 Thessalonians:1:11",
        "w": 35,
        "l": {},
        "c": "Gl 2:16*32947; 1Th 1:3*33485",
        "a": "w"
    },
    {
        "o": 33601,
        "r": "csb:2 Thessalonians:1:12",
        "w": 3,
        "l": {},
        "c": "Jn 14:13*30171; Ac 3:16*30560; 15:14*31068; Php 2:10*33296",
        "a": "x"
    },
    {
        "o": 33601,
        "r": "csb:2 Thessalonians:1:12",
        "w": 10,
        "l": {},
        "c": "Is 24:15*20285; 49:3*20880; 66:5*21206; Mal 1:11*26046; 2Co 8:23*32786",
        "a": "y"
    },
    {
        "o": 33601,
        "r": "csb:2 Thessalonians:1:12",
        "w": 16,
        "l": {},
        "c": "Jn 13:31*30146",
        "a": "z"
    },
    {
        "o": 33604,
        "r": "csb:2 Thessalonians:2:1",
        "w": 3,
        "l": {},
        "c": "1Th 1:10*33492; 1Jn 2:28*34674",
        "a": "a"
    },
    {
        "o": 33604,
        "r": "csb:2 Thessalonians:2:1",
        "w": 6,
        "l": {},
        "c": "Rv 11:8*35044",
        "a": "b"
    },
    {
        "o": 33605,
        "r": "csb:2 Thessalonians:2:2",
        "w": 10,
        "l": {},
        "t": "2:2*r Or spiritual utterance",
        "a": "c"
    },
    {
        "o": 33605,
        "r": "csb:2 Thessalonians:2:2",
        "w": 10,
        "l": {},
        "c": "1Jn 4:1*34704",
        "a": "d"
    },
    {
        "o": 33605,
        "r": "csb:2 Thessalonians:2:2",
        "w": 28,
        "l": {},
        "t": "2:2*r Other mss read Christ",
        "a": "e"
    },
    {
        "o": 33605,
        "r": "csb:2 Thessalonians:2:2",
        "w": 28,
        "l": {},
        "c": "Mt 25:13*27128; Ac 2:20*30512; Php 1:6*33257",
        "a": "f"
    },
    {
        "o": 33605,
        "r": "csb:2 Thessalonians:2:2",
        "w": 30,
        "l": {},
        "c": "2Tm 2:18*33825; 1Jn 2:28*34674",
        "a": "g"
    },
    {
        "o": 33606,
        "r": "csb:2 Thessalonians:2:3",
        "w": 16,
        "l": {},
        "t": "2:3*r Or rebellion",
        "a": "h"
    },
    {
        "o": 33606,
        "r": "csb:2 Thessalonians:2:3",
        "w": 23,
        "l": {},
        "t": "2:3*r Other mss read man of sin",
        "a": "i"
    },
    {
        "o": 33607,
        "r": "csb:2 Thessalonians:2:4",
        "w": 8,
        "l": {},
        "c": "1Co 8:5*32306",
        "a": "j"
    },
    {
        "o": 33607,
        "r": "csb:2 Thessalonians:2:4",
        "w": 12,
        "l": {},
        "c": "Is 14:12–15*20088; Ezk 28:2*23806; Ac 17:23*31173",
        "a": "k"
    },
    {
        "o": 33607,
        "r": "csb:2 Thessalonians:2:4",
        "w": 16,
        "l": {},
        "t": "2:4*r Other mss add as God",
        "a": "l"
    },
    {
        "o": 33609,
        "r": "csb:2 Thessalonians:2:6",
        "w": 15,
        "l": {},
        "c": "Lk 21:8*29224",
        "a": "m"
    },
    {
        "o": 33610,
        "r": "csb:2 Thessalonians:2:7",
        "w": 4,
        "l": {},
        "c": "Mt 13:41*26621",
        "a": "n"
    },
    {
        "o": 33611,
        "r": "csb:2 Thessalonians:2:8",
        "w": 19,
        "l": {},
        "c": "Is 11:4*20028; 30:28*20438",
        "a": "o"
    },
    {
        "o": 33612,
        "r": "csb:2 Thessalonians:2:9",
        "w": 22,
        "l": {},
        "c": "Mt 24:24*27081; Mk 13:22*27951; Rv 13:13*35095",
        "a": "p"
    },
    {
        "o": 33613,
        "r": "csb:2 Thessalonians:2:10",
        "w": 25,
        "l": {},
        "c": "Ac 16:30*31133; Eph 2:8*33108",
        "a": "q"
    },
    {
        "o": 33615,
        "r": "csb:2 Thessalonians:2:12",
        "w": 5,
        "l": {},
        "c": "Jn 5:22–30*29670",
        "a": "r"
    },
    {
        "o": 33615,
        "r": "csb:2 Thessalonians:2:12",
        "w": 10,
        "l": {},
        "c": "Jn 6:64*29766",
        "a": "s"
    },
    {
        "o": 33617,
        "r": "csb:2 Thessalonians:2:13",
        "w": 19,
        "l": {},
        "t": "2:13*r Other mss read because as a firstfruit",
        "a": "t"
    },
    {
        "o": 33617,
        "r": "csb:2 Thessalonians:2:13",
        "w": 22,
        "l": {},
        "c": "Rm 9:11*31879; 11:5*31934; Eph 1:4*33077; 1Th 1:4*33486",
        "a": "u"
    },
    {
        "o": 33617,
        "r": "csb:2 Thessalonians:2:13",
        "w": 27,
        "l": {},
        "c": "Rm 6:19*31788; 1Co 1:30*32142; 1Th 4:3*33538; 1Tm 2:15*33686; Heb 12:14*34263; 1Pt 1:2*34437",
        "a": "v"
    },
    {
        "o": 33618,
        "r": "csb:2 Thessalonians:2:14",
        "w": 14,
        "l": {},
        "c": "Lk 9:32*28639; Jn 17:24*30288; 2Co 3:18*32676; 1Pt 5:1,4*34542; 2Pt 3:18*34626",
        "a": "w"
    },
    {
        "o": 33619,
        "r": "csb:2 Thessalonians:2:15",
        "w": 6,
        "l": {},
        "c": "Rm 14:4*32016; 1Co 16:13*32592; Php 1:27*33280",
        "a": "x"
    },
    {
        "o": 33619,
        "r": "csb:2 Thessalonians:2:15",
        "w": 14,
        "l": {},
        "c": "Mk 7:3*27639; 1Tm 4:11*33720; Jd 3*34793",
        "a": "y"
    },
    {
        "o": 33620,
        "r": "csb:2 Thessalonians:2:16",
        "w": 12,
        "l": {},
        "c": "Jn 3:16*29564; Rv 12:11*35071",
        "a": "z"
    },
    {
        "o": 33624,
        "r": "csb:2 Thessalonians:3:1",
        "w": 25,
        "l": {},
        "c": "1Th 2:13*33508",
        "a": "a"
    },
    {
        "o": 33625,
        "r": "csb:2 Thessalonians:3:2",
        "w": 5,
        "l": {},
        "c": "Mt 27:43*27297; Rm 15:31*32072",
        "a": "b"
    },
    {
        "o": 33625,
        "r": "csb:2 Thessalonians:3:2",
        "w": 15,
        "l": {},
        "t": "3:2*r Or for the faith is not in everyone",
        "a": "c"
    },
    {
        "o": 33626,
        "r": "csb:2 Thessalonians:3:3",
        "w": 15,
        "l": {},
        "c": "Mt 5:37*26257; 6:13*26286; 13:19,38*26595; Jn 17:15*30278; Eph 6:16*33239; 1Jn 2:13–14*34655; 3:12*34689; 5:18–19*34747",
        "a": "d"
    },
    {
        "o": 33628,
        "r": "csb:2 Thessalonians:3:5",
        "w": 11,
        "l": {},
        "c": "Rm 15:5*32043; Rv 13:10*35092",
        "a": "e"
    },
    {
        "o": 33630,
        "r": "csb:2 Thessalonians:3:6",
        "w": 9,
        "l": {},
        "c": "Jn 14:13*30171; Ac 3:16*30560; 15:14*31068; Php 2:10*33296",
        "a": "f"
    },
    {
        "o": 33630,
        "r": "csb:2 Thessalonians:3:6",
        "w": 22,
        "l": {},
        "c": "Mt 18:17*26812; 1Co 5:11*32228; 2Tm 3:5*33840; 2Jn 10*34763",
        "a": "g"
    },
    {
        "o": 33630,
        "r": "csb:2 Thessalonians:3:6",
        "w": 29,
        "l": {},
        "t": "3:6*r Lit walk",
        "a": "h"
    },
    {
        "o": 33630,
        "r": "csb:2 Thessalonians:3:6",
        "w": 33,
        "l": {},
        "c": "Mk 7:3*27639",
        "a": "i"
    },
    {
        "o": 33630,
        "r": "csb:2 Thessalonians:3:6",
        "w": 34,
        "l": {},
        "c": "Jd 3*34793",
        "a": "j"
    },
    {
        "o": 33631,
        "r": "csb:2 Thessalonians:3:7",
        "w": 7,
        "l": {},
        "c": "3Jn 11*34782",
        "a": "k"
    },
    {
        "o": 33632,
        "r": "csb:2 Thessalonians:3:8",
        "w": 3,
        "l": {},
        "c": "1Co 10:25*32372",
        "a": "l"
    },
    {
        "o": 33632,
        "r": "csb:2 Thessalonians:3:8",
        "w": 8,
        "l": {},
        "c": "1Th 2:7*33501",
        "a": "m"
    },
    {
        "o": 33632,
        "r": "csb:2 Thessalonians:3:8",
        "w": 11,
        "l": {},
        "c": "Rv 14:13*35117",
        "a": "n"
    },
    {
        "o": 33632,
        "r": "csb:2 Thessalonians:3:8",
        "w": 13,
        "l": {},
        "c": "2Co 11:27*32854; 1Th 2:9*33503",
        "a": "o"
    },
    {
        "o": 33632,
        "r": "csb:2 Thessalonians:3:8",
        "w": 14,
        "l": {},
        "c": "Ac 18:3*31189; Eph 4:28*33178; 2Jn 8*34761",
        "a": "p"
    },
    {
        "o": 33632,
        "r": "csb:2 Thessalonians:3:8",
        "w": 25,
        "l": {},
        "c": "2Co 2:5*32640; 1Th 2:9*33503",
        "a": "q"
    },
    {
        "o": 33633,
        "r": "csb:2 Thessalonians:3:9",
        "w": 8,
        "l": {},
        "c": "Mk 1:22*27376; Ac 9:14*30810; Rm 13:1*31995; 1Co 9:4–14*32320",
        "a": "r"
    },
    {
        "o": 33633,
        "r": "csb:2 Thessalonians:3:9",
        "w": 26,
        "l": {},
        "c": "Heb 8:5*34120",
        "a": "s"
    },
    {
        "o": 33634,
        "r": "csb:2 Thessalonians:3:10",
        "w": 22,
        "l": {},
        "c": "1Th 4:11*33547",
        "a": "t"
    },
    {
        "o": 33635,
        "r": "csb:2 Thessalonians:3:11",
        "w": 17,
        "l": {},
        "c": "1Tm 5:13*33740",
        "a": "u"
    },
    {
        "o": 33636,
        "r": "csb:2 Thessalonians:3:12",
        "w": 18,
        "l": {},
        "t": "3:12*r Lit they may eat their own bread",
        "a": "v"
    },
    {
        "o": 33637,
        "r": "csb:2 Thessalonians:3:13",
        "w": 10,
        "l": {},
        "c": "Lk 18:1*29056; 2Co 4:1,16*32679; Gl 6:9*33060; Eph 3:13*33139",
        "a": "w"
    },
    {
        "o": 33641,
        "r": "csb:2 Thessalonians:3:16",
        "w": 4,
        "l": {},
        "c": "1Th 5:23*33581",
        "a": "x"
    },
    {
        "o": 33641,
        "r": "csb:2 Thessalonians:3:16",
        "w": 12,
        "l": {},
        "c": "Nm 6:26*4239; Eph 6:23*33247",
        "a": "y"
    },
    {
        "o": 33641,
        "r": "csb:2 Thessalonians:3:16",
        "w": 19,
        "l": {},
        "c": "Rm 15:33*32074; 1Co 16:24*32604; 2Co 13:13*32900; Ti 3:15*33933; Heb 13:25*34306",
        "a": "z"
    },
    {
        "o": 33642,
        "r": "csb:2 Thessalonians:3:17",
        "w": 9,
        "l": {},
        "c": "1Co 16:21*32601",
        "a": "a"
    }
]
