[
    {
        "o": 34753,
        "r": "csb:2 John:1:1",
        "w": 4,
        "l": {},
        "c": "Rm 16:13*32090; 1Pt 5:13*34555; 2Jn 13*34767",
        "a": "a"
    },
    {
        "o": 34753,
        "r": "csb:2 John:1:1",
        "w": 25,
        "l": {},
        "c": "Jn 8:32*29870; 14:6*30162; 1Tm 2:4*33674",
        "a": "b"
    },
    {
        "o": 34754,
        "r": "csb:2 John:1:2",
        "w": 7,
        "l": {},
        "c": "1Jn 1:8*34637",
        "a": "c"
    },
    {
        "o": 34755,
        "r": "csb:2 John:1:3",
        "w": 3,
        "l": {},
        "c": "1Tm 1:2*33648; 2Tm 1:2*33786",
        "a": "d"
    },
    {
        "o": 34755,
        "r": "csb:2 John:1:3",
        "w": 17,
        "l": {},
        "c": "Heb 1:2*33967",
        "a": "e"
    },
    {
        "o": 34755,
        "r": "csb:2 John:1:3",
        "w": 24,
        "l": {},
        "c": "1Jn 4:12*34716",
        "a": "f"
    },
    {
        "o": 34757,
        "r": "csb:2 John:1:4",
        "w": 12,
        "l": {},
        "c": "3Jn 3–4*34772",
        "a": "g"
    },
    {
        "o": 34758,
        "r": "csb:2 John:1:5",
        "w": 29,
        "l": {},
        "c": "1Jn 3:11*34688",
        "a": "h"
    },
    {
        "o": 34759,
        "r": "csb:2 John:1:6",
        "w": 2,
        "l": {},
        "c": "1Jn 2:5*34646; 5:3*34729",
        "a": "i"
    },
    {
        "o": 34759,
        "r": "csb:2 John:1:6",
        "w": 9,
        "l": {},
        "c": "Ps 103:18*17390; Mk 7:8*27644; Jn 14:15,21,23*30174; 15:10*30205",
        "a": "j"
    },
    {
        "o": 34759,
        "r": "csb:2 John:1:6",
        "w": 26,
        "l": {},
        "t": "6*r Or in it",
        "a": "k"
    },
    {
        "o": 34760,
        "r": "csb:2 John:1:7",
        "w": 19,
        "l": {},
        "c": "Php 3:3*33323",
        "a": "l"
    },
    {
        "o": 34760,
        "r": "csb:2 John:1:7",
        "w": 26,
        "l": {},
        "c": "1Jn 2:18,22*34662; 4:3*34706",
        "a": "m"
    },
    {
        "o": 34761,
        "r": "csb:2 John:1:8",
        "w": 8,
        "l": {},
        "t": "8*r Other mss read you",
        "a": "n"
    },
    {
        "o": 34761,
        "r": "csb:2 John:1:8",
        "w": 19,
        "l": {},
        "c": "2Pt 2:13*34596",
        "a": "o"
    },
    {
        "o": 34762,
        "r": "csb:2 John:1:9",
        "w": 7,
        "l": {},
        "c": "Jn 8:31–32*29869; 1Jn 2:21–23,27*34665",
        "a": "p"
    },
    {
        "o": 34762,
        "r": "csb:2 John:1:9",
        "w": 15,
        "l": {},
        "c": "Jn 5:12*29659; 8:41*29879; 1Jn 2:23*34668",
        "a": "q"
    },
    {
        "o": 34762,
        "r": "csb:2 John:1:9",
        "w": 19,
        "l": {},
        "c": "Jn 15:4–16*30198",
        "a": "r"
    },
    {
        "o": 34762,
        "r": "csb:2 John:1:9",
        "w": 28,
        "l": {},
        "c": "Mt 11:27*26510",
        "a": "s"
    },
    {
        "o": 34762,
        "r": "csb:2 John:1:9",
        "w": 31,
        "l": {},
        "c": "Heb 1:2*33967; 1Jn 2:23*34668",
        "a": "t"
    },
    {
        "o": 34763,
        "r": "csb:2 John:1:10",
        "w": 13,
        "l": {},
        "c": "Jn 1:12*29476; 6:21*29722; 13:20*30134",
        "a": "u"
    },
    {
        "o": 34764,
        "r": "csb:2 John:1:11",
        "w": 6,
        "l": {},
        "c": "1Tm 5:22*33750",
        "a": "v"
    },
    {
        "o": 34764,
        "r": "csb:2 John:1:11",
        "w": 10,
        "l": {},
        "c": "Eph 5:11*33195; 1Tm 5:22*33750; Jd 23*34816",
        "a": "w"
    },
    {
        "o": 34766,
        "r": "csb:2 John:1:12",
        "w": 8,
        "l": {},
        "c": "3Jn 13*34785",
        "a": "x"
    },
    {
        "o": 34766,
        "r": "csb:2 John:1:12",
        "w": 32,
        "l": {},
        "c": "Jn 15:11*30206",
        "a": "y"
    }
]
