[
    {
        "o": 34751,
        "r": "csb:2 John:1:0",
        "t": "2 John 1",
        "h": 1
    },
    {
        "o": 34752,
        "r": "csb:2 John:1:0",
        "t": "Greeting",
        "h": 2
    },
    {
        "o": 34753,
        "r": "csb:2 John:1:1",
        "t": "The*p elder: To*p the elect lady and her children, whom I love in the truth - and not only I, but also all who know the truth-"
    },
    {
        "o": 34754,
        "r": "csb:2 John:1:2",
        "t": "because of the truth that remains in us and will be with us forever."
    },
    {
        "o": 34755,
        "r": "csb:2 John:1:3",
        "t": "Grace,*p mercy, and peace will be with us from God the Father and from Jesus Christ, the Son of the Father, in truth and love."
    },
    {
        "o": 34756,
        "r": "csb:2 John:1:3",
        "t": "Truth and Deception",
        "h": 2
    },
    {
        "o": 34757,
        "r": "csb:2 John:1:4",
        "t": "I*p was very glad to find some of your children walking in truth, in keeping with a command we have received from the Father."
    },
    {
        "o": 34758,
        "r": "csb:2 John:1:5",
        "t": "So now I ask you, dear lady - not as if I were writing you a new command, but one we have had from the beginning - that we love one another."
    },
    {
        "o": 34759,
        "r": "csb:2 John:1:6",
        "t": "This is love: that we walk according to his commands. This is the command as you have heard it from the beginning: that you walk in love."
    },
    {
        "o": 34760,
        "r": "csb:2 John:1:7",
        "t": "Many*p deceivers have gone out into the world; they do not confess the coming of Jesus Christ in the flesh. This is the deceiver and the antichrist."
    },
    {
        "o": 34761,
        "r": "csb:2 John:1:8",
        "t": "Watch yourselves so that you don’t lose what we have worked for, but that you may receive a full reward."
    },
    {
        "o": 34762,
        "r": "csb:2 John:1:9",
        "t": "Anyone who does not remain in Christ’s teaching but goes beyond it does not have God. The one who remains in that teaching, this one has both the Father and the Son."
    },
    {
        "o": 34763,
        "r": "csb:2 John:1:10",
        "t": "If anyone comes to you and does not bring this teaching, do not receive him into your home, and do not greet him;"
    },
    {
        "o": 34764,
        "r": "csb:2 John:1:11",
        "t": "for the one who greets him shares in his evil works."
    },
    {
        "o": 34765,
        "r": "csb:2 John:1:11",
        "t": "Farewell",
        "h": 2
    },
    {
        "o": 34766,
        "r": "csb:2 John:1:12",
        "t": "Though*p I have many things to write to you, I don’t want to use paper and ink. Instead, I hope to come to you and talk face to face so that our joy may be complete."
    },
    {
        "o": 34767,
        "r": "csb:2 John:1:13",
        "t": "The*p children of your elect sister send you greetings."
    }
]
