[
    {
        "o": 8527,
        "r": "csb:1 Samuel:19:1",
        "w": 11,
        "l": {},
        "c": "1Sm 18:8–9*8500",
        "a": "a"
    },
    {
        "o": 8527,
        "r": "csb:1 Samuel:19:1",
        "w": 19,
        "l": {},
        "c": "1Sm 18:1–3*8493",
        "a": "b"
    },
    {
        "o": 8529,
        "r": "csb:1 Samuel:19:3",
        "w": 28,
        "l": {},
        "c": "1Sm 20:32–33*8584",
        "a": "c"
    },
    {
        "o": 8530,
        "r": "csb:1 Samuel:19:4",
        "w": 21,
        "l": {},
        "c": "Gn 44:22*1479; Pr 17:13*18891; Jr 18:20*21760",
        "a": "d"
    },
    {
        "o": 8531,
        "r": "csb:1 Samuel:19:5",
        "w": 12,
        "l": {},
        "c": "1Sm 17:42–51*8474",
        "a": "e"
    },
    {
        "o": 8531,
        "r": "csb:1 Samuel:19:5",
        "w": 23,
        "l": {},
        "c": "1Sm 11:13*8255",
        "a": "f"
    },
    {
        "o": 8531,
        "r": "csb:1 Samuel:19:5",
        "w": 42,
        "l": {},
        "c": "Dt 19:10–13*5969; 1Sm 20:32*8584",
        "a": "g"
    },
    {
        "o": 8533,
        "r": "csb:1 Samuel:19:7",
        "w": 23,
        "l": {},
        "c": "1Sm 16:21*8428; 18:2,10,13*8494",
        "a": "h"
    },
    {
        "o": 8535,
        "r": "csb:1 Samuel:19:9",
        "w": 7,
        "l": {},
        "c": "1Sm 16:14*8421; 18:10–11*8503",
        "a": "i"
    },
    {
        "o": 8535,
        "r": "csb:1 Samuel:19:9",
        "w": 20,
        "l": {},
        "c": "1Sm 18:10*8503",
        "a": "j"
    },
    {
        "o": 8535,
        "r": "csb:1 Samuel:19:9",
        "w": 25,
        "l": {},
        "c": "1Sm 16:14–16*8421; 18:10*8503",
        "a": "k"
    },
    {
        "o": 8536,
        "r": "csb:1 Samuel:19:10",
        "w": 11,
        "l": {},
        "c": "1Sm 18:11*8504; 20:33*8585",
        "a": "l"
    },
    {
        "o": 8537,
        "r": "csb:1 Samuel:19:11",
        "w": 15,
        "l": {},
        "c": "Ps 59*16485",
        "a": "m"
    },
    {
        "o": 8537,
        "r": "csb:1 Samuel:19:11",
        "w": 19,
        "l": {},
        "c": "1Sm 18:20*8514",
        "a": "n"
    },
    {
        "o": 8538,
        "r": "csb:1 Samuel:19:12",
        "w": 11,
        "l": {},
        "c": "Jos 2:15*6500; Ac 9:23–25*30821",
        "a": "o"
    },
    {
        "o": 8540,
        "r": "csb:1 Samuel:19:14",
        "w": 10,
        "l": {},
        "c": "Jos 2:5*6489",
        "a": "p"
    },
    {
        "o": 8544,
        "r": "csb:1 Samuel:19:18",
        "w": 10,
        "l": {},
        "c": "1Sm 7:17*8157",
        "a": "q"
    },
    {
        "o": 8544,
        "r": "csb:1 Samuel:19:18",
        "w": 28,
        "l": {},
        "c": "2Kg 6:1–2*10702",
        "a": "r"
    },
    {
        "o": 8546,
        "r": "csb:1 Samuel:19:20",
        "w": 5,
        "l": {},
        "c": "1Sm 19:11*8537; Jn 7:32*29809",
        "a": "s"
    },
    {
        "o": 8546,
        "r": "csb:1 Samuel:19:20",
        "w": 14,
        "l": {},
        "c": "1Sm 10:5–6,10*8216",
        "a": "t"
    },
    {
        "o": 8547,
        "r": "csb:1 Samuel:19:21",
        "w": 13,
        "l": {},
        "c": "Nm 11:25*4454",
        "a": "u"
    },
    {
        "o": 8549,
        "r": "csb:1 Samuel:19:23",
        "w": 14,
        "l": {},
        "c": "1Sm 10:10*8221",
        "a": "v"
    },
    {
        "o": 8550,
        "r": "csb:1 Samuel:19:24",
        "w": 14,
        "l": {},
        "c": "Is 20:2*20195; Mc 1:8*25439",
        "a": "w"
    },
    {
        "o": 8550,
        "r": "csb:1 Samuel:19:24",
        "w": 32,
        "l": {},
        "c": "1Sm 10:5–13*8216",
        "a": "x"
    }
]
