[
    {
        "o": 11342,
        "r": "csb:2 Kings:25:1",
        "w": 3,
        "l": {},
        "c": "Jr 32:1*22143",
        "a": "a"
    },
    {
        "o": 11342,
        "r": "csb:2 Kings:25:1",
        "w": 6,
        "l": {},
        "c": "Jr 39:1–7*22357; 52:4–11*22756",
        "a": "b"
    },
    {
        "o": 11342,
        "r": "csb:2 Kings:25:1",
        "w": 25,
        "l": {},
        "c": "Jr 21:2*21806; 34:1–2*22218; Ezk 24:2*23692",
        "a": "c"
    },
    {
        "o": 11342,
        "r": "csb:2 Kings:25:1",
        "w": 40,
        "l": {},
        "c": "Ezk 21:22*23592",
        "a": "d"
    },
    {
        "o": 11344,
        "r": "csb:2 Kings:25:3",
        "w": 22,
        "l": {},
        "c": "2Kg 6:24–25*10727; Lm 4:9–10*22990",
        "a": "e"
    },
    {
        "o": 11345,
        "r": "csb:2 Kings:25:4",
        "w": 5,
        "l": {},
        "c": "Jr 39:2*22358",
        "a": "f"
    },
    {
        "o": 11345,
        "r": "csb:2 Kings:25:4",
        "w": 10,
        "l": {},
        "c": "Ezk 33:21*23964",
        "a": "g"
    },
    {
        "o": 11345,
        "r": "csb:2 Kings:25:4",
        "w": 26,
        "l": {},
        "c": "Neh 3:15*13737",
        "a": "h"
    },
    {
        "o": 11345,
        "r": "csb:2 Kings:25:4",
        "w": 45,
        "l": {},
        "c": "Dt 2:8*5439",
        "a": "i"
    },
    {
        "o": 11346,
        "r": "csb:2 Kings:25:5",
        "w": 19,
        "l": {},
        "c": "Lv 26:36*3927; Ezk 12:14*23297; 17:21*23462",
        "a": "j"
    },
    {
        "o": 11347,
        "r": "csb:2 Kings:25:6",
        "w": 4,
        "l": {},
        "c": "Jr 34:21–22*22239",
        "a": "k"
    },
    {
        "o": 11347,
        "r": "csb:2 Kings:25:6",
        "w": 13,
        "l": {},
        "c": "Jr 32:4*22146",
        "a": "l"
    },
    {
        "o": 11347,
        "r": "csb:2 Kings:25:6",
        "w": 15,
        "l": {},
        "c": "Nm 34:11*5306; 2Kg 23:33*11310; Jr 52:9*22761",
        "a": "m"
    },
    {
        "o": 11348,
        "r": "csb:2 Kings:25:7",
        "w": 23,
        "l": {},
        "c": "Jr 39:6–7*22362; Ezk 12:13*23296",
        "a": "n"
    },
    {
        "o": 11350,
        "r": "csb:2 Kings:25:8",
        "w": 0,
        "l": {},
        "c": "Jr 39:8–10*22364; 52:12–16*22764",
        "a": "o"
    },
    {
        "o": 11350,
        "r": "csb:2 Kings:25:8",
        "w": 32,
        "l": {},
        "c": "2Kg 24:12*11330; Jr 39:9*22365; 52:12*22764",
        "a": "p"
    },
    {
        "o": 11351,
        "r": "csb:2 Kings:25:9",
        "w": 4,
        "l": {},
        "c": "1Kg 9:8*10010; 2Ch 36:19*13360",
        "a": "q"
    },
    {
        "o": 11351,
        "r": "csb:2 Kings:25:9",
        "w": 7,
        "l": {},
        "c": "Jr 39:8*22364; Am 2:5*25196",
        "a": "r"
    },
    {
        "o": 11351,
        "r": "csb:2 Kings:25:9",
        "w": 16,
        "l": {},
        "c": "Jr 17:27*21736",
        "a": "s"
    },
    {
        "o": 11352,
        "r": "csb:2 Kings:25:10",
        "w": 13,
        "l": {},
        "c": "2Kg 24:13*11331; Neh 1:3*13686; Jr 50:15*22648",
        "a": "t"
    },
    {
        "o": 11353,
        "r": "csb:2 Kings:25:11",
        "w": 32,
        "l": {},
        "c": "2Ch 36:20*13361; Jr 5:19*21374; 39:1–9*22357",
        "a": "u"
    },
    {
        "o": 11354,
        "r": "csb:2 Kings:25:12",
        "w": 18,
        "l": {},
        "c": "2Kg 24:14*11332; Jr 39:10*22367; 40:7*22385",
        "a": "v"
    },
    {
        "o": 11355,
        "r": "csb:2 Kings:25:13",
        "w": 0,
        "l": {},
        "c": "Jr 52:17–27*22769",
        "a": "w"
    },
    {
        "o": 11355,
        "r": "csb:2 Kings:25:13",
        "w": 8,
        "l": {},
        "c": "2Kg 20:17*11209; 2Ch 36:18*13359; Jr 52:17*22769",
        "a": "x"
    },
    {
        "o": 11355,
        "r": "csb:2 Kings:25:13",
        "w": 19,
        "l": {},
        "t": "25:13*r Lit sea",
        "a": "y"
    },
    {
        "o": 11355,
        "r": "csb:2 Kings:25:13",
        "w": 19,
        "l": {},
        "c": "1Kg 7:23*9897; 2Ch 4:2–4*12471",
        "a": "z"
    },
    {
        "o": 11355,
        "r": "csb:2 Kings:25:13",
        "w": 31,
        "l": {},
        "c": "Jr 27:19–22*22005",
        "a": "a"
    },
    {
        "o": 11356,
        "r": "csb:2 Kings:25:14",
        "w": 18,
        "l": {},
        "c": "Ex 27:3*2513; 1Kg 7:47–50*9926; 2Ch 4:16*12488",
        "a": "b"
    },
    {
        "o": 11357,
        "r": "csb:2 Kings:25:15",
        "w": 16,
        "l": {},
        "c": "2Kg 24:13*11331; Jr 15:13*21668; 20:5*21787",
        "a": "c"
    },
    {
        "o": 11358,
        "r": "csb:2 Kings:25:16",
        "w": 31,
        "l": {},
        "c": "1Kg 7:47*9926",
        "a": "d"
    },
    {
        "o": 11359,
        "r": "csb:2 Kings:25:17",
        "w": 4,
        "l": {},
        "t": "25:17*r Lit 18 cubits",
        "a": "e"
    },
    {
        "o": 11359,
        "r": "csb:2 Kings:25:17",
        "w": 27,
        "l": {},
        "t": "25:17*r Lit three cubits",
        "a": "f"
    },
    {
        "o": 11359,
        "r": "csb:2 Kings:25:17",
        "w": 38,
        "l": {},
        "c": "1Kg 7:15–22*9888",
        "a": "g"
    },
    {
        "o": 11360,
        "r": "csb:2 Kings:25:18",
        "w": 4,
        "l": {},
        "c": "Jr 39:9–13*22365; 52:12–16,24*22764",
        "a": "h"
    },
    {
        "o": 11360,
        "r": "csb:2 Kings:25:18",
        "w": 8,
        "l": {},
        "c": "1Ch 6:14*11610; Ezr 7:1*13546",
        "a": "i"
    },
    {
        "o": 11360,
        "r": "csb:2 Kings:25:18",
        "w": 12,
        "l": {},
        "c": "Jr 21:1*21805; 29:25,29*22057",
        "a": "j"
    },
    {
        "o": 11361,
        "r": "csb:2 Kings:25:19",
        "w": 7,
        "l": {},
        "t": "25:19*r Or eunuch",
        "a": "k"
    },
    {
        "o": 11361,
        "r": "csb:2 Kings:25:19",
        "w": 18,
        "l": {},
        "t": "25:19*r Lit five men who look on the king’s face",
        "a": "l"
    },
    {
        "o": 11361,
        "r": "csb:2 Kings:25:19",
        "w": 18,
        "l": {},
        "c": "Jr 52:25*22777",
        "a": "m"
    },
    {
        "o": 11361,
        "r": "csb:2 Kings:25:19",
        "w": 47,
        "l": {},
        "t": "25:19*r Lit the people of the land",
        "a": "n"
    },
    {
        "o": 11362,
        "r": "csb:2 Kings:25:20",
        "w": 17,
        "l": {},
        "c": "2Kg 23:33*11310",
        "a": "o"
    },
    {
        "o": 11363,
        "r": "csb:2 Kings:25:21",
        "w": 22,
        "l": {},
        "c": "Dt 28:63–64*6268; 2Kg 23:27*11302",
        "a": "p"
    },
    {
        "o": 11365,
        "r": "csb:2 Kings:25:22",
        "w": 5,
        "l": {},
        "c": "Jr 39:14*22371; 40:7–9*22385",
        "a": "q"
    },
    {
        "o": 11365,
        "r": "csb:2 Kings:25:22",
        "w": 24,
        "l": {},
        "c": "Is 1:9*19773; Jr 40:5*22382",
        "a": "r"
    },
    {
        "o": 11366,
        "r": "csb:2 Kings:25:23",
        "w": 25,
        "l": {},
        "c": "Jos 18:26*6988",
        "a": "s"
    },
    {
        "o": 11366,
        "r": "csb:2 Kings:25:23",
        "w": 52,
        "l": {},
        "c": "Jr 40:7–8*22385",
        "a": "t"
    },
    {
        "o": 11367,
        "r": "csb:2 Kings:25:24",
        "w": 36,
        "l": {},
        "c": "Jr 40:9*22387",
        "a": "u"
    },
    {
        "o": 11368,
        "r": "csb:2 Kings:25:25",
        "w": 40,
        "l": {},
        "c": "Jr 41:1–2*22397",
        "a": "v"
    },
    {
        "o": 11369,
        "r": "csb:2 Kings:25:26",
        "w": 27,
        "l": {},
        "c": "Is 30:2*20410; Jr 43:4–7*22446",
        "a": "w"
    },
    {
        "o": 11371,
        "r": "csb:2 Kings:25:27",
        "w": 0,
        "l": {},
        "c": "Jr 52:31–34*22784",
        "a": "x"
    },
    {
        "o": 11371,
        "r": "csb:2 Kings:25:27",
        "w": 30,
        "l": {},
        "c": "2Kg 24:12*11330",
        "a": "y"
    },
    {
        "o": 11371,
        "r": "csb:2 Kings:25:27",
        "w": 35,
        "l": {},
        "t": "25:27*r and released him supplied for clarity",
        "a": "z"
    },
    {
        "o": 11371,
        "r": "csb:2 Kings:25:27",
        "w": 37,
        "l": {},
        "c": "Gn 40:13,20*1305",
        "a": "a"
    },
    {
        "o": 11372,
        "r": "csb:2 Kings:25:28",
        "w": 2,
        "l": {},
        "c": "1Kg 8:50*9983",
        "a": "b"
    },
    {
        "o": 11372,
        "r": "csb:2 Kings:25:28",
        "w": 20,
        "l": {},
        "c": "Ezr 5:5*13505; 7:6,28*13551",
        "a": "c"
    },
    {
        "o": 11373,
        "r": "csb:2 Kings:25:29",
        "w": 23,
        "l": {},
        "c": "2Sm 9:7*9102",
        "a": "d"
    },
    {
        "o": 11374,
        "r": "csb:2 Kings:25:30",
        "w": 6,
        "l": {},
        "c": "Gn 43:34*1454; Neh 12:47*14095",
        "a": "e"
    }
]
