[
    {
        "o": 8744,
        "r": "csb:1 Samuel:26:1",
        "w": 18,
        "l": {},
        "c": "1Sm 23:19*8661; Ps 54*16405",
        "a": "a"
    },
    {
        "o": 8745,
        "r": "csb:1 Samuel:26:2",
        "w": 12,
        "l": {},
        "c": "1Sm 13:2*8288; 24:2*8675",
        "a": "b"
    },
    {
        "o": 8746,
        "r": "csb:1 Samuel:26:3",
        "w": 9,
        "l": {},
        "c": "1Sm 24:3*8676",
        "a": "c"
    },
    {
        "o": 8746,
        "r": "csb:1 Samuel:26:3",
        "w": 25,
        "l": {},
        "c": "1Sm 23:15*8656",
        "a": "d"
    },
    {
        "o": 8748,
        "r": "csb:1 Samuel:26:5",
        "w": 20,
        "l": {},
        "c": "1Sm 14:50–51*8365; 17:55*8487",
        "a": "e"
    },
    {
        "o": 8749,
        "r": "csb:1 Samuel:26:6",
        "w": 5,
        "l": {},
        "c": "Gn 26:34*804; Jos 3:10*6521; 1Kg 10:29*10065; 2Kg 7:6*10743",
        "a": "f"
    },
    {
        "o": 8749,
        "r": "csb:1 Samuel:26:6",
        "w": 9,
        "l": {},
        "c": "1Ch 2:15–16*11450",
        "a": "g"
    },
    {
        "o": 8749,
        "r": "csb:1 Samuel:26:6",
        "w": 20,
        "l": {},
        "c": "Jdg 7:10–11*7426",
        "a": "h"
    },
    {
        "o": 8752,
        "r": "csb:1 Samuel:26:9",
        "w": 20,
        "l": {},
        "c": "1Sm 10:1*8212; 24:6–7*8679; 2Sm 1:14,16*8886",
        "a": "i"
    },
    {
        "o": 8753,
        "r": "csb:1 Samuel:26:10",
        "w": 12,
        "l": {},
        "c": "1Sm 25:26,38*8723",
        "a": "j"
    },
    {
        "o": 8754,
        "r": "csb:1 Samuel:26:11",
        "w": 16,
        "l": {},
        "c": "Dt 32:35*6398; 1Sm 24:6*8679; 25:39*8736; Rm 12:19*31990",
        "a": "k"
    },
    {
        "o": 8755,
        "r": "csb:1 Samuel:26:12",
        "w": 39,
        "l": {},
        "c": "Gn 2:21*56; 15:12*413",
        "a": "l"
    },
    {
        "o": 8759,
        "r": "csb:1 Samuel:26:16",
        "w": 16,
        "l": {},
        "t": "26:16*r Lit you are sons of death",
        "a": "m"
    },
    {
        "o": 8759,
        "r": "csb:1 Samuel:26:16",
        "w": 25,
        "l": {},
        "c": "1Sm 20:31*8583",
        "a": "n"
    },
    {
        "o": 8760,
        "r": "csb:1 Samuel:26:17",
        "w": 12,
        "l": {},
        "c": "1Sm 24:16*8689; 26:21,25*8764",
        "a": "o"
    },
    {
        "o": 8761,
        "r": "csb:1 Samuel:26:18",
        "w": 18,
        "l": {},
        "c": "1Sm 24:11*8684",
        "a": "p"
    },
    {
        "o": 8762,
        "r": "csb:1 Samuel:26:19",
        "w": 23,
        "l": {},
        "c": "2Sm 16:11*9326",
        "a": "q"
    },
    {
        "o": 8762,
        "r": "csb:1 Samuel:26:19",
        "w": 29,
        "l": {},
        "c": "Gn 8:21*227",
        "a": "r"
    },
    {
        "o": 8762,
        "r": "csb:1 Samuel:26:19",
        "w": 34,
        "l": {},
        "c": "1Sm 24:9*8682",
        "a": "s"
    },
    {
        "o": 8762,
        "r": "csb:1 Samuel:26:19",
        "w": 59,
        "l": {},
        "c": "Jos 22:25–27*7141",
        "a": "t"
    },
    {
        "o": 8763,
        "r": "csb:1 Samuel:26:20",
        "w": 27,
        "l": {},
        "c": "1Sm 24:14*8687",
        "a": "u"
    },
    {
        "o": 8764,
        "r": "csb:1 Samuel:26:21",
        "w": 4,
        "l": {},
        "c": "1Sm 15:24,30*8393; 24:17*8690",
        "a": "v"
    },
    {
        "o": 8766,
        "r": "csb:1 Samuel:26:23",
        "w": 8,
        "l": {},
        "c": "1Sm 24:19*8692",
        "a": "w"
    },
    {
        "o": 8766,
        "r": "csb:1 Samuel:26:23",
        "w": 32,
        "l": {},
        "c": "1Sm 24:10–12*8683; 26:10–11*8753",
        "a": "x"
    },
    {
        "o": 8767,
        "r": "csb:1 Samuel:26:24",
        "w": 15,
        "l": {},
        "c": "1Sm 18:30*8524",
        "a": "y"
    },
    {
        "o": 8767,
        "r": "csb:1 Samuel:26:24",
        "w": 21,
        "l": {},
        "c": "Ps 54:7*16412",
        "a": "z"
    },
    {
        "o": 8768,
        "r": "csb:1 Samuel:26:25",
        "w": 19,
        "l": {},
        "c": "1Sm 24:19*8692",
        "a": "a"
    },
    {
        "o": 8768,
        "r": "csb:1 Samuel:26:25",
        "w": 29,
        "l": {},
        "c": "1Sm 24:22*8695",
        "a": "b"
    }
]
