[
    {
        "o": 34559,
        "r": "csb:2 Peter:1:1",
        "w": 0,
        "l": {},
        "t": "1:1*r Other mss read Simon",
        "a": "a"
    },
    {
        "o": 34559,
        "r": "csb:2 Peter:1:1",
        "w": 1,
        "l": {},
        "c": "Mt 16:17*26748; Lk 6:14*28435; Ac 10:32*30881; 15:14*31068",
        "a": "b"
    },
    {
        "o": 34559,
        "r": "csb:2 Peter:1:1",
        "w": 6,
        "l": {},
        "c": "Rm 1:1*31607; Ti 1:1*33882",
        "a": "c"
    },
    {
        "o": 34559,
        "r": "csb:2 Peter:1:1",
        "w": 22,
        "l": {},
        "c": "Rm 5:17,21*31762; Php 1:11*33263",
        "a": "d"
    },
    {
        "o": 34559,
        "r": "csb:2 Peter:1:1",
        "w": 27,
        "l": {},
        "c": "Ti 2:13*33913",
        "a": "e"
    },
    {
        "o": 34560,
        "r": "csb:2 Peter:1:2",
        "w": 12,
        "l": {},
        "c": "Jn 17:3*30265; Php 3:8*33328; 2Pt 1:3,8*34562; 2:20*34603; 3:18*34626",
        "a": "f"
    },
    {
        "o": 34562,
        "r": "csb:2 Peter:1:3",
        "w": 0,
        "l": {},
        "t": "1:3*r Lit As his",
        "a": "g"
    },
    {
        "o": 34562,
        "r": "csb:2 Peter:1:3",
        "w": 2,
        "l": {},
        "c": "1Pt 1:5*34440",
        "a": "h"
    },
    {
        "o": 34562,
        "r": "csb:2 Peter:1:3",
        "w": 14,
        "l": {},
        "c": "Jn 17:3*30265; Php 3:8*33328; 2Pt 1:2,8*34561; 2:20*34603; 3:18*34626",
        "a": "i"
    },
    {
        "o": 34562,
        "r": "csb:2 Peter:1:3",
        "w": 18,
        "l": {},
        "c": "1Th 2:12*33507; 2Th 2:14*33618; 1Pt 5:10*34552",
        "a": "j"
    },
    {
        "o": 34562,
        "r": "csb:2 Peter:1:3",
        "w": 20,
        "l": {},
        "t": "1:3*r Or to",
        "a": "k"
    },
    {
        "o": 34563,
        "r": "csb:2 Peter:1:4",
        "w": 10,
        "l": {},
        "c": "Jos 21:45*7112; 1Kg 8:56*9990; Is 38:16*20620; Jr 33:14*22203; Rm 9:4*31871; 15:8*32047; 2Co 7:1*32745",
        "a": "l"
    },
    {
        "o": 34563,
        "r": "csb:2 Peter:1:4",
        "w": 21,
        "l": {},
        "c": "Eph 4:24*33174; Heb 12:10*34258; 1Jn 3:2*34678",
        "a": "m"
    },
    {
        "o": 34565,
        "r": "csb:2 Peter:1:6",
        "w": 2,
        "l": {},
        "c": "Ac 24:25*31449; Gl 5:23*33046",
        "a": "n"
    },
    {
        "o": 34566,
        "r": "csb:2 Peter:1:7",
        "w": 3,
        "l": {},
        "c": "Rm 12:10*31981; Heb 13:1*34281; 1Pt 1:22*34458",
        "a": "o"
    },
    {
        "o": 34567,
        "r": "csb:2 Peter:1:8",
        "w": 15,
        "l": {},
        "c": "Jms 2:20*34360",
        "a": "p"
    },
    {
        "o": 34567,
        "r": "csb:2 Peter:1:8",
        "w": 17,
        "l": {},
        "c": "Mt 7:16–21*26330; Gl 5:22*33045; Ti 3:14*33932",
        "a": "q"
    },
    {
        "o": 34569,
        "r": "csb:2 Peter:1:10",
        "w": 12,
        "l": {},
        "c": "Mt 22:14*26976; Rm 11:29*31959; 2Pt 1:3*34562",
        "a": "r"
    },
    {
        "o": 34570,
        "r": "csb:2 Peter:1:11",
        "w": 8,
        "l": {},
        "c": "Col 1:13*33386; 2Tm 4:18*33875",
        "a": "s"
    },
    {
        "o": 34571,
        "r": "csb:2 Peter:1:12",
        "w": 19,
        "l": {},
        "c": "2Co 11:10*32836; Col 1:5–6*33377; 2Jn 2*34754; 3Jn 3–4*34772",
        "a": "t"
    },
    {
        "o": 34572,
        "r": "csb:2 Peter:1:13",
        "w": 13,
        "l": {},
        "c": "2Co 5:1–4*32700",
        "a": "u"
    },
    {
        "o": 34573,
        "r": "csb:2 Peter:1:14",
        "w": 21,
        "l": {},
        "c": "Jn 21:18–23*30448",
        "a": "v"
    },
    {
        "o": 34574,
        "r": "csb:2 Peter:1:15",
        "w": 21,
        "l": {},
        "t": "1:15*r Or death",
        "a": "w"
    },
    {
        "o": 34576,
        "r": "csb:2 Peter:1:16",
        "w": 22,
        "l": {},
        "c": "Mk 13:26*27956; 14:62*28041; 1Th 2:19*33515",
        "a": "x"
    },
    {
        "o": 34576,
        "r": "csb:2 Peter:1:16",
        "w": 29,
        "l": {},
        "c": "Mt 17:1–6*26764",
        "a": "y"
    },
    {
        "o": 34577,
        "r": "csb:2 Peter:1:17",
        "w": 25,
        "l": {},
        "t": "1:17*r Or my Son, my beloved",
        "a": "z"
    },
    {
        "o": 34577,
        "r": "csb:2 Peter:1:17",
        "w": 30,
        "l": {},
        "c": "Is 42:1*20703; Mt 3:17*26180; 17:5*26768; Mk 1:11*27362; 9:7*27728; Lk 3:22*28307",
        "a": "a"
    },
    {
        "o": 34578,
        "r": "csb:2 Peter:1:18",
        "w": 18,
        "l": {},
        "c": "Ps 2:6*15477; Mt 17:1*26764; Mk 9:2*27723; Lk 9:28*28635",
        "a": "b"
    },
    {
        "o": 34579,
        "r": "csb:2 Peter:1:19",
        "w": 26,
        "l": {},
        "c": "Ps 119:105*17877",
        "a": "c"
    },
    {
        "o": 34579,
        "r": "csb:2 Peter:1:19",
        "w": 30,
        "l": {},
        "c": "Mal 4:2*26095; Rm 13:12*32008; 2Pt 3:18*34626",
        "a": "d"
    },
    {
        "o": 34579,
        "r": "csb:2 Peter:1:19",
        "w": 34,
        "l": {},
        "c": "Nm 24:17*4910; Rv 22:16*35306",
        "a": "e"
    },
    {
        "o": 34581,
        "r": "csb:2 Peter:1:21",
        "w": 9,
        "l": {},
        "c": "Jr 23:26*21884; 2Tm 3:16*33852",
        "a": "f"
    },
    {
        "o": 34581,
        "r": "csb:2 Peter:1:21",
        "w": 23,
        "l": {},
        "c": "2Sm 23:2*9562; Lk 1:70*28210; Ac 1:16*30479; 3:18*30562; 1Pt 1:11*34446",
        "a": "g"
    },
    {
        "o": 34584,
        "r": "csb:2 Peter:2:1",
        "w": 4,
        "l": {},
        "c": "Dt 13:1–5*5801; Mt 7:15*26329",
        "a": "a"
    },
    {
        "o": 34584,
        "r": "csb:2 Peter:2:1",
        "w": 14,
        "l": {},
        "c": "Ac 20:29*31296; 2Co 11:13–15*32839; Gl 2:4*32934; 1Tm 4:1*33708; 2Tm 4:3*33858",
        "a": "b"
    },
    {
        "o": 34584,
        "r": "csb:2 Peter:2:1",
        "w": 28,
        "l": {},
        "c": "1Co 6:20*32253; 7:23*32281",
        "a": "c"
    },
    {
        "o": 34585,
        "r": "csb:2 Peter:2:2",
        "w": 16,
        "l": {},
        "c": "Rm 2:24*31670",
        "a": "d"
    },
    {
        "o": 34586,
        "r": "csb:2 Peter:2:3",
        "w": 2,
        "l": {},
        "c": "Jms 4:13*34403",
        "a": "e"
    },
    {
        "o": 34586,
        "r": "csb:2 Peter:2:3",
        "w": 6,
        "l": {},
        "c": "Eph 5:3*33186",
        "a": "f"
    },
    {
        "o": 34586,
        "r": "csb:2 Peter:2:3",
        "w": 11,
        "l": {},
        "c": "Mt 12:41*26561; 23:33*27045; Rm 3:8*31686",
        "a": "g"
    },
    {
        "o": 34587,
        "r": "csb:2 Peter:2:4",
        "w": 4,
        "l": {},
        "c": "Rm 8:32*31858; Jd 6*34797",
        "a": "h"
    },
    {
        "o": 34587,
        "r": "csb:2 Peter:2:4",
        "w": 13,
        "l": {},
        "t": "2:4*r Gk Tartarus",
        "a": "i"
    },
    {
        "o": 34587,
        "r": "csb:2 Peter:2:4",
        "w": 13,
        "l": {},
        "c": "Rv 20:2–3,10*35241",
        "a": "j"
    },
    {
        "o": 34587,
        "r": "csb:2 Peter:2:4",
        "w": 18,
        "l": {},
        "t": "2:4*r Other mss read in pits",
        "a": "k"
    },
    {
        "o": 34587,
        "r": "csb:2 Peter:2:4",
        "w": 26,
        "l": {},
        "c": "Mt 25:41*27157",
        "a": "l"
    },
    {
        "o": 34588,
        "r": "csb:2 Peter:2:5",
        "w": 10,
        "l": {},
        "c": "Gn 5:29*147",
        "a": "m"
    },
    {
        "o": 34588,
        "r": "csb:2 Peter:2:5",
        "w": 17,
        "l": {},
        "t": "2:5*r Lit Noah, the eighth, a preacher of righteousness",
        "a": "n"
    },
    {
        "o": 34588,
        "r": "csb:2 Peter:2:5",
        "w": 17,
        "l": {},
        "c": "1Pt 3:20*34514",
        "a": "o"
    },
    {
        "o": 34589,
        "r": "csb:2 Peter:2:6",
        "w": 9,
        "l": {},
        "c": "Gn 19:24*532; Jd 7*34798",
        "a": "p"
    },
    {
        "o": 34589,
        "r": "csb:2 Peter:2:6",
        "w": 16,
        "l": {},
        "t": "2:6*r Other mss omit to extinction",
        "a": "q"
    },
    {
        "o": 34589,
        "r": "csb:2 Peter:2:6",
        "w": 27,
        "l": {},
        "c": "Is 1:9*19773; Jd 15*34807",
        "a": "r"
    },
    {
        "o": 34590,
        "r": "csb:2 Peter:2:7",
        "w": 5,
        "l": {},
        "c": "Gn 19:16*524",
        "a": "s"
    },
    {
        "o": 34591,
        "r": "csb:2 Peter:2:8",
        "w": 23,
        "l": {},
        "c": "Ps 119:136,158*17912; Ezk 9:4*23221",
        "a": "t"
    },
    {
        "o": 34592,
        "r": "csb:2 Peter:2:9",
        "w": 6,
        "l": {},
        "c": "1Co 10:13*32359",
        "a": "u"
    },
    {
        "o": 34592,
        "r": "csb:2 Peter:2:9",
        "w": 22,
        "l": {},
        "c": "Mt 10:15*26449; Jd 6*34797",
        "a": "v"
    },
    {
        "o": 34593,
        "r": "csb:2 Peter:2:10",
        "w": 12,
        "l": {},
        "c": "Jd 8–12*34799",
        "a": "w"
    },
    {
        "o": 34594,
        "r": "csb:2 Peter:2:11",
        "w": 19,
        "l": {},
        "t": "2:11*r Other mss read them from the Lord",
        "a": "x"
    },
    {
        "o": 34596,
        "r": "csb:2 Peter:2:13",
        "w": 31,
        "l": {},
        "t": "2:13*r Other mss read delighting in the love feasts",
        "a": "y"
    },
    {
        "o": 34597,
        "r": "csb:2 Peter:2:14",
        "w": 5,
        "l": {},
        "c": "Mt 5:27–28*26244",
        "a": "z"
    },
    {
        "o": 34597,
        "r": "csb:2 Peter:2:14",
        "w": 25,
        "l": {},
        "c": "Jr 23:14*21872; Hs 4:2*24904; Eph 2:3*33103; Heb 2:13*33996",
        "a": "a"
    },
    {
        "o": 34598,
        "r": "csb:2 Peter:2:15",
        "w": 8,
        "l": {},
        "c": "Ac 13:10*30975",
        "a": "b"
    },
    {
        "o": 34598,
        "r": "csb:2 Peter:2:15",
        "w": 15,
        "l": {},
        "c": "Nm 22:5–7*4819; Dt 23:4*6073; Neh 13:2*14099; Jd 11*34803; Rv 2:14*34860",
        "a": "c"
    },
    {
        "o": 34598,
        "r": "csb:2 Peter:2:15",
        "w": 19,
        "l": {},
        "t": "2:15*r Other mss read Beor",
        "a": "d"
    },
    {
        "o": 34598,
        "r": "csb:2 Peter:2:15",
        "w": 25,
        "l": {},
        "c": "Hs 9:1*24990; Mc 1:7*25438; Ac 1:18*30481",
        "a": "e"
    },
    {
        "o": 34599,
        "r": "csb:2 Peter:2:16",
        "w": 19,
        "l": {},
        "c": "Nm 22:22–35*4837",
        "a": "f"
    },
    {
        "o": 34600,
        "r": "csb:2 Peter:2:17",
        "w": 19,
        "l": {},
        "c": "Jd 13*34805",
        "a": "g"
    },
    {
        "o": 34601,
        "r": "csb:2 Peter:2:18",
        "w": 5,
        "l": {},
        "c": "Jd 16*34808",
        "a": "h"
    },
    {
        "o": 34601,
        "r": "csb:2 Peter:2:18",
        "w": 17,
        "l": {},
        "t": "2:18*r Or people who are actually escaping",
        "a": "i"
    },
    {
        "o": 34602,
        "r": "csb:2 Peter:2:19",
        "w": 18,
        "l": {},
        "c": "Jn 8:34*29872; Rm 6:16*31785; 7:5*31799",
        "a": "j"
    },
    {
        "o": 34603,
        "r": "csb:2 Peter:2:20",
        "w": 12,
        "l": {},
        "t": "2:20*r Other mss read our Lord",
        "a": "k"
    },
    {
        "o": 34603,
        "r": "csb:2 Peter:2:20",
        "w": 16,
        "l": {},
        "c": "2Pt 1:2*34561",
        "a": "l"
    },
    {
        "o": 34603,
        "r": "csb:2 Peter:2:20",
        "w": 35,
        "l": {},
        "c": "Mt 12:45*26567; Lk 11:26*28757",
        "a": "m"
    },
    {
        "o": 34604,
        "r": "csb:2 Peter:2:21",
        "w": 15,
        "l": {},
        "c": "Pr 8:20*18616; 12:28*18747; 16:31*18875; 21:21*19014; Mt 21:32*26945",
        "a": "n"
    },
    {
        "o": 34604,
        "r": "csb:2 Peter:2:21",
        "w": 26,
        "l": {},
        "c": "Rm 7:12*31807; 1Tm 6:14*33772",
        "a": "o"
    },
    {
        "o": 34604,
        "r": "csb:2 Peter:2:21",
        "w": 27,
        "l": {},
        "c": "Jd 3*34793",
        "a": "p"
    },
    {
        "o": 34604,
        "r": "csb:2 Peter:2:21",
        "w": 29,
        "l": {},
        "c": "Ezk 18:1–32*23468; Heb 6:4–6*34065; 10:26–27*34190",
        "a": "q"
    },
    {
        "o": 34605,
        "r": "csb:2 Peter:2:22",
        "w": 16,
        "l": {},
        "t": "2:22*r Pr 26:11",
        "a": "r"
    },
    {
        "o": 34605,
        "r": "csb:2 Peter:2:22",
        "w": 16,
        "l": {},
        "c": "Pr 26:11*19168",
        "a": "s"
    },
    {
        "o": 34608,
        "r": "csb:2 Peter:3:1",
        "w": 7,
        "l": {},
        "c": "1Pt 1:1*34435",
        "a": "a"
    },
    {
        "o": 34608,
        "r": "csb:2 Peter:3:1",
        "w": 22,
        "l": {},
        "c": "Php 1:10*33261",
        "a": "b"
    },
    {
        "o": 34610,
        "r": "csb:2 Peter:3:3",
        "w": 12,
        "l": {},
        "c": "2Tm 3:1*33836; Heb 1:2*33967; Jms 5:3*34412; 1Pt 1:20*34456",
        "a": "c"
    },
    {
        "o": 34611,
        "r": "csb:2 Peter:3:4",
        "w": 7,
        "l": {},
        "c": "1Th 2:19*33515; 2Pt 3:12*34619",
        "a": "d"
    },
    {
        "o": 34611,
        "r": "csb:2 Peter:3:4",
        "w": 13,
        "l": {},
        "c": "Ac 7:60*30748",
        "a": "e"
    },
    {
        "o": 34612,
        "r": "csb:2 Peter:3:5",
        "w": 8,
        "l": {},
        "c": "Gn 1:3–30*5; Ps 148:5*18339; Jn 1:1–3*29465; Heb 4:12*34037; 11:3*34208",
        "a": "f"
    },
    {
        "o": 34612,
        "r": "csb:2 Peter:3:5",
        "w": 26,
        "l": {},
        "c": "Ps 24:1–2*15833; 33:6–7*15989; 136:5–6*18132; Pr 8:24–29*18620",
        "a": "g"
    },
    {
        "o": 34613,
        "r": "csb:2 Peter:3:6",
        "w": 11,
        "l": {},
        "c": "2Pt 2:5*34588",
        "a": "h"
    },
    {
        "o": 34614,
        "r": "csb:2 Peter:3:7",
        "w": 3,
        "l": {},
        "c": "Is 66:15–16*21216; Ezk 38:22*24123; Am 7:4*25295; Zph 1:18*25700; Mal 4:1*26094",
        "a": "i"
    },
    {
        "o": 34614,
        "r": "csb:2 Peter:3:7",
        "w": 20,
        "l": {},
        "c": "Php 1:6*33257; 2Th 1:5*33594; 1Jn 4:17*34721",
        "a": "j"
    },
    {
        "o": 34615,
        "r": "csb:2 Peter:3:8",
        "w": 23,
        "l": {},
        "c": "Ps 90:4*17173",
        "a": "k"
    },
    {
        "o": 34616,
        "r": "csb:2 Peter:3:9",
        "w": 6,
        "l": {},
        "c": "Hab 2:3*25640",
        "a": "l"
    },
    {
        "o": 34616,
        "r": "csb:2 Peter:3:9",
        "w": 18,
        "l": {},
        "c": "Ti 2:11*33911",
        "a": "m"
    },
    {
        "o": 34616,
        "r": "csb:2 Peter:3:9",
        "w": 20,
        "l": {},
        "c": "Ezk 18:23,32*23490; 33:11*23953; 1Tm 2:4*33674",
        "a": "n"
    },
    {
        "o": 34616,
        "r": "csb:2 Peter:3:9",
        "w": 26,
        "l": {},
        "c": "Jl 2:12–13*25125; Jnh 3:10*25415; 4:2*25419; Ac 17:31*31181; Rm 2:4*31648",
        "a": "o"
    },
    {
        "o": 34617,
        "r": "csb:2 Peter:3:10",
        "w": 5,
        "l": {},
        "c": "Php 1:6*33257",
        "a": "p"
    },
    {
        "o": 34617,
        "r": "csb:2 Peter:3:10",
        "w": 10,
        "l": {},
        "t": "3:10*r Other mss add in the night",
        "a": "q"
    },
    {
        "o": 34617,
        "r": "csb:2 Peter:3:10",
        "w": 10,
        "l": {},
        "c": "Mt 24:43*27103; Lk 12:39*28834; 1Th 5:2*33559",
        "a": "r"
    },
    {
        "o": 34617,
        "r": "csb:2 Peter:3:10",
        "w": 18,
        "l": {},
        "c": "Mt 5:18*26233; 24:35*27095; Rv 21:1*35260",
        "a": "s"
    },
    {
        "o": 34617,
        "r": "csb:2 Peter:3:10",
        "w": 29,
        "l": {},
        "c": "Is 24:19*20289; Mc 1:4*25434",
        "a": "t"
    },
    {
        "o": 34617,
        "r": "csb:2 Peter:3:10",
        "w": 40,
        "l": {},
        "t": "3:10*r Other mss read will be burned up",
        "a": "u"
    },
    {
        "o": 34617,
        "r": "csb:2 Peter:3:10",
        "w": 40,
        "l": {},
        "t": "3:10*r Some Syriac and Coptic mss read will not be found",
        "a": "v"
    },
    {
        "o": 34619,
        "r": "csb:2 Peter:3:12",
        "w": 11,
        "l": {},
        "t": "3:12*r Or and speed the coming",
        "a": "w"
    },
    {
        "o": 34619,
        "r": "csb:2 Peter:3:12",
        "w": 11,
        "l": {},
        "c": "Lk 12:36*28831; 1Co 1:7*32116; 1Th 1:10*33492; Ti 2:13*33913; Jd 21*34814",
        "a": "x"
    },
    {
        "o": 34620,
        "r": "csb:2 Peter:3:13",
        "w": 13,
        "l": {},
        "c": "Is 65:17*21191; 66:22*21223; Mt 19:28*26864; Rm 8:21*31846; Rv 21:1*35260",
        "a": "y"
    },
    {
        "o": 34620,
        "r": "csb:2 Peter:3:13",
        "w": 16,
        "l": {},
        "c": "Is 32:16*20472; Rm 14:17*32030",
        "a": "z"
    },
    {
        "o": 34622,
        "r": "csb:2 Peter:3:14",
        "w": 23,
        "l": {},
        "c": "Php 2:15*33302; 1Th 5:23*33581; 1Tm 6:14*33772; Jms 1:27*34337",
        "a": "a"
    },
    {
        "o": 34623,
        "r": "csb:2 Peter:3:15",
        "w": 25,
        "l": {},
        "c": "Ac 9:17*30813; 15:25*31080; 2Pt 3:2*34609",
        "a": "b"
    },
    {
        "o": 34624,
        "r": "csb:2 Peter:3:16",
        "w": 28,
        "l": {},
        "c": "Heb 5:11*34056; 2Pt 2:14*34597",
        "a": "c"
    },
    {
        "o": 34625,
        "r": "csb:2 Peter:3:17",
        "w": 12,
        "l": {},
        "c": "Lk 12:15*28808; 2Tm 1:14*33800; 4:15*33871",
        "a": "d"
    },
    {
        "o": 34626,
        "r": "csb:2 Peter:3:18",
        "w": 6,
        "l": {},
        "c": "2Pt 1:2*34561",
        "a": "e"
    },
    {
        "o": 34626,
        "r": "csb:2 Peter:3:18",
        "w": 26,
        "l": {},
        "t": "3:18*r Other mss add Amen.",
        "a": "f"
    },
    {
        "o": 34626,
        "r": "csb:2 Peter:3:18",
        "w": 26,
        "l": {},
        "c": "Rm 11:36*31967; 2Tm 4:18*33875; Rv 1:6*34826",
        "a": "g"
    }
]
