[
    {
        "o": 34557,
        "r": "csb:2 Peter:1:0",
        "t": "2 Peter 1",
        "h": 1
    },
    {
        "o": 34558,
        "r": "csb:2 Peter:1:0",
        "t": "Greeting",
        "h": 2
    },
    {
        "o": 34559,
        "r": "csb:2 Peter:1:1",
        "t": "Simeon*p Peter, a servant and an apostle of Jesus Christ: To*p those who have received a faith equal to ours through the righteousness of our God and Savior Jesus Christ."
    },
    {
        "o": 34560,
        "r": "csb:2 Peter:1:2",
        "t": "May*p grace and peace be multiplied to you through the knowledge of God and of Jesus our Lord."
    },
    {
        "o": 34561,
        "r": "csb:2 Peter:1:2",
        "t": "Growth in the Faith",
        "h": 2
    },
    {
        "o": 34562,
        "r": "csb:2 Peter:1:3",
        "t": "His*p divine power has given us everything required for life and godliness through the knowledge of him who called us by his own glory and goodness."
    },
    {
        "o": 34563,
        "r": "csb:2 Peter:1:4",
        "t": "By these he has given us very great and precious promises, so that through them you may share in the divine nature, escaping the corruption that is in the world because of evil desire."
    },
    {
        "o": 34564,
        "r": "csb:2 Peter:1:5",
        "t": "For this very reason, make every effort to supplement your faith with goodness, goodness with knowledge,"
    },
    {
        "o": 34565,
        "r": "csb:2 Peter:1:6",
        "t": "knowledge with self-control, self-control with endurance, endurance with godliness,"
    },
    {
        "o": 34566,
        "r": "csb:2 Peter:1:7",
        "t": "godliness with brotherly affection, and brotherly affection with love."
    },
    {
        "o": 34567,
        "r": "csb:2 Peter:1:8",
        "t": "For if you possess these qualities in increasing measure, they will keep you from being useless or unfruitful in the knowledge of our Lord Jesus Christ."
    },
    {
        "o": 34568,
        "r": "csb:2 Peter:1:9",
        "t": "The person who lacks these things is blind and shortsighted and has forgotten the cleansing from his past sins."
    },
    {
        "o": 34569,
        "r": "csb:2 Peter:1:10",
        "t": "Therefore, brothers and sisters, make every effort to confirm your calling and election, because if you do these things you will never stumble."
    },
    {
        "o": 34570,
        "r": "csb:2 Peter:1:11",
        "t": "For in this way, entry into the eternal kingdom of our Lord and Savior Jesus Christ will be richly provided for you."
    },
    {
        "o": 34571,
        "r": "csb:2 Peter:1:12",
        "t": "Therefore*p I will always remind you about these things, even though you know them and are established in the truth you now have."
    },
    {
        "o": 34572,
        "r": "csb:2 Peter:1:13",
        "t": "I think it is right, as long as I am in this bodily tent, to wake you up with a reminder,"
    },
    {
        "o": 34573,
        "r": "csb:2 Peter:1:14",
        "t": "since I know that I will soon lay aside my tent, as our Lord Jesus Christ has indeed made clear to me."
    },
    {
        "o": 34574,
        "r": "csb:2 Peter:1:15",
        "t": "And I will also make every effort so that you are able to recall these things at any time after my departure."
    },
    {
        "o": 34575,
        "r": "csb:2 Peter:1:15",
        "t": "The Trustworthy Prophetic Word",
        "h": 2
    },
    {
        "o": 34576,
        "r": "csb:2 Peter:1:16",
        "t": "For*p we did not follow cleverly contrived myths when we made known to you the power and coming of our Lord Jesus Christ; instead, we were eyewitnesses of his majesty."
    },
    {
        "o": 34577,
        "r": "csb:2 Peter:1:17",
        "t": "For he received honor and glory from God the Father when the voice came to him from the Majestic Glory, saying “This is my beloved Son, with whom I am well-pleased!”"
    },
    {
        "o": 34578,
        "r": "csb:2 Peter:1:18",
        "t": "We ourselves heard this voice when it came from heaven while we were with him on the holy mountain."
    },
    {
        "o": 34579,
        "r": "csb:2 Peter:1:19",
        "t": "We also have the prophetic word strongly confirmed, and you will do well to pay attention to it, as to a lamp shining in a dark place, until the day dawns and the morning star rises in your hearts."
    },
    {
        "o": 34580,
        "r": "csb:2 Peter:1:20",
        "t": "Above all, you know this: No prophecy of Scripture comes from the prophet’s own interpretation,"
    },
    {
        "o": 34581,
        "r": "csb:2 Peter:1:21",
        "t": "because no prophecy ever came by the will of man; instead, men spoke from God as they were carried along by the Holy Spirit."
    },
    {
        "o": 34582,
        "r": "csb:2 Peter:2:0",
        "t": "2 Peter 2",
        "h": 1
    },
    {
        "o": 34583,
        "r": "csb:2 Peter:2:0",
        "t": "The Judgment of False Teachers",
        "h": 2
    },
    {
        "o": 34584,
        "r": "csb:2 Peter:2:1",
        "t": "There*p were indeed false prophets among the people, just as there will be false teachers among you. They will bring in destructive heresies, even denying the Master who bought them, and will bring swift destruction on themselves."
    },
    {
        "o": 34585,
        "r": "csb:2 Peter:2:2",
        "t": "Many will follow their depraved ways, and the way of truth will be maligned because of them."
    },
    {
        "o": 34586,
        "r": "csb:2 Peter:2:3",
        "t": "They will exploit you in their greed with made-up stories. Their condemnation, pronounced long ago, is not idle, and their destruction does not sleep."
    },
    {
        "o": 34587,
        "r": "csb:2 Peter:2:4",
        "t": "For*p if God didn’t spare the angels who sinned but cast them into hell and delivered them in chains of utter darkness to be kept for judgment;"
    },
    {
        "o": 34588,
        "r": "csb:2 Peter:2:5",
        "t": "and if he didn’t spare the ancient world, but protected Noah, a preacher of righteousness, and seven others, when he brought the flood on the world of the ungodly;"
    },
    {
        "o": 34589,
        "r": "csb:2 Peter:2:6",
        "t": "and if he reduced the cities of Sodom and Gomorrah to ashes and condemned them to extinction, making them an example of what is coming to the ungodly;"
    },
    {
        "o": 34590,
        "r": "csb:2 Peter:2:7",
        "t": "and if he rescued righteous Lot, distressed by the depraved behavior of the immoral"
    },
    {
        "o": 34591,
        "r": "csb:2 Peter:2:8",
        "t": "(for as that righteous man lived among them day by day, his righteous soul was tormented by the lawless deeds he saw and heard ) -"
    },
    {
        "o": 34592,
        "r": "csb:2 Peter:2:9",
        "t": "then the Lord knows how to rescue the godly from trials and to keep the unrighteous under punishment for the day of judgment,"
    },
    {
        "o": 34593,
        "r": "csb:2 Peter:2:10",
        "t": "especially those who follow the polluting desires of the flesh and despise authority. Bold,*p arrogant people! They are not afraid to slander the glorious ones;"
    },
    {
        "o": 34594,
        "r": "csb:2 Peter:2:11",
        "t": "however, angels, who are greater in might and power, do not bring a slanderous charge against them before the Lord."
    },
    {
        "o": 34595,
        "r": "csb:2 Peter:2:12",
        "t": "But these people, like irrational animals - creatures of instinct born to be caught and destroyed - slander what they do not understand, and in their destruction they too will be destroyed."
    },
    {
        "o": 34596,
        "r": "csb:2 Peter:2:13",
        "t": "They will be paid back with harm for the harm they have done. They consider it a pleasure to carouse in broad daylight. They are spots and blemishes, delighting in their deceptions while they feast with you."
    },
    {
        "o": 34597,
        "r": "csb:2 Peter:2:14",
        "t": "They have eyes full of adultery that never stop looking for sin. They seduce unstable people and have hearts trained in greed. Children under a curse!"
    },
    {
        "o": 34598,
        "r": "csb:2 Peter:2:15",
        "t": "They have gone astray by abandoning the straight path and have followed the path of Balaam, the son of Bosor, who loved the wages of wickedness"
    },
    {
        "o": 34599,
        "r": "csb:2 Peter:2:16",
        "t": "but received a rebuke for his lawlessness: A speechless donkey spoke with a human voice and restrained the prophet’s madness."
    },
    {
        "o": 34600,
        "r": "csb:2 Peter:2:17",
        "t": "These*p people are springs without water, mists driven by a storm. The gloom of darkness has been reserved for them."
    },
    {
        "o": 34601,
        "r": "csb:2 Peter:2:18",
        "t": "For by uttering boastful, empty words, they seduce, with fleshly desires and debauchery, people who have barely escaped from those who live in error."
    },
    {
        "o": 34602,
        "r": "csb:2 Peter:2:19",
        "t": "They promise them freedom, but they themselves are slaves of corruption, since people are enslaved to whatever defeats them."
    },
    {
        "o": 34603,
        "r": "csb:2 Peter:2:20",
        "t": "For if, having escaped the world’s impurity through the knowledge of the Lord and Savior Jesus Christ, they are again entangled in these things and defeated, the last state is worse for them than the first."
    },
    {
        "o": 34604,
        "r": "csb:2 Peter:2:21",
        "t": "For it would have been better for them not to have known the way of righteousness than, after knowing it, to turn back from the holy command delivered to them."
    },
    {
        "o": 34605,
        "r": "csb:2 Peter:2:22",
        "t": "It has happened to them according to the true proverb: A*i dog*i returns*i to*i its*i own*i vomit,*i and, “A washed sow returns to wallowing in the mud.”"
    },
    {
        "o": 34606,
        "r": "csb:2 Peter:3:0",
        "t": "2 Peter 3",
        "h": 1
    },
    {
        "o": 34607,
        "r": "csb:2 Peter:3:0",
        "t": "The Day of the Lord",
        "h": 2
    },
    {
        "o": 34608,
        "r": "csb:2 Peter:3:1",
        "t": "Dear*p friends, this is now the second letter I have written to you; in both letters, I want to stir up your sincere understanding by way of reminder,"
    },
    {
        "o": 34609,
        "r": "csb:2 Peter:3:2",
        "t": "so that you recall the words previously spoken by the holy prophets and the command of our Lord and Savior given through your apostles."
    },
    {
        "o": 34610,
        "r": "csb:2 Peter:3:3",
        "t": "Above all, be aware of this: Scoffers will come in the last days scoffing and following their own evil desires,"
    },
    {
        "o": 34611,
        "r": "csb:2 Peter:3:4",
        "t": "saying, “Where is his ‘coming’ that he promised? Ever since our ancestors fell asleep, all things continue as they have been since the beginning of creation.”"
    },
    {
        "o": 34612,
        "r": "csb:2 Peter:3:5",
        "t": "They deliberately overlook this: By the word of God the heavens came into being long ago and the earth was brought about from water and through water."
    },
    {
        "o": 34613,
        "r": "csb:2 Peter:3:6",
        "t": "Through these the world of that time perished when it was flooded."
    },
    {
        "o": 34614,
        "r": "csb:2 Peter:3:7",
        "t": "By the same word, the present heavens and earth are stored up for fire, being kept for the day of judgment and destruction of the ungodly."
    },
    {
        "o": 34615,
        "r": "csb:2 Peter:3:8",
        "t": "Dear*p friends, don’t overlook this one fact: With the Lord one day is like a thousand years, and a thousand years like one day."
    },
    {
        "o": 34616,
        "r": "csb:2 Peter:3:9",
        "t": "The Lord does not delay his promise, as some understand delay, but is patient with you, not wanting any to perish but all to come to repentance."
    },
    {
        "o": 34617,
        "r": "csb:2 Peter:3:10",
        "t": "But*p the day of the Lord will come like a thief; on that day the heavens will pass away with a loud noise, the elements will burn and be dissolved, and the earth and the works on it will be disclosed."
    },
    {
        "o": 34618,
        "r": "csb:2 Peter:3:11",
        "t": "Since all these things are to be dissolved in this way, it is clear what sort of people you should be in holy conduct and godliness"
    },
    {
        "o": 34619,
        "r": "csb:2 Peter:3:12",
        "t": "as you wait for the day of God and hasten its coming. Because of that day, the heavens will be dissolved with fire and the elements will melt with heat."
    },
    {
        "o": 34620,
        "r": "csb:2 Peter:3:13",
        "t": "But based on his promise, we wait for new heavens and a new earth, where righteousness dwells."
    },
    {
        "o": 34621,
        "r": "csb:2 Peter:3:13",
        "t": "Conclusion",
        "h": 2
    },
    {
        "o": 34622,
        "r": "csb:2 Peter:3:14",
        "t": "Therefore,*p dear friends, while you wait for these things, make every effort to be found without spot or blemish in his sight, at peace."
    },
    {
        "o": 34623,
        "r": "csb:2 Peter:3:15",
        "t": "Also, regard the patience of our Lord as salvation, just as our dear brother Paul has written to you according to the wisdom given to him."
    },
    {
        "o": 34624,
        "r": "csb:2 Peter:3:16",
        "t": "He speaks about these things in all his letters. There are some things hard to understand in them. The untaught and unstable will twist them to their own destruction, as they also do with the rest of the Scriptures."
    },
    {
        "o": 34625,
        "r": "csb:2 Peter:3:17",
        "t": "Therefore,*p dear friends, since you know this in advance, be on your guard, so that you are not led away by the error of lawless people and fall from your own stable position."
    },
    {
        "o": 34626,
        "r": "csb:2 Peter:3:18",
        "t": "But grow in the grace and knowledge of our Lord and Savior Jesus Christ. To him be the glory both now and to the day of eternity."
    }
]
