[
    {
        "o": 34677,
        "r": "csb:1 John:3:1",
        "w": 3,
        "l": {},
        "t": "3:1*r Or what sort of love",
        "a": "a"
    },
    {
        "o": 34678,
        "r": "csb:1 John:3:2",
        "w": 16,
        "l": {},
        "c": "2Co 4:11*32690; 1Pt 5:4*34545; 1Jn 2:28*34674",
        "a": "b"
    },
    {
        "o": 34678,
        "r": "csb:1 John:3:2",
        "w": 22,
        "l": {},
        "t": "3:2*r Or when it appears",
        "a": "c"
    },
    {
        "o": 34678,
        "r": "csb:1 John:3:2",
        "w": 27,
        "l": {},
        "c": "Rm 8:29*31854; 1Co 15:49*32566; 2Co 3:18*32676; Php 3:21*33342; 2Pt 1:4*34563",
        "a": "d"
    },
    {
        "o": 34678,
        "r": "csb:1 John:3:2",
        "w": 35,
        "l": {},
        "c": "1Co 13:12*32466; Heb 12:14*34263; Rv 22:4*35293",
        "a": "e"
    },
    {
        "o": 34679,
        "r": "csb:1 John:3:3",
        "w": 5,
        "l": {},
        "c": "Ac 23:6*31391; 1Th 1:3*33485",
        "a": "f"
    },
    {
        "o": 34679,
        "r": "csb:1 John:3:3",
        "w": 14,
        "l": {},
        "c": "Php 4:8*33352",
        "a": "g"
    },
    {
        "o": 34681,
        "r": "csb:1 John:3:5",
        "w": 12,
        "l": {},
        "t": "3:5*r Other mss read our sins",
        "a": "h"
    },
    {
        "o": 34681,
        "r": "csb:1 John:3:5",
        "w": 12,
        "l": {},
        "c": "Jn 1:29*29495; 1Co 15:3*32515; Heb 10:4*34166; 1Pt 2:24*34489",
        "a": "i"
    },
    {
        "o": 34681,
        "r": "csb:1 John:3:5",
        "w": 19,
        "l": {},
        "c": "2Co 5:21*32721; Heb 4:15*34041; 7:26*34111; 1Pt 2:21–22*34486; 3:18*34512; 1Jn 2:29*34675",
        "a": "j"
    },
    {
        "o": 34682,
        "r": "csb:1 John:3:6",
        "w": 4,
        "l": {},
        "c": "Jn 15:4–7*30198; 1Jn 2:6,24,27–28*34647; 3:24*34701; 4:13,15–16*34717",
        "a": "k"
    },
    {
        "o": 34682,
        "r": "csb:1 John:3:6",
        "w": 7,
        "l": {},
        "t": "3:6*r Or not keep on sinning",
        "a": "l"
    },
    {
        "o": 34682,
        "r": "csb:1 John:3:6",
        "w": 7,
        "l": {},
        "c": "Rm 6:11–12*31779; 1Jn 2:29*34675; 5:18*34747",
        "a": "m"
    },
    {
        "o": 34682,
        "r": "csb:1 John:3:6",
        "w": 10,
        "l": {},
        "t": "3:6*r Or who keeps on sinning",
        "a": "n"
    },
    {
        "o": 34684,
        "r": "csb:1 John:3:8",
        "w": 3,
        "l": {},
        "t": "3:8*r Or practices",
        "a": "o"
    },
    {
        "o": 34684,
        "r": "csb:1 John:3:8",
        "w": 20,
        "l": {},
        "c": "Mk 1:11*27362",
        "a": "p"
    },
    {
        "o": 34684,
        "r": "csb:1 John:3:8",
        "w": 22,
        "l": {},
        "c": "Jn 21:1*30430; 2Co 4:11*32690; 1Pt 5:4*34545; 1Jn 5:20*34749",
        "a": "q"
    },
    {
        "o": 34685,
        "r": "csb:1 John:3:9",
        "w": 6,
        "l": {},
        "c": "1Jn 2:29*34675",
        "a": "r"
    },
    {
        "o": 34685,
        "r": "csb:1 John:3:9",
        "w": 9,
        "l": {},
        "t": "3:9*r Or not practice sin",
        "a": "s"
    },
    {
        "o": 34685,
        "r": "csb:1 John:3:9",
        "w": 12,
        "l": {},
        "c": "1Pt 1:23*34459",
        "a": "t"
    },
    {
        "o": 34685,
        "r": "csb:1 John:3:9",
        "w": 21,
        "l": {},
        "t": "3:9*r Or to keep on sinning",
        "a": "u"
    },
    {
        "o": 34686,
        "r": "csb:1 John:3:10",
        "w": 32,
        "l": {},
        "c": "1Jn 2:10*34651; 3:14–17*34691; 4:20–21*34724",
        "a": "v"
    },
    {
        "o": 34689,
        "r": "csb:1 John:3:12",
        "w": 1,
        "l": {},
        "c": "Gn 4:1*90; Jd 11*34803",
        "a": "w"
    },
    {
        "o": 34689,
        "r": "csb:1 John:3:12",
        "w": 7,
        "l": {},
        "c": "2Th 3:3*33626",
        "a": "x"
    },
    {
        "o": 34690,
        "r": "csb:1 John:3:13",
        "w": 10,
        "l": {},
        "c": "Jn 17:14*30277",
        "a": "y"
    },
    {
        "o": 34691,
        "r": "csb:1 John:3:14",
        "w": 25,
        "l": {},
        "c": "Jn 8:51*29890",
        "a": "z"
    },
    {
        "o": 34692,
        "r": "csb:1 John:3:15",
        "w": 6,
        "l": {},
        "c": "1Jn 2:9,11*34650; 4:20*34724",
        "a": "a"
    },
    {
        "o": 34692,
        "r": "csb:1 John:3:15",
        "w": 9,
        "l": {},
        "c": "Mt 5:21–22*26237; Jn 8:44*29882",
        "a": "b"
    },
    {
        "o": 34693,
        "r": "csb:1 John:3:16",
        "w": 13,
        "l": {},
        "c": "Jn 10:11,14,17–18*29956; 13:37–38*30153; 15:13*30208",
        "a": "c"
    },
    {
        "o": 34693,
        "r": "csb:1 John:3:16",
        "w": 15,
        "l": {},
        "c": "Is 53:10*20970; Mk 10:45*27827",
        "a": "d"
    },
    {
        "o": 34693,
        "r": "csb:1 John:3:16",
        "w": 27,
        "l": {},
        "c": "Mk 8:34–35*27715; 1Co 11:1*32383; Php 2:5–8*33291",
        "a": "e"
    },
    {
        "o": 34694,
        "r": "csb:1 John:3:17",
        "w": 5,
        "l": {},
        "c": "Mk 12:44*27924; Lk 15:12*28957; 1Jn 2:16*34659",
        "a": "f"
    },
    {
        "o": 34694,
        "r": "csb:1 John:3:17",
        "w": 10,
        "l": {},
        "t": "3:17*r Lit sees his brother or sister",
        "a": "g"
    },
    {
        "o": 34694,
        "r": "csb:1 John:3:17",
        "w": 12,
        "l": {},
        "c": "Ac 2:45*30539",
        "a": "h"
    },
    {
        "o": 34694,
        "r": "csb:1 John:3:17",
        "w": 15,
        "l": {},
        "c": "2Co 7:15*32759",
        "a": "i"
    },
    {
        "o": 34694,
        "r": "csb:1 John:3:17",
        "w": 24,
        "l": {},
        "c": "Jms 2:15–16*34355; 1Jn 2:5*34646",
        "a": "j"
    },
    {
        "o": 34695,
        "r": "csb:1 John:3:18",
        "w": 15,
        "l": {},
        "c": "Mt 7:21*26335; Jn 13:34–35*30149; 15:12–17*30207; Jms 1:22–25*34332; 2:14–17*34354",
        "a": "k"
    },
    {
        "o": 34696,
        "r": "csb:1 John:3:19",
        "w": 11,
        "l": {},
        "c": "Jn 14:6*30162; 2Co 11:10*32836; 3Jn 3*34772",
        "a": "l"
    },
    {
        "o": 34697,
        "r": "csb:1 John:3:20",
        "w": 16,
        "l": {},
        "c": "Ps 139:6*18184; Pr 2:6*18412; Jn 14:28*30189",
        "a": "m"
    },
    {
        "o": 34699,
        "r": "csb:1 John:3:22",
        "w": 11,
        "l": {},
        "c": "Mk 7:8*27644; Jn 14:15*30174; 1Jn 2:3*34644; 5:2*34728",
        "a": "n"
    },
    {
        "o": 34700,
        "r": "csb:1 John:3:23",
        "w": 10,
        "l": {},
        "c": "Ps 33:21*16004; Is 50:10*20916; Jn 1:12*29476; 3:18*29566; 1Jn 5:13*34741",
        "a": "o"
    },
    {
        "o": 34701,
        "r": "csb:1 John:3:24",
        "w": 8,
        "l": {},
        "c": "Lk 11:13*28742; Jn 15:4–7*30198; Ac 5:32*30652; 15:8*31062",
        "a": "p"
    },
    {
        "o": 34701,
        "r": "csb:1 John:3:24",
        "w": 22,
        "l": {},
        "c": "Jn 6:56*29757",
        "a": "q"
    },
    {
        "o": 34701,
        "r": "csb:1 John:3:24",
        "w": 26,
        "l": {},
        "c": "Rm 8:9–16*31832",
        "a": "r"
    }
]
