[
    {
        "o": 8615,
        "r": "csb:1 Samuel:22:1",
        "w": 11,
        "l": {},
        "c": "Ps 57*16457; Ps 142*18234",
        "a": "a"
    },
    {
        "o": 8616,
        "r": "csb:1 Samuel:22:2",
        "w": 25,
        "l": {},
        "c": "1Sm 23:13*8653; 25:13*8710",
        "a": "b"
    },
    {
        "o": 8619,
        "r": "csb:1 Samuel:22:5",
        "w": 3,
        "l": {},
        "c": "1Ch 21:9*12130; 29:29*12403; 2Ch 29:25*13131",
        "a": "c"
    },
    {
        "o": 8620,
        "r": "csb:1 Samuel:22:6",
        "w": 21,
        "l": {},
        "c": "Jdg 4:5*7316; 1Sm 14:2*8313",
        "a": "d"
    },
    {
        "o": 8621,
        "r": "csb:1 Samuel:22:7",
        "w": 35,
        "l": {},
        "c": "1Sm 8:12*8171",
        "a": "e"
    },
    {
        "o": 8622,
        "r": "csb:1 Samuel:22:8",
        "w": 21,
        "l": {},
        "c": "1Sm 18:3*8495; 20:16*8568",
        "a": "f"
    },
    {
        "o": 8622,
        "r": "csb:1 Samuel:22:8",
        "w": 27,
        "l": {},
        "c": "1Sm 23:21*8663",
        "a": "g"
    },
    {
        "o": 8623,
        "r": "csb:1 Samuel:22:9",
        "w": 3,
        "l": {},
        "c": "Ps 52*16384",
        "a": "h"
    },
    {
        "o": 8623,
        "r": "csb:1 Samuel:22:9",
        "w": 23,
        "l": {},
        "c": "1Sm 21:1*8597; Ps 52*16384",
        "a": "i"
    },
    {
        "o": 8624,
        "r": "csb:1 Samuel:22:10",
        "w": 6,
        "l": {},
        "c": "1Sm 10:22*8234",
        "a": "j"
    },
    {
        "o": 8624,
        "r": "csb:1 Samuel:22:10",
        "w": 10,
        "l": {},
        "c": "1Sm 21:6,9*8602",
        "a": "k"
    },
    {
        "o": 8624,
        "r": "csb:1 Samuel:22:10",
        "w": 20,
        "l": {},
        "c": "1Sm 21:2–9*8598",
        "a": "l"
    },
    {
        "o": 8627,
        "r": "csb:1 Samuel:22:12",
        "w": 10,
        "l": {},
        "c": "1Sm 3:4–6*8058; 2Sm 1:7*8879",
        "a": "m"
    },
    {
        "o": 8628,
        "r": "csb:1 Samuel:22:13",
        "w": 40,
        "l": {},
        "c": "1Sm 22:8*8622",
        "a": "n"
    },
    {
        "o": 8629,
        "r": "csb:1 Samuel:22:14",
        "w": 14,
        "l": {},
        "c": "1Sm 19:4–5*8530",
        "a": "o"
    },
    {
        "o": 8630,
        "r": "csb:1 Samuel:22:15",
        "w": 10,
        "l": {},
        "c": "2Sm 5:19,23*9010",
        "a": "p"
    },
    {
        "o": 8630,
        "r": "csb:1 Samuel:22:15",
        "w": 37,
        "l": {},
        "t": "22:15*r Lit didn’t know a thing, small or large",
        "a": "q"
    },
    {
        "o": 8632,
        "r": "csb:1 Samuel:22:17",
        "w": 16,
        "l": {},
        "c": "2Kg 10:25*10860; 2Ch 12:10*12697",
        "a": "r"
    },
    {
        "o": 8633,
        "r": "csb:1 Samuel:22:18",
        "w": 27,
        "l": {},
        "c": "1Sm 2:31*8047",
        "a": "s"
    },
    {
        "o": 8633,
        "r": "csb:1 Samuel:22:18",
        "w": 31,
        "l": {},
        "c": "Ex 28:4*2539; 1Sm 2:28*8044",
        "a": "t"
    },
    {
        "o": 8634,
        "r": "csb:1 Samuel:22:19",
        "w": 24,
        "l": {},
        "c": "1Sm 2:18*8034",
        "a": "u"
    },
    {
        "o": 8635,
        "r": "csb:1 Samuel:22:20",
        "w": 14,
        "l": {},
        "c": "1Sm 23:9*8649; 30:7*8831; 2Sm 2:1*8902; 1Kg 2:26–27*9718",
        "a": "v"
    },
    {
        "o": 8635,
        "r": "csb:1 Samuel:22:20",
        "w": 19,
        "l": {},
        "c": "1Sm 2:33*8049",
        "a": "w"
    },
    {
        "o": 8637,
        "r": "csb:1 Samuel:22:22",
        "w": 10,
        "l": {},
        "c": "1Sm 21:7*8603",
        "a": "x"
    },
    {
        "o": 8637,
        "r": "csb:1 Samuel:22:22",
        "w": 28,
        "l": {},
        "t": "22:22*r LXX, Syr, Vg; MT reads I myself turn in",
        "a": "y"
    },
    {
        "o": 8638,
        "r": "csb:1 Samuel:22:23",
        "w": 19,
        "l": {},
        "c": "1Kg 2:26*9718",
        "a": "z"
    }
]
