[
    {
        "o": 9412,
        "r": "csb:2 Samuel:19:4",
        "w": 5,
        "l": {},
        "c": "2Sm 15:30*9305",
        "a": "a"
    },
    {
        "o": 9414,
        "r": "csb:2 Samuel:19:6",
        "w": 46,
        "l": {},
        "t": "19:6*r Lit be right in your eyes",
        "a": "b"
    },
    {
        "o": 9415,
        "r": "csb:2 Samuel:19:7",
        "w": 6,
        "l": {},
        "t": "19:7*r Lit speak to the heart of",
        "a": "c"
    },
    {
        "o": 9415,
        "r": "csb:2 Samuel:19:7",
        "w": 28,
        "l": {},
        "c": "Pr 14:28*18802",
        "a": "d"
    },
    {
        "o": 9416,
        "r": "csb:2 Samuel:19:8",
        "w": 10,
        "l": {},
        "c": "2Sm 18:4,24,33*9376",
        "a": "e"
    },
    {
        "o": 9416,
        "r": "csb:2 Samuel:19:8",
        "w": 41,
        "l": {},
        "c": "2Sm 18:17*9390",
        "a": "f"
    },
    {
        "o": 9417,
        "r": "csb:2 Samuel:19:9",
        "w": 21,
        "l": {},
        "c": "2Sm 8:1–14*9076",
        "a": "g"
    },
    {
        "o": 9417,
        "r": "csb:2 Samuel:19:9",
        "w": 31,
        "l": {},
        "c": "2Sm 5:20*9011; 8:1*9076",
        "a": "h"
    },
    {
        "o": 9417,
        "r": "csb:2 Samuel:19:9",
        "w": 42,
        "l": {},
        "c": "2Sm 15:14*9289",
        "a": "i"
    },
    {
        "o": 9419,
        "r": "csb:2 Samuel:19:11",
        "w": 9,
        "l": {},
        "c": "2Sm 15:29*9304",
        "a": "j"
    },
    {
        "o": 9420,
        "r": "csb:2 Samuel:19:12",
        "w": 7,
        "l": {},
        "t": "19:12*r Lit my bone and my flesh",
        "a": "k"
    },
    {
        "o": 9420,
        "r": "csb:2 Samuel:19:12",
        "w": 7,
        "l": {},
        "c": "Gn 29:14*896; 2Sm 5:1*8992",
        "a": "l"
    },
    {
        "o": 9421,
        "r": "csb:2 Samuel:19:13",
        "w": 2,
        "l": {},
        "c": "2Sm 17:25*9366",
        "a": "m"
    },
    {
        "o": 9421,
        "r": "csb:2 Samuel:19:13",
        "w": 8,
        "l": {},
        "t": "19:13*r Lit my bone and my flesh?",
        "a": "n"
    },
    {
        "o": 9422,
        "r": "csb:2 Samuel:19:14",
        "w": 3,
        "l": {},
        "t": "19:14*r Lit he turned the heart of",
        "a": "o"
    },
    {
        "o": 9424,
        "r": "csb:2 Samuel:19:16",
        "w": 3,
        "l": {},
        "c": "2Sm 16:5*9320; 1Kg 2:8*9698",
        "a": "p"
    },
    {
        "o": 9425,
        "r": "csb:2 Samuel:19:17",
        "w": 16,
        "l": {},
        "c": "2Sm 16:1–4*9315",
        "a": "q"
    },
    {
        "o": 9426,
        "r": "csb:2 Samuel:19:18",
        "w": 15,
        "l": {},
        "t": "19:18*r Lit do what is good in his eyes",
        "a": "r"
    },
    {
        "o": 9427,
        "r": "csb:2 Samuel:19:19",
        "w": 24,
        "l": {},
        "c": "2Sm 16:5–13*9320",
        "a": "s"
    },
    {
        "o": 9429,
        "r": "csb:2 Samuel:19:21",
        "w": 18,
        "l": {},
        "c": "Ex 22:28*2364",
        "a": "t"
    },
    {
        "o": 9430,
        "r": "csb:2 Samuel:19:22",
        "w": 9,
        "l": {},
        "c": "2Sm 3:39*8975; 16:10*9325",
        "a": "u"
    },
    {
        "o": 9431,
        "r": "csb:2 Samuel:19:23",
        "w": 16,
        "l": {},
        "c": "1Kg 2:8–9,37,46*9698",
        "a": "v"
    },
    {
        "o": 9432,
        "r": "csb:2 Samuel:19:24",
        "w": 0,
        "l": {},
        "c": "2Sm 9:6*9101",
        "a": "w"
    },
    {
        "o": 9434,
        "r": "csb:2 Samuel:19:26",
        "w": 20,
        "l": {},
        "t": "19:26*r LXX, Syr, Vg read said to him, ‘Saddle the donkey for me",
        "a": "x"
    },
    {
        "o": 9434,
        "r": "csb:2 Samuel:19:26",
        "w": 36,
        "l": {},
        "c": "2Sm 4:4*8981; 9:3*9098",
        "a": "y"
    },
    {
        "o": 9435,
        "r": "csb:2 Samuel:19:27",
        "w": 8,
        "l": {},
        "c": "2Sm 16:1–4*9315",
        "a": "z"
    },
    {
        "o": 9435,
        "r": "csb:2 Samuel:19:27",
        "w": 19,
        "l": {},
        "c": "2Sm 14:17,20*9257",
        "a": "a"
    },
    {
        "o": 9435,
        "r": "csb:2 Samuel:19:27",
        "w": 25,
        "l": {},
        "t": "19:27*r Lit do what is good in your eyes",
        "a": "b"
    },
    {
        "o": 9436,
        "r": "csb:2 Samuel:19:28",
        "w": 23,
        "l": {},
        "c": "2Sm 9:1–13*9096",
        "a": "c"
    },
    {
        "o": 9437,
        "r": "csb:2 Samuel:19:29",
        "w": 24,
        "l": {},
        "c": "2Sm 9:9*9104; 16:4*9319",
        "a": "d"
    },
    {
        "o": 9439,
        "r": "csb:2 Samuel:19:31",
        "w": 2,
        "l": {},
        "c": "1Kg 2:7*9697",
        "a": "e"
    },
    {
        "o": 9440,
        "r": "csb:2 Samuel:19:32",
        "w": 30,
        "l": {},
        "c": "2Sm 17:27–29*9368",
        "a": "f"
    },
    {
        "o": 9441,
        "r": "csb:2 Samuel:19:33",
        "w": 13,
        "l": {},
        "t": "19:33*r LXX reads for your old age; Ru 4:15",
        "a": "g"
    },
    {
        "o": 9443,
        "r": "csb:2 Samuel:19:35",
        "w": 4,
        "l": {},
        "c": "Ps 90:10*17179",
        "a": "h"
    },
    {
        "o": 9443,
        "r": "csb:2 Samuel:19:35",
        "w": 47,
        "l": {},
        "c": "2Sm 15:33*9308",
        "a": "i"
    },
    {
        "o": 9445,
        "r": "csb:2 Samuel:19:37",
        "w": 27,
        "l": {},
        "c": "1Kg 2:7*9697; Jr 41:17*22414",
        "a": "j"
    },
    {
        "o": 9445,
        "r": "csb:2 Samuel:19:37",
        "w": 44,
        "l": {},
        "t": "19:37*r Lit what is good in your eyes, also in v. 38",
        "a": "k"
    },
    {
        "o": 9450,
        "r": "csb:2 Samuel:19:42",
        "w": 35,
        "l": {},
        "t": "19:42*r LXX reads king’s or has he given us a gift or granted us a portion",
        "a": "l"
    },
    {
        "o": 9451,
        "r": "csb:2 Samuel:19:43",
        "w": 15,
        "l": {},
        "c": "1Kg 11:31*10099",
        "a": "m"
    },
    {
        "o": 9451,
        "r": "csb:2 Samuel:19:43",
        "w": 41,
        "l": {},
        "c": "2Sm 19:9–10*9417",
        "a": "n"
    }
]
