[
    {
        "o": 33589,
        "r": "csb:2 Thessalonians:1:1",
        "w": 1,
        "l": {},
        "t": "1:1*r Or Silas; Ac 15:22–32; 16:19–40; 17:1–16",
        "a": "a"
    },
    {
        "o": 33589,
        "r": "csb:2 Thessalonians:1:1",
        "w": 1,
        "l": {},
        "c": "Ac 15:22*31077; 2Co 1:19*32628; 1Th 1:1*33483; 1Pt 5:12*34554",
        "a": "b"
    },
    {
        "o": 33589,
        "r": "csb:2 Thessalonians:1:1",
        "w": 3,
        "l": {},
        "c": "Ac 16:1*31100; 1Tm 1:2*33648",
        "a": "c"
    },
    {
        "o": 33589,
        "r": "csb:2 Thessalonians:1:1",
        "w": 9,
        "l": {},
        "c": "Ac 17:1*31147",
        "a": "d"
    },
    {
        "o": 33592,
        "r": "csb:2 Thessalonians:1:3",
        "w": 21,
        "l": {},
        "c": "1Co 13:1*32455; 1Jn 4:16*34720",
        "a": "e"
    },
    {
        "o": 33592,
        "r": "csb:2 Thessalonians:1:3",
        "w": 29,
        "l": {},
        "c": "Php 2:2*33287",
        "a": "f"
    },
    {
        "o": 33592,
        "r": "csb:2 Thessalonians:1:3",
        "w": 31,
        "l": {},
        "c": "1Th 4:10*33546",
        "a": "g"
    },
    {
        "o": 33593,
        "r": "csb:2 Thessalonians:1:4",
        "w": 3,
        "l": {},
        "c": "2Co 12:5*32867",
        "a": "h"
    },
    {
        "o": 33594,
        "r": "csb:2 Thessalonians:1:5",
        "w": 6,
        "l": {},
        "c": "1Jn 1:9*34638",
        "a": "i"
    },
    {
        "o": 33594,
        "r": "csb:2 Thessalonians:1:5",
        "w": 7,
        "l": {},
        "c": "Mt 12:41*26561; Jn 5:22,27,30*29670; 8:16*29852; 16:11*30236; Heb 9:27*34159; Jms 2:13*34353; 2Pt 3:7*34614; Rv 14:7*35110; 16:7*35146; 19:2*35216",
        "a": "j"
    },
    {
        "o": 33594,
        "r": "csb:2 Thessalonians:1:5",
        "w": 22,
        "l": {},
        "c": "Php 1:29*33282",
        "a": "k"
    },
    {
        "o": 33597,
        "r": "csb:2 Thessalonians:1:8",
        "w": 6,
        "l": {},
        "c": "1Co 3:13*32178; Heb 10:27*34191; 12:29*34278; 2Pt 3:7*34614; Rv 14:10*35113",
        "a": "l"
    },
    {
        "o": 33597,
        "r": "csb:2 Thessalonians:1:8",
        "w": 12,
        "l": {},
        "c": "Ps 79:6*16947; Is 66:15*21216; Jr 10:25*21548",
        "a": "m"
    },
    {
        "o": 33597,
        "r": "csb:2 Thessalonians:1:8",
        "w": 24,
        "l": {},
        "c": "1Pt 4:17*34537",
        "a": "n"
    },
    {
        "o": 33598,
        "r": "csb:2 Thessalonians:1:9",
        "w": 7,
        "l": {},
        "c": "1Tm 6:9*33766",
        "a": "o"
    },
    {
        "o": 33598,
        "r": "csb:2 Thessalonians:1:9",
        "w": 11,
        "l": {},
        "c": "Gn 4:14*103",
        "a": "p"
    },
    {
        "o": 33598,
        "r": "csb:2 Thessalonians:1:9",
        "w": 16,
        "l": {},
        "c": "Is 2:10,19,21*19809",
        "a": "q"
    },
    {
        "o": 33599,
        "r": "csb:2 Thessalonians:1:10",
        "w": 5,
        "l": {},
        "c": "Mk 8:38*27719",
        "a": "r"
    },
    {
        "o": 33599,
        "r": "csb:2 Thessalonians:1:10",
        "w": 8,
        "l": {},
        "c": "Jn 17:10*30273; Rm 8:17*31842",
        "a": "s"
    },
    {
        "o": 33599,
        "r": "csb:2 Thessalonians:1:10",
        "w": 11,
        "l": {},
        "c": "Eph 5:3*33186; 6:18*33241",
        "a": "t"
    },
    {
        "o": 33600,
        "r": "csb:2 Thessalonians:1:11",
        "w": 18,
        "l": {},
        "c": "Eph 4:1*33150; Col 3:15*33447",
        "a": "u"
    },
    {
        "o": 33600,
        "r": "csb:2 Thessalonians:1:11",
        "w": 29,
        "l": {},
        "t": "1:11*r Or power bring to fruition your desire to do good",
        "a": "v"
    },
    {
        "o": 33600,
        "r": "csb:2 Thessalonians:1:11",
        "w": 35,
        "l": {},
        "c": "Gl 2:16*32947; 1Th 1:3*33485",
        "a": "w"
    },
    {
        "o": 33601,
        "r": "csb:2 Thessalonians:1:12",
        "w": 3,
        "l": {},
        "c": "Jn 14:13*30171; Ac 3:16*30560; 15:14*31068; Php 2:10*33296",
        "a": "x"
    },
    {
        "o": 33601,
        "r": "csb:2 Thessalonians:1:12",
        "w": 10,
        "l": {},
        "c": "Is 24:15*20285; 49:3*20880; 66:5*21206; Mal 1:11*26046; 2Co 8:23*32786",
        "a": "y"
    },
    {
        "o": 33601,
        "r": "csb:2 Thessalonians:1:12",
        "w": 16,
        "l": {},
        "c": "Jn 13:31*30146",
        "a": "z"
    }
]
