[
    {
        "o": 10189,
        "r": "csb:1 Kings:14:1",
        "w": 8,
        "l": {},
        "c": "1Kg 14:12,17–18*10200",
        "a": "a"
    },
    {
        "o": 10190,
        "r": "csb:1 Kings:14:2",
        "w": 7,
        "l": {},
        "c": "1Sm 28:8*8792; 2Sm 14:2–3*9242",
        "a": "b"
    },
    {
        "o": 10190,
        "r": "csb:1 Kings:14:2",
        "w": 19,
        "l": {},
        "c": "Jos 18:1*6961",
        "a": "c"
    },
    {
        "o": 10190,
        "r": "csb:1 Kings:14:2",
        "w": 36,
        "l": {},
        "c": "1Kg 11:29–39*10097",
        "a": "d"
    },
    {
        "o": 10191,
        "r": "csb:1 Kings:14:3",
        "w": 13,
        "l": {},
        "c": "1Sm 9:7–8*8190",
        "a": "e"
    },
    {
        "o": 10192,
        "r": "csb:1 Kings:14:4",
        "w": 19,
        "l": {},
        "t": "14:4*r Lit see, for his eyes stood; 1Sm 4:15",
        "a": "f"
    },
    {
        "o": 10192,
        "r": "csb:1 Kings:14:4",
        "w": 23,
        "l": {},
        "c": "1Sm 3:2*8056; 4:15*8094",
        "a": "g"
    },
    {
        "o": 10193,
        "r": "csb:1 Kings:14:5",
        "w": 37,
        "l": {},
        "c": "2Sm 14:1–2*9241",
        "a": "h"
    },
    {
        "o": 10194,
        "r": "csb:1 Kings:14:6",
        "w": 21,
        "l": {},
        "c": "1Sm 28:12*8796",
        "a": "i"
    },
    {
        "o": 10196,
        "r": "csb:1 Kings:14:8",
        "w": 13,
        "l": {},
        "c": "1Kg 11:28–31*10096; 16:2*10262",
        "a": "j"
    },
    {
        "o": 10197,
        "r": "csb:1 Kings:14:9",
        "w": 9,
        "l": {},
        "c": "1Kg 16:25,30*10288",
        "a": "k"
    },
    {
        "o": 10197,
        "r": "csb:1 Kings:14:9",
        "w": 26,
        "l": {},
        "c": "1Kg 11:33*10101; 12:28–33*10144",
        "a": "l"
    },
    {
        "o": 10197,
        "r": "csb:1 Kings:14:9",
        "w": 34,
        "l": {},
        "c": "Neh 9:26*13952; Ps 50:17*16353",
        "a": "m"
    },
    {
        "o": 10198,
        "r": "csb:1 Kings:14:10",
        "w": 22,
        "l": {},
        "t": "14:10*r Lit eliminate Jeroboam’s one who urinates against the wall",
        "a": "n"
    },
    {
        "o": 10198,
        "r": "csb:1 Kings:14:10",
        "w": 26,
        "l": {},
        "t": "14:10*r Or males, even the weak and impaired; Hb obscure",
        "a": "o"
    },
    {
        "o": 10198,
        "r": "csb:1 Kings:14:10",
        "w": 46,
        "l": {},
        "c": "1Kg 15:29*10253; 21:21–22*10471",
        "a": "p"
    },
    {
        "o": 10199,
        "r": "csb:1 Kings:14:11",
        "w": 22,
        "l": {},
        "t": "14:11*r Lit birds of the sky",
        "a": "q"
    },
    {
        "o": 10199,
        "r": "csb:1 Kings:14:11",
        "w": 24,
        "l": {},
        "c": "1Kg 16:4*10264; 21:24*10474",
        "a": "r"
    },
    {
        "o": 10200,
        "r": "csb:1 Kings:14:12",
        "w": 19,
        "l": {},
        "c": "1Kg 14:17*10205",
        "a": "s"
    },
    {
        "o": 10201,
        "r": "csb:1 Kings:14:13",
        "w": 39,
        "l": {},
        "c": "2Ch 12:12*12700; 19:3*12852",
        "a": "t"
    },
    {
        "o": 10202,
        "r": "csb:1 Kings:14:14",
        "w": 18,
        "l": {},
        "c": "1Kg 15:27–29*10251",
        "a": "u"
    },
    {
        "o": 10202,
        "r": "csb:1 Kings:14:14",
        "w": 23,
        "l": {},
        "t": "14:14*r Hb obscure",
        "a": "v"
    },
    {
        "o": 10203,
        "r": "csb:1 Kings:14:15",
        "w": 9,
        "l": {},
        "t": "14:15*r so that they will supplied for clarity",
        "a": "w"
    },
    {
        "o": 10203,
        "r": "csb:1 Kings:14:15",
        "w": 30,
        "l": {},
        "c": "Dt 29:28*6304",
        "a": "x"
    },
    {
        "o": 10203,
        "r": "csb:1 Kings:14:15",
        "w": 37,
        "l": {},
        "c": "2Kg 15:29*11023; 17:6*11067",
        "a": "y"
    },
    {
        "o": 10203,
        "r": "csb:1 Kings:14:15",
        "w": 46,
        "l": {},
        "c": "Ex 34:14–15*2777; Dt 12:3–4*5768",
        "a": "z"
    },
    {
        "o": 10204,
        "r": "csb:1 Kings:14:16",
        "w": 16,
        "l": {},
        "c": "1Kg 12:28–33*10144; 13:34*10186; 15:30*10254",
        "a": "a"
    },
    {
        "o": 10205,
        "r": "csb:1 Kings:14:17",
        "w": 10,
        "l": {},
        "c": "1Kg 15:33*10258; Sg 6:4*19711",
        "a": "b"
    },
    {
        "o": 10206,
        "r": "csb:1 Kings:14:18",
        "w": 24,
        "l": {},
        "c": "1Kg 14:12–13*10200",
        "a": "c"
    },
    {
        "o": 10207,
        "r": "csb:1 Kings:14:19",
        "w": 13,
        "l": {},
        "c": "1Kg 14:30*10219; 2Ch 13:2–20*12708",
        "a": "d"
    },
    {
        "o": 10208,
        "r": "csb:1 Kings:14:20",
        "w": 21,
        "l": {},
        "c": "1Kg 15:25–26*10249",
        "a": "e"
    },
    {
        "o": 10210,
        "r": "csb:1 Kings:14:21",
        "w": 6,
        "l": {},
        "c": "1Kg 12:1–24*10115",
        "a": "f"
    },
    {
        "o": 10210,
        "r": "csb:1 Kings:14:21",
        "w": 38,
        "l": {},
        "c": "Dt 12:5*5770; 1Kg 9:3*10005; 11:32,36*10100",
        "a": "g"
    },
    {
        "o": 10210,
        "r": "csb:1 Kings:14:21",
        "w": 45,
        "l": {},
        "c": "2Ch 12:13*12701",
        "a": "h"
    },
    {
        "o": 10211,
        "r": "csb:1 Kings:14:22",
        "w": 8,
        "l": {},
        "c": "2Kg 17:19*11080; 2Ch 12:1,14*12688",
        "a": "i"
    },
    {
        "o": 10211,
        "r": "csb:1 Kings:14:22",
        "w": 14,
        "l": {},
        "c": "Dt 32:21*6384",
        "a": "j"
    },
    {
        "o": 10212,
        "r": "csb:1 Kings:14:23",
        "w": 6,
        "l": {},
        "c": "1Kg 3:2*9744; 12:31*10147",
        "a": "k"
    },
    {
        "o": 10212,
        "r": "csb:1 Kings:14:23",
        "w": 8,
        "l": {},
        "c": "Ex 23:24*2395; Dt 16:21–22*5907",
        "a": "l"
    },
    {
        "o": 10213,
        "r": "csb:1 Kings:14:24",
        "w": 8,
        "l": {},
        "c": "Dt 23:17*6089",
        "a": "m"
    },
    {
        "o": 10213,
        "r": "csb:1 Kings:14:24",
        "w": 24,
        "l": {},
        "c": "Ex 23:24*2395; Dt 18:9*5944; 2Kg 16:3*11038; 17:15*11076; 21:2*11218; 3Jn 11*34782",
        "a": "n"
    },
    {
        "o": 10214,
        "r": "csb:1 Kings:14:25",
        "w": 10,
        "l": {},
        "c": "1Kg 11:40*10109",
        "a": "o"
    },
    {
        "o": 10214,
        "r": "csb:1 Kings:14:25",
        "w": 15,
        "l": {},
        "c": "2Ch 12:2–11*12689",
        "a": "p"
    },
    {
        "o": 10215,
        "r": "csb:1 Kings:14:26",
        "w": 27,
        "l": {},
        "c": "1Kg 10:16–17*10052",
        "a": "q"
    },
    {
        "o": 10216,
        "r": "csb:1 Kings:14:27",
        "w": 19,
        "l": {},
        "t": "14:27*r Lit the runners",
        "a": "r"
    },
    {
        "o": 10216,
        "r": "csb:1 Kings:14:27",
        "w": 19,
        "l": {},
        "c": "1Sm 22:17*8632; 2Sm 15:1*9276",
        "a": "s"
    },
    {
        "o": 10217,
        "r": "csb:1 Kings:14:28",
        "w": 21,
        "l": {},
        "t": "14:28*r Lit the chamber of the runners",
        "a": "t"
    },
    {
        "o": 10217,
        "r": "csb:1 Kings:14:28",
        "w": 21,
        "l": {},
        "c": "1Kg 10:17*10053",
        "a": "u"
    },
    {
        "o": 10218,
        "r": "csb:1 Kings:14:29",
        "w": 7,
        "l": {},
        "c": "2Ch 12:15–16*12703",
        "a": "v"
    },
    {
        "o": 10219,
        "r": "csb:1 Kings:14:30",
        "w": 9,
        "l": {},
        "c": "1Kg 12:21–24*10136; 15:6*10228",
        "a": "w"
    },
    {
        "o": 10220,
        "r": "csb:1 Kings:14:31",
        "w": 22,
        "l": {},
        "c": "1Kg 14:21*10210",
        "a": "x"
    },
    {
        "o": 10220,
        "r": "csb:1 Kings:14:31",
        "w": 25,
        "l": {},
        "t": "14:31*r = Abijah in 2Ch 13",
        "a": "y"
    },
    {
        "o": 10220,
        "r": "csb:1 Kings:14:31",
        "w": 25,
        "l": {},
        "c": "1Kg 15:1–8*10223; 2Ch 11:20*12682; 13:1–14:1*12707",
        "a": "z"
    }
]
