[
    {
        "o": 13105,
        "r": "csb:2 Chronicles:29:1",
        "w": 4,
        "l": {},
        "c": "2Kg 18:2–3*11108",
        "a": "a"
    },
    {
        "o": 13105,
        "r": "csb:2 Chronicles:29:1",
        "w": 20,
        "l": {},
        "t": "29:1*r = Abi in 2Kg 18:2",
        "a": "b"
    },
    {
        "o": 13106,
        "r": "csb:2 Chronicles:29:2",
        "w": 8,
        "l": {},
        "c": "2Ch 28:1*13075; 34:2*13270",
        "a": "c"
    },
    {
        "o": 13107,
        "r": "csb:2 Chronicles:29:3",
        "w": 21,
        "l": {},
        "c": "2Ch 28:24*13098; 29:7*13111",
        "a": "d"
    },
    {
        "o": 13108,
        "r": "csb:2 Chronicles:29:4",
        "w": 15,
        "l": {},
        "c": "Ezr 10:9*13643; Neh 8:1*13906",
        "a": "e"
    },
    {
        "o": 13109,
        "r": "csb:2 Chronicles:29:5",
        "w": 8,
        "l": {},
        "c": "2Ch 29:15,34*13120; 35:6*13313",
        "a": "f"
    },
    {
        "o": 13110,
        "r": "csb:2 Chronicles:29:6",
        "w": 35,
        "l": {},
        "t": "29:6*r Lit and they gave the back of the neck",
        "a": "g"
    },
    {
        "o": 13110,
        "r": "csb:2 Chronicles:29:6",
        "w": 35,
        "l": {},
        "c": "Ezk 8:16*23213",
        "a": "h"
    },
    {
        "o": 13112,
        "r": "csb:2 Chronicles:29:8",
        "w": 21,
        "l": {},
        "t": "29:8*r Lit hissing",
        "a": "i"
    },
    {
        "o": 13112,
        "r": "csb:2 Chronicles:29:8",
        "w": 21,
        "l": {},
        "c": "Dt 28:25*6230; Jr 25:18*21932",
        "a": "j"
    },
    {
        "o": 13113,
        "r": "csb:2 Chronicles:29:9",
        "w": 19,
        "l": {},
        "c": "2Ch 28:5–8,17*13079",
        "a": "k"
    },
    {
        "o": 13114,
        "r": "csb:2 Chronicles:29:10",
        "w": 16,
        "l": {},
        "c": "2Ch 23:16*12963",
        "a": "l"
    },
    {
        "o": 13115,
        "r": "csb:2 Chronicles:29:11",
        "w": 28,
        "l": {},
        "c": "Nm 3:6*4074; 8:6*4340",
        "a": "m"
    },
    {
        "o": 13117,
        "r": "csb:2 Chronicles:29:12",
        "w": 5,
        "l": {},
        "c": "2Ch 31:13*13187",
        "a": "n"
    },
    {
        "o": 13117,
        "r": "csb:2 Chronicles:29:12",
        "w": 28,
        "l": {},
        "c": "Nm 3:19–20*4088",
        "a": "o"
    },
    {
        "o": 13119,
        "r": "csb:2 Chronicles:29:14",
        "w": 0,
        "l": {},
        "t": "29:14*r Alt Hb tradition reads Jehuel",
        "a": "p"
    },
    {
        "o": 13120,
        "r": "csb:2 Chronicles:29:15",
        "w": 6,
        "l": {},
        "c": "2Ch 29:5*13109",
        "a": "q"
    },
    {
        "o": 13120,
        "r": "csb:2 Chronicles:29:15",
        "w": 19,
        "l": {},
        "c": "2Ch 30:12*13156",
        "a": "r"
    },
    {
        "o": 13120,
        "r": "csb:2 Chronicles:29:15",
        "w": 24,
        "l": {},
        "c": "1Ch 23:28*12203",
        "a": "s"
    },
    {
        "o": 13121,
        "r": "csb:2 Chronicles:29:16",
        "w": 44,
        "l": {},
        "c": "2Ch 15:16*12764",
        "a": "t"
    },
    {
        "o": 13124,
        "r": "csb:2 Chronicles:29:19",
        "w": 15,
        "l": {},
        "c": "2Ch 28:24*13098",
        "a": "u"
    },
    {
        "o": 13128,
        "r": "csb:2 Chronicles:29:22",
        "w": 16,
        "l": {},
        "c": "Lv 4:18*3116",
        "a": "v"
    },
    {
        "o": 13129,
        "r": "csb:2 Chronicles:29:23",
        "w": 24,
        "l": {},
        "c": "Lv 4:15*3113",
        "a": "w"
    },
    {
        "o": 13130,
        "r": "csb:2 Chronicles:29:24",
        "w": 21,
        "l": {},
        "c": "Lv 4:26*3124",
        "a": "x"
    },
    {
        "o": 13131,
        "r": "csb:2 Chronicles:29:25",
        "w": 12,
        "l": {},
        "c": "1Ch 15:16*11979; 25:6*12249",
        "a": "y"
    },
    {
        "o": 13131,
        "r": "csb:2 Chronicles:29:25",
        "w": 18,
        "l": {},
        "c": "2Ch 8:14*12598",
        "a": "z"
    },
    {
        "o": 13131,
        "r": "csb:2 Chronicles:29:25",
        "w": 22,
        "l": {},
        "c": "2Sm 24:11*9614",
        "a": "a"
    },
    {
        "o": 13131,
        "r": "csb:2 Chronicles:29:25",
        "w": 26,
        "l": {},
        "c": "2Sm 7:2*9045; 1Ch 29:29*12403",
        "a": "b"
    },
    {
        "o": 13132,
        "r": "csb:2 Chronicles:29:26",
        "w": 7,
        "l": {},
        "c": "1Ch 23:5*12180",
        "a": "c"
    },
    {
        "o": 13132,
        "r": "csb:2 Chronicles:29:26",
        "w": 13,
        "l": {},
        "c": "2Ch 5:12*12509",
        "a": "d"
    },
    {
        "o": 13135,
        "r": "csb:2 Chronicles:29:29",
        "w": 17,
        "l": {},
        "c": "2Ch 20:18*12882",
        "a": "e"
    },
    {
        "o": 13137,
        "r": "csb:2 Chronicles:29:31",
        "w": 5,
        "l": {},
        "t": "29:31*r Lit Now you have filled your hands",
        "a": "f"
    },
    {
        "o": 13137,
        "r": "csb:2 Chronicles:29:31",
        "w": 34,
        "l": {},
        "c": "Ex 35:5,22*2807; Ezr 1:4,6*13372; 3:5*13459",
        "a": "g"
    },
    {
        "o": 13140,
        "r": "csb:2 Chronicles:29:34",
        "w": 21,
        "l": {},
        "c": "2Ch 35:11*13318",
        "a": "h"
    },
    {
        "o": 13140,
        "r": "csb:2 Chronicles:29:34",
        "w": 38,
        "l": {},
        "t": "29:34*r Lit upright of heart; Ps 32:11; 64:10",
        "a": "i"
    },
    {
        "o": 13140,
        "r": "csb:2 Chronicles:29:34",
        "w": 38,
        "l": {},
        "c": "Ps 32:11*15981; 64:10*16570",
        "a": "j"
    },
    {
        "o": 13140,
        "r": "csb:2 Chronicles:29:34",
        "w": 45,
        "l": {},
        "c": "2Ch 30:3*13147",
        "a": "k"
    },
    {
        "o": 13141,
        "r": "csb:2 Chronicles:29:35",
        "w": 13,
        "l": {},
        "c": "Lv 3:16*3095",
        "a": "l"
    },
    {
        "o": 13141,
        "r": "csb:2 Chronicles:29:35",
        "w": 18,
        "l": {},
        "c": "Nm 15:5–10*4575",
        "a": "m"
    }
]
