[
    {
        "o": 12407,
        "r": "csb:2 Chronicles:1:1",
        "w": 9,
        "l": {},
        "c": "1Kg 2:12,46*9703",
        "a": "a"
    },
    {
        "o": 12407,
        "r": "csb:2 Chronicles:1:1",
        "w": 20,
        "l": {},
        "c": "1Ch 29:25*12399",
        "a": "b"
    },
    {
        "o": 12408,
        "r": "csb:2 Chronicles:1:2",
        "w": 26,
        "l": {},
        "c": "1Ch 28:1*12348",
        "a": "c"
    },
    {
        "o": 12409,
        "r": "csb:2 Chronicles:1:3",
        "w": 15,
        "l": {},
        "c": "1Kg 3:4*9746",
        "a": "d"
    },
    {
        "o": 12409,
        "r": "csb:2 Chronicles:1:3",
        "w": 27,
        "l": {},
        "c": "Ex 36:8–38*2848",
        "a": "e"
    },
    {
        "o": 12410,
        "r": "csb:2 Chronicles:1:4",
        "w": 12,
        "l": {},
        "t": "1:4*r Vg; MT omits the place",
        "a": "f"
    },
    {
        "o": 12410,
        "r": "csb:2 Chronicles:1:4",
        "w": 28,
        "l": {},
        "c": "1Ch 13:1–14*11929; 15:25–16:1*11988",
        "a": "g"
    },
    {
        "o": 12411,
        "r": "csb:2 Chronicles:1:5",
        "w": 2,
        "l": {},
        "t": "1:5*r Some Hb mss, Tg, Syr; other Hb mss, LXX, Vg read but there was",
        "a": "h"
    },
    {
        "o": 12411,
        "r": "csb:2 Chronicles:1:5",
        "w": 15,
        "l": {},
        "c": "Ex 31:2–11*2679; 38:1–7*2915",
        "a": "i"
    },
    {
        "o": 12411,
        "r": "csb:2 Chronicles:1:5",
        "w": 28,
        "l": {},
        "t": "1:5*r Or it",
        "a": "j"
    },
    {
        "o": 12412,
        "r": "csb:2 Chronicles:1:6",
        "w": 24,
        "l": {},
        "c": "1Kg 3:4*9746",
        "a": "k"
    },
    {
        "o": 12413,
        "r": "csb:2 Chronicles:1:7",
        "w": 1,
        "l": {},
        "c": "1Kg 3:5–15*9747",
        "a": "l"
    },
    {
        "o": 12414,
        "r": "csb:2 Chronicles:1:8",
        "w": 24,
        "l": {},
        "c": "1Ch 28:5*12352",
        "a": "m"
    },
    {
        "o": 12415,
        "r": "csb:2 Chronicles:1:9",
        "w": 11,
        "l": {},
        "c": "2Sm 7:12–16*9055",
        "a": "n"
    },
    {
        "o": 12415,
        "r": "csb:2 Chronicles:1:9",
        "w": 28,
        "l": {},
        "c": "Gn 13:16*370; 22:17*624",
        "a": "o"
    },
    {
        "o": 12416,
        "r": "csb:2 Chronicles:1:10",
        "w": 12,
        "l": {},
        "c": "1Sm 18:16*8509; 2Sm 5:2*8993",
        "a": "p"
    },
    {
        "o": 12418,
        "r": "csb:2 Chronicles:1:12",
        "w": 34,
        "l": {},
        "c": "1Ch 29:25*12399; 2Ch 9:22*12628",
        "a": "q"
    },
    {
        "o": 12419,
        "r": "csb:2 Chronicles:1:13",
        "w": 5,
        "l": {},
        "t": "1:13*r LXX, Vg; MT reads to",
        "a": "r"
    },
    {
        "o": 12421,
        "r": "csb:2 Chronicles:1:14",
        "w": 0,
        "l": {},
        "c": "1Kg 10:26–29*10062; 2Ch 9:25–28*12631",
        "a": "s"
    },
    {
        "o": 12421,
        "r": "csb:2 Chronicles:1:14",
        "w": 6,
        "l": {},
        "c": "1Kg 4:26*9800",
        "a": "t"
    },
    {
        "o": 12421,
        "r": "csb:2 Chronicles:1:14",
        "w": 13,
        "l": {},
        "c": "1Kg 9:19*10023",
        "a": "u"
    },
    {
        "o": 12423,
        "r": "csb:2 Chronicles:1:16",
        "w": 6,
        "l": {},
        "t": "1:16*r = Cilicia",
        "a": "v"
    },
    {
        "o": 12424,
        "r": "csb:2 Chronicles:1:17",
        "w": 9,
        "l": {},
        "t": "1:17*r Lit 600 shekels",
        "a": "w"
    },
    {
        "o": 12424,
        "r": "csb:2 Chronicles:1:17",
        "w": 18,
        "l": {},
        "t": "1:17*r Lit 150 shekels",
        "a": "x"
    }
]
