[
    {
        "o": 33836,
        "r": "csb:2 Timothy:3:1",
        "w": 10,
        "l": {},
        "c": "Jn 6:39*29740; Php 1:6*33257; 1Pt 1:5*34440; 2Pt 3:3*34610; Jd 18*34810",
        "a": "a"
    },
    {
        "o": 33837,
        "r": "csb:2 Timothy:3:2",
        "w": 6,
        "l": {},
        "c": "Php 2:21*33309; 1Tm 6:4*33761",
        "a": "b"
    },
    {
        "o": 33837,
        "r": "csb:2 Timothy:3:2",
        "w": 9,
        "l": {},
        "c": "Lk 16:14*28994; 1Tm 3:3*33691; 6:10*33768",
        "a": "c"
    },
    {
        "o": 33837,
        "r": "csb:2 Timothy:3:2",
        "w": 11,
        "l": {},
        "c": "Pr 16:18*18862; Lk 1:51*28189; Rm 1:30*31640",
        "a": "d"
    },
    {
        "o": 33837,
        "r": "csb:2 Timothy:3:2",
        "w": 17,
        "l": {},
        "c": "1Tm 1:9*33655",
        "a": "e"
    },
    {
        "o": 33838,
        "r": "csb:2 Timothy:3:3",
        "w": 2,
        "l": {},
        "c": "Jn 14:6*30162",
        "a": "f"
    },
    {
        "o": 33838,
        "r": "csb:2 Timothy:3:3",
        "w": 11,
        "l": {},
        "c": "Ti 1:8*33890",
        "a": "g"
    },
    {
        "o": 33839,
        "r": "csb:2 Timothy:3:4",
        "w": 0,
        "l": {},
        "c": "Lk 6:16*28438; Ac 7:52*30739",
        "a": "h"
    },
    {
        "o": 33839,
        "r": "csb:2 Timothy:3:4",
        "w": 1,
        "l": {},
        "c": "Ac 19:36*31257",
        "a": "i"
    },
    {
        "o": 33839,
        "r": "csb:2 Timothy:3:4",
        "w": 2,
        "l": {},
        "c": "1Tm 3:6*33694; 6:4*33761",
        "a": "j"
    },
    {
        "o": 33839,
        "r": "csb:2 Timothy:3:4",
        "w": 5,
        "l": {},
        "c": "Php 3:19*33340",
        "a": "k"
    },
    {
        "o": 33840,
        "r": "csb:2 Timothy:3:5",
        "w": 9,
        "l": {},
        "c": "1Co 4:20*32213; 2Co 13:4*32891; Ti 1:16*33898",
        "a": "l"
    },
    {
        "o": 33840,
        "r": "csb:2 Timothy:3:5",
        "w": 12,
        "l": {},
        "c": "Mt 7:15*26329; 2Th 3:6*33630",
        "a": "m"
    },
    {
        "o": 33841,
        "r": "csb:2 Timothy:3:6",
        "w": 25,
        "l": {},
        "c": "2Pt 1:4*34563; 2:10*34593",
        "a": "n"
    },
    {
        "o": 33842,
        "r": "csb:2 Timothy:3:7",
        "w": 12,
        "l": {},
        "c": "2Co 11:10*32836; 1Tm 2:4*33674; 2Tm 2:25*33832; Ti 1:1*33882",
        "a": "o"
    },
    {
        "o": 33843,
        "r": "csb:2 Timothy:3:8",
        "w": 4,
        "l": {},
        "c": "Ex 7:11–12*1869; 8:18*1905; 9:11*1934",
        "a": "p"
    },
    {
        "o": 33843,
        "r": "csb:2 Timothy:3:8",
        "w": 6,
        "l": {},
        "c": "Ps 77:20*16863; Mt 8:4*26351; Heb 3:2*34005",
        "a": "q"
    },
    {
        "o": 33843,
        "r": "csb:2 Timothy:3:8",
        "w": 20,
        "l": {},
        "c": "1Co 14:14*32483; Php 4:7*33351",
        "a": "r"
    },
    {
        "o": 33843,
        "r": "csb:2 Timothy:3:8",
        "w": 22,
        "l": {},
        "c": "2Co 13:5–7*32892",
        "a": "s"
    },
    {
        "o": 33846,
        "r": "csb:2 Timothy:3:10",
        "w": 7,
        "l": {},
        "c": "Pr 19:21*18953; Ac 11:23*30925",
        "a": "t"
    },
    {
        "o": 33846,
        "r": "csb:2 Timothy:3:10",
        "w": 10,
        "l": {},
        "c": "1Co 13:1*32455; 1Jn 4:16*34720",
        "a": "u"
    },
    {
        "o": 33847,
        "r": "csb:2 Timothy:3:11",
        "w": 5,
        "l": {},
        "c": "Gl 5:24*33047; Php 3:10*33330",
        "a": "v"
    },
    {
        "o": 33847,
        "r": "csb:2 Timothy:3:11",
        "w": 11,
        "l": {},
        "c": "Ac 13:14*30980; 14:19,21*31041",
        "a": "w"
    },
    {
        "o": 33847,
        "r": "csb:2 Timothy:3:11",
        "w": 12,
        "l": {},
        "c": "Ac 13:51*31018; 16:2*31101",
        "a": "x"
    },
    {
        "o": 33847,
        "r": "csb:2 Timothy:3:11",
        "w": 14,
        "l": {},
        "c": "Ac 14:6,8*31027; 27:5*31525",
        "a": "y"
    },
    {
        "o": 33848,
        "r": "csb:2 Timothy:3:12",
        "w": 15,
        "l": {},
        "c": "Jn 15:20*30216; Ac 14:22*31045; 2Co 4:9–10*32688",
        "a": "z"
    },
    {
        "o": 33849,
        "r": "csb:2 Timothy:3:13",
        "w": 7,
        "l": {},
        "c": "Rv 20:10*35252",
        "a": "a"
    },
    {
        "o": 33850,
        "r": "csb:2 Timothy:3:14",
        "w": 18,
        "l": {},
        "c": "2Tm 1:13*33799",
        "a": "b"
    },
    {
        "o": 33851,
        "r": "csb:2 Timothy:3:15",
        "w": 11,
        "l": {},
        "c": "Mt 26:54*27224; 2Pt 1:20–21*34580",
        "a": "c"
    },
    {
        "o": 33851,
        "r": "csb:2 Timothy:3:15",
        "w": 20,
        "l": {},
        "c": "Ac 4:12*30586; 2Co 7:10*32754; Heb 5:9*34053",
        "a": "d"
    },
    {
        "o": 33852,
        "r": "csb:2 Timothy:3:16",
        "w": 5,
        "l": {},
        "t": "3:16*r Lit breathed out by God",
        "a": "e"
    },
    {
        "o": 33852,
        "r": "csb:2 Timothy:3:16",
        "w": 5,
        "l": {},
        "c": "2Pt 1:20–21*34580",
        "a": "f"
    },
    {
        "o": 33853,
        "r": "csb:2 Timothy:3:17",
        "w": 13,
        "l": {},
        "c": "2Co 9:8*32797; Gl 3:10*32965; 1Tm 5:10*33737; 2Tm 2:21*33828",
        "a": "g"
    }
]
