[
    {
        "o": 11930,
        "r": "csb:1 Chronicles:13:2",
        "w": 52,
        "l": {},
        "c": "Nm 35:1–8*5328",
        "a": "a"
    },
    {
        "o": 11931,
        "r": "csb:1 Chronicles:13:3",
        "w": 15,
        "l": {},
        "t": "13:3*r Or did not seek it",
        "a": "b"
    },
    {
        "o": 11931,
        "r": "csb:1 Chronicles:13:3",
        "w": 15,
        "l": {},
        "c": "1Sm 7:1–2*8141; 1Ch 10:14*11832; 15:13*11976",
        "a": "c"
    },
    {
        "o": 11933,
        "r": "csb:1 Chronicles:13:5",
        "w": 4,
        "l": {},
        "c": "2Sm 6:1*9019; 1Ch 15:3*11966",
        "a": "d"
    },
    {
        "o": 11933,
        "r": "csb:1 Chronicles:13:5",
        "w": 14,
        "l": {},
        "t": "13:5*r Or to Lebo-hamath",
        "a": "e"
    },
    {
        "o": 11933,
        "r": "csb:1 Chronicles:13:5",
        "w": 14,
        "l": {},
        "c": "1Kg 8:65*9999",
        "a": "f"
    },
    {
        "o": 11933,
        "r": "csb:1 Chronicles:13:5",
        "w": 22,
        "l": {},
        "c": "1Sm 6:21*8138; 7:1*8141",
        "a": "g"
    },
    {
        "o": 11934,
        "r": "csb:1 Chronicles:13:6",
        "w": 0,
        "l": {},
        "c": "2Sm 6:2–11*9020",
        "a": "h"
    },
    {
        "o": 11934,
        "r": "csb:1 Chronicles:13:6",
        "w": 6,
        "l": {},
        "c": "Jos 15:9*6868",
        "a": "i"
    },
    {
        "o": 11934,
        "r": "csb:1 Chronicles:13:6",
        "w": 34,
        "l": {},
        "c": "2Kg 19:15*11165",
        "a": "j"
    },
    {
        "o": 11935,
        "r": "csb:1 Chronicles:13:7",
        "w": 2,
        "l": {},
        "c": "1Sm 7:1*8141",
        "a": "k"
    },
    {
        "o": 11935,
        "r": "csb:1 Chronicles:13:7",
        "w": 15,
        "l": {},
        "t": "13:7*r Or And his brothers",
        "a": "l"
    },
    {
        "o": 11936,
        "r": "csb:1 Chronicles:13:8",
        "w": 21,
        "l": {},
        "c": "1Ch 15:16*11979",
        "a": "m"
    },
    {
        "o": 11937,
        "r": "csb:1 Chronicles:13:9",
        "w": 6,
        "l": {},
        "c": "2Sm 6:6*9024",
        "a": "n"
    },
    {
        "o": 11938,
        "r": "csb:1 Chronicles:13:10",
        "w": 19,
        "l": {},
        "c": "1Ch 15:13,15*11976",
        "a": "o"
    },
    {
        "o": 11938,
        "r": "csb:1 Chronicles:13:10",
        "w": 28,
        "l": {},
        "c": "Lv 10:2*3300",
        "a": "p"
    },
    {
        "o": 11939,
        "r": "csb:1 Chronicles:13:11",
        "w": 17,
        "l": {},
        "t": "13:11*r Or Perez-uzzah",
        "a": "q"
    },
    {
        "o": 11941,
        "r": "csb:1 Chronicles:13:13",
        "w": 9,
        "l": {},
        "t": "13:13*r Lit to himself",
        "a": "r"
    },
    {
        "o": 11941,
        "r": "csb:1 Chronicles:13:13",
        "w": 25,
        "l": {},
        "c": "1Ch 26:4–5*12280; 2Ch 25:23–24*13028",
        "a": "s"
    }
]
