[
    {
        "o": 8674,
        "r": "csb:1 Samuel:24:1",
        "w": 6,
        "l": {},
        "c": "1Sm 23:28–29*8670",
        "a": "a"
    },
    {
        "o": 8674,
        "r": "csb:1 Samuel:24:1",
        "w": 16,
        "l": {},
        "c": "1Sm 23:19*8661",
        "a": "b"
    },
    {
        "o": 8675,
        "r": "csb:1 Samuel:24:2",
        "w": 9,
        "l": {},
        "c": "1Sm 13:2*8288; 26:2*8745",
        "a": "c"
    },
    {
        "o": 8676,
        "r": "csb:1 Samuel:24:3",
        "w": 20,
        "l": {},
        "t": "24:3*r Lit to cover his feet",
        "a": "d"
    },
    {
        "o": 8676,
        "r": "csb:1 Samuel:24:3",
        "w": 20,
        "l": {},
        "c": "Jdg 3:24*7301",
        "a": "e"
    },
    {
        "o": 8676,
        "r": "csb:1 Samuel:24:3",
        "w": 32,
        "l": {},
        "c": "Ps 57*16457; Ps 142*18234",
        "a": "f"
    },
    {
        "o": 8678,
        "r": "csb:1 Samuel:24:5",
        "w": 3,
        "l": {},
        "t": "24:5*r Lit David’s heart struck",
        "a": "g"
    },
    {
        "o": 8678,
        "r": "csb:1 Samuel:24:5",
        "w": 3,
        "l": {},
        "c": "2Sm 24:10*9613",
        "a": "h"
    },
    {
        "o": 8678,
        "r": "csb:1 Samuel:24:5",
        "w": 14,
        "l": {},
        "t": "24:5*r Some Hb mss, LXX, Syr, Vg; other Hb mss omit robe",
        "a": "i"
    },
    {
        "o": 8679,
        "r": "csb:1 Samuel:24:6",
        "w": 23,
        "l": {},
        "c": "1Sm 26:9–11*8752",
        "a": "j"
    },
    {
        "o": 8679,
        "r": "csb:1 Samuel:24:6",
        "w": 37,
        "l": {},
        "c": "1Sm 10:1*8212",
        "a": "k"
    },
    {
        "o": 8680,
        "r": "csb:1 Samuel:24:7",
        "w": 4,
        "l": {},
        "t": "24:7*r Or restrained",
        "a": "l"
    },
    {
        "o": 8681,
        "r": "csb:1 Samuel:24:8",
        "w": 34,
        "l": {},
        "c": "1Sm 25:23–24*8720; 1Kg 1:31*9665",
        "a": "m"
    },
    {
        "o": 8683,
        "r": "csb:1 Samuel:24:10",
        "w": 18,
        "l": {},
        "c": "Ps 7:3–4*15539",
        "a": "n"
    },
    {
        "o": 8683,
        "r": "csb:1 Samuel:24:10",
        "w": 24,
        "l": {},
        "c": "1Sm 24:4*8677",
        "a": "o"
    },
    {
        "o": 8683,
        "r": "csb:1 Samuel:24:10",
        "w": 26,
        "l": {},
        "t": "24:10*r LXX, Syr, Tg; MT reads she or it",
        "a": "p"
    },
    {
        "o": 8683,
        "r": "csb:1 Samuel:24:10",
        "w": 26,
        "l": {},
        "t": "24:10*r Or my eye",
        "a": "q"
    },
    {
        "o": 8684,
        "r": "csb:1 Samuel:24:11",
        "w": 2,
        "l": {},
        "c": "2Kg 5:13*10683",
        "a": "r"
    },
    {
        "o": 8684,
        "r": "csb:1 Samuel:24:11",
        "w": 23,
        "l": {},
        "t": "24:11*r Lit Know and see",
        "a": "s"
    },
    {
        "o": 8684,
        "r": "csb:1 Samuel:24:11",
        "w": 46,
        "l": {},
        "c": "1Sm 23:14,23*8655; 26:20*8763",
        "a": "t"
    },
    {
        "o": 8685,
        "r": "csb:1 Samuel:24:12",
        "w": 25,
        "l": {},
        "c": "1Sm 26:10–11,23*8753",
        "a": "u"
    },
    {
        "o": 8686,
        "r": "csb:1 Samuel:24:13",
        "w": 9,
        "l": {},
        "c": "Mt 7:16–20*26330; Lk 6:43–45*28470",
        "a": "v"
    },
    {
        "o": 8687,
        "r": "csb:1 Samuel:24:14",
        "w": 18,
        "l": {},
        "c": "1Sm 26:20*8763; 2Sm 9:8*9103",
        "a": "w"
    },
    {
        "o": 8688,
        "r": "csb:1 Samuel:24:15",
        "w": 20,
        "l": {},
        "t": "24:15*r Lit render a verdict for",
        "a": "x"
    },
    {
        "o": 8688,
        "r": "csb:1 Samuel:24:15",
        "w": 23,
        "l": {},
        "c": "Ps 35:1*16034",
        "a": "y"
    },
    {
        "o": 8689,
        "r": "csb:1 Samuel:24:16",
        "w": 16,
        "l": {},
        "c": "1Sm 26:17*8760",
        "a": "z"
    },
    {
        "o": 8690,
        "r": "csb:1 Samuel:24:17",
        "w": 27,
        "l": {},
        "c": "1Sm 26:21*8764",
        "a": "a"
    },
    {
        "o": 8691,
        "r": "csb:1 Samuel:24:18",
        "w": 23,
        "l": {},
        "c": "1Sm 26:23*8766",
        "a": "b"
    },
    {
        "o": 8692,
        "r": "csb:1 Samuel:24:19",
        "w": 11,
        "l": {},
        "t": "24:19*r Lit go on a good way",
        "a": "c"
    },
    {
        "o": 8692,
        "r": "csb:1 Samuel:24:19",
        "w": 11,
        "l": {},
        "c": "1Sm 23:17*8658; Pr 16:29*18873",
        "a": "d"
    },
    {
        "o": 8693,
        "r": "csb:1 Samuel:24:20",
        "w": 16,
        "l": {},
        "t": "24:20*r Or will flourish",
        "a": "e"
    },
    {
        "o": 8693,
        "r": "csb:1 Samuel:24:20",
        "w": 19,
        "l": {},
        "c": "1Sm 13:14*8300; 16:1–13*8407",
        "a": "f"
    },
    {
        "o": 8694,
        "r": "csb:1 Samuel:24:21",
        "w": 23,
        "l": {},
        "c": "Gn 21:23*594; 1Sm 20:14–17*8566; 2Sm 21:6–8*9487",
        "a": "g"
    },
    {
        "o": 8695,
        "r": "csb:1 Samuel:24:22",
        "w": 19,
        "l": {},
        "c": "1Sm 23:29*8671",
        "a": "h"
    }
]
