[
    {
        "o": 11247,
        "r": "csb:2 Kings:22:1",
        "w": 0,
        "l": {},
        "c": "2Ch 34:1–2*13268",
        "a": "a"
    },
    {
        "o": 11247,
        "r": "csb:2 Kings:22:1",
        "w": 28,
        "l": {},
        "c": "Jos 15:39*6900",
        "a": "b"
    },
    {
        "o": 11248,
        "r": "csb:2 Kings:22:2",
        "w": 18,
        "l": {},
        "c": "1Kg 14:8*10196",
        "a": "c"
    },
    {
        "o": 11248,
        "r": "csb:2 Kings:22:2",
        "w": 28,
        "l": {},
        "c": "Dt 5:32*5592; Jos 1:7*6470",
        "a": "d"
    },
    {
        "o": 11250,
        "r": "csb:2 Kings:22:3",
        "w": 23,
        "l": {},
        "c": "2Ch 34:8*13277",
        "a": "e"
    },
    {
        "o": 11251,
        "r": "csb:2 Kings:22:4",
        "w": 28,
        "l": {},
        "c": "2Kg 12:4,9–10*10904",
        "a": "f"
    },
    {
        "o": 11252,
        "r": "csb:2 Kings:22:5",
        "w": 33,
        "l": {},
        "c": "2Kg 12:5*10905",
        "a": "g"
    },
    {
        "o": 11253,
        "r": "csb:2 Kings:22:6",
        "w": 20,
        "l": {},
        "c": "2Kg 12:11–12*10911",
        "a": "h"
    },
    {
        "o": 11254,
        "r": "csb:2 Kings:22:7",
        "w": 19,
        "l": {},
        "c": "2Kg 12:15*10915; 1Co 4:2*32193",
        "a": "i"
    },
    {
        "o": 11256,
        "r": "csb:2 Kings:22:8",
        "w": 16,
        "l": {},
        "c": "Dt 31:24–26*6355; 2Ch 34:14–15*13284",
        "a": "j"
    },
    {
        "o": 11257,
        "r": "csb:2 Kings:22:9",
        "w": 10,
        "l": {},
        "t": "22:9*r Lit and returned a word to the king and said",
        "a": "k"
    },
    {
        "o": 11258,
        "r": "csb:2 Kings:22:10",
        "w": 25,
        "l": {},
        "c": "Dt 17:18–20*5930",
        "a": "l"
    },
    {
        "o": 11259,
        "r": "csb:2 Kings:22:11",
        "w": 15,
        "l": {},
        "c": "Gn 37:34*1230; Jos 7:6*6611",
        "a": "m"
    },
    {
        "o": 11260,
        "r": "csb:2 Kings:22:12",
        "w": 6,
        "l": {},
        "c": "2Kg 25:22*11365; Jr 26:24*21983",
        "a": "n"
    },
    {
        "o": 11260,
        "r": "csb:2 Kings:22:12",
        "w": 10,
        "l": {},
        "c": "2Ch 34:20*13290",
        "a": "o"
    },
    {
        "o": 11261,
        "r": "csb:2 Kings:22:13",
        "w": 54,
        "l": {},
        "c": "Dt 29:24–28*6300; 31:17–18*6347",
        "a": "p"
    },
    {
        "o": 11263,
        "r": "csb:2 Kings:22:14",
        "w": 0,
        "l": {},
        "c": "2Ch 34:22–28*13293",
        "a": "q"
    },
    {
        "o": 11263,
        "r": "csb:2 Kings:22:14",
        "w": 12,
        "l": {},
        "c": "Ex 15:20*2138",
        "a": "r"
    },
    {
        "o": 11263,
        "r": "csb:2 Kings:22:14",
        "w": 19,
        "l": {},
        "c": "2Ch 34:22*13293",
        "a": "s"
    },
    {
        "o": 11263,
        "r": "csb:2 Kings:22:14",
        "w": 34,
        "l": {},
        "c": "Zph 1:10*25692",
        "a": "t"
    },
    {
        "o": 11265,
        "r": "csb:2 Kings:22:16",
        "w": 19,
        "l": {},
        "t": "22:16*r fulfilling supplied for clarity",
        "a": "u"
    },
    {
        "o": 11265,
        "r": "csb:2 Kings:22:16",
        "w": 32,
        "l": {},
        "c": "Dt 29:27*6303; Dn 9:11–14*24750",
        "a": "v"
    },
    {
        "o": 11266,
        "r": "csb:2 Kings:22:17",
        "w": 36,
        "l": {},
        "c": "Dt 29:25–26*6301; 1Kg 9:9*10012",
        "a": "w"
    },
    {
        "o": 11267,
        "r": "csb:2 Kings:22:18",
        "w": 30,
        "l": {},
        "c": "2Ch 34:26*13297",
        "a": "x"
    },
    {
        "o": 11268,
        "r": "csb:2 Kings:22:19",
        "w": 11,
        "l": {},
        "c": "1Sm 24:5*8678; 1Kg 21:29*10479",
        "a": "y"
    },
    {
        "o": 11268,
        "r": "csb:2 Kings:22:19",
        "w": 33,
        "l": {},
        "c": "Dt 28:15*6220; Jr 26:6*21962",
        "a": "z"
    },
    {
        "o": 11269,
        "r": "csb:2 Kings:22:20",
        "w": 18,
        "l": {},
        "c": "2Kg 20:19*11212; 23:30*11306",
        "a": "a"
    },
    {
        "o": 11269,
        "r": "csb:2 Kings:22:20",
        "w": 36,
        "l": {},
        "t": "22:20*r Lit returned a word",
        "a": "b"
    }
]
