[
    {
        "o": 32109,
        "r": "csb:1 Corinthians:1:1",
        "w": 0,
        "l": {},
        "c": "Ac 13:9*30974",
        "a": "a"
    },
    {
        "o": 32109,
        "r": "csb:1 Corinthians:1:1",
        "w": 4,
        "l": {},
        "c": "Rm 1:1*31607",
        "a": "b"
    },
    {
        "o": 32109,
        "r": "csb:1 Corinthians:1:1",
        "w": 10,
        "l": {},
        "c": "2Co 1:1*32607; Eph 1:1*33073; Col 1:1*33372; 2Tm 1:1*33784",
        "a": "c"
    },
    {
        "o": 32109,
        "r": "csb:1 Corinthians:1:1",
        "w": 14,
        "l": {},
        "c": "Ac 18:17*31204",
        "a": "d"
    },
    {
        "o": 32110,
        "r": "csb:1 Corinthians:1:2",
        "w": 6,
        "l": {},
        "c": "Ac 18:1*31187; 19:1*31219; 2Co 1:1,23*32607; 2Tm 4:20*33877",
        "a": "e"
    },
    {
        "o": 32110,
        "r": "csb:1 Corinthians:1:2",
        "w": 9,
        "l": {},
        "c": "Ac 20:32*31299; 26:18*31503; 1Co 6:11*32244; Heb 10:10*34172",
        "a": "f"
    },
    {
        "o": 32110,
        "r": "csb:1 Corinthians:1:2",
        "w": 13,
        "l": {},
        "c": "Rm 1:6–7*31612",
        "a": "g"
    },
    {
        "o": 32110,
        "r": "csb:1 Corinthians:1:2",
        "w": 26,
        "l": {},
        "c": "Gn 4:26*116; Ps 79:6*16947; Jn 10:25*29971; Ac 9:14*30810; 15:14*31068; Rv 14:1*35103",
        "a": "h"
    },
    {
        "o": 32111,
        "r": "csb:1 Corinthians:1:3",
        "w": 8,
        "l": {},
        "c": "Rm 1:7*31614; 2Co 1:2*32609; Gl 1:3*32905; Eph 1:2*33075; Php 1:2*33253; 2Th 1:2*33591; Ti 1:4*33886",
        "a": "i"
    },
    {
        "o": 32113,
        "r": "csb:1 Corinthians:1:4",
        "w": 2,
        "l": {},
        "c": "Rm 1:8*31615; Php 1:3*33254; Col 1:3*33375; 1Th 1:2*33484; 2Th 1:3*33592; 2Tm 1:3*33787; Phm 4*33940",
        "a": "j"
    },
    {
        "o": 32114,
        "r": "csb:1 Corinthians:1:5",
        "w": 5,
        "l": {},
        "c": "2Co 8:9*32771; 9:11*32800",
        "a": "k"
    },
    {
        "o": 32114,
        "r": "csb:1 Corinthians:1:5",
        "w": 14,
        "l": {},
        "c": "Rm 15:14*32054; 1Co 12:8*32428; 2Co 8:7*32769; 1Jn 2:20*34664",
        "a": "l"
    },
    {
        "o": 32115,
        "r": "csb:1 Corinthians:1:6",
        "w": 10,
        "l": {},
        "c": "2Th 1:10*33599; 1Tm 2:6*33676; 2Tm 1:8*33793; Rv 1:2*34822",
        "a": "m"
    },
    {
        "o": 32116,
        "r": "csb:1 Corinthians:1:7",
        "w": 12,
        "l": {},
        "c": "Lk 17:30*29047; Rm 8:19*31844; Php 3:20*33341; Heb 9:28*34160; 2Pt 3:12*34619",
        "a": "n"
    },
    {
        "o": 32116,
        "r": "csb:1 Corinthians:1:7",
        "w": 15,
        "l": {},
        "c": "1Pt 4:13*34533",
        "a": "o"
    },
    {
        "o": 32117,
        "r": "csb:1 Corinthians:1:8",
        "w": 7,
        "l": {},
        "c": "Php 1:6*33257; 1Th 3:13*33533",
        "a": "p"
    },
    {
        "o": 32117,
        "r": "csb:1 Corinthians:1:8",
        "w": 21,
        "l": {},
        "c": "Lk 17:24*29041; 1Co 5:5*32221; 2Co 1:14*32623; Php 2:16*33303; Col 1:22*33396",
        "a": "q"
    },
    {
        "o": 32118,
        "r": "csb:1 Corinthians:1:9",
        "w": 2,
        "l": {},
        "c": "Dt 7:9*5632; Is 49:7*20884; 1Co 10:13*32359; 2Co 1:18*32627",
        "a": "r"
    },
    {
        "o": 32118,
        "r": "csb:1 Corinthians:1:9",
        "w": 7,
        "l": {},
        "c": "Rm 8:28*31853",
        "a": "s"
    },
    {
        "o": 32118,
        "r": "csb:1 Corinthians:1:9",
        "w": 12,
        "l": {},
        "c": "Jn 5:19*29667; Heb 1:2*33967; 1Jn 1:3*34631",
        "a": "t"
    },
    {
        "o": 32121,
        "r": "csb:1 Corinthians:1:11",
        "w": 21,
        "l": {},
        "c": "Ti 3:9*33926",
        "a": "u"
    },
    {
        "o": 32122,
        "r": "csb:1 Corinthians:1:12",
        "w": 18,
        "l": {},
        "c": "Ti 3:13*33931",
        "a": "v"
    },
    {
        "o": 32122,
        "r": "csb:1 Corinthians:1:12",
        "w": 23,
        "l": {},
        "c": "Jn 1:42*29509",
        "a": "w"
    },
    {
        "o": 32122,
        "r": "csb:1 Corinthians:1:12",
        "w": 28,
        "l": {},
        "c": "Mt 23:9–10*27022",
        "a": "x"
    },
    {
        "o": 32123,
        "r": "csb:1 Corinthians:1:13",
        "w": 2,
        "l": {},
        "c": "1Co 12:5*32425; 2Co 11:4*32830; Eph 4:5*33154",
        "a": "y"
    },
    {
        "o": 32124,
        "r": "csb:1 Corinthians:1:14",
        "w": 2,
        "l": {},
        "t": "1:14*r Other mss omit God",
        "a": "z"
    },
    {
        "o": 32124,
        "r": "csb:1 Corinthians:1:14",
        "w": 2,
        "l": {},
        "t": "1:14*r Or I am thankful",
        "a": "a"
    },
    {
        "o": 32124,
        "r": "csb:1 Corinthians:1:14",
        "w": 10,
        "l": {},
        "c": "Ac 18:8*31194",
        "a": "b"
    },
    {
        "o": 32124,
        "r": "csb:1 Corinthians:1:14",
        "w": 12,
        "l": {},
        "c": "Rm 16:23*32103",
        "a": "c"
    },
    {
        "o": 32126,
        "r": "csb:1 Corinthians:1:16",
        "w": 6,
        "l": {},
        "c": "Rm 16:5*32082",
        "a": "d"
    },
    {
        "o": 32126,
        "r": "csb:1 Corinthians:1:16",
        "w": 8,
        "l": {},
        "c": "1Co 16:15,17*32594",
        "a": "e"
    },
    {
        "o": 32127,
        "r": "csb:1 Corinthians:1:17",
        "w": 20,
        "l": {},
        "c": "Lk 23:26*29371; Php 3:18*33339",
        "a": "f"
    },
    {
        "o": 32129,
        "r": "csb:1 Corinthians:1:18",
        "w": 25,
        "l": {},
        "c": "Ac 19:11*31231; Rm 1:16*31624; 2Co 13:4*32891",
        "a": "g"
    },
    {
        "o": 32130,
        "r": "csb:1 Corinthians:1:19",
        "w": 21,
        "l": {},
        "t": "1:19*r Is 29:14",
        "a": "h"
    },
    {
        "o": 32130,
        "r": "csb:1 Corinthians:1:19",
        "w": 21,
        "l": {},
        "c": "Is 29:14*20396",
        "a": "i"
    },
    {
        "o": 32131,
        "r": "csb:1 Corinthians:1:20",
        "w": 13,
        "l": {},
        "t": "1:20*r Or scholar",
        "a": "j"
    },
    {
        "o": 32131,
        "r": "csb:1 Corinthians:1:20",
        "w": 20,
        "l": {},
        "c": "Lk 16:8*28987",
        "a": "k"
    },
    {
        "o": 32133,
        "r": "csb:1 Corinthians:1:22",
        "w": 5,
        "l": {},
        "c": "Mt 12:38*26558",
        "a": "l"
    },
    {
        "o": 32134,
        "r": "csb:1 Corinthians:1:23",
        "w": 4,
        "l": {},
        "c": "Lk 23:26*29371; 1Co 2:2*32147; Gl 3:1*32955; 5:11*33033",
        "a": "m"
    },
    {
        "o": 32134,
        "r": "csb:1 Corinthians:1:23",
        "w": 15,
        "l": {},
        "t": "1:23*r Other mss read Greeks",
        "a": "n"
    },
    {
        "o": 32135,
        "r": "csb:1 Corinthians:1:24",
        "w": 5,
        "l": {},
        "c": "Rm 1:6*31612",
        "a": "o"
    },
    {
        "o": 32138,
        "r": "csb:1 Corinthians:1:26",
        "w": 13,
        "l": {},
        "t": "1:26*r Lit wise according to the flesh",
        "a": "p"
    },
    {
        "o": 32138,
        "r": "csb:1 Corinthians:1:26",
        "w": 16,
        "l": {},
        "c": "Ac 25:5*31458",
        "a": "q"
    },
    {
        "o": 32139,
        "r": "csb:1 Corinthians:1:27",
        "w": 3,
        "l": {},
        "c": "Mt 24:22*27079; Eph 1:4*33077",
        "a": "r"
    },
    {
        "o": 32140,
        "r": "csb:1 Corinthians:1:28",
        "w": 10,
        "l": {},
        "c": "Lk 18:9*29065",
        "a": "s"
    },
    {
        "o": 32141,
        "r": "csb:1 Corinthians:1:29",
        "w": 3,
        "l": {},
        "t": "1:29*r Lit that not all flesh",
        "a": "t"
    },
    {
        "o": 32141,
        "r": "csb:1 Corinthians:1:29",
        "w": 8,
        "l": {},
        "c": "Ac 7:46*30732",
        "a": "u"
    },
    {
        "o": 32142,
        "r": "csb:1 Corinthians:1:30",
        "w": 18,
        "l": {},
        "c": "Mt 6:33*26309; Rm 1:17*31626; 2Pt 1:1*34559",
        "a": "v"
    },
    {
        "o": 32142,
        "r": "csb:1 Corinthians:1:30",
        "w": 19,
        "l": {},
        "c": "1Th 4:3*33538",
        "a": "w"
    },
    {
        "o": 32142,
        "r": "csb:1 Corinthians:1:30",
        "w": 21,
        "l": {},
        "c": "Eph 1:7*33080",
        "a": "x"
    },
    {
        "o": 32143,
        "r": "csb:1 Corinthians:1:31",
        "w": 6,
        "l": {},
        "c": "Mk 1:2*27351",
        "a": "y"
    },
    {
        "o": 32143,
        "r": "csb:1 Corinthians:1:31",
        "w": 15,
        "l": {},
        "t": "1:31*r Jr 9:24",
        "a": "z"
    },
    {
        "o": 32143,
        "r": "csb:1 Corinthians:1:31",
        "w": 15,
        "l": {},
        "c": "Jr 9:23–24*21516",
        "a": "a"
    },
    {
        "o": 32146,
        "r": "csb:1 Corinthians:2:1",
        "w": 10,
        "l": {},
        "t": "2:1*r Other mss read testimony",
        "a": "a"
    },
    {
        "o": 32146,
        "r": "csb:1 Corinthians:2:1",
        "w": 20,
        "l": {},
        "c": "1Tm 2:2*33672",
        "a": "b"
    },
    {
        "o": 32146,
        "r": "csb:1 Corinthians:2:1",
        "w": 22,
        "l": {},
        "c": "Col 4:6*33467",
        "a": "c"
    },
    {
        "o": 32147,
        "r": "csb:1 Corinthians:2:2",
        "w": 12,
        "l": {},
        "c": "1Co 1:23–24*32134; Gl 6:14*33066",
        "a": "d"
    },
    {
        "o": 32148,
        "r": "csb:1 Corinthians:2:3",
        "w": 5,
        "l": {},
        "c": "2Co 11:30*32857",
        "a": "e"
    },
    {
        "o": 32148,
        "r": "csb:1 Corinthians:2:3",
        "w": 7,
        "l": {},
        "c": "Rv 11:11*35048",
        "a": "f"
    },
    {
        "o": 32148,
        "r": "csb:1 Corinthians:2:3",
        "w": 11,
        "l": {},
        "c": "Php 2:12*33299",
        "a": "g"
    },
    {
        "o": 32149,
        "r": "csb:1 Corinthians:2:4",
        "w": 1,
        "l": {},
        "c": "Mt 12:37*26557",
        "a": "h"
    },
    {
        "o": 32149,
        "r": "csb:1 Corinthians:2:4",
        "w": 8,
        "l": {},
        "c": "Php 1:25*33278",
        "a": "i"
    },
    {
        "o": 32149,
        "r": "csb:1 Corinthians:2:4",
        "w": 11,
        "l": {},
        "t": "2:4*r Other mss read human wisdom",
        "a": "j"
    },
    {
        "o": 32150,
        "r": "csb:1 Corinthians:2:5",
        "w": 14,
        "l": {},
        "c": "Mk 5:30*27558; Lk 1:35*28171; 6:19*28442; Ac 19:11*31231; 2Co 13:4*32891; 2Tm 1:7*33792; Rv 11:17*35055",
        "a": "k"
    },
    {
        "o": 32152,
        "r": "csb:1 Corinthians:2:6",
        "w": 8,
        "l": {},
        "c": "Mt 5:48*26269",
        "a": "l"
    },
    {
        "o": 32152,
        "r": "csb:1 Corinthians:2:6",
        "w": 19,
        "l": {},
        "c": "Lk 12:58*28857",
        "a": "m"
    },
    {
        "o": 32152,
        "r": "csb:1 Corinthians:2:6",
        "w": 27,
        "l": {},
        "c": "Heb 2:14*33997",
        "a": "n"
    },
    {
        "o": 32153,
        "r": "csb:1 Corinthians:2:7",
        "w": 14,
        "l": {},
        "c": "Eph 1:5*33078",
        "a": "o"
    },
    {
        "o": 32153,
        "r": "csb:1 Corinthians:2:7",
        "w": 20,
        "l": {},
        "c": "Lk 24:26*29433; 1Pt 5:1,4*34542",
        "a": "p"
    },
    {
        "o": 32154,
        "r": "csb:1 Corinthians:2:8",
        "w": 24,
        "l": {},
        "c": "Ps 24:7*15839",
        "a": "q"
    },
    {
        "o": 32155,
        "r": "csb:1 Corinthians:2:9",
        "w": 29,
        "l": {},
        "t": "2:9*r Is 52:15; 64:4",
        "a": "r"
    },
    {
        "o": 32155,
        "r": "csb:1 Corinthians:2:9",
        "w": 29,
        "l": {},
        "c": "Is 52:15*20959; 64:4*21163; Lk 10:27*28709; 1Jn 4:20*34724",
        "a": "s"
    },
    {
        "o": 32156,
        "r": "csb:1 Corinthians:2:10",
        "w": 15,
        "l": {},
        "c": "Ps 17:3*15676; Jn 14:26*30187",
        "a": "t"
    },
    {
        "o": 32156,
        "r": "csb:1 Corinthians:2:10",
        "w": 20,
        "l": {},
        "c": "Rm 8:39*31865; 11:33*31964; Eph 3:18*33144",
        "a": "u"
    },
    {
        "o": 32157,
        "r": "csb:1 Corinthians:2:11",
        "w": 5,
        "l": {},
        "t": "2:11*r Or things",
        "a": "v"
    },
    {
        "o": 32157,
        "r": "csb:1 Corinthians:2:11",
        "w": 8,
        "l": {},
        "c": "Rm 1:9*31616",
        "a": "w"
    },
    {
        "o": 32157,
        "r": "csb:1 Corinthians:2:11",
        "w": 17,
        "l": {},
        "c": "1Jn 4:8*34712",
        "a": "x"
    },
    {
        "o": 32159,
        "r": "csb:1 Corinthians:2:13",
        "w": 7,
        "l": {},
        "c": "Mt 12:37*26557",
        "a": "y"
    },
    {
        "o": 32159,
        "r": "csb:1 Corinthians:2:13",
        "w": 24,
        "l": {},
        "t": "2:13*r Or things with spiritual words",
        "a": "z"
    },
    {
        "o": 32160,
        "r": "csb:1 Corinthians:2:14",
        "w": 5,
        "l": {},
        "t": "2:14*r Lit natural person",
        "a": "a"
    },
    {
        "o": 32160,
        "r": "csb:1 Corinthians:2:14",
        "w": 30,
        "l": {},
        "t": "2:14*r Or judged, or discerned, also in v. 15",
        "a": "b"
    },
    {
        "o": 32161,
        "r": "csb:1 Corinthians:2:15",
        "w": 5,
        "l": {},
        "t": "2:15*r Or judge, or discern",
        "a": "c"
    },
    {
        "o": 32162,
        "r": "csb:1 Corinthians:2:16",
        "w": 11,
        "l": {},
        "t": "2:16*r Is 40:13",
        "a": "d"
    },
    {
        "o": 32162,
        "r": "csb:1 Corinthians:2:16",
        "w": 11,
        "l": {},
        "c": "Is 40:13*20651",
        "a": "e"
    },
    {
        "o": 32162,
        "r": "csb:1 Corinthians:2:16",
        "w": 18,
        "l": {},
        "c": "Col 2:2*33407",
        "a": "f"
    },
    {
        "o": 32165,
        "r": "csb:1 Corinthians:3:1",
        "w": 26,
        "l": {},
        "c": "1Co 14:20*32489; Heb 5:13*34058; 1Pt 2:2*34465",
        "a": "a"
    },
    {
        "o": 32167,
        "r": "csb:1 Corinthians:3:3",
        "w": 9,
        "l": {},
        "c": "Jms 3:14,16*34383",
        "a": "b"
    },
    {
        "o": 32167,
        "r": "csb:1 Corinthians:3:3",
        "w": 11,
        "l": {},
        "t": "3:3*r Other mss add and divisions",
        "a": "c"
    },
    {
        "o": 32167,
        "r": "csb:1 Corinthians:3:3",
        "w": 11,
        "l": {},
        "c": "Ti 3:9*33926",
        "a": "d"
    },
    {
        "o": 32168,
        "r": "csb:1 Corinthians:3:4",
        "w": 13,
        "l": {},
        "c": "Ti 3:13*33931",
        "a": "e"
    },
    {
        "o": 32171,
        "r": "csb:1 Corinthians:3:6",
        "w": 1,
        "l": {},
        "c": "Ac 18:4–11*31190; 1Co 4:15*32208; 9:1*32317; 15:1*32513",
        "a": "f"
    },
    {
        "o": 32173,
        "r": "csb:1 Corinthians:3:8",
        "w": 9,
        "l": {},
        "t": "3:8*r Or of equal status, or united in purpose",
        "a": "g"
    },
    {
        "o": 32174,
        "r": "csb:1 Corinthians:3:9",
        "w": 4,
        "l": {},
        "t": "3:9*r Or are coworkers belonging to God",
        "a": "h"
    },
    {
        "o": 32174,
        "r": "csb:1 Corinthians:3:9",
        "w": 10,
        "l": {},
        "c": "1Pt 2:5*34468",
        "a": "i"
    },
    {
        "o": 32175,
        "r": "csb:1 Corinthians:3:10",
        "w": 18,
        "l": {},
        "t": "3:10*r Or wise master builder",
        "a": "j"
    },
    {
        "o": 32176,
        "r": "csb:1 Corinthians:3:11",
        "w": 6,
        "l": {},
        "c": "Is 28:16*20366; Rm 15:20*32060; 2Co 10:16*32822; 11:4*32830; Gl 1:6–9*32909",
        "a": "k"
    },
    {
        "o": 32177,
        "r": "csb:1 Corinthians:3:12",
        "w": 8,
        "l": {},
        "c": "Jms 5:3*34412",
        "a": "l"
    },
    {
        "o": 32177,
        "r": "csb:1 Corinthians:3:12",
        "w": 10,
        "l": {},
        "c": "Rv 17:4*35169",
        "a": "m"
    },
    {
        "o": 32178,
        "r": "csb:1 Corinthians:3:13",
        "w": 18,
        "l": {},
        "c": "2Th 1:8*33597; 1Pt 1:7*34442",
        "a": "n"
    },
    {
        "o": 32178,
        "r": "csb:1 Corinthians:3:13",
        "w": 28,
        "l": {},
        "c": "Ps 62:12*16543; Pr 24:12*19104; Mt 16:27*26760; 2Co 5:10*32709; 1Pt 1:17*34453",
        "a": "o"
    },
    {
        "o": 32180,
        "r": "csb:1 Corinthians:3:15",
        "w": 8,
        "l": {},
        "t": "3:15*r Or suffer",
        "a": "p"
    },
    {
        "o": 32180,
        "r": "csb:1 Corinthians:3:15",
        "w": 15,
        "l": {},
        "c": "Mt 9:22*26412; Ac 16:30*31133; Eph 2:8*33108",
        "a": "q"
    },
    {
        "o": 32180,
        "r": "csb:1 Corinthians:3:15",
        "w": 20,
        "l": {},
        "c": "Jd 23*34816",
        "a": "r"
    },
    {
        "o": 32181,
        "r": "csb:1 Corinthians:3:16",
        "w": 8,
        "l": {},
        "c": "Lk 1:21*28156",
        "a": "s"
    },
    {
        "o": 32181,
        "r": "csb:1 Corinthians:3:16",
        "w": 17,
        "l": {},
        "c": "Lv 26:11*3902; Jms 4:5*34394",
        "a": "t"
    },
    {
        "o": 32182,
        "r": "csb:1 Corinthians:3:17",
        "w": 8,
        "l": {},
        "c": "Heb 6:8*34069",
        "a": "u"
    },
    {
        "o": 32182,
        "r": "csb:1 Corinthians:3:17",
        "w": 13,
        "l": {},
        "c": "Ps 20:6*15767; 1Co 7:14*32271",
        "a": "v"
    },
    {
        "o": 32184,
        "r": "csb:1 Corinthians:3:18",
        "w": 3,
        "l": {},
        "c": "2Co 11:3*32829",
        "a": "w"
    },
    {
        "o": 32184,
        "r": "csb:1 Corinthians:3:18",
        "w": 15,
        "l": {},
        "c": "Lk 16:8*28987",
        "a": "x"
    },
    {
        "o": 32184,
        "r": "csb:1 Corinthians:3:18",
        "w": 20,
        "l": {},
        "c": "Mt 5:22*26238",
        "a": "y"
    },
    {
        "o": 32184,
        "r": "csb:1 Corinthians:3:18",
        "w": 26,
        "l": {},
        "c": "Is 5:21*19882; Jr 8:8–9*21473; Gl 6:3*33054",
        "a": "z"
    },
    {
        "o": 32185,
        "r": "csb:1 Corinthians:3:19",
        "w": 7,
        "l": {},
        "c": "1Co 1:18*32129",
        "a": "a"
    },
    {
        "o": 32185,
        "r": "csb:1 Corinthians:3:19",
        "w": 13,
        "l": {},
        "c": "Ac 15:15*31069; Gl 4:22*33011",
        "a": "b"
    },
    {
        "o": 32185,
        "r": "csb:1 Corinthians:3:19",
        "w": 20,
        "l": {},
        "t": "3:19*r Jb 5:13",
        "a": "c"
    },
    {
        "o": 32185,
        "r": "csb:1 Corinthians:3:19",
        "w": 20,
        "l": {},
        "c": "Jb 5:13*14425; Lk 20:23*29185",
        "a": "d"
    },
    {
        "o": 32186,
        "r": "csb:1 Corinthians:3:20",
        "w": 7,
        "l": {},
        "c": "Mt 15:19*26705; 1Tm 2:8*33679",
        "a": "e"
    },
    {
        "o": 32186,
        "r": "csb:1 Corinthians:3:20",
        "w": 12,
        "l": {},
        "t": "3:20*r Ps 94:11",
        "a": "f"
    },
    {
        "o": 32186,
        "r": "csb:1 Corinthians:3:20",
        "w": 12,
        "l": {},
        "c": "Ps 94:11*17242",
        "a": "g"
    },
    {
        "o": 32187,
        "r": "csb:1 Corinthians:3:21",
        "w": 11,
        "l": {},
        "c": "Rm 8:32*31858",
        "a": "h"
    },
    {
        "o": 32188,
        "r": "csb:1 Corinthians:3:22",
        "w": 5,
        "l": {},
        "c": "Jn 1:42*29509",
        "a": "i"
    },
    {
        "o": 32188,
        "r": "csb:1 Corinthians:3:22",
        "w": 10,
        "l": {},
        "c": "1Jn 5:12*34739",
        "a": "j"
    },
    {
        "o": 32188,
        "r": "csb:1 Corinthians:3:22",
        "w": 12,
        "l": {},
        "c": "Mt 10:21*26455; Jn 8:51*29890; Php 3:10*33330",
        "a": "k"
    },
    {
        "o": 32188,
        "r": "csb:1 Corinthians:3:22",
        "w": 19,
        "l": {},
        "c": "Rm 8:38*31864",
        "a": "l"
    },
    {
        "o": 32189,
        "r": "csb:1 Corinthians:3:23",
        "w": 4,
        "l": {},
        "c": "Nm 3:12*4080",
        "a": "m"
    },
    {
        "o": 32192,
        "r": "csb:1 Corinthians:4:1",
        "w": 10,
        "l": {},
        "c": "Jn 18:36*30333",
        "a": "a"
    },
    {
        "o": 32192,
        "r": "csb:1 Corinthians:4:1",
        "w": 14,
        "l": {},
        "c": "Lk 16:1*28980",
        "a": "b"
    },
    {
        "o": 32192,
        "r": "csb:1 Corinthians:4:1",
        "w": 19,
        "l": {},
        "c": "1Co 2:7*32153",
        "a": "c"
    },
    {
        "o": 32193,
        "r": "csb:1 Corinthians:4:2",
        "w": 10,
        "l": {},
        "c": "Nm 12:7*4474",
        "a": "d"
    },
    {
        "o": 32194,
        "r": "csb:1 Corinthians:4:3",
        "w": 3,
        "l": {},
        "c": "Mt 5:19*26234",
        "a": "e"
    },
    {
        "o": 32194,
        "r": "csb:1 Corinthians:4:3",
        "w": 11,
        "l": {},
        "c": "1Co 2:14*32160",
        "a": "f"
    },
    {
        "o": 32194,
        "r": "csb:1 Corinthians:4:3",
        "w": 18,
        "l": {},
        "t": "4:3*r Lit a human day",
        "a": "g"
    },
    {
        "o": 32195,
        "r": "csb:1 Corinthians:4:4",
        "w": 13,
        "l": {},
        "c": "Ac 13:39*31005",
        "a": "h"
    },
    {
        "o": 32196,
        "r": "csb:1 Corinthians:4:5",
        "w": 2,
        "l": {},
        "c": "Lk 6:37*28463",
        "a": "i"
    },
    {
        "o": 32196,
        "r": "csb:1 Corinthians:4:5",
        "w": 8,
        "l": {},
        "c": "Mk 8:38*27719; 1Pt 5:6*34548",
        "a": "j"
    },
    {
        "o": 32196,
        "r": "csb:1 Corinthians:4:5",
        "w": 36,
        "l": {},
        "c": "2Co 10:18*32824",
        "a": "k"
    },
    {
        "o": 32198,
        "r": "csb:1 Corinthians:4:6",
        "w": 3,
        "l": {},
        "c": "Ac 9:30*30830",
        "a": "l"
    },
    {
        "o": 32198,
        "r": "csb:1 Corinthians:4:6",
        "w": 12,
        "l": {},
        "c": "Ti 3:13*33931",
        "a": "m"
    },
    {
        "o": 32202,
        "r": "csb:1 Corinthians:4:10",
        "w": 10,
        "l": {},
        "c": "1Pt 5:14*34556",
        "a": "n"
    },
    {
        "o": 32204,
        "r": "csb:1 Corinthians:4:12",
        "w": 2,
        "l": {},
        "c": "2Jn 8*34761",
        "a": "o"
    },
    {
        "o": 32204,
        "r": "csb:1 Corinthians:4:12",
        "w": 6,
        "l": {},
        "c": "Ac 18:3*31189",
        "a": "p"
    },
    {
        "o": 32205,
        "r": "csb:1 Corinthians:4:13",
        "w": 19,
        "l": {},
        "c": "Is 64:6*21165; Lm 3:45*22942",
        "a": "q"
    },
    {
        "o": 32207,
        "r": "csb:1 Corinthians:4:14",
        "w": 14,
        "l": {},
        "c": "1Th 2:11*33505; Phm 1*33936",
        "a": "r"
    },
    {
        "o": 32208,
        "r": "csb:1 Corinthians:4:15",
        "w": 18,
        "l": {},
        "c": "Gl 4:19*33007; Phm 10*33947",
        "a": "s"
    },
    {
        "o": 32210,
        "r": "csb:1 Corinthians:4:17",
        "w": 5,
        "l": {},
        "c": "2Co 9:3*32792; Eph 6:21–22*33245; Col 4:7–8*33468; Phm 12*33949",
        "a": "t"
    },
    {
        "o": 32210,
        "r": "csb:1 Corinthians:4:17",
        "w": 15,
        "l": {},
        "c": "Nm 12:7*4474",
        "a": "u"
    },
    {
        "o": 32212,
        "r": "csb:1 Corinthians:4:19",
        "w": 6,
        "l": {},
        "c": "Ac 19:21*31242; 1Co 16:5*32583; 2Co 1:15–16*32624",
        "a": "v"
    },
    {
        "o": 32214,
        "r": "csb:1 Corinthians:4:21",
        "w": 11,
        "l": {},
        "c": "2Co 1:23*32632; 2:1,3*32635; 12:20–21*32884; 13:2,10*32889",
        "a": "w"
    },
    {
        "o": 32214,
        "r": "csb:1 Corinthians:4:21",
        "w": 19,
        "l": {},
        "c": "Jms 3:13*34382",
        "a": "x"
    },
    {
        "o": 32217,
        "r": "csb:1 Corinthians:5:1",
        "w": 8,
        "l": {},
        "c": "1Th 4:3*33538",
        "a": "a"
    },
    {
        "o": 32217,
        "r": "csb:1 Corinthians:5:1",
        "w": 21,
        "l": {},
        "t": "5:1*r Other mss read named",
        "a": "b"
    },
    {
        "o": 32217,
        "r": "csb:1 Corinthians:5:1",
        "w": 24,
        "l": {},
        "c": "Gl 1:16*32920",
        "a": "c"
    },
    {
        "o": 32217,
        "r": "csb:1 Corinthians:5:1",
        "w": 32,
        "l": {},
        "c": "Lv 18:8*3605; Dt 22:30*6067; 27:20*6196",
        "a": "d"
    },
    {
        "o": 32218,
        "r": "csb:1 Corinthians:5:2",
        "w": 9,
        "l": {},
        "c": "Lk 6:25*28449",
        "a": "e"
    },
    {
        "o": 32219,
        "r": "csb:1 Corinthians:5:3",
        "w": 12,
        "l": {},
        "c": "Col 2:5*33411; 1Th 2:17*33513",
        "a": "f"
    },
    {
        "o": 32221,
        "r": "csb:1 Corinthians:5:5",
        "w": 11,
        "l": {},
        "c": "1Jn 5:16*34744",
        "a": "g"
    },
    {
        "o": 32221,
        "r": "csb:1 Corinthians:5:5",
        "w": 24,
        "l": {},
        "c": "Mt 25:13*27128; Ac 2:20*30512; Php 1:6*33257",
        "a": "h"
    },
    {
        "o": 32222,
        "r": "csb:1 Corinthians:5:6",
        "w": 11,
        "l": {},
        "t": "5:6*r Or yeast, also in vv. 7,8",
        "a": "i"
    },
    {
        "o": 32222,
        "r": "csb:1 Corinthians:5:6",
        "w": 11,
        "l": {},
        "c": "Lk 13:21*28885; Gl 5:9*33031",
        "a": "j"
    },
    {
        "o": 32222,
        "r": "csb:1 Corinthians:5:6",
        "w": 17,
        "l": {},
        "c": "Lk 13:21*28885",
        "a": "k"
    },
    {
        "o": 32223,
        "r": "csb:1 Corinthians:5:7",
        "w": 22,
        "l": {},
        "c": "Ex 12*2005",
        "a": "l"
    },
    {
        "o": 32223,
        "r": "csb:1 Corinthians:5:7",
        "w": 25,
        "l": {},
        "t": "5:7*r Other mss add for us",
        "a": "m"
    },
    {
        "o": 32224,
        "r": "csb:1 Corinthians:5:8",
        "w": 17,
        "l": {},
        "c": "Mk 7:22*27657; Rm 1:29*31639",
        "a": "n"
    },
    {
        "o": 32226,
        "r": "csb:1 Corinthians:5:9",
        "w": 9,
        "l": {},
        "c": "2Th 3:14*33638",
        "a": "o"
    },
    {
        "o": 32226,
        "r": "csb:1 Corinthians:5:9",
        "w": 13,
        "l": {},
        "c": "1Co 6:9*32241; Eph 5:5*33189; 1Tm 1:10*33656; Heb 12:16*34265; 13:4*34284; Rv 21:8*35268; 22:15*35305",
        "a": "p"
    },
    {
        "o": 32227,
        "r": "csb:1 Corinthians:5:10",
        "w": 12,
        "l": {},
        "c": "Eph 5:5*33189",
        "a": "q"
    },
    {
        "o": 32227,
        "r": "csb:1 Corinthians:5:10",
        "w": 14,
        "l": {},
        "c": "Lk 18:11*29067",
        "a": "r"
    },
    {
        "o": 32227,
        "r": "csb:1 Corinthians:5:10",
        "w": 24,
        "l": {},
        "c": "Jn 17:6*30269",
        "a": "s"
    },
    {
        "o": 32228,
        "r": "csb:1 Corinthians:5:11",
        "w": 3,
        "l": {},
        "t": "5:11*r Or But now I am writing",
        "a": "t"
    },
    {
        "o": 32228,
        "r": "csb:1 Corinthians:5:11",
        "w": 17,
        "l": {},
        "c": "2Th 3:6*33630",
        "a": "u"
    },
    {
        "o": 32228,
        "r": "csb:1 Corinthians:5:11",
        "w": 30,
        "l": {},
        "c": "1Co 6:10*32242",
        "a": "v"
    },
    {
        "o": 32229,
        "r": "csb:1 Corinthians:5:12",
        "w": 8,
        "l": {},
        "c": "Lk 6:37*28463",
        "a": "w"
    },
    {
        "o": 32230,
        "r": "csb:1 Corinthians:5:13",
        "w": 9,
        "l": {},
        "t": "5:13*r Dt 17:7",
        "a": "x"
    },
    {
        "o": 32230,
        "r": "csb:1 Corinthians:5:13",
        "w": 9,
        "l": {},
        "c": "Dt 17:7*5918",
        "a": "y"
    },
    {
        "o": 32233,
        "r": "csb:1 Corinthians:6:1",
        "w": 15,
        "l": {},
        "c": "Mt 18:15–17*26810",
        "a": "a"
    },
    {
        "o": 32233,
        "r": "csb:1 Corinthians:6:1",
        "w": 18,
        "l": {},
        "t": "6:1*r Unbelievers; v. 6",
        "a": "b"
    },
    {
        "o": 32236,
        "r": "csb:1 Corinthians:6:4",
        "w": 16,
        "l": {},
        "c": "Lk 18:9*29065",
        "a": "c"
    },
    {
        "o": 32237,
        "r": "csb:1 Corinthians:6:5",
        "w": 5,
        "l": {},
        "c": "1Co 4:14*32207",
        "a": "d"
    },
    {
        "o": 32237,
        "r": "csb:1 Corinthians:6:5",
        "w": 25,
        "l": {},
        "c": "Ac 9:30*30830",
        "a": "e"
    },
    {
        "o": 32238,
        "r": "csb:1 Corinthians:6:6",
        "w": 10,
        "l": {},
        "c": "Lk 12:46*28842",
        "a": "f"
    },
    {
        "o": 32239,
        "r": "csb:1 Corinthians:6:7",
        "w": 15,
        "l": {},
        "c": "Rm 11:12*31942",
        "a": "g"
    },
    {
        "o": 32239,
        "r": "csb:1 Corinthians:6:7",
        "w": 20,
        "l": {},
        "c": "Rv 2:11*34857",
        "a": "h"
    },
    {
        "o": 32239,
        "r": "csb:1 Corinthians:6:7",
        "w": 25,
        "l": {},
        "c": "Mk 10:19*27797",
        "a": "i"
    },
    {
        "o": 32241,
        "r": "csb:1 Corinthians:6:9",
        "w": 5,
        "l": {},
        "c": "Lk 16:10*28989",
        "a": "j"
    },
    {
        "o": 32241,
        "r": "csb:1 Corinthians:6:9",
        "w": 10,
        "l": {},
        "c": "Mk 1:15*27368; Ac 20:25*31292",
        "a": "k"
    },
    {
        "o": 32241,
        "r": "csb:1 Corinthians:6:9",
        "w": 19,
        "l": {},
        "c": "Eph 5:5*33189",
        "a": "l"
    },
    {
        "o": 32241,
        "r": "csb:1 Corinthians:6:9",
        "w": 20,
        "l": {},
        "c": "Lk 18:11*29067",
        "a": "m"
    },
    {
        "o": 32241,
        "r": "csb:1 Corinthians:6:9",
        "w": 27,
        "l": {},
        "t": "6:9*r Both passive and active participants in homosexual acts",
        "a": "n"
    },
    {
        "o": 32241,
        "r": "csb:1 Corinthians:6:9",
        "w": 27,
        "l": {},
        "c": "Gn 19:5*513",
        "a": "o"
    },
    {
        "o": 32242,
        "r": "csb:1 Corinthians:6:10",
        "w": 1,
        "l": {},
        "c": "Jn 10:1*29946",
        "a": "p"
    },
    {
        "o": 32242,
        "r": "csb:1 Corinthians:6:10",
        "w": 2,
        "l": {},
        "c": "Eph 5:5*33189",
        "a": "q"
    },
    {
        "o": 32242,
        "r": "csb:1 Corinthians:6:10",
        "w": 7,
        "l": {},
        "c": "1Co 5:11*32228",
        "a": "r"
    },
    {
        "o": 32242,
        "r": "csb:1 Corinthians:6:10",
        "w": 9,
        "l": {},
        "c": "Lk 18:11*29067",
        "a": "s"
    },
    {
        "o": 32243,
        "r": "csb:1 Corinthians:6:11",
        "w": 8,
        "l": {},
        "c": "Eph 2:2–3*33102; 4:22*33172; 5:8*33192; Ti 3:3*33920",
        "a": "t"
    },
    {
        "o": 32243,
        "r": "csb:1 Corinthians:6:11",
        "w": 15,
        "l": {},
        "c": "Lk 11:2*28729",
        "a": "u"
    },
    {
        "o": 32245,
        "r": "csb:1 Corinthians:6:12",
        "w": 2,
        "l": {},
        "c": "Jn 18:31*30328",
        "a": "v"
    },
    {
        "o": 32246,
        "r": "csb:1 Corinthians:6:13",
        "w": 0,
        "l": {},
        "c": "1Tm 6:8*33765",
        "a": "w"
    },
    {
        "o": 32246,
        "r": "csb:1 Corinthians:6:13",
        "w": 26,
        "l": {},
        "c": "1Th 4:3*33538",
        "a": "x"
    },
    {
        "o": 32247,
        "r": "csb:1 Corinthians:6:14",
        "w": 13,
        "l": {},
        "c": "Mk 5:30*27558; Lk 1:35*28171; 6:19*28442; Ac 19:11*31231; 2Co 13:4*32891; Rv 11:17*35055",
        "a": "y"
    },
    {
        "o": 32248,
        "r": "csb:1 Corinthians:6:15",
        "w": 11,
        "l": {},
        "c": "Rm 12:5*31975; 1Co 12:27*32448; Eph 5:30*33216",
        "a": "z"
    },
    {
        "o": 32249,
        "r": "csb:1 Corinthians:6:16",
        "w": 22,
        "l": {},
        "t": "6:16*r Gn 2:24",
        "a": "a"
    },
    {
        "o": 32249,
        "r": "csb:1 Corinthians:6:16",
        "w": 22,
        "l": {},
        "c": "Gn 2:24*59",
        "a": "b"
    },
    {
        "o": 32250,
        "r": "csb:1 Corinthians:6:17",
        "w": 2,
        "l": {},
        "c": "Jn 11:52*30048",
        "a": "c"
    },
    {
        "o": 32250,
        "r": "csb:1 Corinthians:6:17",
        "w": 8,
        "l": {},
        "c": "Ps 51:12*16374",
        "a": "d"
    },
    {
        "o": 32251,
        "r": "csb:1 Corinthians:6:18",
        "w": 0,
        "l": {},
        "c": "Jms 4:7*34396",
        "a": "e"
    },
    {
        "o": 32251,
        "r": "csb:1 Corinthians:6:18",
        "w": 5,
        "l": {},
        "t": "6:18*r Lit Every sin",
        "a": "f"
    },
    {
        "o": 32251,
        "r": "csb:1 Corinthians:6:18",
        "w": 19,
        "l": {},
        "c": "1Co 10:8*32353",
        "a": "g"
    },
    {
        "o": 32252,
        "r": "csb:1 Corinthians:6:19",
        "w": 8,
        "l": {},
        "c": "Lk 1:21*28156",
        "a": "h"
    },
    {
        "o": 32252,
        "r": "csb:1 Corinthians:6:19",
        "w": 12,
        "l": {},
        "c": "Rm 8:9,23*31832; 1Co 7:40*32299; 2Co 4:13*32692; Jd 19*34812",
        "a": "i"
    },
    {
        "o": 32252,
        "r": "csb:1 Corinthians:6:19",
        "w": 16,
        "l": {},
        "c": "Jms 4:5*34394; 1Jn 4:4*34707",
        "a": "j"
    },
    {
        "o": 32253,
        "r": "csb:1 Corinthians:6:20",
        "w": 3,
        "l": {},
        "c": "2Pt 2:1*34584",
        "a": "k"
    },
    {
        "o": 32253,
        "r": "csb:1 Corinthians:6:20",
        "w": 12,
        "l": {},
        "t": "6:20*r Other mss add and in your spirit, which belong to God.",
        "a": "l"
    },
    {
        "o": 32256,
        "r": "csb:1 Corinthians:7:1",
        "w": 7,
        "l": {},
        "t": "7:1*r Other mss add to me",
        "a": "a"
    },
    {
        "o": 32256,
        "r": "csb:1 Corinthians:7:1",
        "w": 22,
        "l": {},
        "t": "7:1*r Or “It is good for a man not to use a woman for sex”; lit “It is good for a man not to touch a woman.”",
        "a": "b"
    },
    {
        "o": 32257,
        "r": "csb:1 Corinthians:7:2",
        "w": 6,
        "l": {},
        "t": "7:2*r Lit because of immoralities",
        "a": "c"
    },
    {
        "o": 32257,
        "r": "csb:1 Corinthians:7:2",
        "w": 6,
        "l": {},
        "c": "1Th 4:3*33538",
        "a": "d"
    },
    {
        "o": 32257,
        "r": "csb:1 Corinthians:7:2",
        "w": 16,
        "l": {},
        "c": "Mt 1:6*26111; 1Pt 3:1*34493",
        "a": "e"
    },
    {
        "o": 32258,
        "r": "csb:1 Corinthians:7:3",
        "w": 6,
        "l": {},
        "c": "Rm 13:7*32002",
        "a": "f"
    },
    {
        "o": 32260,
        "r": "csb:1 Corinthians:7:5",
        "w": 2,
        "l": {},
        "c": "Mk 10:19*27797",
        "a": "g"
    },
    {
        "o": 32260,
        "r": "csb:1 Corinthians:7:5",
        "w": 15,
        "l": {},
        "t": "7:5*r Other mss add fasting and to",
        "a": "h"
    },
    {
        "o": 32262,
        "r": "csb:1 Corinthians:7:7",
        "w": 14,
        "l": {},
        "c": "2Co 1:11*32619",
        "a": "i"
    },
    {
        "o": 32264,
        "r": "csb:1 Corinthians:7:8",
        "w": 4,
        "l": {},
        "t": "7:8*r Or widowers",
        "a": "j"
    },
    {
        "o": 32264,
        "r": "csb:1 Corinthians:7:8",
        "w": 7,
        "l": {},
        "c": "Jms 1:27*34337",
        "a": "k"
    },
    {
        "o": 32265,
        "r": "csb:1 Corinthians:7:9",
        "w": 6,
        "l": {},
        "c": "1Co 9:25*32341",
        "a": "l"
    },
    {
        "o": 32265,
        "r": "csb:1 Corinthians:7:9",
        "w": 15,
        "l": {},
        "c": "1Tm 5:14*33741",
        "a": "m"
    },
    {
        "o": 32267,
        "r": "csb:1 Corinthians:7:10",
        "w": 6,
        "l": {},
        "c": "1Tm 5:14*33741",
        "a": "n"
    },
    {
        "o": 32267,
        "r": "csb:1 Corinthians:7:10",
        "w": 17,
        "l": {},
        "t": "7:10*r Or separate from, or divorce",
        "a": "o"
    },
    {
        "o": 32268,
        "r": "csb:1 Corinthians:7:11",
        "w": 23,
        "l": {},
        "c": "Dt 22:19*6056",
        "a": "p"
    },
    {
        "o": 32269,
        "r": "csb:1 Corinthians:7:12",
        "w": 11,
        "l": {},
        "c": "Ac 9:30*30830",
        "a": "q"
    },
    {
        "o": 32271,
        "r": "csb:1 Corinthians:7:14",
        "w": 6,
        "l": {},
        "c": "Lk 11:2*28729",
        "a": "r"
    },
    {
        "o": 32271,
        "r": "csb:1 Corinthians:7:14",
        "w": 19,
        "l": {},
        "t": "7:14*r Lit the brother",
        "a": "s"
    },
    {
        "o": 32272,
        "r": "csb:1 Corinthians:7:15",
        "w": 22,
        "l": {},
        "t": "7:15*r Other mss read us",
        "a": "t"
    },
    {
        "o": 32273,
        "r": "csb:1 Corinthians:7:16",
        "w": 19,
        "l": {},
        "t": "7:16*r Or Wife, how do you know that you will save your husband? Husband, how do you know that you will save your wife?",
        "a": "u"
    },
    {
        "o": 32275,
        "r": "csb:1 Corinthians:7:17",
        "w": 14,
        "l": {},
        "c": "Col 3:15*33447",
        "a": "v"
    },
    {
        "o": 32275,
        "r": "csb:1 Corinthians:7:17",
        "w": 15,
        "l": {},
        "t": "7:17*r Lit called each",
        "a": "w"
    },
    {
        "o": 32278,
        "r": "csb:1 Corinthians:7:20",
        "w": 7,
        "l": {},
        "t": "7:20*r Lit in the calling",
        "a": "x"
    },
    {
        "o": 32279,
        "r": "csb:1 Corinthians:7:21",
        "w": 22,
        "l": {},
        "t": "7:21*r Or But even though you can become free, make the most of your position as a slave",
        "a": "y"
    },
    {
        "o": 32280,
        "r": "csb:1 Corinthians:7:22",
        "w": 10,
        "l": {},
        "c": "Rm 1:1*31607; 2Tm 2:24*33831",
        "a": "z"
    },
    {
        "o": 32281,
        "r": "csb:1 Corinthians:7:23",
        "w": 2,
        "l": {},
        "c": "2Pt 2:1*34584",
        "a": "a"
    },
    {
        "o": 32284,
        "r": "csb:1 Corinthians:7:25",
        "w": 2,
        "l": {},
        "t": "7:25*r Or betrothed, or those not yet married",
        "a": "b"
    },
    {
        "o": 32284,
        "r": "csb:1 Corinthians:7:25",
        "w": 22,
        "l": {},
        "c": "Mt 5:7*26220; Mk 5:19*27546; Lk 1:50*28188",
        "a": "c"
    },
    {
        "o": 32284,
        "r": "csb:1 Corinthians:7:25",
        "w": 24,
        "l": {},
        "c": "Nm 12:7*4474",
        "a": "d"
    },
    {
        "o": 32287,
        "r": "csb:1 Corinthians:7:28",
        "w": 5,
        "l": {},
        "c": "1Tm 5:14*33741",
        "a": "e"
    },
    {
        "o": 32287,
        "r": "csb:1 Corinthians:7:28",
        "w": 13,
        "l": {},
        "t": "7:28*r Or betrothed woman",
        "a": "f"
    },
    {
        "o": 32287,
        "r": "csb:1 Corinthians:7:28",
        "w": 27,
        "l": {},
        "t": "7:28*r Lit in the flesh",
        "a": "g"
    },
    {
        "o": 32288,
        "r": "csb:1 Corinthians:7:29",
        "w": 11,
        "l": {},
        "c": "Rm 13:11*32007",
        "a": "h"
    },
    {
        "o": 32289,
        "r": "csb:1 Corinthians:7:30",
        "w": 11,
        "l": {},
        "c": "Php 1:18*33270",
        "a": "i"
    },
    {
        "o": 32290,
        "r": "csb:1 Corinthians:7:31",
        "w": 25,
        "l": {},
        "c": "Mk 13:7*27934; 1Jn 2:8*34649",
        "a": "j"
    },
    {
        "o": 32291,
        "r": "csb:1 Corinthians:7:32",
        "w": 21,
        "l": {},
        "c": "1Th 4:1*33536",
        "a": "k"
    },
    {
        "o": 32293,
        "r": "csb:1 Corinthians:7:34",
        "w": 17,
        "l": {},
        "c": "1Tm 5:5*33732",
        "a": "l"
    },
    {
        "o": 32296,
        "r": "csb:1 Corinthians:7:37",
        "w": 19,
        "l": {},
        "c": "Jn 1:13*29477",
        "a": "m"
    },
    {
        "o": 32297,
        "r": "csb:1 Corinthians:7:38",
        "w": 17,
        "l": {},
        "t": "7:36–38*r Or 36 If any man thinks he is acting improperly toward his virgin daughter, if she is getting beyond the usual age for marriage, and he feels she should marry - he can do what he wants. He is not sinning; she can get married. 37 But he who stands firm in his heart (who is under no compulsion, but has control over his own will) and has decided in his heart to keep his own virgin daughter will do well. 38 So then he who gives his own virgin daughter in marriage does well, but he who does not give his own virgin daughter in marriage will do better.",
        "a": "n"
    },
    {
        "o": 32298,
        "r": "csb:1 Corinthians:7:39",
        "w": 3,
        "l": {},
        "t": "7:39*r Other mss add by law",
        "a": "o"
    },
    {
        "o": 32302,
        "r": "csb:1 Corinthians:8:1",
        "w": 5,
        "l": {},
        "c": "Ac 15:29*31085; 21:25*31334; 1Co 10:19*32365; Rv 2:14,20*34860",
        "a": "a"
    },
    {
        "o": 32302,
        "r": "csb:1 Corinthians:8:1",
        "w": 15,
        "l": {},
        "c": "1Co 4:6*32198",
        "a": "b"
    },
    {
        "o": 32302,
        "r": "csb:1 Corinthians:8:1",
        "w": 17,
        "l": {},
        "c": "1Co 13:1–13*32455",
        "a": "c"
    },
    {
        "o": 32303,
        "r": "csb:1 Corinthians:8:2",
        "w": 17,
        "l": {},
        "c": "1Co 3:18*32184; 13:8–12*32462; 1Tm 6:4*33761",
        "a": "d"
    },
    {
        "o": 32304,
        "r": "csb:1 Corinthians:8:3",
        "w": 4,
        "l": {},
        "c": "Dt 6:5*5600; Lk 10:27*28709",
        "a": "e"
    },
    {
        "o": 32304,
        "r": "csb:1 Corinthians:8:3",
        "w": 7,
        "l": {},
        "c": "Pr 2:6*18412",
        "a": "f"
    },
    {
        "o": 32305,
        "r": "csb:1 Corinthians:8:4",
        "w": 16,
        "l": {},
        "t": "8:4*r Or an idol has no real existence",
        "a": "g"
    },
    {
        "o": 32305,
        "r": "csb:1 Corinthians:8:4",
        "w": 24,
        "l": {},
        "c": "Dt 6:4*5599",
        "a": "h"
    },
    {
        "o": 32306,
        "r": "csb:1 Corinthians:8:5",
        "w": 6,
        "l": {},
        "c": "2Th 2:4*33607",
        "a": "i"
    },
    {
        "o": 32307,
        "r": "csb:1 Corinthians:8:6",
        "w": 8,
        "l": {},
        "c": "Mt 5:16*26231; 11:27*26510; Lk 11:13*28742; Jn 8:42*29880; Eph 5:20*33205",
        "a": "j"
    },
    {
        "o": 32307,
        "r": "csb:1 Corinthians:8:6",
        "w": 13,
        "l": {},
        "c": "Ps 104:24*17420; Col 1:16*33390; Rv 3:14*34894",
        "a": "k"
    },
    {
        "o": 32307,
        "r": "csb:1 Corinthians:8:6",
        "w": 35,
        "l": {},
        "c": "Jn 1:3*29467",
        "a": "l"
    },
    {
        "o": 32309,
        "r": "csb:1 Corinthians:8:8",
        "w": 7,
        "l": {},
        "t": "8:8*r Or bring us before (the judgment seat of) God",
        "a": "m"
    },
    {
        "o": 32309,
        "r": "csb:1 Corinthians:8:8",
        "w": 25,
        "l": {},
        "c": "Rm 14:17*32030",
        "a": "n"
    },
    {
        "o": 32310,
        "r": "csb:1 Corinthians:8:9",
        "w": 14,
        "l": {},
        "c": "Ex 23:33*2404; Rm 14:20*32033",
        "a": "o"
    },
    {
        "o": 32311,
        "r": "csb:1 Corinthians:8:10",
        "w": 20,
        "l": {},
        "t": "8:10*r Or built up",
        "a": "p"
    },
    {
        "o": 32312,
        "r": "csb:1 Corinthians:8:11",
        "w": 11,
        "l": {},
        "c": "Jn 11:51*30047; Rm 5:6,8*31750; 8:34*31860; 14:9,15*32021; 1Co 15:3*32515; Gl 2:21*32952; Eph 5:2*33185; 1Th 5:10*33567",
        "a": "q"
    },
    {
        "o": 32312,
        "r": "csb:1 Corinthians:8:11",
        "w": 13,
        "l": {},
        "t": "8:11*r Or destroyed",
        "a": "r"
    },
    {
        "o": 32312,
        "r": "csb:1 Corinthians:8:11",
        "w": 13,
        "l": {},
        "c": "Heb 6:8*34069",
        "a": "s"
    },
    {
        "o": 32312,
        "r": "csb:1 Corinthians:8:11",
        "w": 16,
        "l": {},
        "c": "Mt 25:45*27161",
        "a": "t"
    },
    {
        "o": 32314,
        "r": "csb:1 Corinthians:8:13",
        "w": 15,
        "l": {},
        "c": "Dt 12:15*5781",
        "a": "u"
    },
    {
        "o": 32318,
        "r": "csb:1 Corinthians:9:2",
        "w": 18,
        "l": {},
        "c": "Rv 5:1*34918",
        "a": "a"
    },
    {
        "o": 32320,
        "r": "csb:1 Corinthians:9:4",
        "w": 8,
        "l": {},
        "c": "2Th 3:8–9*33632",
        "a": "b"
    },
    {
        "o": 32321,
        "r": "csb:1 Corinthians:9:5",
        "w": 11,
        "l": {},
        "t": "9:5*r Lit a sister as a wife",
        "a": "c"
    },
    {
        "o": 32321,
        "r": "csb:1 Corinthians:9:5",
        "w": 15,
        "l": {},
        "c": "Jd 17*34809",
        "a": "d"
    },
    {
        "o": 32321,
        "r": "csb:1 Corinthians:9:5",
        "w": 20,
        "l": {},
        "c": "Jn 1:42*29509",
        "a": "e"
    },
    {
        "o": 32322,
        "r": "csb:1 Corinthians:9:6",
        "w": 3,
        "l": {},
        "c": "Ac 4:36*30612",
        "a": "f"
    },
    {
        "o": 32323,
        "r": "csb:1 Corinthians:9:7",
        "w": 8,
        "l": {},
        "c": "Lk 3:14*28297",
        "a": "g"
    },
    {
        "o": 32325,
        "r": "csb:1 Corinthians:9:9",
        "w": 13,
        "l": {},
        "c": "Lk 13:15*28877",
        "a": "h"
    },
    {
        "o": 32325,
        "r": "csb:1 Corinthians:9:9",
        "w": 18,
        "l": {},
        "t": "9:9*r Dt 25:4",
        "a": "i"
    },
    {
        "o": 32325,
        "r": "csb:1 Corinthians:9:9",
        "w": 18,
        "l": {},
        "c": "Dt 25:4*6133",
        "a": "j"
    },
    {
        "o": 32326,
        "r": "csb:1 Corinthians:9:10",
        "w": 14,
        "l": {},
        "c": "Rm 4:24*31740",
        "a": "k"
    },
    {
        "o": 32326,
        "r": "csb:1 Corinthians:9:10",
        "w": 23,
        "l": {},
        "c": "Ac 23:6*31391; 1Th 1:3*33485",
        "a": "l"
    },
    {
        "o": 32326,
        "r": "csb:1 Corinthians:9:10",
        "w": 35,
        "l": {},
        "c": "2Tm 2:6*33812",
        "a": "m"
    },
    {
        "o": 32328,
        "r": "csb:1 Corinthians:9:12",
        "w": 26,
        "l": {},
        "c": "Ac 20:33–35*31300; 2Co 6:3–10*32726; 11:7–12*32833",
        "a": "n"
    },
    {
        "o": 32329,
        "r": "csb:1 Corinthians:9:13",
        "w": 22,
        "l": {},
        "c": "Lv 6:16,26*3174; 7:6,31–32*3197; Nm 5:9–10*4187; 18:8–20,31*4691; Dt 18:1*5935",
        "a": "o"
    },
    {
        "o": 32330,
        "r": "csb:1 Corinthians:9:14",
        "w": 20,
        "l": {},
        "c": "Mt 10:8–10*26441; Lk 10:7*28685",
        "a": "p"
    },
    {
        "o": 32332,
        "r": "csb:1 Corinthians:9:16",
        "w": 17,
        "l": {},
        "t": "9:16*r Lit because necessity is laid upon me",
        "a": "q"
    },
    {
        "o": 32333,
        "r": "csb:1 Corinthians:9:17",
        "w": 15,
        "l": {},
        "c": "Lk 16:11*28990",
        "a": "r"
    },
    {
        "o": 32334,
        "r": "csb:1 Corinthians:9:18",
        "w": 25,
        "l": {},
        "c": "2Co 11:7*32833; 12:13*32877",
        "a": "s"
    },
    {
        "o": 32335,
        "r": "csb:1 Corinthians:9:19",
        "w": 21,
        "l": {},
        "c": "1Pt 3:1*34493",
        "a": "t"
    },
    {
        "o": 32336,
        "r": "csb:1 Corinthians:9:20",
        "w": 28,
        "l": {},
        "t": "9:20*r Other mss omit though I myself am not under the law",
        "a": "u"
    },
    {
        "o": 32336,
        "r": "csb:1 Corinthians:9:20",
        "w": 34,
        "l": {},
        "c": "Ac 16:3*31102; 21:23–26*31331",
        "a": "v"
    },
    {
        "o": 32337,
        "r": "csb:1 Corinthians:9:21",
        "w": 6,
        "l": {},
        "c": "Rm 2:12,14*31656; Gl 2:3*32933; 3:2*32956",
        "a": "w"
    },
    {
        "o": 32338,
        "r": "csb:1 Corinthians:9:22",
        "w": 29,
        "l": {},
        "c": "Rm 11:14*31944; 1Co 7:16*32274",
        "a": "x"
    },
    {
        "o": 32340,
        "r": "csb:1 Corinthians:9:24",
        "w": 10,
        "l": {},
        "c": "Jd 3*34793",
        "a": "y"
    },
    {
        "o": 32340,
        "r": "csb:1 Corinthians:9:24",
        "w": 25,
        "l": {},
        "c": "Col 2:18*33424",
        "a": "z"
    },
    {
        "o": 32341,
        "r": "csb:1 Corinthians:9:25",
        "w": 5,
        "l": {},
        "c": "Gl 5:23*33046",
        "a": "a"
    },
    {
        "o": 32341,
        "r": "csb:1 Corinthians:9:25",
        "w": 15,
        "l": {},
        "c": "1Pt 1:18*34454; 5:4*34545",
        "a": "b"
    },
    {
        "o": 32343,
        "r": "csb:1 Corinthians:9:27",
        "w": 22,
        "l": {},
        "c": "Heb 6:8*34069",
        "a": "c"
    },
    {
        "o": 32346,
        "r": "csb:1 Corinthians:10:1",
        "w": 14,
        "l": {},
        "c": "Ps 44:1*16222; Ac 7:11*30694",
        "a": "a"
    },
    {
        "o": 32346,
        "r": "csb:1 Corinthians:10:1",
        "w": 19,
        "l": {},
        "c": "Ex 13:21*2081",
        "a": "b"
    },
    {
        "o": 32346,
        "r": "csb:1 Corinthians:10:1",
        "w": 24,
        "l": {},
        "c": "Ex 14:29*2114",
        "a": "c"
    },
    {
        "o": 32347,
        "r": "csb:1 Corinthians:10:2",
        "w": 3,
        "l": {},
        "c": "Ac 22:16*31368",
        "a": "d"
    },
    {
        "o": 32347,
        "r": "csb:1 Corinthians:10:2",
        "w": 5,
        "l": {},
        "c": "Ps 77:20*16863; Mt 8:4*26351; Heb 3:2*34005",
        "a": "e"
    },
    {
        "o": 32348,
        "r": "csb:1 Corinthians:10:3",
        "w": 6,
        "l": {},
        "c": "Ex 16:31*2179",
        "a": "f"
    },
    {
        "o": 32349,
        "r": "csb:1 Corinthians:10:4",
        "w": 13,
        "l": {},
        "c": "Ex 17:6*2192; Nm 20:7–13*4748",
        "a": "g"
    },
    {
        "o": 32349,
        "r": "csb:1 Corinthians:10:4",
        "w": 21,
        "l": {},
        "c": "Jn 4:14*29602; 6:30–35*29731",
        "a": "h"
    },
    {
        "o": 32350,
        "r": "csb:1 Corinthians:10:5",
        "w": 16,
        "l": {},
        "c": "Jd 5*34796",
        "a": "i"
    },
    {
        "o": 32351,
        "r": "csb:1 Corinthians:10:6",
        "w": 14,
        "l": {},
        "c": "Mt 27:23*27275; Jms 4:2*34391",
        "a": "j"
    },
    {
        "o": 32351,
        "r": "csb:1 Corinthians:10:6",
        "w": 19,
        "l": {},
        "t": "10:6*r Lit they desired",
        "a": "k"
    },
    {
        "o": 32351,
        "r": "csb:1 Corinthians:10:6",
        "w": 19,
        "l": {},
        "c": "Nm 11:4,33–34*4432; Ps 78:18*16884; 106:14*17494",
        "a": "l"
    },
    {
        "o": 32352,
        "r": "csb:1 Corinthians:10:7",
        "w": 2,
        "l": {},
        "c": "Eph 5:5*33189",
        "a": "m"
    },
    {
        "o": 32352,
        "r": "csb:1 Corinthians:10:7",
        "w": 24,
        "l": {},
        "t": "10:7*r Or to dance",
        "a": "n"
    },
    {
        "o": 32352,
        "r": "csb:1 Corinthians:10:7",
        "w": 24,
        "l": {},
        "t": "10:7*r Ex 32:6",
        "a": "o"
    },
    {
        "o": 32352,
        "r": "csb:1 Corinthians:10:7",
        "w": 24,
        "l": {},
        "c": "Ex 32:6*2705",
        "a": "p"
    },
    {
        "o": 32353,
        "r": "csb:1 Corinthians:10:8",
        "w": 5,
        "l": {},
        "c": "1Co 6:18*32251; Rv 2:14,20*34860; 17:2*35167; 18:3,9*35189",
        "a": "q"
    },
    {
        "o": 32353,
        "r": "csb:1 Corinthians:10:8",
        "w": 10,
        "l": {},
        "t": "10:8*r Lit them committed sexual immorality",
        "a": "r"
    },
    {
        "o": 32353,
        "r": "csb:1 Corinthians:10:8",
        "w": 19,
        "l": {},
        "c": "Nm 25:1–18*4921; Ps 106:29*17509",
        "a": "s"
    },
    {
        "o": 32354,
        "r": "csb:1 Corinthians:10:9",
        "w": 9,
        "l": {},
        "t": "10:9*r Lit them tested",
        "a": "t"
    },
    {
        "o": 32354,
        "r": "csb:1 Corinthians:10:9",
        "w": 14,
        "l": {},
        "c": "Nm 21:6*4781",
        "a": "u"
    },
    {
        "o": 32355,
        "r": "csb:1 Corinthians:10:10",
        "w": 2,
        "l": {},
        "c": "Jn 6:41*29742; Jd 16*34808",
        "a": "v"
    },
    {
        "o": 32355,
        "r": "csb:1 Corinthians:10:10",
        "w": 7,
        "l": {},
        "t": "10:10*r Lit them grumbled",
        "a": "w"
    },
    {
        "o": 32355,
        "r": "csb:1 Corinthians:10:10",
        "w": 7,
        "l": {},
        "c": "Nm 16:41–50*4656",
        "a": "x"
    },
    {
        "o": 32355,
        "r": "csb:1 Corinthians:10:10",
        "w": 13,
        "l": {},
        "t": "10:10*r Or the destroying angel",
        "a": "y"
    },
    {
        "o": 32355,
        "r": "csb:1 Corinthians:10:10",
        "w": 13,
        "l": {},
        "c": "Ex 12:23*2028; 2Sm 24:16*9619; 1Ch 21:15*12136; Ps 78:49*16915",
        "a": "z"
    },
    {
        "o": 32356,
        "r": "csb:1 Corinthians:10:11",
        "w": 13,
        "l": {},
        "c": "Ps 102:18*17359",
        "a": "a"
    },
    {
        "o": 32356,
        "r": "csb:1 Corinthians:10:11",
        "w": 20,
        "l": {},
        "t": "10:11*r Or goals of the ages, or culmination of the ages",
        "a": "b"
    },
    {
        "o": 32356,
        "r": "csb:1 Corinthians:10:11",
        "w": 20,
        "l": {},
        "c": "Mk 13:7*27934",
        "a": "c"
    },
    {
        "o": 32356,
        "r": "csb:1 Corinthians:10:11",
        "w": 22,
        "l": {},
        "c": "Mk 10:30*27809",
        "a": "d"
    },
    {
        "o": 32357,
        "r": "csb:1 Corinthians:10:12",
        "w": 10,
        "l": {},
        "c": "Pr 24:16*19108; Heb 6:8*34069",
        "a": "e"
    },
    {
        "o": 32358,
        "r": "csb:1 Corinthians:10:13",
        "w": 15,
        "l": {},
        "c": "Nm 12:7*4474",
        "a": "f"
    },
    {
        "o": 32358,
        "r": "csb:1 Corinthians:10:13",
        "w": 39,
        "l": {},
        "c": "2Pt 2:9*34592",
        "a": "g"
    },
    {
        "o": 32362,
        "r": "csb:1 Corinthians:10:16",
        "w": 1,
        "l": {},
        "c": "Mt 26:27*27194; Mk 14:23*27998; Lk 22:17,20*29279; 1Co 11:25–26*32408",
        "a": "h"
    },
    {
        "o": 32362,
        "r": "csb:1 Corinthians:10:16",
        "w": 3,
        "l": {},
        "c": "Mk 6:41*27617; Gl 3:14*32969",
        "a": "i"
    },
    {
        "o": 32362,
        "r": "csb:1 Corinthians:10:16",
        "w": 18,
        "l": {},
        "c": "Mt 26:26*27193; Mk 14:22*27997; Lk 22:19*29281; Ac 2:42,46*30536; 20:7*31272",
        "a": "j"
    },
    {
        "o": 32363,
        "r": "csb:1 Corinthians:10:17",
        "w": 10,
        "l": {},
        "c": "Jn 11:52*30048; Eph 4:4*33153",
        "a": "k"
    },
    {
        "o": 32364,
        "r": "csb:1 Corinthians:10:18",
        "w": 4,
        "l": {},
        "t": "10:18*r Lit Look at Israel according to the flesh",
        "a": "l"
    },
    {
        "o": 32364,
        "r": "csb:1 Corinthians:10:18",
        "w": 15,
        "l": {},
        "c": "Gn 8:20*226; Lv 1:5*3047; Nm 3:26*4095; Dt 12:27*5793; 1Sm 2:28*8044; 1Ch 6:49*11647; Ps 26:6*15876; Ezk 8:15*23212; Heb 7:13*34098",
        "a": "m"
    },
    {
        "o": 32366,
        "r": "csb:1 Corinthians:10:20",
        "w": 7,
        "l": {},
        "t": "10:20*r Other mss read Gentiles",
        "a": "n"
    },
    {
        "o": 32368,
        "r": "csb:1 Corinthians:10:22",
        "w": 12,
        "l": {},
        "c": "Ec 6:10*19468",
        "a": "o"
    },
    {
        "o": 32370,
        "r": "csb:1 Corinthians:10:23",
        "w": 2,
        "l": {},
        "t": "10:23*r Other mss add for me",
        "a": "p"
    },
    {
        "o": 32370,
        "r": "csb:1 Corinthians:10:23",
        "w": 10,
        "l": {},
        "t": "10:23*r Other mss add for me",
        "a": "q"
    },
    {
        "o": 32371,
        "r": "csb:1 Corinthians:10:24",
        "w": 14,
        "l": {},
        "c": "Mk 10:45*27827; Php 2:4*33290",
        "a": "r"
    },
    {
        "o": 32373,
        "r": "csb:1 Corinthians:10:26",
        "w": 5,
        "l": {},
        "c": "Mk 13:19*27948",
        "a": "s"
    },
    {
        "o": 32373,
        "r": "csb:1 Corinthians:10:26",
        "w": 11,
        "l": {},
        "t": "10:26*r Ps 24:1",
        "a": "t"
    },
    {
        "o": 32373,
        "r": "csb:1 Corinthians:10:26",
        "w": 11,
        "l": {},
        "c": "Ps 24:1*15833",
        "a": "u"
    },
    {
        "o": 32375,
        "r": "csb:1 Corinthians:10:28",
        "w": 15,
        "l": {},
        "c": "Lk 10:8*28686",
        "a": "v"
    },
    {
        "o": 32375,
        "r": "csb:1 Corinthians:10:28",
        "w": 30,
        "l": {},
        "t": "10:28*r Other mss add “For the earth is the Lord’s and all that is in it.”",
        "a": "w"
    },
    {
        "o": 32376,
        "r": "csb:1 Corinthians:10:29",
        "w": 16,
        "l": {},
        "c": "Lk 6:37*28463",
        "a": "x"
    },
    {
        "o": 32377,
        "r": "csb:1 Corinthians:10:30",
        "w": 4,
        "l": {},
        "c": "Mk 8:6*27682; Rm 1:8*31615",
        "a": "y"
    },
    {
        "o": 32378,
        "r": "csb:1 Corinthians:10:31",
        "w": 16,
        "l": {},
        "c": "Mk 10:37*27818; Lk 9:32*28639; Jn 17:24*30288; 2Co 3:18*32676; 2Pt 3:18*34626",
        "a": "z"
    },
    {
        "o": 32379,
        "r": "csb:1 Corinthians:10:32",
        "w": 2,
        "l": {},
        "c": "Ac 24:16*31439; Php 1:10*33261",
        "a": "a"
    },
    {
        "o": 32380,
        "r": "csb:1 Corinthians:10:33",
        "w": 19,
        "l": {},
        "c": "Mk 10:45*27827",
        "a": "b"
    },
    {
        "o": 32382,
        "r": "csb:1 Corinthians:11:1",
        "w": 6,
        "l": {},
        "c": "Php 2:5*33291; 1Pt 2:21*34486",
        "a": "a"
    },
    {
        "o": 32384,
        "r": "csb:1 Corinthians:11:2",
        "w": 3,
        "l": {},
        "t": "11:2*r Other mss add brothers,",
        "a": "b"
    },
    {
        "o": 32384,
        "r": "csb:1 Corinthians:11:2",
        "w": 15,
        "l": {},
        "c": "2Th 2:15*33619; 3:6*33630",
        "a": "c"
    },
    {
        "o": 32384,
        "r": "csb:1 Corinthians:11:2",
        "w": 19,
        "l": {},
        "c": "Jd 3*34793",
        "a": "d"
    },
    {
        "o": 32385,
        "r": "csb:1 Corinthians:11:3",
        "w": 10,
        "l": {},
        "c": "Eph 1:22*33097; 4:15*33164; Col 1:18*33392; 2:10,19*33416",
        "a": "e"
    },
    {
        "o": 32385,
        "r": "csb:1 Corinthians:11:3",
        "w": 22,
        "l": {},
        "t": "11:3*r Or the husband is the head of the wife",
        "a": "f"
    },
    {
        "o": 32385,
        "r": "csb:1 Corinthians:11:3",
        "w": 22,
        "l": {},
        "c": "Gn 3:16*79; Eph 5:23*33209",
        "a": "g"
    },
    {
        "o": 32385,
        "r": "csb:1 Corinthians:11:3",
        "w": 29,
        "l": {},
        "c": "1Co 3:23*32189",
        "a": "h"
    },
    {
        "o": 32386,
        "r": "csb:1 Corinthians:11:4",
        "w": 11,
        "l": {},
        "c": "1Pt 3:16*34510",
        "a": "i"
    },
    {
        "o": 32387,
        "r": "csb:1 Corinthians:11:5",
        "w": 24,
        "l": {},
        "c": "Dt 21:11–12*6018",
        "a": "j"
    },
    {
        "o": 32389,
        "r": "csb:1 Corinthians:11:7",
        "w": 11,
        "l": {},
        "c": "Gn 1:27*29",
        "a": "k"
    },
    {
        "o": 32389,
        "r": "csb:1 Corinthians:11:7",
        "w": 15,
        "l": {},
        "c": "Mk 10:37*27818; Lk 9:32*28639; Jn 17:24*30288; 2Co 3:18*32676; 2Pt 3:18*34626",
        "a": "l"
    },
    {
        "o": 32390,
        "r": "csb:1 Corinthians:11:8",
        "w": 11,
        "l": {},
        "c": "Gn 2:21–23*56; 1Tm 2:13*33684",
        "a": "m"
    },
    {
        "o": 32394,
        "r": "csb:1 Corinthians:11:12",
        "w": 17,
        "l": {},
        "c": "Ps 104:24*17420; Rv 3:14*34894",
        "a": "n"
    },
    {
        "o": 32395,
        "r": "csb:1 Corinthians:11:13",
        "w": 0,
        "l": {},
        "c": "Jn 5:22–30*29670",
        "a": "o"
    },
    {
        "o": 32396,
        "r": "csb:1 Corinthians:11:14",
        "w": 5,
        "l": {},
        "c": "Mt 28:20*27347; Ac 4:2*30574; 2Tm 4:11*33867",
        "a": "p"
    },
    {
        "o": 32396,
        "r": "csb:1 Corinthians:11:14",
        "w": 17,
        "l": {},
        "c": "2Co 6:8*32731",
        "a": "q"
    },
    {
        "o": 32397,
        "r": "csb:1 Corinthians:11:15",
        "w": 11,
        "l": {},
        "c": "Php 3:19*33340",
        "a": "r"
    },
    {
        "o": 32397,
        "r": "csb:1 Corinthians:11:15",
        "w": 18,
        "l": {},
        "t": "11:15*r Other mss omit to her",
        "a": "s"
    },
    {
        "o": 32398,
        "r": "csb:1 Corinthians:11:16",
        "w": 10,
        "l": {},
        "t": "11:16*r Or no such",
        "a": "t"
    },
    {
        "o": 32402,
        "r": "csb:1 Corinthians:11:19",
        "w": 7,
        "l": {},
        "c": "2Pt 2:1*34584",
        "a": "u"
    },
    {
        "o": 32403,
        "r": "csb:1 Corinthians:11:20",
        "w": 12,
        "l": {},
        "c": "Mt 26:26–29*27193; Mk 14:22–25*27997; Lk 22:14–20*29276; 1Co 10:14–22*32360",
        "a": "v"
    },
    {
        "o": 32404,
        "r": "csb:1 Corinthians:11:21",
        "w": 9,
        "l": {},
        "t": "11:21*r Or eats his own supper ahead of others",
        "a": "w"
    },
    {
        "o": 32406,
        "r": "csb:1 Corinthians:11:23",
        "w": 12,
        "l": {},
        "c": "Jd 3*34793",
        "a": "x"
    },
    {
        "o": 32407,
        "r": "csb:1 Corinthians:11:24",
        "w": 9,
        "l": {},
        "t": "11:24*r Other mss add “Take, eat.",
        "a": "y"
    },
    {
        "o": 32407,
        "r": "csb:1 Corinthians:11:24",
        "w": 15,
        "l": {},
        "t": "11:24*r Other mss add broken",
        "a": "z"
    },
    {
        "o": 32407,
        "r": "csb:1 Corinthians:11:24",
        "w": 23,
        "l": {},
        "c": "Lk 22:19*29281",
        "a": "a"
    },
    {
        "o": 32408,
        "r": "csb:1 Corinthians:11:25",
        "w": 18,
        "l": {},
        "c": "Lk 22:20*29282",
        "a": "b"
    },
    {
        "o": 32408,
        "r": "csb:1 Corinthians:11:25",
        "w": 21,
        "l": {},
        "c": "Jn 6:54*29755",
        "a": "c"
    },
    {
        "o": 32409,
        "r": "csb:1 Corinthians:11:26",
        "w": 16,
        "l": {},
        "c": "Php 2:8*33294; 3:10*33330",
        "a": "d"
    },
    {
        "o": 32409,
        "r": "csb:1 Corinthians:11:26",
        "w": 19,
        "l": {},
        "c": "Mk 8:38*27719",
        "a": "e"
    },
    {
        "o": 32411,
        "r": "csb:1 Corinthians:11:27",
        "w": 24,
        "l": {},
        "t": "11:27*r Lit be guilty of the body",
        "a": "f"
    },
    {
        "o": 32413,
        "r": "csb:1 Corinthians:11:29",
        "w": 8,
        "l": {},
        "t": "11:29*r Other mss read drinks unworthily, not discerning the Lord’s body",
        "a": "g"
    },
    {
        "o": 32413,
        "r": "csb:1 Corinthians:11:29",
        "w": 12,
        "l": {},
        "c": "Mk 12:40*27920; 1Jn 5:16*34744",
        "a": "h"
    },
    {
        "o": 32414,
        "r": "csb:1 Corinthians:11:30",
        "w": 14,
        "l": {},
        "c": "Jn 11:11*30003; Ac 7:60*30748; 1Th 4:13–15*33550",
        "a": "i"
    },
    {
        "o": 32416,
        "r": "csb:1 Corinthians:11:32",
        "w": 4,
        "l": {},
        "c": "Jn 5:22–30*29670",
        "a": "j"
    },
    {
        "o": 32416,
        "r": "csb:1 Corinthians:11:32",
        "w": 17,
        "l": {},
        "c": "Mt 12:41*26561; Jn 5:22*29670",
        "a": "k"
    },
    {
        "o": 32417,
        "r": "csb:1 Corinthians:11:33",
        "w": 13,
        "l": {},
        "t": "11:33*r Or wait for one another",
        "a": "l"
    },
    {
        "o": 32418,
        "r": "csb:1 Corinthians:11:34",
        "w": 31,
        "l": {},
        "c": "1Co 4:19*32212",
        "a": "m"
    },
    {
        "o": 32421,
        "r": "csb:1 Corinthians:12:1",
        "w": 3,
        "l": {},
        "t": "12:1*r Or spiritual things, or spiritual people",
        "a": "a"
    },
    {
        "o": 32422,
        "r": "csb:1 Corinthians:12:2",
        "w": 16,
        "l": {},
        "c": "Ac 8:32*30786; 1Co 14:10*32479; 2Pt 2:16*34599",
        "a": "b"
    },
    {
        "o": 32422,
        "r": "csb:1 Corinthians:12:2",
        "w": 17,
        "l": {},
        "c": "1Co 8:4*32305",
        "a": "c"
    },
    {
        "o": 32424,
        "r": "csb:1 Corinthians:12:4",
        "w": 4,
        "l": {},
        "c": "Rm 12:6*31976; 1Co 14:1*32470; Eph 4:8*33157; Heb 2:4*33987; 1Pt 4:10*34529",
        "a": "d"
    },
    {
        "o": 32427,
        "r": "csb:1 Corinthians:12:7",
        "w": 9,
        "l": {},
        "c": "Jms 4:5*34394",
        "a": "e"
    },
    {
        "o": 32428,
        "r": "csb:1 Corinthians:12:8",
        "w": 1,
        "l": {},
        "c": "Rm 12:7–8*31977; Eph 4:11*33160; 1Pt 4:11*34531",
        "a": "f"
    },
    {
        "o": 32428,
        "r": "csb:1 Corinthians:12:8",
        "w": 7,
        "l": {},
        "c": "1Co 2:6–7*32152",
        "a": "g"
    },
    {
        "o": 32429,
        "r": "csb:1 Corinthians:12:9",
        "w": 11,
        "l": {},
        "c": "Lk 13:32*28897; Ac 4:22,30*30597; 10:38*30888",
        "a": "h"
    },
    {
        "o": 32430,
        "r": "csb:1 Corinthians:12:10",
        "w": 5,
        "l": {},
        "c": "Ac 19:11*31231",
        "a": "i"
    },
    {
        "o": 32430,
        "r": "csb:1 Corinthians:12:10",
        "w": 8,
        "l": {},
        "c": "1Co 13:2*32456",
        "a": "j"
    },
    {
        "o": 32430,
        "r": "csb:1 Corinthians:12:10",
        "w": 13,
        "l": {},
        "c": "1Jn 4:1–3*34704",
        "a": "k"
    },
    {
        "o": 32430,
        "r": "csb:1 Corinthians:12:10",
        "w": 19,
        "l": {},
        "t": "12:10*r languages",
        "a": "l"
    },
    {
        "o": 32433,
        "r": "csb:1 Corinthians:12:12",
        "w": 6,
        "l": {},
        "c": "Jn 11:52*30048",
        "a": "m"
    },
    {
        "o": 32433,
        "r": "csb:1 Corinthians:12:12",
        "w": 26,
        "l": {},
        "c": "Eph 4:4*33153",
        "a": "n"
    },
    {
        "o": 32434,
        "r": "csb:1 Corinthians:12:13",
        "w": 5,
        "l": {},
        "t": "12:13*r Or with, or in",
        "a": "o"
    },
    {
        "o": 32434,
        "r": "csb:1 Corinthians:12:13",
        "w": 27,
        "l": {},
        "c": "Gl 3:28*32985; Eph 2:13–18*33114; Col 3:11*33443",
        "a": "p"
    },
    {
        "o": 32439,
        "r": "csb:1 Corinthians:12:18",
        "w": 18,
        "l": {},
        "c": "Ps 143:10*18254; Pr 16:9*18853; Jn 5:30*29680; Gl 1:4*32906; Eph 1:9*33082; 1Jn 2:17*34661",
        "a": "q"
    },
    {
        "o": 32444,
        "r": "csb:1 Corinthians:12:23",
        "w": 10,
        "l": {},
        "c": "Mk 6:4*27577; 1Pt 2:7*34470",
        "a": "r"
    },
    {
        "o": 32446,
        "r": "csb:1 Corinthians:12:25",
        "w": 6,
        "l": {},
        "c": "1Co 1:10*32120",
        "a": "s"
    },
    {
        "o": 32448,
        "r": "csb:1 Corinthians:12:27",
        "w": 6,
        "l": {},
        "c": "Eph 1:23*33098; Col 1:18*33392",
        "a": "t"
    },
    {
        "o": 32449,
        "r": "csb:1 Corinthians:12:28",
        "w": 7,
        "l": {},
        "c": "Mt 16:18*26749; 1Co 14:4*32473; Rv 1:4*34824",
        "a": "u"
    },
    {
        "o": 32449,
        "r": "csb:1 Corinthians:12:28",
        "w": 13,
        "l": {},
        "c": "Eph 4:11*33160; Jms 3:1*34369",
        "a": "v"
    },
    {
        "o": 32449,
        "r": "csb:1 Corinthians:12:28",
        "w": 15,
        "l": {},
        "c": "Mk 13:22*27951",
        "a": "w"
    },
    {
        "o": 32449,
        "r": "csb:1 Corinthians:12:28",
        "w": 19,
        "l": {},
        "c": "1Co 12:9*32429",
        "a": "x"
    },
    {
        "o": 32449,
        "r": "csb:1 Corinthians:12:28",
        "w": 25,
        "l": {},
        "t": "12:28*r languages, also in v. 30",
        "a": "y"
    },
    {
        "o": 32451,
        "r": "csb:1 Corinthians:12:30",
        "w": 13,
        "l": {},
        "c": "Lk 24:27*29434",
        "a": "z"
    },
    {
        "o": 32452,
        "r": "csb:1 Corinthians:12:31",
        "w": 1,
        "l": {},
        "c": "Nm 25:13*4934; Jms 4:2*34391",
        "a": "a"
    },
    {
        "o": 32455,
        "r": "csb:1 Corinthians:13:1",
        "w": 6,
        "l": {},
        "t": "13:1*r languages, also in v. 8",
        "a": "a"
    },
    {
        "o": 32455,
        "r": "csb:1 Corinthians:13:1",
        "w": 11,
        "l": {},
        "c": "Jn 13:35*30151; 1Jn 4:7–12*34711",
        "a": "b"
    },
    {
        "o": 32455,
        "r": "csb:1 Corinthians:13:1",
        "w": 16,
        "l": {},
        "c": "Mt 10:9*26442",
        "a": "c"
    },
    {
        "o": 32456,
        "r": "csb:1 Corinthians:13:2",
        "w": 6,
        "l": {},
        "c": "1Co 14:1,3–6,22–39*32470; Eph 4:11*33160; 1Th 5:20*33578",
        "a": "d"
    },
    {
        "o": 32456,
        "r": "csb:1 Corinthians:13:2",
        "w": 25,
        "l": {},
        "c": "Mt 17:20*26785",
        "a": "e"
    },
    {
        "o": 32457,
        "r": "csb:1 Corinthians:13:3",
        "w": 18,
        "l": {},
        "t": "13:3*r Other mss read body to be burned",
        "a": "f"
    },
    {
        "o": 32458,
        "r": "csb:1 Corinthians:13:4",
        "w": 2,
        "l": {},
        "c": "1Th 5:14*33572",
        "a": "g"
    },
    {
        "o": 32458,
        "r": "csb:1 Corinthians:13:4",
        "w": 9,
        "l": {},
        "c": "Nm 25:13*4934; Gl 4:17*33005",
        "a": "h"
    },
    {
        "o": 32458,
        "r": "csb:1 Corinthians:13:4",
        "w": 15,
        "l": {},
        "c": "1Co 4:6*32198",
        "a": "i"
    },
    {
        "o": 32459,
        "r": "csb:1 Corinthians:13:5",
        "w": 5,
        "l": {},
        "c": "Mk 10:45*27827; Php 2:4*33290",
        "a": "j"
    },
    {
        "o": 32459,
        "r": "csb:1 Corinthians:13:5",
        "w": 8,
        "l": {},
        "c": "Ac 17:16*31165",
        "a": "k"
    },
    {
        "o": 32460,
        "r": "csb:1 Corinthians:13:6",
        "w": 10,
        "l": {},
        "c": "Ps 119:142*17918; Jn 8:14*29850; 14:6*30162",
        "a": "l"
    },
    {
        "o": 32461,
        "r": "csb:1 Corinthians:13:7",
        "w": 10,
        "l": {},
        "c": "Jms 1:12*34321",
        "a": "m"
    },
    {
        "o": 32462,
        "r": "csb:1 Corinthians:13:8",
        "w": 2,
        "l": {},
        "c": "Mt 7:25,27*26340; Lk 6:49*28477; 11:17*28746; 13:4*28864; 16:17*28997; Ac 15:16*31070; Heb 11:30*34235; Rv 11:13*35050; 16:19*35161",
        "a": "n"
    },
    {
        "o": 32466,
        "r": "csb:1 Corinthians:13:12",
        "w": 6,
        "l": {},
        "t": "13:12*r Lit we see indirectly",
        "a": "o"
    },
    {
        "o": 32466,
        "r": "csb:1 Corinthians:13:12",
        "w": 15,
        "l": {},
        "c": "1Jn 3:2*34678",
        "a": "p"
    },
    {
        "o": 32466,
        "r": "csb:1 Corinthians:13:12",
        "w": 26,
        "l": {},
        "c": "Pr 2:6*18412; Jn 17:3*30265; 1Jn 4:8*34712",
        "a": "q"
    },
    {
        "o": 32466,
        "r": "csb:1 Corinthians:13:12",
        "w": 31,
        "l": {},
        "c": "1Co 8:3*32304; Gl 4:9*32997",
        "a": "r"
    },
    {
        "o": 32467,
        "r": "csb:1 Corinthians:13:13",
        "w": 5,
        "l": {},
        "c": "1Th 1:3*33485",
        "a": "s"
    },
    {
        "o": 32471,
        "r": "csb:1 Corinthians:14:2",
        "w": 7,
        "l": {},
        "t": "14:2*r Or another language, also in vv. 4,​13,​14,​19,​26,27",
        "a": "a"
    },
    {
        "o": 32471,
        "r": "csb:1 Corinthians:14:2",
        "w": 7,
        "l": {},
        "c": "1Co 12:10*32430",
        "a": "b"
    },
    {
        "o": 32471,
        "r": "csb:1 Corinthians:14:2",
        "w": 26,
        "l": {},
        "t": "14:2*r Or in spirit, or in his spirit",
        "a": "c"
    },
    {
        "o": 32472,
        "r": "csb:1 Corinthians:14:3",
        "w": 13,
        "l": {},
        "t": "14:3*r Lit building up",
        "a": "d"
    },
    {
        "o": 32474,
        "r": "csb:1 Corinthians:14:5",
        "w": 7,
        "l": {},
        "t": "14:5*r Or other languages, also in vv. 6,​18,21,​22,​23,​39",
        "a": "e"
    },
    {
        "o": 32475,
        "r": "csb:1 Corinthians:14:6",
        "w": 25,
        "l": {},
        "c": "1Pt 4:13*34533",
        "a": "f"
    },
    {
        "o": 32476,
        "r": "csb:1 Corinthians:14:7",
        "w": 9,
        "l": {},
        "c": "Rv 5:8*34926; 14:2*35104; 15:2*35128",
        "a": "g"
    },
    {
        "o": 32477,
        "r": "csb:1 Corinthians:14:8",
        "w": 13,
        "l": {},
        "c": "Nm 10:9*4397; Is 58:1*21048; Jr 4:19*21340; Ezk 33:3–6*23945; Jl 2:1*25113",
        "a": "h"
    },
    {
        "o": 32480,
        "r": "csb:1 Corinthians:14:11",
        "w": 15,
        "l": {},
        "t": "14:11*r Gk barbaros, or barbarian",
        "a": "i"
    },
    {
        "o": 32481,
        "r": "csb:1 Corinthians:14:12",
        "w": 6,
        "l": {},
        "c": "Nm 25:13*4934; Gl 1:14*32918",
        "a": "j"
    },
    {
        "o": 32481,
        "r": "csb:1 Corinthians:14:12",
        "w": 9,
        "l": {},
        "t": "14:12*r Lit zealous of spirits",
        "a": "k"
    },
    {
        "o": 32481,
        "r": "csb:1 Corinthians:14:12",
        "w": 9,
        "l": {},
        "c": "Ps 51:11*16373; Lk 11:34*28767; Jn 1:33*29499; Ac 2:4*30495; Rm 8:9*31832; Gl 5:25*33048; Ti 3:5*33922; 1Jn 4:1*34704; Rv 3:22*34902",
        "a": "l"
    },
    {
        "o": 32483,
        "r": "csb:1 Corinthians:14:14",
        "w": 8,
        "l": {},
        "c": "Ps 51:12*16374",
        "a": "m"
    },
    {
        "o": 32483,
        "r": "csb:1 Corinthians:14:14",
        "w": 14,
        "l": {},
        "c": "Gl 5:22*33045; Ti 3:14*33932",
        "a": "n"
    },
    {
        "o": 32485,
        "r": "csb:1 Corinthians:14:16",
        "w": 6,
        "l": {},
        "t": "14:16*r Or praise by the Spirit",
        "a": "o"
    },
    {
        "o": 32485,
        "r": "csb:1 Corinthians:14:16",
        "w": 10,
        "l": {},
        "t": "14:16*r Lit the one filling the place of the uninformed",
        "a": "p"
    },
    {
        "o": 32485,
        "r": "csb:1 Corinthians:14:16",
        "w": 12,
        "l": {},
        "c": "Ps 72:19*16752; Rv 22:21*35311",
        "a": "q"
    },
    {
        "o": 32487,
        "r": "csb:1 Corinthians:14:18",
        "w": 1,
        "l": {},
        "c": "Rm 1:8*31615",
        "a": "r"
    },
    {
        "o": 32488,
        "r": "csb:1 Corinthians:14:19",
        "w": 9,
        "l": {},
        "c": "Mt 12:37*26557",
        "a": "s"
    },
    {
        "o": 32489,
        "r": "csb:1 Corinthians:14:20",
        "w": 20,
        "l": {},
        "c": "Ps 131:2*18068; Is 28:9*20358; Mt 18:3*26797; Rm 16:19*32098; Eph 4:14*33163; Heb 5:12–13*34057",
        "a": "t"
    },
    {
        "o": 32490,
        "r": "csb:1 Corinthians:14:21",
        "w": 31,
        "l": {},
        "t": "14:21*r Is 28:11–12",
        "a": "u"
    },
    {
        "o": 32490,
        "r": "csb:1 Corinthians:14:21",
        "w": 31,
        "l": {},
        "c": "Is 28:11–12*20360",
        "a": "v"
    },
    {
        "o": 32494,
        "r": "csb:1 Corinthians:14:25",
        "w": 24,
        "l": {},
        "c": "Is 45:14*20808; Zch 8:23*25928",
        "a": "w"
    },
    {
        "o": 32496,
        "r": "csb:1 Corinthians:14:26",
        "w": 10,
        "l": {},
        "t": "14:26*r Other mss add of you",
        "a": "x"
    },
    {
        "o": 32496,
        "r": "csb:1 Corinthians:14:26",
        "w": 22,
        "l": {},
        "c": "1Co 12:10*32430",
        "a": "y"
    },
    {
        "o": 32499,
        "r": "csb:1 Corinthians:14:29",
        "w": 10,
        "l": {},
        "c": "1Jn 4:1*34704",
        "a": "z"
    },
    {
        "o": 32501,
        "r": "csb:1 Corinthians:14:31",
        "w": 17,
        "l": {},
        "c": "Lk 16:25*29006",
        "a": "a"
    },
    {
        "o": 32503,
        "r": "csb:1 Corinthians:14:33",
        "w": 18,
        "l": {},
        "c": "Eph 6:18*33241",
        "a": "b"
    },
    {
        "o": 32504,
        "r": "csb:1 Corinthians:14:34",
        "w": 1,
        "l": {},
        "t": "14:34*r Other mss read your women",
        "a": "c"
    },
    {
        "o": 32504,
        "r": "csb:1 Corinthians:14:34",
        "w": 7,
        "l": {},
        "c": "1Tm 2:11–12*33682; 1Pt 3:1*34493",
        "a": "d"
    },
    {
        "o": 32505,
        "r": "csb:1 Corinthians:14:35",
        "w": 11,
        "l": {},
        "c": "Mt 1:19*26126; 1Pt 3:1*34493",
        "a": "e"
    },
    {
        "o": 32508,
        "r": "csb:1 Corinthians:14:38",
        "w": 7,
        "l": {},
        "t": "14:38*r Other mss read he should be ignored",
        "a": "f"
    },
    {
        "o": 32509,
        "r": "csb:1 Corinthians:14:39",
        "w": 7,
        "l": {},
        "c": "Nm 25:13*4934; Gl 4:17*33005",
        "a": "g"
    },
    {
        "o": 32510,
        "r": "csb:1 Corinthians:14:40",
        "w": 6,
        "l": {},
        "c": "Rm 13:13*32009",
        "a": "h"
    },
    {
        "o": 32513,
        "r": "csb:1 Corinthians:15:1",
        "w": 26,
        "l": {},
        "c": "Pr 24:16*19108",
        "a": "a"
    },
    {
        "o": 32514,
        "r": "csb:1 Corinthians:15:2",
        "w": 21,
        "l": {},
        "c": "Gl 4:11*32999; Heb 6:8*34069",
        "a": "b"
    },
    {
        "o": 32515,
        "r": "csb:1 Corinthians:15:3",
        "w": 5,
        "l": {},
        "c": "Jd 3*34793",
        "a": "c"
    },
    {
        "o": 32515,
        "r": "csb:1 Corinthians:15:3",
        "w": 15,
        "l": {},
        "c": "1Co 8:11*32312",
        "a": "d"
    },
    {
        "o": 32515,
        "r": "csb:1 Corinthians:15:3",
        "w": 22,
        "l": {},
        "c": "Mt 26:54*27224; 1Pt 1:20*34456",
        "a": "e"
    },
    {
        "o": 32516,
        "r": "csb:1 Corinthians:15:4",
        "w": 3,
        "l": {},
        "c": "Mt 27:59–60*27315; Mk 15:46*28105; Lk 23:53*29401; Jn 19:41–42*30389",
        "a": "f"
    },
    {
        "o": 32516,
        "r": "csb:1 Corinthians:15:4",
        "w": 11,
        "l": {},
        "c": "1Th 4:14*33551",
        "a": "g"
    },
    {
        "o": 32516,
        "r": "csb:1 Corinthians:15:4",
        "w": 15,
        "l": {},
        "c": "Ps 16:10*15669; Is 53:10*20970; Hs 6:2*24942; Mt 12:40*26560; Jn 2:22*29543; Ac 2:25–32*30517; 13:33–35*30999; 26:22–23*31507",
        "a": "h"
    },
    {
        "o": 32517,
        "r": "csb:1 Corinthians:15:5",
        "w": 5,
        "l": {},
        "c": "Lk 24:34*29441",
        "a": "i"
    },
    {
        "o": 32517,
        "r": "csb:1 Corinthians:15:5",
        "w": 9,
        "l": {},
        "c": "Mk 16:14*28125; Lk 24:36*29444; Jn 20:19,26*30413; Ac 10:41*30891",
        "a": "j"
    },
    {
        "o": 32518,
        "r": "csb:1 Corinthians:15:6",
        "w": 12,
        "l": {},
        "c": "Mt 28:10–20*27336",
        "a": "k"
    },
    {
        "o": 32519,
        "r": "csb:1 Corinthians:15:7",
        "w": 4,
        "l": {},
        "c": "Jms 1:1*34310",
        "a": "l"
    },
    {
        "o": 32519,
        "r": "csb:1 Corinthians:15:7",
        "w": 9,
        "l": {},
        "c": "Ac 1:3–11*30463",
        "a": "m"
    },
    {
        "o": 32520,
        "r": "csb:1 Corinthians:15:8",
        "w": 10,
        "l": {},
        "t": "15:8*r Or one whose birth was unusual",
        "a": "n"
    },
    {
        "o": 32520,
        "r": "csb:1 Corinthians:15:8",
        "w": 10,
        "l": {},
        "c": "1Tm 1:13–16*33660",
        "a": "o"
    },
    {
        "o": 32520,
        "r": "csb:1 Corinthians:15:8",
        "w": 15,
        "l": {},
        "c": "Ac 9:1–8*30796",
        "a": "p"
    },
    {
        "o": 32521,
        "r": "csb:1 Corinthians:15:9",
        "w": 7,
        "l": {},
        "c": "Eph 3:8*33133; 1Tm 1:16–17*33663",
        "a": "q"
    },
    {
        "o": 32521,
        "r": "csb:1 Corinthians:15:9",
        "w": 17,
        "l": {},
        "c": "Php 3:6*33326",
        "a": "r"
    },
    {
        "o": 32522,
        "r": "csb:1 Corinthians:15:10",
        "w": 41,
        "l": {},
        "c": "2Co 3:5*32662; Php 2:13*33300; Col 1:29*33404",
        "a": "s"
    },
    {
        "o": 32525,
        "r": "csb:1 Corinthians:15:12",
        "w": 9,
        "l": {},
        "c": "Mt 17:9*26772",
        "a": "t"
    },
    {
        "o": 32525,
        "r": "csb:1 Corinthians:15:12",
        "w": 22,
        "l": {},
        "c": "Mt 22:23*26986; Mk 12:18*27894; Lk 20:27*29190; Ac 23:8*31393; 2Tm 2:18*33825",
        "a": "u"
    },
    {
        "o": 32527,
        "r": "csb:1 Corinthians:15:14",
        "w": 17,
        "l": {},
        "t": "15:14*r Or proclamation is useless, and your faith also is useless, or proclamation is empty, and your faith also is empty",
        "a": "v"
    },
    {
        "o": 32528,
        "r": "csb:1 Corinthians:15:15",
        "w": 7,
        "l": {},
        "c": "Mt 26:60*27231",
        "a": "w"
    },
    {
        "o": 32528,
        "r": "csb:1 Corinthians:15:15",
        "w": 13,
        "l": {},
        "c": "Jn 15:26*30223",
        "a": "x"
    },
    {
        "o": 32531,
        "r": "csb:1 Corinthians:15:18",
        "w": 7,
        "l": {},
        "c": "1Th 4:16*33553; 1Pt 5:14*34556",
        "a": "y"
    },
    {
        "o": 32534,
        "r": "csb:1 Corinthians:15:20",
        "w": 12,
        "l": {},
        "c": "Ex 23:19*2390; Lv 2:12*3073; Rm 8:23*31848; Col 1:18*33392",
        "a": "z"
    },
    {
        "o": 32535,
        "r": "csb:1 Corinthians:15:21",
        "w": 2,
        "l": {},
        "c": "Mt 10:21*26455; Jn 8:51*29890; Php 3:10*33330",
        "a": "a"
    },
    {
        "o": 32535,
        "r": "csb:1 Corinthians:15:21",
        "w": 6,
        "l": {},
        "c": "Gn 3:1–7*63; Rm 5:12–14*31757",
        "a": "b"
    },
    {
        "o": 32535,
        "r": "csb:1 Corinthians:15:21",
        "w": 16,
        "l": {},
        "c": "Mt 28:5–6*27330; Mk 16:6*28114; Lk 24:5–8,34*29411; Jn 11:25*30018; 20:9,15–18*30401",
        "a": "c"
    },
    {
        "o": 32536,
        "r": "csb:1 Corinthians:15:22",
        "w": 15,
        "l": {},
        "c": "Rm 14:9*32021",
        "a": "d"
    },
    {
        "o": 32537,
        "r": "csb:1 Corinthians:15:23",
        "w": 5,
        "l": {},
        "c": "1Th 4:17*33554",
        "a": "e"
    },
    {
        "o": 32538,
        "r": "csb:1 Corinthians:15:24",
        "w": 3,
        "l": {},
        "c": "Mt 24:6*27061; Mk 13:7*27934",
        "a": "f"
    },
    {
        "o": 32538,
        "r": "csb:1 Corinthians:15:24",
        "w": 13,
        "l": {},
        "c": "Mt 5:16*26231; 11:27*26510; Lk 11:13*28742; Jn 8:42*29880; Eph 5:20*33205",
        "a": "g"
    },
    {
        "o": 32538,
        "r": "csb:1 Corinthians:15:24",
        "w": 23,
        "l": {},
        "c": "Ac 8:10*30762; Eph 1:21*33096; 1Pt 3:22*34516",
        "a": "h"
    },
    {
        "o": 32539,
        "r": "csb:1 Corinthians:15:25",
        "w": 3,
        "l": {},
        "c": "Lk 1:33*28169; Rv 11:15*35053",
        "a": "i"
    },
    {
        "o": 32539,
        "r": "csb:1 Corinthians:15:25",
        "w": 12,
        "l": {},
        "c": "Ps 110:1*17629; Mt 22:44*27009; Eph 1:22*33097",
        "a": "j"
    },
    {
        "o": 32540,
        "r": "csb:1 Corinthians:15:26",
        "w": 7,
        "l": {},
        "c": "2Co 5:4*32703",
        "a": "k"
    },
    {
        "o": 32541,
        "r": "csb:1 Corinthians:15:27",
        "w": 7,
        "l": {},
        "t": "15:27*r Ps 8:6; 110:1",
        "a": "l"
    },
    {
        "o": 32541,
        "r": "csb:1 Corinthians:15:27",
        "w": 7,
        "l": {},
        "c": "Ps 8:6*15562; 110:1*17629",
        "a": "m"
    },
    {
        "o": 32542,
        "r": "csb:1 Corinthians:15:28",
        "w": 8,
        "l": {},
        "c": "Jn 5:19*29667; Heb 1:2*33967",
        "a": "n"
    },
    {
        "o": 32542,
        "r": "csb:1 Corinthians:15:28",
        "w": 29,
        "l": {},
        "c": "Ps 104:24*17420; Eph 1:23*33098",
        "a": "o"
    },
    {
        "o": 32544,
        "r": "csb:1 Corinthians:15:29",
        "w": 11,
        "l": {},
        "t": "15:29*r Or baptized on account of the dead",
        "a": "p"
    },
    {
        "o": 32544,
        "r": "csb:1 Corinthians:15:29",
        "w": 26,
        "l": {},
        "t": "15:29*r Other mss read for the dead",
        "a": "q"
    },
    {
        "o": 32546,
        "r": "csb:1 Corinthians:15:31",
        "w": 4,
        "l": {},
        "c": "Rm 8:36*31862",
        "a": "r"
    },
    {
        "o": 32547,
        "r": "csb:1 Corinthians:15:32",
        "w": 6,
        "l": {},
        "c": "Eph 1:1*33073",
        "a": "s"
    },
    {
        "o": 32547,
        "r": "csb:1 Corinthians:15:32",
        "w": 16,
        "l": {},
        "c": "1Th 2:19*33515",
        "a": "t"
    },
    {
        "o": 32547,
        "r": "csb:1 Corinthians:15:32",
        "w": 31,
        "l": {},
        "t": "15:32*r Is 22:13",
        "a": "u"
    },
    {
        "o": 32547,
        "r": "csb:1 Corinthians:15:32",
        "w": 31,
        "l": {},
        "c": "Is 22:13*20235",
        "a": "v"
    },
    {
        "o": 32549,
        "r": "csb:1 Corinthians:15:34",
        "w": 3,
        "l": {},
        "t": "15:34*r Lit Sober up",
        "a": "w"
    },
    {
        "o": 32549,
        "r": "csb:1 Corinthians:15:34",
        "w": 3,
        "l": {},
        "c": "Ti 2:12*33912",
        "a": "x"
    },
    {
        "o": 32549,
        "r": "csb:1 Corinthians:15:34",
        "w": 19,
        "l": {},
        "c": "1Co 4:14*32207",
        "a": "y"
    },
    {
        "o": 32552,
        "r": "csb:1 Corinthians:15:36",
        "w": 9,
        "l": {},
        "c": "Jn 12:24*30082",
        "a": "z"
    },
    {
        "o": 32554,
        "r": "csb:1 Corinthians:15:38",
        "w": 8,
        "l": {},
        "c": "Ps 143:10*18254; Pr 16:9*18853; Jn 5:30*29680; Gl 1:4*32906; Eph 1:9*33082; 1Jn 2:17*34661",
        "a": "a"
    },
    {
        "o": 32555,
        "r": "csb:1 Corinthians:15:39",
        "w": 2,
        "l": {},
        "c": "Php 3:3*33323",
        "a": "b"
    },
    {
        "o": 32556,
        "r": "csb:1 Corinthians:15:40",
        "w": 9,
        "l": {},
        "c": "Lk 9:31–32*28638; Ac 22:11*31363",
        "a": "c"
    },
    {
        "o": 32558,
        "r": "csb:1 Corinthians:15:42",
        "w": 14,
        "l": {},
        "c": "Rm 2:7*31651; Eph 6:24*33248; 2Tm 1:10*33795",
        "a": "d"
    },
    {
        "o": 32559,
        "r": "csb:1 Corinthians:15:43",
        "w": 2,
        "l": {},
        "c": "2Co 6:8*32731",
        "a": "e"
    },
    {
        "o": 32559,
        "r": "csb:1 Corinthians:15:43",
        "w": 5,
        "l": {},
        "c": "1Pt 5:4*34545",
        "a": "f"
    },
    {
        "o": 32559,
        "r": "csb:1 Corinthians:15:43",
        "w": 11,
        "l": {},
        "c": "Mk 5:30*27558; Lk 1:35*28171; 6:19*28442; Ac 19:11*31231; 2Co 13:4*32891; Rv 11:17*35055",
        "a": "g"
    },
    {
        "o": 32561,
        "r": "csb:1 Corinthians:15:45",
        "w": 11,
        "l": {},
        "t": "15:45*r Gn 2:7",
        "a": "h"
    },
    {
        "o": 32561,
        "r": "csb:1 Corinthians:15:45",
        "w": 11,
        "l": {},
        "c": "Gn 2:7*42",
        "a": "i"
    },
    {
        "o": 32561,
        "r": "csb:1 Corinthians:15:45",
        "w": 14,
        "l": {},
        "c": "Rm 8:2*31825",
        "a": "j"
    },
    {
        "o": 32563,
        "r": "csb:1 Corinthians:15:47",
        "w": 10,
        "l": {},
        "c": "Gn 2:7*42; 3:19*82; Ps 90:3*17172",
        "a": "k"
    },
    {
        "o": 32563,
        "r": "csb:1 Corinthians:15:47",
        "w": 14,
        "l": {},
        "t": "15:47*r Other mss add the Lord",
        "a": "l"
    },
    {
        "o": 32564,
        "r": "csb:1 Corinthians:15:48",
        "w": 24,
        "l": {},
        "c": "Php 3:20–21*33341",
        "a": "m"
    },
    {
        "o": 32565,
        "r": "csb:1 Corinthians:15:49",
        "w": 7,
        "l": {},
        "c": "Gn 1:27*29",
        "a": "n"
    },
    {
        "o": 32565,
        "r": "csb:1 Corinthians:15:49",
        "w": 23,
        "l": {},
        "c": "1Jn 3:2*34678",
        "a": "o"
    },
    {
        "o": 32567,
        "r": "csb:1 Corinthians:15:50",
        "w": 9,
        "l": {},
        "c": "Php 3:3*33323",
        "a": "p"
    },
    {
        "o": 32567,
        "r": "csb:1 Corinthians:15:50",
        "w": 11,
        "l": {},
        "c": "Mt 16:17*26748",
        "a": "q"
    },
    {
        "o": 32569,
        "r": "csb:1 Corinthians:15:52",
        "w": 12,
        "l": {},
        "c": "Mt 24:31*27090; 1Pt 1:5*34440",
        "a": "r"
    },
    {
        "o": 32570,
        "r": "csb:1 Corinthians:15:53",
        "w": 6,
        "l": {},
        "c": "Pr 31:25*19333",
        "a": "s"
    },
    {
        "o": 32570,
        "r": "csb:1 Corinthians:15:53",
        "w": 8,
        "l": {},
        "c": "1Pt 1:18*34454",
        "a": "t"
    },
    {
        "o": 32571,
        "r": "csb:1 Corinthians:15:54",
        "w": 29,
        "l": {},
        "c": "Mt 23:24*27036",
        "a": "u"
    },
    {
        "o": 32571,
        "r": "csb:1 Corinthians:15:54",
        "w": 31,
        "l": {},
        "t": "15:54*r Is 25:8",
        "a": "v"
    },
    {
        "o": 32571,
        "r": "csb:1 Corinthians:15:54",
        "w": 31,
        "l": {},
        "c": "Is 25:8*20303",
        "a": "w"
    },
    {
        "o": 32572,
        "r": "csb:1 Corinthians:15:55",
        "w": 9,
        "l": {},
        "t": "15:55*r Hs 13:14",
        "a": "x"
    },
    {
        "o": 32572,
        "r": "csb:1 Corinthians:15:55",
        "w": 9,
        "l": {},
        "c": "Hs 13:14*25074",
        "a": "y"
    },
    {
        "o": 32573,
        "r": "csb:1 Corinthians:15:56",
        "w": 10,
        "l": {},
        "c": "Rm 4:15*31731",
        "a": "z"
    },
    {
        "o": 32573,
        "r": "csb:1 Corinthians:15:56",
        "w": 13,
        "l": {},
        "c": "Gl 5:4*33026",
        "a": "a"
    },
    {
        "o": 32574,
        "r": "csb:1 Corinthians:15:57",
        "w": 9,
        "l": {},
        "c": "1Jn 5:5*34732",
        "a": "b"
    },
    {
        "o": 32575,
        "r": "csb:1 Corinthians:15:58",
        "w": 14,
        "l": {},
        "c": "Mk 14:6*27978; Gl 3:10*32965; Jms 2:14–26*34354",
        "a": "c"
    },
    {
        "o": 32578,
        "r": "csb:1 Corinthians:16:1",
        "w": 3,
        "l": {},
        "c": "Ac 11:30*30933; 2Co 8:4*32766",
        "a": "a"
    },
    {
        "o": 32578,
        "r": "csb:1 Corinthians:16:1",
        "w": 14,
        "l": {},
        "c": "Gl 1:2*32904",
        "a": "b"
    },
    {
        "o": 32579,
        "r": "csb:1 Corinthians:16:2",
        "w": 6,
        "l": {},
        "c": "Mt 28:1*27326; Mk 16:9*28119; Lk 24:1*29407; Jn 20:1,19*30393; Ac 20:7*31272",
        "a": "c"
    },
    {
        "o": 32579,
        "r": "csb:1 Corinthians:16:2",
        "w": 35,
        "l": {},
        "c": "2Co 9:1–5*32790",
        "a": "d"
    },
    {
        "o": 32580,
        "r": "csb:1 Corinthians:16:3",
        "w": 7,
        "l": {},
        "c": "2Co 8:16–22*32779",
        "a": "e"
    },
    {
        "o": 32580,
        "r": "csb:1 Corinthians:16:3",
        "w": 16,
        "l": {},
        "c": "Mt 23:37*27050; Ac 8:1*30751",
        "a": "f"
    },
    {
        "o": 32583,
        "r": "csb:1 Corinthians:16:5",
        "w": 9,
        "l": {},
        "c": "Ac 16:9*31109",
        "a": "g"
    },
    {
        "o": 32585,
        "r": "csb:1 Corinthians:16:7",
        "w": 22,
        "l": {},
        "c": "Ps 143:10*18254; Pr 16:9*18853; Jn 5:30*29680; Gl 1:4*32906; Eph 1:9*33082; 1Jn 2:17*34661",
        "a": "h"
    },
    {
        "o": 32586,
        "r": "csb:1 Corinthians:16:8",
        "w": 5,
        "l": {},
        "c": "Eph 1:1*33073",
        "a": "i"
    },
    {
        "o": 32586,
        "r": "csb:1 Corinthians:16:8",
        "w": 7,
        "l": {},
        "c": "Ex 34:22*2785",
        "a": "j"
    },
    {
        "o": 32587,
        "r": "csb:1 Corinthians:16:9",
        "w": 3,
        "l": {},
        "c": "Col 4:3*33463",
        "a": "k"
    },
    {
        "o": 32587,
        "r": "csb:1 Corinthians:16:9",
        "w": 10,
        "l": {},
        "t": "16:9*r Lit door has opened to me, great and effective",
        "a": "l"
    },
    {
        "o": 32588,
        "r": "csb:1 Corinthians:16:10",
        "w": 19,
        "l": {},
        "c": "Jn 5:17*29665; 2Jn 8*34761",
        "a": "m"
    },
    {
        "o": 32589,
        "r": "csb:1 Corinthians:16:11",
        "w": 5,
        "l": {},
        "c": "Lk 18:9*29065",
        "a": "n"
    },
    {
        "o": 32590,
        "r": "csb:1 Corinthians:16:12",
        "w": 4,
        "l": {},
        "c": "Ti 3:13*33931",
        "a": "o"
    },
    {
        "o": 32592,
        "r": "csb:1 Corinthians:16:13",
        "w": 6,
        "l": {},
        "c": "Jd 3*34793",
        "a": "p"
    },
    {
        "o": 32592,
        "r": "csb:1 Corinthians:16:13",
        "w": 8,
        "l": {},
        "t": "16:13*r Lit act like men",
        "a": "q"
    },
    {
        "o": 32593,
        "r": "csb:1 Corinthians:16:14",
        "w": 3,
        "l": {},
        "c": "1Co 13:1*32455",
        "a": "r"
    },
    {
        "o": 32594,
        "r": "csb:1 Corinthians:16:15",
        "w": 12,
        "l": {},
        "c": "Lv 2:12*3073",
        "a": "s"
    },
    {
        "o": 32594,
        "r": "csb:1 Corinthians:16:15",
        "w": 14,
        "l": {},
        "c": "Ac 18:12*31198",
        "a": "t"
    },
    {
        "o": 32597,
        "r": "csb:1 Corinthians:16:18",
        "w": 5,
        "l": {},
        "c": "Ps 51:12*16374",
        "a": "u"
    },
    {
        "o": 32597,
        "r": "csb:1 Corinthians:16:18",
        "w": 9,
        "l": {},
        "c": "1Th 5:12*33570",
        "a": "v"
    },
    {
        "o": 32599,
        "r": "csb:1 Corinthians:16:19",
        "w": 3,
        "l": {},
        "c": "Ac 6:9*30674",
        "a": "w"
    },
    {
        "o": 32599,
        "r": "csb:1 Corinthians:16:19",
        "w": 6,
        "l": {},
        "c": "Rm 16:3–23*32080; 2Co 13:12*32899; Php 4:21–22*33367; Col 4:10–15*33471; 1Th 5:26*33584; Phm 23–24*33961",
        "a": "x"
    },
    {
        "o": 32599,
        "r": "csb:1 Corinthians:16:19",
        "w": 9,
        "l": {},
        "c": "Ac 18:2*31188",
        "a": "y"
    },
    {
        "o": 32599,
        "r": "csb:1 Corinthians:16:19",
        "w": 25,
        "l": {},
        "c": "Rm 16:5*32082",
        "a": "z"
    },
    {
        "o": 32600,
        "r": "csb:1 Corinthians:16:20",
        "w": 14,
        "l": {},
        "c": "2Co 13:12*32899",
        "a": "a"
    },
    {
        "o": 32601,
        "r": "csb:1 Corinthians:16:21",
        "w": 6,
        "l": {},
        "c": "2Th 3:17*33642",
        "a": "b"
    },
    {
        "o": 32602,
        "r": "csb:1 Corinthians:16:22",
        "w": 14,
        "l": {},
        "t": "16:22*r Aramaic Marana tha",
        "a": "c"
    },
    {
        "o": 32603,
        "r": "csb:1 Corinthians:16:23",
        "w": 8,
        "l": {},
        "c": "2Co 13:13*32900; Gl 6:18*33070; Eph 6:23–24*33247; Php 4:23*33369; Col 4:18*33479; 1Th 5:28*33586; 2Th 3:18*33643",
        "a": "d"
    }
]
