[
    {
        "o": 12449,
        "r": "csb:2 Chronicles:3:1",
        "w": 2,
        "l": {},
        "c": "1Kg 6:1–3*9833",
        "a": "a"
    },
    {
        "o": 12449,
        "r": "csb:2 Chronicles:3:1",
        "w": 12,
        "l": {},
        "c": "Gn 22:2*609",
        "a": "b"
    },
    {
        "o": 12449,
        "r": "csb:2 Chronicles:3:1",
        "w": 15,
        "l": {},
        "t": "3:1*r LXX; Tg reads the angel of the Lord; MT reads he",
        "a": "c"
    },
    {
        "o": 12449,
        "r": "csb:2 Chronicles:3:1",
        "w": 33,
        "l": {},
        "t": "3:1*r = Araunah in 2Sm 24:16–24",
        "a": "d"
    },
    {
        "o": 12451,
        "r": "csb:2 Chronicles:3:3",
        "w": 3,
        "l": {},
        "t": "3:3*r Tg reads The measurements which Solomon decreed",
        "a": "e"
    },
    {
        "o": 12451,
        "r": "csb:2 Chronicles:3:3",
        "w": 9,
        "l": {},
        "t": "3:3*r Lit length - cubits in the former measure  —",
        "a": "f"
    },
    {
        "o": 12451,
        "r": "csb:2 Chronicles:3:3",
        "w": 12,
        "l": {},
        "t": "3:3*r Lit 60 cubits",
        "a": "g"
    },
    {
        "o": 12451,
        "r": "csb:2 Chronicles:3:3",
        "w": 17,
        "l": {},
        "t": "3:3*r Lit 20 cubits, also in vv. 4,​8,​11,​13",
        "a": "h"
    },
    {
        "o": 12452,
        "r": "csb:2 Chronicles:3:4",
        "w": 22,
        "l": {},
        "t": "3:4*r LXX, Syr; MT reads 120 cubits",
        "a": "i"
    },
    {
        "o": 12453,
        "r": "csb:2 Chronicles:3:5",
        "w": 2,
        "l": {},
        "t": "3:5*r Lit The house",
        "a": "j"
    },
    {
        "o": 12455,
        "r": "csb:2 Chronicles:3:7",
        "w": 13,
        "l": {},
        "c": "1Kg 6:20–22*9852",
        "a": "k"
    },
    {
        "o": 12455,
        "r": "csb:2 Chronicles:3:7",
        "w": 20,
        "l": {},
        "c": "1Kg 6:29–35*9861",
        "a": "l"
    },
    {
        "o": 12457,
        "r": "csb:2 Chronicles:3:8",
        "w": 23,
        "l": {},
        "c": "1Kg 6:16*9848",
        "a": "m"
    },
    {
        "o": 12457,
        "r": "csb:2 Chronicles:3:8",
        "w": 30,
        "l": {},
        "t": "3:8*r Lit 600 talents",
        "a": "n"
    },
    {
        "o": 12458,
        "r": "csb:2 Chronicles:3:9",
        "w": 7,
        "l": {},
        "t": "3:9*r Lit 50 shekels",
        "a": "o"
    },
    {
        "o": 12459,
        "r": "csb:2 Chronicles:3:10",
        "w": 1,
        "l": {},
        "c": "1Kg 6:23–28*9855",
        "a": "p"
    },
    {
        "o": 12460,
        "r": "csb:2 Chronicles:3:11",
        "w": 18,
        "l": {},
        "t": "3:11*r Lit five cubits, also in vv. 12,15",
        "a": "q"
    },
    {
        "o": 12461,
        "r": "csb:2 Chronicles:3:12",
        "w": 4,
        "l": {},
        "t": "3:12*r Syr, Vg; MT reads the one",
        "a": "r"
    },
    {
        "o": 12462,
        "r": "csb:2 Chronicles:3:13",
        "w": 17,
        "l": {},
        "t": "3:13*r Lit the house",
        "a": "s"
    },
    {
        "o": 12463,
        "r": "csb:2 Chronicles:3:14",
        "w": 18,
        "l": {},
        "c": "Ex 26:31*2502",
        "a": "t"
    },
    {
        "o": 12465,
        "r": "csb:2 Chronicles:3:15",
        "w": 4,
        "l": {},
        "c": "1Kg 7:15–22*9888; 2Kg 25:17*11359; Jr 52:21–23*22773",
        "a": "u"
    },
    {
        "o": 12465,
        "r": "csb:2 Chronicles:3:15",
        "w": 11,
        "l": {},
        "t": "3:15*r Syr reads 18 cubits (27 feet); Hb reads 35 cubits (52½ feet)",
        "a": "v"
    },
    {
        "o": 12466,
        "r": "csb:2 Chronicles:3:16",
        "w": 16,
        "l": {},
        "c": "1Kg 6:21*9853; 7:17*9890",
        "a": "w"
    },
    {
        "o": 12467,
        "r": "csb:2 Chronicles:3:17",
        "w": 27,
        "l": {},
        "t": "3:17*r = He Will Establish",
        "a": "x"
    },
    {
        "o": 12467,
        "r": "csb:2 Chronicles:3:17",
        "w": 34,
        "l": {},
        "t": "3:17*r = Strength Is in Him",
        "a": "y"
    }
]
