[
    {
        "o": 9833,
        "r": "csb:1 Kings:6:1",
        "w": 14,
        "l": {},
        "c": "Ac 13:20*30986",
        "a": "a"
    },
    {
        "o": 9833,
        "r": "csb:1 Kings:6:1",
        "w": 43,
        "l": {},
        "t": "6:1*r April–May",
        "a": "b"
    },
    {
        "o": 9833,
        "r": "csb:1 Kings:6:1",
        "w": 43,
        "l": {},
        "c": "1Kg 6:37*9869; 2Ch 3:1–2*12449; Ezr 3:8*13463",
        "a": "c"
    },
    {
        "o": 9834,
        "r": "csb:1 Kings:6:2",
        "w": 8,
        "l": {},
        "c": "Ezr 5:11*13511",
        "a": "d"
    },
    {
        "o": 9834,
        "r": "csb:1 Kings:6:2",
        "w": 11,
        "l": {},
        "t": "6:2*r Lit 60 cubits",
        "a": "e"
    },
    {
        "o": 9834,
        "r": "csb:1 Kings:6:2",
        "w": 14,
        "l": {},
        "t": "6:2*r Lit 20 cubits, also in vv. 3,16,20",
        "a": "f"
    },
    {
        "o": 9834,
        "r": "csb:1 Kings:6:2",
        "w": 18,
        "l": {},
        "t": "6:2*r Lit 30 cubits",
        "a": "g"
    },
    {
        "o": 9834,
        "r": "csb:1 Kings:6:2",
        "w": 19,
        "l": {},
        "c": "2Ch 3:3*12451; Ezk 41:1*24214",
        "a": "h"
    },
    {
        "o": 9835,
        "r": "csb:1 Kings:6:3",
        "w": 20,
        "l": {},
        "t": "6:3*r Lit 10 cubits wide",
        "a": "i"
    },
    {
        "o": 9835,
        "r": "csb:1 Kings:6:3",
        "w": 25,
        "l": {},
        "c": "2Ch 3:4*12452; Ezk 40:49*24211",
        "a": "j"
    },
    {
        "o": 9836,
        "r": "csb:1 Kings:6:4",
        "w": 6,
        "l": {},
        "t": "6:4*r Hb obscure",
        "a": "k"
    },
    {
        "o": 9836,
        "r": "csb:1 Kings:6:4",
        "w": 9,
        "l": {},
        "c": "Ezk 41:16*24232",
        "a": "l"
    },
    {
        "o": 9837,
        "r": "csb:1 Kings:6:5",
        "w": 5,
        "l": {},
        "t": "6:5*r Lit built the temple of chamber",
        "a": "m"
    },
    {
        "o": 9837,
        "r": "csb:1 Kings:6:5",
        "w": 23,
        "l": {},
        "c": "1Kg 6:16,19–21*9848",
        "a": "n"
    },
    {
        "o": 9837,
        "r": "csb:1 Kings:6:5",
        "w": 28,
        "l": {},
        "t": "6:5*r Lit made ribs or sides",
        "a": "o"
    },
    {
        "o": 9837,
        "r": "csb:1 Kings:6:5",
        "w": 30,
        "l": {},
        "c": "Jr 35:2*22244; Ezk 41:5–6*24219",
        "a": "p"
    },
    {
        "o": 9838,
        "r": "csb:1 Kings:6:6",
        "w": 5,
        "l": {},
        "t": "6:6*r Lit five cubits, also in vv. 10,24",
        "a": "q"
    },
    {
        "o": 9838,
        "r": "csb:1 Kings:6:6",
        "w": 11,
        "l": {},
        "t": "6:6*r Lit six cubits",
        "a": "r"
    },
    {
        "o": 9838,
        "r": "csb:1 Kings:6:6",
        "w": 18,
        "l": {},
        "t": "6:6*r Lit seven cubits",
        "a": "s"
    },
    {
        "o": 9839,
        "r": "csb:1 Kings:6:7",
        "w": 28,
        "l": {},
        "c": "1Kg 5:17*9829",
        "a": "t"
    },
    {
        "o": 9840,
        "r": "csb:1 Kings:6:8",
        "w": 4,
        "l": {},
        "t": "6:8*r LXX, Tg; MT reads middle",
        "a": "u"
    },
    {
        "o": 9840,
        "r": "csb:1 Kings:6:8",
        "w": 15,
        "l": {},
        "t": "6:8*r = People",
        "a": "v"
    },
    {
        "o": 9840,
        "r": "csb:1 Kings:6:8",
        "w": 19,
        "l": {},
        "t": "6:8*r Hb obscure",
        "a": "w"
    },
    {
        "o": 9841,
        "r": "csb:1 Kings:6:9",
        "w": 5,
        "l": {},
        "c": "1Kg 6:1,14,38*9833",
        "a": "x"
    },
    {
        "o": 9842,
        "r": "csb:1 Kings:6:10",
        "w": 14,
        "l": {},
        "c": "1Kg 5:6,8,10*9817",
        "a": "y"
    },
    {
        "o": 9843,
        "r": "csb:1 Kings:6:11",
        "w": 7,
        "l": {},
        "c": "1Kg 3:5,11–15*9747; 9:2*10004",
        "a": "z"
    },
    {
        "o": 9844,
        "r": "csb:1 Kings:6:12",
        "w": 24,
        "l": {},
        "c": "1Kg 11:10*10077",
        "a": "a"
    },
    {
        "o": 9844,
        "r": "csb:1 Kings:6:12",
        "w": 38,
        "l": {},
        "c": "2Sm 7:12–16*9055; 1Kg 9:5*10007",
        "a": "b"
    },
    {
        "o": 9845,
        "r": "csb:1 Kings:6:13",
        "w": 11,
        "l": {},
        "c": "Lv 26:11*3902; Jos 1:5–6*6468; Heb 13:5*34285",
        "a": "c"
    },
    {
        "o": 9846,
        "r": "csb:1 Kings:6:14",
        "w": 5,
        "l": {},
        "t": "6:11–14*r LXX omits these vv.",
        "a": "d"
    },
    {
        "o": 9846,
        "r": "csb:1 Kings:6:14",
        "w": 5,
        "l": {},
        "c": "1Kg 6:1,38*9833",
        "a": "e"
    },
    {
        "o": 9847,
        "r": "csb:1 Kings:6:15",
        "w": 32,
        "l": {},
        "c": "1Kg 5:8,10*9819; 7:7*9879; Ezk 41:16*24232",
        "a": "f"
    },
    {
        "o": 9848,
        "r": "csb:1 Kings:6:16",
        "w": 22,
        "l": {},
        "t": "6:16*r LXX; MT omits of the ceiling; 1Kg 6:15",
        "a": "g"
    },
    {
        "o": 9848,
        "r": "csb:1 Kings:6:16",
        "w": 35,
        "l": {},
        "c": "Ex 26:33–34*2504; 1Kg 8:6*9938; Heb 9:3*34134",
        "a": "h"
    },
    {
        "o": 9849,
        "r": "csb:1 Kings:6:17",
        "w": 12,
        "l": {},
        "t": "6:17*r Lit front of me; Hb obscure",
        "a": "i"
    },
    {
        "o": 9849,
        "r": "csb:1 Kings:6:17",
        "w": 15,
        "l": {},
        "t": "6:17*r Lit 40 cubits",
        "a": "j"
    },
    {
        "o": 9850,
        "r": "csb:1 Kings:6:18",
        "w": 10,
        "l": {},
        "c": "1Kg 7:24*9898",
        "a": "k"
    },
    {
        "o": 9850,
        "r": "csb:1 Kings:6:18",
        "w": 16,
        "l": {},
        "c": "1Kg 5:8,10*9819",
        "a": "l"
    },
    {
        "o": 9851,
        "r": "csb:1 Kings:6:19",
        "w": 4,
        "l": {},
        "c": "Ezk 41:3–4*24216",
        "a": "m"
    },
    {
        "o": 9851,
        "r": "csb:1 Kings:6:19",
        "w": 15,
        "l": {},
        "c": "Dt 10:16*5722; Jos 3:11*6522",
        "a": "n"
    },
    {
        "o": 9852,
        "r": "csb:1 Kings:6:20",
        "w": 21,
        "l": {},
        "c": "2Ch 3:8–9*12457",
        "a": "o"
    },
    {
        "o": 9853,
        "r": "csb:1 Kings:6:21",
        "w": 13,
        "l": {},
        "t": "6:21*r Lit he caused to pass across",
        "a": "p"
    },
    {
        "o": 9853,
        "r": "csb:1 Kings:6:21",
        "w": 15,
        "l": {},
        "c": "2Ch 3:14*12464; Mt 27:51*27306",
        "a": "q"
    },
    {
        "o": 9853,
        "r": "csb:1 Kings:6:21",
        "w": 22,
        "l": {},
        "c": "2Ch 3:16*12466",
        "a": "r"
    },
    {
        "o": 9854,
        "r": "csb:1 Kings:6:22",
        "w": 18,
        "l": {},
        "c": "1Kg 7:48*9927; Heb 9:3–4*34134",
        "a": "s"
    },
    {
        "o": 9855,
        "r": "csb:1 Kings:6:23",
        "w": 7,
        "l": {},
        "c": "Ex 25:18–22*2445; 2Ch 3:10–13*12459",
        "a": "t"
    },
    {
        "o": 9855,
        "r": "csb:1 Kings:6:23",
        "w": 9,
        "l": {},
        "t": "6:23*r Lit 10 cubits, also in vv. 24,25,26",
        "a": "u"
    },
    {
        "o": 9859,
        "r": "csb:1 Kings:6:27",
        "w": 29,
        "l": {},
        "t": "6:27*r Lit the second",
        "a": "v"
    },
    {
        "o": 9859,
        "r": "csb:1 Kings:6:27",
        "w": 44,
        "l": {},
        "c": "2Ch 5:8*12505",
        "a": "w"
    },
    {
        "o": 9861,
        "r": "csb:1 Kings:6:29",
        "w": 10,
        "l": {},
        "c": "Ezk 41:18,25*24234",
        "a": "x"
    },
    {
        "o": 9863,
        "r": "csb:1 Kings:6:31",
        "w": 11,
        "l": {},
        "c": "Ezk 41:23*24239",
        "a": "y"
    },
    {
        "o": 9863,
        "r": "csb:1 Kings:6:31",
        "w": 18,
        "l": {},
        "t": "6:31*r Hb obscure",
        "a": "z"
    },
    {
        "o": 9865,
        "r": "csb:1 Kings:6:33",
        "w": 6,
        "l": {},
        "t": "6:33*r Hb obscure",
        "a": "a"
    },
    {
        "o": 9866,
        "r": "csb:1 Kings:6:34",
        "w": 2,
        "l": {},
        "c": "Ezk 41:23–25*24239",
        "a": "b"
    },
    {
        "o": 9868,
        "r": "csb:1 Kings:6:36",
        "w": 4,
        "l": {},
        "c": "2Ch 4:9*12479; Jr 36:10*22274",
        "a": "c"
    },
    {
        "o": 9868,
        "r": "csb:1 Kings:6:36",
        "w": 10,
        "l": {},
        "c": "1Kg 7:12*9884; Ezr 6:4*13523",
        "a": "d"
    },
    {
        "o": 9870,
        "r": "csb:1 Kings:6:38",
        "w": 13,
        "l": {},
        "t": "6:38*r = October–November",
        "a": "e"
    },
    {
        "o": 9870,
        "r": "csb:1 Kings:6:38",
        "w": 25,
        "l": {},
        "c": "1Kg 6:1,14*9833",
        "a": "f"
    },
    {
        "o": 9870,
        "r": "csb:1 Kings:6:38",
        "w": 32,
        "l": {},
        "c": "1Kg 7:1*9873",
        "a": "g"
    }
]
