[
    {
        "o": 8936,
        "r": "csb:2 Samuel:3:1",
        "w": 13,
        "l": {},
        "c": "1Sm 20:16*8568; 1Kg 12:19*10134; 2Ch 21:7*12914; Ps 122:5*17985; Is 22:22*20245; Zch 12:8,10*25991; 13:1*26001; Lk 1:27*28163",
        "a": "a"
    },
    {
        "o": 8936,
        "r": "csb:2 Samuel:3:1",
        "w": 17,
        "l": {},
        "c": "Jb 17:9*14750",
        "a": "b"
    },
    {
        "o": 8937,
        "r": "csb:2 Samuel:3:2",
        "w": 10,
        "l": {},
        "c": "2Sm 13:1–29*9199",
        "a": "c"
    },
    {
        "o": 8937,
        "r": "csb:2 Samuel:3:2",
        "w": 12,
        "l": {},
        "c": "1Sm 25:42–43*8739",
        "a": "d"
    },
    {
        "o": 8938,
        "r": "csb:2 Samuel:3:3",
        "w": 5,
        "l": {},
        "c": "1Sm 25:3–42*8700",
        "a": "e"
    },
    {
        "o": 8938,
        "r": "csb:2 Samuel:3:3",
        "w": 15,
        "l": {},
        "c": "2Sm 13:34*9233; 14:23–25,33*9263; 15:6,10–14*9281; 18:9–12,33*9382",
        "a": "f"
    },
    {
        "o": 8938,
        "r": "csb:2 Samuel:3:3",
        "w": 25,
        "l": {},
        "c": "1Sm 27:8*8778; 2Sm 13:37–38*9236; 14:32*9272; 15:8*9283",
        "a": "g"
    },
    {
        "o": 8939,
        "r": "csb:2 Samuel:3:4",
        "w": 3,
        "l": {},
        "c": "1Kg 1:5*9637",
        "a": "h"
    },
    {
        "o": 8940,
        "r": "csb:2 Samuel:3:5",
        "w": 14,
        "l": {},
        "c": "1Ch 3:1–5*11493",
        "a": "i"
    },
    {
        "o": 8941,
        "r": "csb:2 Samuel:3:6",
        "w": 22,
        "l": {},
        "c": "2Sm 2:8–9*8909",
        "a": "j"
    },
    {
        "o": 8942,
        "r": "csb:2 Samuel:3:7",
        "w": 8,
        "l": {},
        "c": "2Sm 21:8–10*9489",
        "a": "k"
    },
    {
        "o": 8943,
        "r": "csb:2 Samuel:3:8",
        "w": 11,
        "l": {},
        "t": "3:8*r = a despised person",
        "a": "l"
    },
    {
        "o": 8943,
        "r": "csb:2 Samuel:3:8",
        "w": 11,
        "l": {},
        "c": "Ex 22:31*2367; 1Sm 17:43*8475; 24:14*8687; 2Sm 9:8*9103; 16:9*9324",
        "a": "m"
    },
    {
        "o": 8945,
        "r": "csb:2 Samuel:3:10",
        "w": 18,
        "l": {},
        "c": "1Sm 15:28*8397; 16:1–13*8407; 28:17*8801; 1Ch 12:23*11909",
        "a": "n"
    },
    {
        "o": 8948,
        "r": "csb:2 Samuel:3:13",
        "w": 30,
        "l": {},
        "c": "1Sm 14:49*8364",
        "a": "o"
    },
    {
        "o": 8949,
        "r": "csb:2 Samuel:3:14",
        "w": 29,
        "l": {},
        "c": "1Sm 18:20–27*8514",
        "a": "p"
    },
    {
        "o": 8950,
        "r": "csb:2 Samuel:3:15",
        "w": 14,
        "l": {},
        "c": "1Sm 25:44*8741",
        "a": "q"
    },
    {
        "o": 8955,
        "r": "csb:2 Samuel:3:19",
        "w": 25,
        "l": {},
        "c": "1Ch 12:29*11915",
        "a": "r"
    },
    {
        "o": 8957,
        "r": "csb:2 Samuel:3:21",
        "w": 25,
        "l": {},
        "c": "2Sm 3:12*8947",
        "a": "s"
    },
    {
        "o": 8961,
        "r": "csb:2 Samuel:3:25",
        "w": 18,
        "l": {},
        "t": "3:25*r Lit your going out and your coming in",
        "a": "t"
    },
    {
        "o": 8962,
        "r": "csb:2 Samuel:3:26",
        "w": 15,
        "l": {},
        "t": "3:26*r Or cistern",
        "a": "u"
    },
    {
        "o": 8963,
        "r": "csb:2 Samuel:3:27",
        "w": 40,
        "l": {},
        "t": "3:27*r Lit And he died for the blood of Asahel",
        "a": "v"
    },
    {
        "o": 8963,
        "r": "csb:2 Samuel:3:27",
        "w": 42,
        "l": {},
        "c": "2Sm 2:23*8924; 1Kg 2:5,32*9695",
        "a": "w"
    },
    {
        "o": 8965,
        "r": "csb:2 Samuel:3:29",
        "w": 28,
        "l": {},
        "c": "Lv 14:2–8*3449",
        "a": "x"
    },
    {
        "o": 8965,
        "r": "csb:2 Samuel:3:29",
        "w": 37,
        "l": {},
        "t": "3:29*r LXX reads who uses a crutch",
        "a": "y"
    },
    {
        "o": 8966,
        "r": "csb:2 Samuel:3:30",
        "w": 20,
        "l": {},
        "c": "2Sm 2:23*8924",
        "a": "z"
    },
    {
        "o": 8967,
        "r": "csb:2 Samuel:3:31",
        "w": 17,
        "l": {},
        "c": "Gn 37:34*1230; Jos 7:6*6611",
        "a": "a"
    },
    {
        "o": 8967,
        "r": "csb:2 Samuel:3:31",
        "w": 28,
        "l": {},
        "t": "3:31*r Or the bier; lit the bed",
        "a": "b"
    },
    {
        "o": 8969,
        "r": "csb:2 Samuel:3:33",
        "w": 7,
        "l": {},
        "c": "2Sm 1:17*8889; 2Ch 35:25*13333",
        "a": "c"
    },
    {
        "o": 8971,
        "r": "csb:2 Samuel:3:35",
        "w": 35,
        "l": {},
        "c": "2Sm 12:17*9180",
        "a": "d"
    },
    {
        "o": 8975,
        "r": "csb:2 Samuel:3:39",
        "w": 25,
        "l": {},
        "c": "2Sm 16:10*9325; 19:22*9430",
        "a": "e"
    },
    {
        "o": 8975,
        "r": "csb:2 Samuel:3:39",
        "w": 35,
        "l": {},
        "c": "Ps 28:4*15906; 2Tm 4:14*33870",
        "a": "f"
    }
]
