[
    {
        "o": 9743,
        "r": "csb:1 Kings:3:1",
        "w": 3,
        "l": {},
        "t": "3:1*r Lit Solomon made himself a son-in-law",
        "a": "a"
    },
    {
        "o": 9743,
        "r": "csb:1 Kings:3:1",
        "w": 12,
        "l": {},
        "c": "Dt 7:3*5626; 1Kg 7:8*9880; 9:24*10029; Ezr 9:14*13631",
        "a": "b"
    },
    {
        "o": 9743,
        "r": "csb:1 Kings:3:1",
        "w": 20,
        "l": {},
        "c": "2Sm 5:7*8998; 7:8*9051; 9:10*9105",
        "a": "c"
    },
    {
        "o": 9743,
        "r": "csb:1 Kings:3:1",
        "w": 26,
        "l": {},
        "c": "2Sm 7:1–2*9044",
        "a": "d"
    },
    {
        "o": 9743,
        "r": "csb:1 Kings:3:1",
        "w": 29,
        "l": {},
        "c": "2Sm 6:1,14*9019; 1Kg 6:37*9869; 7:51*9930",
        "a": "e"
    },
    {
        "o": 9743,
        "r": "csb:1 Kings:3:1",
        "w": 34,
        "l": {},
        "c": "1Kg 9:15*10019",
        "a": "f"
    },
    {
        "o": 9744,
        "r": "csb:1 Kings:3:2",
        "w": 8,
        "l": {},
        "c": "Dt 12:13–14*5778",
        "a": "g"
    },
    {
        "o": 9744,
        "r": "csb:1 Kings:3:2",
        "w": 18,
        "l": {},
        "c": "Dt 14:23*5846",
        "a": "h"
    },
    {
        "o": 9745,
        "r": "csb:1 Kings:3:3",
        "w": 3,
        "l": {},
        "c": "Dt 6:5*5600",
        "a": "i"
    },
    {
        "o": 9745,
        "r": "csb:1 Kings:3:3",
        "w": 12,
        "l": {},
        "c": "1Kg 3:14*9756",
        "a": "j"
    },
    {
        "o": 9746,
        "r": "csb:1 Kings:3:4",
        "w": 4,
        "l": {},
        "c": "Jos 9:3–27*6675; 21:17*7080",
        "a": "k"
    },
    {
        "o": 9746,
        "r": "csb:1 Kings:3:4",
        "w": 24,
        "l": {},
        "c": "2Ch 1:3,6*12409",
        "a": "l"
    },
    {
        "o": 9747,
        "r": "csb:1 Kings:3:5",
        "w": 6,
        "l": {},
        "c": "2Ch 1:7–13*12413",
        "a": "m"
    },
    {
        "o": 9747,
        "r": "csb:1 Kings:3:5",
        "w": 11,
        "l": {},
        "c": "Nm 12:6*4473; 1Kg 9:2*10004; 11:9*10076",
        "a": "n"
    },
    {
        "o": 9747,
        "r": "csb:1 Kings:3:5",
        "w": 14,
        "l": {},
        "c": "Mt 7:7*26320; Jn 15:7*30201",
        "a": "o"
    },
    {
        "o": 9748,
        "r": "csb:1 Kings:3:6",
        "w": 25,
        "l": {},
        "t": "3:6*r Lit and uprightness of heart with you",
        "a": "p"
    },
    {
        "o": 9748,
        "r": "csb:1 Kings:3:6",
        "w": 45,
        "l": {},
        "c": "1Kg 1:48*9683",
        "a": "q"
    },
    {
        "o": 9748,
        "r": "csb:1 Kings:3:6",
        "w": 49,
        "l": {},
        "c": "1Kg 2:4*9694; 9:4*10006; 2Ch 1:8*12414",
        "a": "r"
    },
    {
        "o": 9749,
        "r": "csb:1 Kings:3:7",
        "w": 14,
        "l": {},
        "c": "2Ch 1:8*12414",
        "a": "s"
    },
    {
        "o": 9749,
        "r": "csb:1 Kings:3:7",
        "w": 25,
        "l": {},
        "t": "3:7*r Lit am a little youth and do not know to go out or come in",
        "a": "t"
    },
    {
        "o": 9749,
        "r": "csb:1 Kings:3:7",
        "w": 25,
        "l": {},
        "c": "1Ch 29:1*12371; Jr 1:6–7*21233",
        "a": "u"
    },
    {
        "o": 9750,
        "r": "csb:1 Kings:3:8",
        "w": 8,
        "l": {},
        "c": "Ex 19:5–6*2239; Dt 7:6*5629",
        "a": "v"
    },
    {
        "o": 9750,
        "r": "csb:1 Kings:3:8",
        "w": 17,
        "l": {},
        "c": "Gn 15:5*406; 22:17*624",
        "a": "w"
    },
    {
        "o": 9751,
        "r": "csb:1 Kings:3:9",
        "w": 8,
        "l": {},
        "c": "Dt 1:16–17*5397",
        "a": "x"
    },
    {
        "o": 9751,
        "r": "csb:1 Kings:3:9",
        "w": 28,
        "l": {},
        "c": "2Ch 1:10*12416",
        "a": "y"
    },
    {
        "o": 9753,
        "r": "csb:1 Kings:3:11",
        "w": 16,
        "l": {},
        "t": "3:11*r Lit for many days",
        "a": "z"
    },
    {
        "o": 9753,
        "r": "csb:1 Kings:3:11",
        "w": 20,
        "l": {},
        "c": "Jms 4:3*34392",
        "a": "a"
    },
    {
        "o": 9753,
        "r": "csb:1 Kings:3:11",
        "w": 23,
        "l": {},
        "t": "3:11*r Lit life",
        "a": "b"
    },
    {
        "o": 9753,
        "r": "csb:1 Kings:3:11",
        "w": 35,
        "l": {},
        "c": "1Ch 22:12*12166",
        "a": "c"
    },
    {
        "o": 9754,
        "r": "csb:1 Kings:3:12",
        "w": 7,
        "l": {},
        "c": "1Jn 5:14–15*34742",
        "a": "d"
    },
    {
        "o": 9754,
        "r": "csb:1 Kings:3:12",
        "w": 31,
        "l": {},
        "c": "1Kg 4:29–31*9804; 10:23–24*10059",
        "a": "e"
    },
    {
        "o": 9755,
        "r": "csb:1 Kings:3:13",
        "w": 15,
        "l": {},
        "c": "Mt 6:33*26309; Lk 12:31*28825",
        "a": "f"
    },
    {
        "o": 9755,
        "r": "csb:1 Kings:3:13",
        "w": 27,
        "l": {},
        "c": "1Kg 10:23*10059",
        "a": "g"
    },
    {
        "o": 9756,
        "r": "csb:1 Kings:3:14",
        "w": 24,
        "l": {},
        "c": "1Kg 3:6*9748; Pr 3:1–2*18431",
        "a": "h"
    },
    {
        "o": 9757,
        "r": "csb:1 Kings:3:15",
        "w": 3,
        "l": {},
        "c": "Gn 41:7*1324",
        "a": "i"
    },
    {
        "o": 9757,
        "r": "csb:1 Kings:3:15",
        "w": 10,
        "l": {},
        "c": "Dn 2:3*24480; 4:5*24570",
        "a": "j"
    },
    {
        "o": 9757,
        "r": "csb:1 Kings:3:15",
        "w": 22,
        "l": {},
        "c": "2Sm 6:12*9030",
        "a": "k"
    },
    {
        "o": 9757,
        "r": "csb:1 Kings:3:15",
        "w": 29,
        "l": {},
        "c": "1Sm 11:15*8257",
        "a": "l"
    },
    {
        "o": 9757,
        "r": "csb:1 Kings:3:15",
        "w": 34,
        "l": {},
        "c": "1Kg 8:65*9999",
        "a": "m"
    },
    {
        "o": 9759,
        "r": "csb:1 Kings:3:16",
        "w": 13,
        "l": {},
        "c": "Dt 16:18–19*5903; 2Sm 15:2–4*9277",
        "a": "n"
    },
    {
        "o": 9761,
        "r": "csb:1 Kings:3:18",
        "w": 19,
        "l": {},
        "t": "3:18*r Lit No stranger",
        "a": "o"
    },
    {
        "o": 9769,
        "r": "csb:1 Kings:3:26",
        "w": 14,
        "l": {},
        "t": "3:26*r Lit because her compassion grew hot",
        "a": "p"
    },
    {
        "o": 9769,
        "r": "csb:1 Kings:3:26",
        "w": 14,
        "l": {},
        "c": "Gn 43:30*1450; Jr 31:20*22119; Hs 11:8*25035",
        "a": "q"
    },
    {
        "o": 9771,
        "r": "csb:1 Kings:3:28",
        "w": 23,
        "l": {},
        "c": "2Sm 14:20*9260; 1Kg 3:9,11–12*9751",
        "a": "r"
    }
]
