[
    {
        "o": 11377,
        "r": "csb:1 Chronicles:1:1",
        "w": 0,
        "l": {},
        "c": "Gn 4:25–5:32*115",
        "a": "a"
    },
    {
        "o": 11380,
        "r": "csb:1 Chronicles:1:4",
        "w": 2,
        "l": {},
        "t": "1:4*r LXX; MT omits Noah’s sons",
        "a": "b"
    },
    {
        "o": 11381,
        "r": "csb:1 Chronicles:1:5",
        "w": 0,
        "l": {},
        "c": "Gn 10:2–4*264",
        "a": "c"
    },
    {
        "o": 11382,
        "r": "csb:1 Chronicles:1:6",
        "w": 3,
        "l": {},
        "t": "1:6*r Some Hb mss, LXX, Vg; other Hb mss read Diphath; Gn 10:3",
        "a": "d"
    },
    {
        "o": 11383,
        "r": "csb:1 Chronicles:1:7",
        "w": 6,
        "l": {},
        "t": "1:7*r Some Hb mss, Syr read Dodanim; Gn 10:4",
        "a": "e"
    },
    {
        "o": 11384,
        "r": "csb:1 Chronicles:1:8",
        "w": 3,
        "l": {},
        "t": "1:8*r = Egypt",
        "a": "f"
    },
    {
        "o": 11387,
        "r": "csb:1 Chronicles:1:11",
        "w": 0,
        "l": {},
        "c": "Gn 10:13–18*275",
        "a": "g"
    },
    {
        "o": 11388,
        "r": "csb:1 Chronicles:1:12",
        "w": 8,
        "l": {},
        "c": "Dt 2:23*5456; Am 9:7*25336",
        "a": "h"
    },
    {
        "o": 11393,
        "r": "csb:1 Chronicles:1:17",
        "w": 0,
        "l": {},
        "c": "Gn 10:21–29*283",
        "a": "i"
    },
    {
        "o": 11395,
        "r": "csb:1 Chronicles:1:19",
        "w": 11,
        "l": {},
        "t": "1:19*r = Division",
        "a": "j"
    },
    {
        "o": 11400,
        "r": "csb:1 Chronicles:1:24",
        "w": 0,
        "l": {},
        "c": "Gn 11:10–26*307; Lk 3:34–36*28319",
        "a": "k"
    },
    {
        "o": 11406,
        "r": "csb:1 Chronicles:1:29",
        "w": 0,
        "l": {},
        "c": "Gn 25:12–16*739",
        "a": "l"
    },
    {
        "o": 11409,
        "r": "csb:1 Chronicles:1:32",
        "w": 1,
        "l": {},
        "c": "Gn 25:1–4*726",
        "a": "m"
    },
    {
        "o": 11411,
        "r": "csb:1 Chronicles:1:34",
        "w": 0,
        "l": {},
        "c": "1Ch 1:28*11405",
        "a": "n"
    },
    {
        "o": 11411,
        "r": "csb:1 Chronicles:1:34",
        "w": 7,
        "l": {},
        "c": "Gn 25:24–26*752; 32:28*1053",
        "a": "o"
    },
    {
        "o": 11412,
        "r": "csb:1 Chronicles:1:35",
        "w": 0,
        "l": {},
        "c": "Gn 36:4–5,9–14*1152",
        "a": "p"
    },
    {
        "o": 11413,
        "r": "csb:1 Chronicles:1:36",
        "w": 11,
        "l": {},
        "t": "1:36*r LXX; MT reads and Timna and Amalek; Gn 36:12",
        "a": "q"
    },
    {
        "o": 11416,
        "r": "csb:1 Chronicles:1:38",
        "w": 0,
        "l": {},
        "c": "Gn 36:20–30*1169",
        "a": "r"
    },
    {
        "o": 11421,
        "r": "csb:1 Chronicles:1:43",
        "w": 0,
        "l": {},
        "c": "Gn 36:31–39*1181",
        "a": "s"
    },
    {
        "o": 11422,
        "r": "csb:1 Chronicles:1:44",
        "w": 8,
        "l": {},
        "c": "Is 34:6*20511",
        "a": "t"
    },
    {
        "o": 11423,
        "r": "csb:1 Chronicles:1:45",
        "w": 9,
        "l": {},
        "c": "Jb 2:11*14357",
        "a": "u"
    },
    {
        "o": 11429,
        "r": "csb:1 Chronicles:1:51",
        "w": 3,
        "l": {},
        "c": "Gn 36:40–43*1190",
        "a": "v"
    },
    {
        "o": 11429,
        "r": "csb:1 Chronicles:1:51",
        "w": 6,
        "l": {},
        "t": "1:51*r Alt Hb tradition reads Aliah",
        "a": "w"
    },
    {
        "o": 11435,
        "r": "csb:1 Chronicles:2:1",
        "w": 0,
        "l": {},
        "c": "Gn 35:22–26*1138; 46:8–25*1533",
        "a": "a"
    },
    {
        "o": 11438,
        "r": "csb:1 Chronicles:2:3",
        "w": 0,
        "l": {},
        "c": "Gn 38:6–30*1240",
        "a": "b"
    },
    {
        "o": 11438,
        "r": "csb:1 Chronicles:2:3",
        "w": 5,
        "l": {},
        "c": "Gn 38:2–5*1236; 46:12*1537; Nm 26:19–22*4961",
        "a": "c"
    },
    {
        "o": 11441,
        "r": "csb:1 Chronicles:2:6",
        "w": 7,
        "l": {},
        "t": "2:6*r Some Hb mss, LXX, Syr, Tg, Vg read Darda; 1Kg 4:31",
        "a": "d"
    },
    {
        "o": 11441,
        "r": "csb:1 Chronicles:2:6",
        "w": 7,
        "l": {},
        "c": "1Kg 4:31*9806",
        "a": "e"
    },
    {
        "o": 11442,
        "r": "csb:1 Chronicles:2:7",
        "w": 2,
        "l": {},
        "t": "2:7*r = Trouble; Achan in Jos 7:1,16–26",
        "a": "f"
    },
    {
        "o": 11442,
        "r": "csb:1 Chronicles:2:7",
        "w": 2,
        "l": {},
        "c": "Jos 7:1,16–26*6606",
        "a": "g"
    },
    {
        "o": 11444,
        "r": "csb:1 Chronicles:2:9",
        "w": 10,
        "l": {},
        "t": "2:9*r = Caleb",
        "a": "h"
    },
    {
        "o": 11456,
        "r": "csb:1 Chronicles:2:21",
        "w": 12,
        "l": {},
        "c": "Nm 26:29*4971",
        "a": "i"
    },
    {
        "o": 11458,
        "r": "csb:1 Chronicles:2:23",
        "w": 4,
        "l": {},
        "t": "2:23*r Lit took from them",
        "a": "j"
    },
    {
        "o": 11458,
        "r": "csb:1 Chronicles:2:23",
        "w": 6,
        "l": {},
        "t": "2:23*r Or captured Havvoth-jair",
        "a": "k"
    },
    {
        "o": 11459,
        "r": "csb:1 Chronicles:2:24",
        "w": 8,
        "l": {},
        "t": "2:24*r LXX, Vg read death, Caleb slept with Ephrath (Hezron’s wife was Abijah) and she bore",
        "a": "l"
    },
    {
        "o": 11477,
        "r": "csb:1 Chronicles:2:42",
        "w": 16,
        "l": {},
        "t": "2:42*r Lit and the sons of Mareshah",
        "a": "m"
    },
    {
        "o": 11487,
        "r": "csb:1 Chronicles:2:52",
        "w": 14,
        "l": {},
        "t": "2:52*r Lit Manuhoth",
        "a": "n"
    },
    {
        "o": 11493,
        "r": "csb:1 Chronicles:3:1",
        "w": 0,
        "l": {},
        "c": "2Sm 3:2–5*8937",
        "a": "a"
    },
    {
        "o": 11496,
        "r": "csb:1 Chronicles:3:4",
        "w": 22,
        "l": {},
        "c": "2Sm 2:11*8912; 5:4–5*8995",
        "a": "b"
    },
    {
        "o": 11497,
        "r": "csb:1 Chronicles:3:5",
        "w": 0,
        "l": {},
        "c": "2Sm 5:14–16*9005; 1Ch 14:4–7*11948",
        "a": "c"
    },
    {
        "o": 11497,
        "r": "csb:1 Chronicles:3:5",
        "w": 12,
        "l": {},
        "c": "2Sm 12:24–25*9188",
        "a": "d"
    },
    {
        "o": 11497,
        "r": "csb:1 Chronicles:3:5",
        "w": 20,
        "l": {},
        "c": "2Sm 11:3*9134",
        "a": "e"
    },
    {
        "o": 11498,
        "r": "csb:1 Chronicles:3:6",
        "w": 4,
        "l": {},
        "t": "3:6*r Lit Elishama; 2Sm 5:15; 1Ch 14:5",
        "a": "f"
    },
    {
        "o": 11498,
        "r": "csb:1 Chronicles:3:6",
        "w": 4,
        "l": {},
        "c": "2Sm 5:15*9006; 1Ch 14:5*11949",
        "a": "g"
    },
    {
        "o": 11501,
        "r": "csb:1 Chronicles:3:9",
        "w": 8,
        "l": {},
        "c": "2Sm 13:1*9199",
        "a": "h"
    },
    {
        "o": 11504,
        "r": "csb:1 Chronicles:3:11",
        "w": 2,
        "l": {},
        "t": "3:11*r Lit Joram",
        "a": "i"
    },
    {
        "o": 11504,
        "r": "csb:1 Chronicles:3:11",
        "w": 2,
        "l": {},
        "t": "3:11*r = The Lord is Exalted",
        "a": "j"
    },
    {
        "o": 11515,
        "r": "csb:1 Chronicles:3:21",
        "w": 12,
        "l": {},
        "t": "3:21*r LXX reads Jeshaiah, his son Rephaiah, his son Arnan, his son Obadiah, and his son Shecaniah",
        "a": "k"
    },
    {
        "o": 11516,
        "r": "csb:1 Chronicles:3:22",
        "w": 1,
        "l": {},
        "t": "3:22*r LXX; MT reads sons",
        "a": "l"
    },
    {
        "o": 11521,
        "r": "csb:1 Chronicles:4:1",
        "w": 1,
        "l": {},
        "c": "1Ch 2:5,18,50*11440",
        "a": "a"
    },
    {
        "o": 11523,
        "r": "csb:1 Chronicles:4:3",
        "w": 3,
        "l": {},
        "t": "4:3*r LXX; MT reads father",
        "a": "b"
    },
    {
        "o": 11527,
        "r": "csb:1 Chronicles:4:7",
        "w": 3,
        "l": {},
        "t": "4:7*r Alt Hb tradition reads Izhar",
        "a": "c"
    },
    {
        "o": 11528,
        "r": "csb:1 Chronicles:4:8",
        "w": 3,
        "l": {},
        "t": "4:8*r Or Hazzobebah",
        "a": "d"
    },
    {
        "o": 11529,
        "r": "csb:1 Chronicles:4:9",
        "w": 0,
        "l": {},
        "t": "4:9*r In Hb, the name Jabez sounds like “he causes pain.”",
        "a": "e"
    },
    {
        "o": 11530,
        "r": "csb:1 Chronicles:4:10",
        "w": 34,
        "l": {},
        "t": "4:10*r Or not cause any pain",
        "a": "f"
    },
    {
        "o": 11533,
        "r": "csb:1 Chronicles:4:13",
        "w": 9,
        "l": {},
        "t": "4:13*r LXX, Vg; MT omits and Meonothai",
        "a": "g"
    },
    {
        "o": 11534,
        "r": "csb:1 Chronicles:4:14",
        "w": 14,
        "l": {},
        "t": "4:14*r Or the Ge-harashim",
        "a": "h"
    },
    {
        "o": 11541,
        "r": "csb:1 Chronicles:4:21",
        "w": 21,
        "l": {},
        "t": "4:21*r Lit house",
        "a": "i"
    },
    {
        "o": 11542,
        "r": "csb:1 Chronicles:4:22",
        "w": 11,
        "l": {},
        "t": "4:22*r Or who ruled over Moab",
        "a": "j"
    },
    {
        "o": 11542,
        "r": "csb:1 Chronicles:4:22",
        "w": 15,
        "l": {},
        "t": "4:22*r Tg, Vg; MT reads and Jashubi Lehem",
        "a": "k"
    },
    {
        "o": 11545,
        "r": "csb:1 Chronicles:4:24",
        "w": 1,
        "l": {},
        "c": "Gn 46:10*1535",
        "a": "l"
    },
    {
        "o": 11561,
        "r": "csb:1 Chronicles:4:40",
        "w": 12,
        "l": {},
        "c": "Jdg 18:7–10*7754",
        "a": "m"
    },
    {
        "o": 11562,
        "r": "csb:1 Chronicles:4:41",
        "w": 0,
        "l": {},
        "c": "1Ch 4:33–38*11554",
        "a": "n"
    },
    {
        "o": 11562,
        "r": "csb:1 Chronicles:4:41",
        "w": 31,
        "l": {},
        "c": "Nm 21:3*4778; Dt 2:34*5467; 7:2*5625; 13:15*5816; Jos 6:17–21*6592",
        "a": "o"
    },
    {
        "o": 11563,
        "r": "csb:1 Chronicles:4:42",
        "w": 25,
        "l": {},
        "c": "Gn 36:8–9*1156",
        "a": "p"
    },
    {
        "o": 11564,
        "r": "csb:1 Chronicles:4:43",
        "w": 2,
        "l": {},
        "c": "1Sm 15:7–8*8376; 30:17*8841",
        "a": "q"
    },
    {
        "o": 11567,
        "r": "csb:1 Chronicles:5:1",
        "w": 13,
        "l": {},
        "c": "Gn 29:32*915; 1Ch 2:1*11435",
        "a": "a"
    },
    {
        "o": 11567,
        "r": "csb:1 Chronicles:5:1",
        "w": 23,
        "l": {},
        "c": "Gn 48:15–22*1613",
        "a": "b"
    },
    {
        "o": 11567,
        "r": "csb:1 Chronicles:5:1",
        "w": 32,
        "l": {},
        "c": "Gn 35:22*1138; 49:4*1626",
        "a": "c"
    },
    {
        "o": 11568,
        "r": "csb:1 Chronicles:5:2",
        "w": 6,
        "l": {},
        "c": "Gn 49:8–10*1630",
        "a": "d"
    },
    {
        "o": 11568,
        "r": "csb:1 Chronicles:5:2",
        "w": 12,
        "l": {},
        "c": "Mc 5:2*25500; Mt 2:6*26140",
        "a": "e"
    },
    {
        "o": 11569,
        "r": "csb:1 Chronicles:5:3",
        "w": 5,
        "l": {},
        "c": "Gn 46:9*1534; Nm 26:5–9*4947",
        "a": "f"
    },
    {
        "o": 11572,
        "r": "csb:1 Chronicles:5:6",
        "w": 13,
        "l": {},
        "t": "5:6*r LXX; MT reads Tilgath-pilneser",
        "a": "g"
    },
    {
        "o": 11573,
        "r": "csb:1 Chronicles:5:7",
        "w": 12,
        "l": {},
        "c": "1Ch 5:17*11584",
        "a": "h"
    },
    {
        "o": 11574,
        "r": "csb:1 Chronicles:5:8",
        "w": 14,
        "l": {},
        "c": "Nm 32:34*5226; Jos 12:2*6777",
        "a": "i"
    },
    {
        "o": 11575,
        "r": "csb:1 Chronicles:5:9",
        "w": 29,
        "l": {},
        "c": "Jos 22:8–9*7123",
        "a": "j"
    },
    {
        "o": 11576,
        "r": "csb:1 Chronicles:5:10",
        "w": 8,
        "l": {},
        "c": "1Ch 5:19–21*11586; 11:38*11874; 27:31*12342",
        "a": "k"
    },
    {
        "o": 11578,
        "r": "csb:1 Chronicles:5:11",
        "w": 1,
        "l": {},
        "c": "Gn 46:16*1541; Nm 26:15–18*4957",
        "a": "l"
    },
    {
        "o": 11578,
        "r": "csb:1 Chronicles:5:11",
        "w": 16,
        "l": {},
        "c": "Dt 3:10*5483",
        "a": "m"
    },
    {
        "o": 11582,
        "r": "csb:1 Chronicles:5:15",
        "w": 12,
        "l": {},
        "t": "5:15*r Lit the house of their fathers, also in v. 24",
        "a": "n"
    },
    {
        "o": 11583,
        "r": "csb:1 Chronicles:5:16",
        "w": 15,
        "l": {},
        "c": "1Ch 27:29*12340",
        "a": "o"
    },
    {
        "o": 11584,
        "r": "csb:1 Chronicles:5:17",
        "w": 14,
        "l": {},
        "c": "2Kg 15:5,32*10994",
        "a": "p"
    },
    {
        "o": 11584,
        "r": "csb:1 Chronicles:5:17",
        "w": 18,
        "l": {},
        "c": "2Kg 14:16,28*10973",
        "a": "q"
    },
    {
        "o": 11585,
        "r": "csb:1 Chronicles:5:18",
        "w": 17,
        "l": {},
        "c": "Nm 1:3*3978",
        "a": "r"
    },
    {
        "o": 11586,
        "r": "csb:1 Chronicles:5:19",
        "w": 5,
        "l": {},
        "c": "1Ch 5:10*11577",
        "a": "s"
    },
    {
        "o": 11586,
        "r": "csb:1 Chronicles:5:19",
        "w": 6,
        "l": {},
        "c": "1Ch 1:31*11408",
        "a": "t"
    },
    {
        "o": 11587,
        "r": "csb:1 Chronicles:5:20",
        "w": 25,
        "l": {},
        "c": "2Ch 14:11–13*12742",
        "a": "u"
    },
    {
        "o": 11587,
        "r": "csb:1 Chronicles:5:20",
        "w": 36,
        "l": {},
        "c": "Ps 9:10*15578; 20:7–8*15768",
        "a": "v"
    },
    {
        "o": 11589,
        "r": "csb:1 Chronicles:5:22",
        "w": 10,
        "l": {},
        "c": "Jos 23:10*7163; 2Ch 32:8*13206",
        "a": "w"
    },
    {
        "o": 11589,
        "r": "csb:1 Chronicles:5:22",
        "w": 18,
        "l": {},
        "c": "1Ch 4:41*11562",
        "a": "x"
    },
    {
        "o": 11589,
        "r": "csb:1 Chronicles:5:22",
        "w": 21,
        "l": {},
        "c": "2Kg 15:29*11023; 17:6*11067",
        "a": "y"
    },
    {
        "o": 11591,
        "r": "csb:1 Chronicles:5:23",
        "w": 18,
        "l": {},
        "c": "Dt 3:9*5482",
        "a": "z"
    },
    {
        "o": 11593,
        "r": "csb:1 Chronicles:5:25",
        "w": 12,
        "l": {},
        "c": "Ex 34:15*2778",
        "a": "a"
    },
    {
        "o": 11593,
        "r": "csb:1 Chronicles:5:25",
        "w": 18,
        "l": {},
        "t": "5:25*r Lit the peoples of the land",
        "a": "b"
    },
    {
        "o": 11593,
        "r": "csb:1 Chronicles:5:25",
        "w": 23,
        "l": {},
        "c": "2Kg 17:7–8*11068",
        "a": "c"
    },
    {
        "o": 11594,
        "r": "csb:1 Chronicles:5:26",
        "w": 10,
        "l": {},
        "c": "2Kg 15:19,29*11011",
        "a": "d"
    },
    {
        "o": 11594,
        "r": "csb:1 Chronicles:5:26",
        "w": 13,
        "l": {},
        "t": "5:26*r LXX; MT reads Tilgath-pilneser",
        "a": "e"
    },
    {
        "o": 11597,
        "r": "csb:1 Chronicles:6:1",
        "w": 0,
        "l": {},
        "c": "Gn 46:11*1536; Ex 6:16,18,20,23*1842; Nm 26:57–60*4999",
        "a": "a"
    },
    {
        "o": 11597,
        "r": "csb:1 Chronicles:6:1",
        "w": 2,
        "l": {},
        "t": "6:1*r In Hb Levi’s son’s name is spelled “Gershon” here and many other places",
        "a": "b"
    },
    {
        "o": 11600,
        "r": "csb:1 Chronicles:6:4",
        "w": 2,
        "l": {},
        "c": "Ex 6:25*1851",
        "a": "c"
    },
    {
        "o": 11611,
        "r": "csb:1 Chronicles:6:15",
        "w": 17,
        "l": {},
        "c": "2Kg 24:1–2,10,14*11317; 25:1,8,11,21*11342; 1Ch 9:1*11772",
        "a": "d"
    },
    {
        "o": 11612,
        "r": "csb:1 Chronicles:6:16",
        "w": 0,
        "l": {},
        "c": "Ex 6:16–19*1842",
        "a": "e"
    },
    {
        "o": 11624,
        "r": "csb:1 Chronicles:6:28",
        "w": 4,
        "l": {},
        "t": "6:28*r Some LXX mss, Syr, Arabic; other Hb mss omit Joel; 1Sm 8:2",
        "a": "f"
    },
    {
        "o": 11624,
        "r": "csb:1 Chronicles:6:28",
        "w": 4,
        "l": {},
        "c": "1Sm 8:2*8161",
        "a": "g"
    },
    {
        "o": 11628,
        "r": "csb:1 Chronicles:6:31",
        "w": 14,
        "l": {},
        "c": "1Ch 15:16–22*11979; 16:4–6*11997",
        "a": "h"
    },
    {
        "o": 11628,
        "r": "csb:1 Chronicles:6:31",
        "w": 21,
        "l": {},
        "c": "2Sm 6:17*9035; 1Ch 15:25–16:1*11988",
        "a": "i"
    },
    {
        "o": 11647,
        "r": "csb:1 Chronicles:6:49",
        "w": 23,
        "l": {},
        "c": "Ex 27:1–8*2511",
        "a": "j"
    },
    {
        "o": 11647,
        "r": "csb:1 Chronicles:6:49",
        "w": 29,
        "l": {},
        "c": "Ex 30:1–7*2634",
        "a": "k"
    },
    {
        "o": 11647,
        "r": "csb:1 Chronicles:6:49",
        "w": 45,
        "l": {},
        "c": "Ex 30:10–16*2644",
        "a": "l"
    },
    {
        "o": 11648,
        "r": "csb:1 Chronicles:6:50",
        "w": 0,
        "l": {},
        "c": "1Ch 6:4–8*11600",
        "a": "m"
    },
    {
        "o": 11653,
        "r": "csb:1 Chronicles:6:54",
        "w": 24,
        "l": {},
        "c": "Jos 21:4,10*7066",
        "a": "n"
    },
    {
        "o": 11654,
        "r": "csb:1 Chronicles:6:55",
        "w": 0,
        "l": {},
        "c": "Jos 14:13*6855; 15:13*6873",
        "a": "o"
    },
    {
        "o": 11656,
        "r": "csb:1 Chronicles:6:57",
        "w": 3,
        "l": {},
        "c": "Jos 21:13,19*7076",
        "a": "p"
    },
    {
        "o": 11657,
        "r": "csb:1 Chronicles:6:58",
        "w": 0,
        "l": {},
        "t": "6:58*r Some Hb mss, LXX; other Hb mss read Hilez",
        "a": "q"
    },
    {
        "o": 11660,
        "r": "csb:1 Chronicles:6:61",
        "w": 17,
        "l": {},
        "c": "Jos 21:5*7067; 1Ch 6:66–70*11665",
        "a": "r"
    },
    {
        "o": 11662,
        "r": "csb:1 Chronicles:6:63",
        "w": 19,
        "l": {},
        "c": "Jos 21:7*7069; 1Ch 6:77–81*11676",
        "a": "s"
    },
    {
        "o": 11663,
        "r": "csb:1 Chronicles:6:64",
        "w": 11,
        "l": {},
        "c": "Jos 21:3,41–42*7065",
        "a": "t"
    },
    {
        "o": 11664,
        "r": "csb:1 Chronicles:6:65",
        "w": 7,
        "l": {},
        "c": "1Ch 6:57–60*11656",
        "a": "u"
    },
    {
        "o": 11665,
        "r": "csb:1 Chronicles:6:66",
        "w": 0,
        "l": {},
        "c": "Jos 21:20–40*7084",
        "a": "v"
    },
    {
        "o": 11683,
        "r": "csb:1 Chronicles:7:1",
        "w": 1,
        "l": {},
        "c": "Gn 46:13*1538",
        "a": "a"
    },
    {
        "o": 11684,
        "r": "csb:1 Chronicles:7:2",
        "w": 14,
        "l": {},
        "t": "7:2*r Lit the house of their fathers, also in vv. 4,7,9,40",
        "a": "b"
    },
    {
        "o": 11684,
        "r": "csb:1 Chronicles:7:2",
        "w": 30,
        "l": {},
        "c": "2Sm 24:1–9*9603",
        "a": "c"
    },
    {
        "o": 11689,
        "r": "csb:1 Chronicles:7:6",
        "w": 0,
        "l": {},
        "c": "Gn 46:21*1546; Nm 26:38–41*4980; 1Ch 8*11729",
        "a": "d"
    },
    {
        "o": 11697,
        "r": "csb:1 Chronicles:7:13",
        "w": 1,
        "l": {},
        "c": "Gn 46:24–25*1549",
        "a": "e"
    },
    {
        "o": 11699,
        "r": "csb:1 Chronicles:7:14",
        "w": 0,
        "l": {},
        "c": "Nm 26:29–34*4971",
        "a": "f"
    },
    {
        "o": 11706,
        "r": "csb:1 Chronicles:7:20",
        "w": 0,
        "l": {},
        "c": "Nm 26:35–36*4977",
        "a": "g"
    },
    {
        "o": 11708,
        "r": "csb:1 Chronicles:7:22",
        "w": 9,
        "l": {},
        "t": "7:22*r Or his brothers",
        "a": "h"
    },
    {
        "o": 11709,
        "r": "csb:1 Chronicles:7:23",
        "w": 26,
        "l": {},
        "t": "7:23*r In Hb, the name Beriah sounds like “in misfortune.”",
        "a": "i"
    },
    {
        "o": 11710,
        "r": "csb:1 Chronicles:7:24",
        "w": 9,
        "l": {},
        "c": "Jos 16:3,5*6929",
        "a": "j"
    },
    {
        "o": 11711,
        "r": "csb:1 Chronicles:7:25",
        "w": 2,
        "l": {},
        "t": "7:25*r Probably Ephraim’s son",
        "a": "k"
    },
    {
        "o": 11713,
        "r": "csb:1 Chronicles:7:27",
        "w": 6,
        "l": {},
        "c": "Ex 17:9–14*2196; 24:13*2419",
        "a": "l"
    },
    {
        "o": 11714,
        "r": "csb:1 Chronicles:7:28",
        "w": 5,
        "l": {},
        "c": "Jos 16:2*6928",
        "a": "m"
    },
    {
        "o": 11717,
        "r": "csb:1 Chronicles:7:30",
        "w": 0,
        "l": {},
        "c": "Gn 46:17*1542; Nm 26:44–46*4986",
        "a": "n"
    },
    {
        "o": 11730,
        "r": "csb:1 Chronicles:8:1",
        "w": 0,
        "l": {},
        "c": "Gn 46:21*1546; Nm 26:38–41*4980; 1Ch 7:6–12*11689",
        "a": "a"
    },
    {
        "o": 11732,
        "r": "csb:1 Chronicles:8:3",
        "w": 4,
        "l": {},
        "t": "8:3*r Or Gera father of Ehud; Jdg 3:15",
        "a": "b"
    },
    {
        "o": 11743,
        "r": "csb:1 Chronicles:8:14",
        "w": 0,
        "l": {},
        "t": "8:13–14*r LXX reads Gath 14 and their brother",
        "a": "c"
    },
    {
        "o": 11757,
        "r": "csb:1 Chronicles:8:28",
        "w": 0,
        "l": {},
        "c": "1Ch 9:34–44*11806",
        "a": "d"
    },
    {
        "o": 11758,
        "r": "csb:1 Chronicles:8:29",
        "w": 0,
        "l": {},
        "t": "8:29*r LXX; MT omits Jeiel; 1Ch 9:35",
        "a": "e"
    },
    {
        "o": 11758,
        "r": "csb:1 Chronicles:8:29",
        "w": 0,
        "l": {},
        "c": "1Ch 9:35*11807",
        "a": "f"
    },
    {
        "o": 11762,
        "r": "csb:1 Chronicles:8:33",
        "w": 13,
        "l": {},
        "t": "8:33*r = Man of Baal",
        "a": "g"
    },
    {
        "o": 11763,
        "r": "csb:1 Chronicles:8:34",
        "w": 3,
        "l": {},
        "t": "8:34*r = Baal Contends",
        "a": "h"
    },
    {
        "o": 11769,
        "r": "csb:1 Chronicles:8:40",
        "w": 6,
        "l": {},
        "t": "8:40*r Lit valiant ones who string the bow",
        "a": "i"
    },
    {
        "o": 11772,
        "r": "csb:1 Chronicles:9:1",
        "w": 21,
        "l": {},
        "c": "1Ch 6:15*11611",
        "a": "a"
    },
    {
        "o": 11773,
        "r": "csb:1 Chronicles:9:2",
        "w": 1,
        "l": {},
        "c": "Neh 11:3–9*14011",
        "a": "b"
    },
    {
        "o": 11773,
        "r": "csb:1 Chronicles:9:2",
        "w": 18,
        "l": {},
        "c": "Ezr 2:43,58*13424; 8:20*13597",
        "a": "c"
    },
    {
        "o": 11775,
        "r": "csb:1 Chronicles:9:4",
        "w": 14,
        "l": {},
        "t": "9:4*r Lit Bani, from the sons",
        "a": "d"
    },
    {
        "o": 11780,
        "r": "csb:1 Chronicles:9:9",
        "w": 8,
        "l": {},
        "c": "Neh 11:8*14016",
        "a": "e"
    },
    {
        "o": 11780,
        "r": "csb:1 Chronicles:9:9",
        "w": 19,
        "l": {},
        "t": "9:9*r Lit the house of their fathers, also in vv. 13,19",
        "a": "f"
    },
    {
        "o": 11781,
        "r": "csb:1 Chronicles:9:10",
        "w": 1,
        "l": {},
        "c": "Neh 11:10–18*14018",
        "a": "g"
    },
    {
        "o": 11782,
        "r": "csb:1 Chronicles:9:11",
        "w": 18,
        "l": {},
        "c": "Jr 20:1*21783",
        "a": "h"
    },
    {
        "o": 11788,
        "r": "csb:1 Chronicles:9:17",
        "w": 1,
        "l": {},
        "c": "1Ch 26:1–19*12277; Ezr 2:42*13423; Neh 7:45*13874; 11:19*14027",
        "a": "i"
    },
    {
        "o": 11789,
        "r": "csb:1 Chronicles:9:18",
        "w": 11,
        "l": {},
        "c": "Ezk 46:1–2*24361",
        "a": "j"
    },
    {
        "o": 11790,
        "r": "csb:1 Chronicles:9:19",
        "w": 27,
        "l": {},
        "t": "9:19*r = the temple",
        "a": "k"
    },
    {
        "o": 11790,
        "r": "csb:1 Chronicles:9:19",
        "w": 41,
        "l": {},
        "c": "Nm 4:1–20*4124; 26:11*4953; 1Ch 6:22*11618",
        "a": "l"
    },
    {
        "o": 11791,
        "r": "csb:1 Chronicles:9:20",
        "w": 16,
        "l": {},
        "c": "Nm 25:7–13*4928",
        "a": "m"
    },
    {
        "o": 11792,
        "r": "csb:1 Chronicles:9:21",
        "w": 14,
        "l": {},
        "c": "1Ch 26:2,14*12278",
        "a": "n"
    },
    {
        "o": 11793,
        "r": "csb:1 Chronicles:9:22",
        "w": 29,
        "l": {},
        "c": "1Ch 26:1*12277",
        "a": "o"
    },
    {
        "o": 11796,
        "r": "csb:1 Chronicles:9:25",
        "w": 5,
        "l": {},
        "c": "1Ch 9:16*11787",
        "a": "p"
    },
    {
        "o": 11796,
        "r": "csb:1 Chronicles:9:25",
        "w": 14,
        "l": {},
        "c": "2Kg 11:5,7*10880; 2Ch 23:8*12954",
        "a": "q"
    },
    {
        "o": 11797,
        "r": "csb:1 Chronicles:9:26",
        "w": 18,
        "l": {},
        "c": "Neh 12:25*14071",
        "a": "r"
    },
    {
        "o": 11798,
        "r": "csb:1 Chronicles:9:27",
        "w": 23,
        "l": {},
        "c": "1Sm 3:3,15*8057; 1Ch 23:30–32*12205",
        "a": "s"
    },
    {
        "o": 11800,
        "r": "csb:1 Chronicles:9:29",
        "w": 14,
        "l": {},
        "c": "Nm 3:31*4100",
        "a": "t"
    },
    {
        "o": 11800,
        "r": "csb:1 Chronicles:9:29",
        "w": 20,
        "l": {},
        "c": "1Ch 23:29*12204",
        "a": "u"
    },
    {
        "o": 11801,
        "r": "csb:1 Chronicles:9:30",
        "w": 7,
        "l": {},
        "c": "Ex 30:23–25*2659",
        "a": "v"
    },
    {
        "o": 11802,
        "r": "csb:1 Chronicles:9:31",
        "w": 15,
        "l": {},
        "t": "9:31*r Lit with things prepared in pans",
        "a": "w"
    },
    {
        "o": 11803,
        "r": "csb:1 Chronicles:9:32",
        "w": 16,
        "l": {},
        "c": "Lv 24:5–9*3813",
        "a": "x"
    },
    {
        "o": 11804,
        "r": "csb:1 Chronicles:9:33",
        "w": 1,
        "l": {},
        "c": "1Ch 6:31–47*11628; 25:1*12244",
        "a": "y"
    },
    {
        "o": 11804,
        "r": "csb:1 Chronicles:9:33",
        "w": 26,
        "l": {},
        "c": "Ps 134:1*18100",
        "a": "z"
    },
    {
        "o": 11805,
        "r": "csb:1 Chronicles:9:34",
        "w": 0,
        "l": {},
        "c": "1Ch 8:28–38*11757",
        "a": "a"
    },
    {
        "o": 11813,
        "r": "csb:1 Chronicles:9:41",
        "w": 6,
        "l": {},
        "t": "9:41*r LXX, Syr, Tg, Vg, Arabic; MT omits and Ahaz; 1Ch 8:35",
        "a": "b"
    },
    {
        "o": 11819,
        "r": "csb:1 Chronicles:10:1",
        "w": 1,
        "l": {},
        "c": "1Sm 31:1–13*8858",
        "a": "a"
    },
    {
        "o": 11828,
        "r": "csb:1 Chronicles:10:10",
        "w": 19,
        "l": {},
        "c": "1Sm 5:1–4*8104; 17:54*8486",
        "a": "b"
    },
    {
        "o": 11830,
        "r": "csb:1 Chronicles:10:12",
        "w": 29,
        "l": {},
        "t": "10:12*r Or terebinth, or large tree",
        "a": "c"
    },
    {
        "o": 11830,
        "r": "csb:1 Chronicles:10:12",
        "w": 31,
        "l": {},
        "c": "2Sm 21:12–14*9494",
        "a": "d"
    },
    {
        "o": 11831,
        "r": "csb:1 Chronicles:10:13",
        "w": 15,
        "l": {},
        "c": "1Sm 13:13–14*8299; 15:23*8392",
        "a": "e"
    },
    {
        "o": 11831,
        "r": "csb:1 Chronicles:10:13",
        "w": 22,
        "l": {},
        "c": "1Sm 28:7*8791",
        "a": "f"
    },
    {
        "o": 11832,
        "r": "csb:1 Chronicles:10:14",
        "w": 24,
        "l": {},
        "c": "1Sm 15:28*8397; 1Ch 12:23*11909",
        "a": "g"
    },
    {
        "o": 11835,
        "r": "csb:1 Chronicles:11:1",
        "w": 1,
        "l": {},
        "c": "2Sm 5:1–3*8992",
        "a": "a"
    },
    {
        "o": 11835,
        "r": "csb:1 Chronicles:11:1",
        "w": 17,
        "l": {},
        "t": "11:1*r Lit your bone and your flesh",
        "a": "b"
    },
    {
        "o": 11837,
        "r": "csb:1 Chronicles:11:3",
        "w": 38,
        "l": {},
        "c": "1Sm 16:1–13*8407",
        "a": "c"
    },
    {
        "o": 11839,
        "r": "csb:1 Chronicles:11:4",
        "w": 0,
        "l": {},
        "c": "2Sm 5:6–10*8997",
        "a": "d"
    },
    {
        "o": 11839,
        "r": "csb:1 Chronicles:11:4",
        "w": 17,
        "l": {},
        "c": "Jos 15:8,63*6867; Jdg 1:21*7231",
        "a": "e"
    },
    {
        "o": 11841,
        "r": "csb:1 Chronicles:11:6",
        "w": 14,
        "l": {},
        "c": "2Sm 8:16*9091; 1Ch 18:15*12084",
        "a": "f"
    },
    {
        "o": 11844,
        "r": "csb:1 Chronicles:11:9",
        "w": 4,
        "l": {},
        "c": "2Sm 3:1*8936",
        "a": "g"
    },
    {
        "o": 11846,
        "r": "csb:1 Chronicles:11:10",
        "w": 29,
        "l": {},
        "c": "1Ch 11:3*11838",
        "a": "h"
    },
    {
        "o": 11847,
        "r": "csb:1 Chronicles:11:11",
        "w": 0,
        "l": {},
        "c": "2Sm 23:8–23*9569",
        "a": "i"
    },
    {
        "o": 11847,
        "r": "csb:1 Chronicles:11:11",
        "w": 12,
        "l": {},
        "c": "1Ch 12:18*11903",
        "a": "j"
    },
    {
        "o": 11847,
        "r": "csb:1 Chronicles:11:11",
        "w": 15,
        "l": {},
        "t": "11:11*r Alt Hb tradition reads Three",
        "a": "k"
    },
    {
        "o": 11848,
        "r": "csb:1 Chronicles:11:12",
        "w": 5,
        "l": {},
        "c": "1Ch 27:4*12315",
        "a": "l"
    },
    {
        "o": 11849,
        "r": "csb:1 Chronicles:11:13",
        "w": 31,
        "l": {},
        "c": "2Sm 23:11–12*9572",
        "a": "m"
    },
    {
        "o": 11850,
        "r": "csb:1 Chronicles:11:14",
        "w": 3,
        "l": {},
        "t": "11:14*r Lit But they",
        "a": "n"
    },
    {
        "o": 11851,
        "r": "csb:1 Chronicles:11:15",
        "w": 17,
        "l": {},
        "c": "1Sm 22:1*8615",
        "a": "o"
    },
    {
        "o": 11851,
        "r": "csb:1 Chronicles:11:15",
        "w": 26,
        "l": {},
        "c": "1Ch 14:9*11953",
        "a": "p"
    },
    {
        "o": 11852,
        "r": "csb:1 Chronicles:11:16",
        "w": 7,
        "l": {},
        "c": "1Sm 22:4–5*8618; 2Sm 5:9*9000",
        "a": "q"
    },
    {
        "o": 11852,
        "r": "csb:1 Chronicles:11:16",
        "w": 11,
        "l": {},
        "c": "1Sm 10:5*8216",
        "a": "r"
    },
    {
        "o": 11853,
        "r": "csb:1 Chronicles:11:17",
        "w": 3,
        "l": {},
        "t": "11:17*r Lit And David craved",
        "a": "s"
    },
    {
        "o": 11856,
        "r": "csb:1 Chronicles:11:20",
        "w": 0,
        "l": {},
        "c": "1Sm 26:6*8749; 2Sm 18:2*9374",
        "a": "t"
    },
    {
        "o": 11856,
        "r": "csb:1 Chronicles:11:20",
        "w": 8,
        "l": {},
        "t": "11:20*r Syr reads Thirty",
        "a": "u"
    },
    {
        "o": 11858,
        "r": "csb:1 Chronicles:11:22",
        "w": 3,
        "l": {},
        "c": "2Sm 8:18*9093; 20:23*9476; 23:20–23*9581; 1Kg 1:8*9640; 1Ch 18:17*12086; 27:5–6,34*12316",
        "a": "v"
    },
    {
        "o": 11858,
        "r": "csb:1 Chronicles:11:22",
        "w": 10,
        "l": {},
        "t": "11:22*r Or was a valiant man",
        "a": "w"
    },
    {
        "o": 11858,
        "r": "csb:1 Chronicles:11:22",
        "w": 25,
        "l": {},
        "t": "11:22*r Or He killed two Moabite warriors",
        "a": "x"
    },
    {
        "o": 11859,
        "r": "csb:1 Chronicles:11:23",
        "w": 12,
        "l": {},
        "t": "11:23*r Lit who measured five cubits",
        "a": "y"
    },
    {
        "o": 11859,
        "r": "csb:1 Chronicles:11:23",
        "w": 26,
        "l": {},
        "c": "1Sm 17:7*8439; 1Ch 20:5*12115",
        "a": "z"
    },
    {
        "o": 11862,
        "r": "csb:1 Chronicles:11:26",
        "w": 2,
        "l": {},
        "c": "2Sm 23:24–39*9585",
        "a": "a"
    },
    {
        "o": 11862,
        "r": "csb:1 Chronicles:11:26",
        "w": 6,
        "l": {},
        "c": "2Sm 2:18–23*8919",
        "a": "b"
    },
    {
        "o": 11870,
        "r": "csb:1 Chronicles:11:34",
        "w": 2,
        "l": {},
        "t": "11:34*r LXX omits the sons of; 2Sm 23:32",
        "a": "c"
    },
    {
        "o": 11870,
        "r": "csb:1 Chronicles:11:34",
        "w": 2,
        "l": {},
        "c": "2Sm 23:32*9593",
        "a": "d"
    },
    {
        "o": 11886,
        "r": "csb:1 Chronicles:12:1",
        "w": 23,
        "l": {},
        "c": "1Sm 27:1–7*8771",
        "a": "a"
    },
    {
        "o": 11887,
        "r": "csb:1 Chronicles:12:2",
        "w": 21,
        "l": {},
        "c": "Jdg 3:15*7292; 20:16*7828",
        "a": "b"
    },
    {
        "o": 11887,
        "r": "csb:1 Chronicles:12:2",
        "w": 25,
        "l": {},
        "c": "1Ch 12:29*11915",
        "a": "c"
    },
    {
        "o": 11893,
        "r": "csb:1 Chronicles:12:8",
        "w": 40,
        "l": {},
        "c": "2Sm 2:18*8919",
        "a": "d"
    },
    {
        "o": 11899,
        "r": "csb:1 Chronicles:12:14",
        "w": 22,
        "l": {},
        "c": "Lv 26:8*3899; Dt 32:30*6393; Is 30:17*20426",
        "a": "e"
    },
    {
        "o": 11900,
        "r": "csb:1 Chronicles:12:15",
        "w": 11,
        "l": {},
        "t": "12:15*r = Nisan (March–April)",
        "a": "f"
    },
    {
        "o": 11900,
        "r": "csb:1 Chronicles:12:15",
        "w": 18,
        "l": {},
        "c": "Jos 3:15*6526; 4:18*6548",
        "a": "g"
    },
    {
        "o": 11901,
        "r": "csb:1 Chronicles:12:16",
        "w": 12,
        "l": {},
        "c": "1Sm 22:1–2*8615",
        "a": "h"
    },
    {
        "o": 11903,
        "r": "csb:1 Chronicles:12:18",
        "w": 3,
        "l": {},
        "t": "12:18*r Lit clothed; Jdg 6:34; 2Ch 24:20",
        "a": "i"
    },
    {
        "o": 11903,
        "r": "csb:1 Chronicles:12:18",
        "w": 3,
        "l": {},
        "c": "Jdg 6:34*7407; 2Ch 24:20*12992",
        "a": "j"
    },
    {
        "o": 11903,
        "r": "csb:1 Chronicles:12:18",
        "w": 4,
        "l": {},
        "c": "1Ch 2:17*11452",
        "a": "k"
    },
    {
        "o": 11903,
        "r": "csb:1 Chronicles:12:18",
        "w": 33,
        "l": {},
        "c": "1Sm 25:5–6*8702",
        "a": "l"
    },
    {
        "o": 11904,
        "r": "csb:1 Chronicles:12:19",
        "w": 45,
        "l": {},
        "c": "1Sm 29:1–11*8812",
        "a": "m"
    },
    {
        "o": 11906,
        "r": "csb:1 Chronicles:12:21",
        "w": 5,
        "l": {},
        "c": "1Sm 30:1–20*8825",
        "a": "n"
    },
    {
        "o": 11907,
        "r": "csb:1 Chronicles:12:22",
        "w": 21,
        "l": {},
        "t": "12:22*r Or like the ultimate army",
        "a": "o"
    },
    {
        "o": 11907,
        "r": "csb:1 Chronicles:12:22",
        "w": 21,
        "l": {},
        "c": "Gn 32:1–2*1025; Jos 5:13–15*6571",
        "a": "p"
    },
    {
        "o": 11909,
        "r": "csb:1 Chronicles:12:23",
        "w": 18,
        "l": {},
        "c": "1Sm 15:28*8397; 1Ch 10:14*11832",
        "a": "q"
    },
    {
        "o": 11909,
        "r": "csb:1 Chronicles:12:23",
        "w": 23,
        "l": {},
        "c": "1Ch 11:10*11846",
        "a": "r"
    },
    {
        "o": 11914,
        "r": "csb:1 Chronicles:12:28",
        "w": 1,
        "l": {},
        "c": "2Sm 8:17*9092; 1Ch 6:8,53*11604; 9:11*11782; 15:11*11974; 16:39*12033",
        "a": "s"
    },
    {
        "o": 11914,
        "r": "csb:1 Chronicles:12:28",
        "w": 12,
        "l": {},
        "t": "12:28*r Lit the house of his father",
        "a": "t"
    },
    {
        "o": 11915,
        "r": "csb:1 Chronicles:12:29",
        "w": 6,
        "l": {},
        "c": "1Ch 12:2*11887",
        "a": "u"
    },
    {
        "o": 11916,
        "r": "csb:1 Chronicles:12:30",
        "w": 13,
        "l": {},
        "t": "12:30*r Lit the house of their fathers",
        "a": "v"
    },
    {
        "o": 11918,
        "r": "csb:1 Chronicles:12:32",
        "w": 6,
        "l": {},
        "c": "Est 1:13*14144",
        "a": "w"
    },
    {
        "o": 11919,
        "r": "csb:1 Chronicles:12:33",
        "w": 21,
        "l": {},
        "c": "Ps 12:2*15623",
        "a": "x"
    },
    {
        "o": 11919,
        "r": "csb:1 Chronicles:12:33",
        "w": 24,
        "l": {},
        "t": "12:33*r LXX; MT omits David",
        "a": "y"
    },
    {
        "o": 11924,
        "r": "csb:1 Chronicles:12:38",
        "w": 33,
        "l": {},
        "c": "2Sm 5:1–3*8992",
        "a": "z"
    },
    {
        "o": 11926,
        "r": "csb:1 Chronicles:12:40",
        "w": 35,
        "l": {},
        "c": "1Sm 25:18*8715",
        "a": "a"
    },
    {
        "o": 11930,
        "r": "csb:1 Chronicles:13:2",
        "w": 52,
        "l": {},
        "c": "Nm 35:1–8*5328",
        "a": "a"
    },
    {
        "o": 11931,
        "r": "csb:1 Chronicles:13:3",
        "w": 15,
        "l": {},
        "t": "13:3*r Or did not seek it",
        "a": "b"
    },
    {
        "o": 11931,
        "r": "csb:1 Chronicles:13:3",
        "w": 15,
        "l": {},
        "c": "1Sm 7:1–2*8141; 1Ch 10:14*11832; 15:13*11976",
        "a": "c"
    },
    {
        "o": 11933,
        "r": "csb:1 Chronicles:13:5",
        "w": 4,
        "l": {},
        "c": "2Sm 6:1*9019; 1Ch 15:3*11966",
        "a": "d"
    },
    {
        "o": 11933,
        "r": "csb:1 Chronicles:13:5",
        "w": 14,
        "l": {},
        "t": "13:5*r Or to Lebo-hamath",
        "a": "e"
    },
    {
        "o": 11933,
        "r": "csb:1 Chronicles:13:5",
        "w": 14,
        "l": {},
        "c": "1Kg 8:65*9999",
        "a": "f"
    },
    {
        "o": 11933,
        "r": "csb:1 Chronicles:13:5",
        "w": 22,
        "l": {},
        "c": "1Sm 6:21*8138; 7:1*8141",
        "a": "g"
    },
    {
        "o": 11934,
        "r": "csb:1 Chronicles:13:6",
        "w": 0,
        "l": {},
        "c": "2Sm 6:2–11*9020",
        "a": "h"
    },
    {
        "o": 11934,
        "r": "csb:1 Chronicles:13:6",
        "w": 6,
        "l": {},
        "c": "Jos 15:9*6868",
        "a": "i"
    },
    {
        "o": 11934,
        "r": "csb:1 Chronicles:13:6",
        "w": 34,
        "l": {},
        "c": "2Kg 19:15*11165",
        "a": "j"
    },
    {
        "o": 11935,
        "r": "csb:1 Chronicles:13:7",
        "w": 2,
        "l": {},
        "c": "1Sm 7:1*8141",
        "a": "k"
    },
    {
        "o": 11935,
        "r": "csb:1 Chronicles:13:7",
        "w": 15,
        "l": {},
        "t": "13:7*r Or And his brothers",
        "a": "l"
    },
    {
        "o": 11936,
        "r": "csb:1 Chronicles:13:8",
        "w": 21,
        "l": {},
        "c": "1Ch 15:16*11979",
        "a": "m"
    },
    {
        "o": 11937,
        "r": "csb:1 Chronicles:13:9",
        "w": 6,
        "l": {},
        "c": "2Sm 6:6*9024",
        "a": "n"
    },
    {
        "o": 11938,
        "r": "csb:1 Chronicles:13:10",
        "w": 19,
        "l": {},
        "c": "1Ch 15:13,15*11976",
        "a": "o"
    },
    {
        "o": 11938,
        "r": "csb:1 Chronicles:13:10",
        "w": 28,
        "l": {},
        "c": "Lv 10:2*3300",
        "a": "p"
    },
    {
        "o": 11939,
        "r": "csb:1 Chronicles:13:11",
        "w": 17,
        "l": {},
        "t": "13:11*r Or Perez-uzzah",
        "a": "q"
    },
    {
        "o": 11941,
        "r": "csb:1 Chronicles:13:13",
        "w": 9,
        "l": {},
        "t": "13:13*r Lit to himself",
        "a": "r"
    },
    {
        "o": 11941,
        "r": "csb:1 Chronicles:13:13",
        "w": 25,
        "l": {},
        "c": "1Ch 26:4–5*12280; 2Ch 25:23–24*13028",
        "a": "s"
    },
    {
        "o": 11945,
        "r": "csb:1 Chronicles:14:1",
        "w": 7,
        "l": {},
        "c": "2Sm 5:11–25*9002",
        "a": "a"
    },
    {
        "o": 11948,
        "r": "csb:1 Chronicles:14:4",
        "w": 0,
        "l": {},
        "c": "1Ch 3:5–8*11497",
        "a": "b"
    },
    {
        "o": 11953,
        "r": "csb:1 Chronicles:14:9",
        "w": 9,
        "l": {},
        "c": "1Ch 11:15*11851; 14:13*11957",
        "a": "c"
    },
    {
        "o": 11955,
        "r": "csb:1 Chronicles:14:11",
        "w": 38,
        "l": {},
        "t": "14:11*r Or Baal-perazim",
        "a": "d"
    },
    {
        "o": 11961,
        "r": "csb:1 Chronicles:14:17",
        "w": 18,
        "l": {},
        "c": "Ex 15:14–16*2132; Dt 2:25*5458",
        "a": "e"
    },
    {
        "o": 11964,
        "r": "csb:1 Chronicles:15:1",
        "w": 25,
        "l": {},
        "c": "1Ch 16:1*11994; 17:1–5*12040",
        "a": "a"
    },
    {
        "o": 11965,
        "r": "csb:1 Chronicles:15:2",
        "w": 32,
        "l": {},
        "c": "Nm 4:15*4138; Dt 10:8*5713",
        "a": "b"
    },
    {
        "o": 11966,
        "r": "csb:1 Chronicles:15:3",
        "w": 5,
        "l": {},
        "c": "1Ch 13:5*11933",
        "a": "c"
    },
    {
        "o": 11966,
        "r": "csb:1 Chronicles:15:3",
        "w": 20,
        "l": {},
        "c": "2Sm 6:12,17*9030; 1Ch 15:12*11975",
        "a": "d"
    },
    {
        "o": 11970,
        "r": "csb:1 Chronicles:15:7",
        "w": 2,
        "l": {},
        "t": "15:7*r = Gershonites",
        "a": "e"
    },
    {
        "o": 11974,
        "r": "csb:1 Chronicles:15:11",
        "w": 4,
        "l": {},
        "c": "1Ch 12:28*11914; 18:16*12085; 24:3,6,31*12212; 27:17*12328; 29:22*12395",
        "a": "f"
    },
    {
        "o": 11974,
        "r": "csb:1 Chronicles:15:11",
        "w": 6,
        "l": {},
        "c": "1Sm 22:20–23*8635; 1Kg 1:7*9639; 2:26–27,35*9718; 1Ch 27:34*12345",
        "a": "g"
    },
    {
        "o": 11975,
        "r": "csb:1 Chronicles:15:12",
        "w": 18,
        "l": {},
        "c": "Ex 19:14*2248; 2Ch 35:6*13313",
        "a": "h"
    },
    {
        "o": 11975,
        "r": "csb:1 Chronicles:15:12",
        "w": 39,
        "l": {},
        "c": "1Ch 15:1,3*11964",
        "a": "i"
    },
    {
        "o": 11976,
        "r": "csb:1 Chronicles:15:13",
        "w": 30,
        "l": {},
        "c": "2Sm 6:3*9021; 1Ch 13:7*11935",
        "a": "j"
    },
    {
        "o": 11978,
        "r": "csb:1 Chronicles:15:15",
        "w": 25,
        "l": {},
        "c": "Ex 25:12–15*2439; Nm 4:6,15*4129",
        "a": "k"
    },
    {
        "o": 11979,
        "r": "csb:1 Chronicles:15:16",
        "w": 30,
        "l": {},
        "c": "1Ch 13:8*11936; 25:1*12244",
        "a": "l"
    },
    {
        "o": 11981,
        "r": "csb:1 Chronicles:15:18",
        "w": 9,
        "l": {},
        "t": "15:18*r Some Hb mss, LXX; other Hb mss read Zechariah son and Jaaziel",
        "a": "m"
    },
    {
        "o": 11983,
        "r": "csb:1 Chronicles:15:20",
        "w": 15,
        "l": {},
        "t": "15:20*r This may refer to a high pitch, perhaps a tune sung by soprano voices; the Hb word means “young women”; Ps 46 title",
        "a": "n"
    },
    {
        "o": 11987,
        "r": "csb:1 Chronicles:15:24",
        "w": 13,
        "l": {},
        "c": "1Ch 16:6*12000",
        "a": "o"
    },
    {
        "o": 11988,
        "r": "csb:1 Chronicles:15:25",
        "w": 0,
        "l": {},
        "c": "2Sm 6:12–16*9030",
        "a": "p"
    },
    {
        "o": 11988,
        "r": "csb:1 Chronicles:15:25",
        "w": 27,
        "l": {},
        "c": "1Ch 13:13*11941",
        "a": "q"
    },
    {
        "o": 11989,
        "r": "csb:1 Chronicles:15:26",
        "w": 25,
        "l": {},
        "c": "Nm 23:1–4,29*4859",
        "a": "r"
    },
    {
        "o": 11992,
        "r": "csb:1 Chronicles:15:29",
        "w": 27,
        "l": {},
        "t": "15:29*r Or whirling",
        "a": "s"
    },
    {
        "o": 11994,
        "r": "csb:1 Chronicles:16:1",
        "w": 0,
        "l": {},
        "c": "2Sm 6:17–19*9035",
        "a": "a"
    },
    {
        "o": 11994,
        "r": "csb:1 Chronicles:16:1",
        "w": 16,
        "l": {},
        "c": "1Ch 15:1*11964",
        "a": "b"
    },
    {
        "o": 12002,
        "r": "csb:1 Chronicles:16:8",
        "w": 1,
        "l": {},
        "c": "Ps 105:1–15*17434",
        "a": "c"
    },
    {
        "o": 12002,
        "r": "csb:1 Chronicles:16:8",
        "w": 14,
        "l": {},
        "c": "1Kg 8:43*9976; 2Kg 19:19*11170",
        "a": "d"
    },
    {
        "o": 12005,
        "r": "csb:1 Chronicles:16:11",
        "w": 9,
        "l": {},
        "c": "Ps 24:6*15838",
        "a": "e"
    },
    {
        "o": 12006,
        "r": "csb:1 Chronicles:16:12",
        "w": 6,
        "l": {},
        "c": "Ps 103:2*17374",
        "a": "f"
    },
    {
        "o": 12006,
        "r": "csb:1 Chronicles:16:12",
        "w": 14,
        "l": {},
        "t": "16:12*r Lit judgments of his mouth",
        "a": "g"
    },
    {
        "o": 12006,
        "r": "csb:1 Chronicles:16:12",
        "w": 14,
        "l": {},
        "c": "Ps 78:43–68*16909",
        "a": "h"
    },
    {
        "o": 12008,
        "r": "csb:1 Chronicles:16:14",
        "w": 11,
        "l": {},
        "c": "Ps 48:10*16306",
        "a": "i"
    },
    {
        "o": 12010,
        "r": "csb:1 Chronicles:16:16",
        "w": 6,
        "l": {},
        "t": "16:16*r Lit and his oath",
        "a": "j"
    },
    {
        "o": 12010,
        "r": "csb:1 Chronicles:16:16",
        "w": 8,
        "l": {},
        "c": "Gn 17:2*444; 22:16–18*623; 26:3*768",
        "a": "k"
    },
    {
        "o": 12011,
        "r": "csb:1 Chronicles:16:17",
        "w": 13,
        "l": {},
        "c": "Gn 35:11–12*1125",
        "a": "l"
    },
    {
        "o": 12012,
        "r": "csb:1 Chronicles:16:18",
        "w": 12,
        "l": {},
        "c": "Gn 13:15*369",
        "a": "m"
    },
    {
        "o": 12013,
        "r": "csb:1 Chronicles:16:19",
        "w": 1,
        "l": {},
        "t": "16:19*r One Hb ms, LXX, Vg; other Hb mss read you",
        "a": "n"
    },
    {
        "o": 12013,
        "r": "csb:1 Chronicles:16:19",
        "w": 8,
        "l": {},
        "c": "Gn 34:30*1111; Dt 7:7*5630",
        "a": "o"
    },
    {
        "o": 12015,
        "r": "csb:1 Chronicles:16:21",
        "w": 12,
        "l": {},
        "c": "Gn 12:17*349; 20:3*552; Ex 7:15–18*1874",
        "a": "p"
    },
    {
        "o": 12016,
        "r": "csb:1 Chronicles:16:22",
        "w": 9,
        "l": {},
        "c": "Gn 20:7*556",
        "a": "q"
    },
    {
        "o": 12017,
        "r": "csb:1 Chronicles:16:23",
        "w": 4,
        "l": {},
        "c": "Ps 96*17269",
        "a": "r"
    },
    {
        "o": 12019,
        "r": "csb:1 Chronicles:16:25",
        "w": 7,
        "l": {},
        "c": "Ps 144:3–6*18262",
        "a": "s"
    },
    {
        "o": 12019,
        "r": "csb:1 Chronicles:16:25",
        "w": 13,
        "l": {},
        "c": "Ps 89:7*17119",
        "a": "t"
    },
    {
        "o": 12020,
        "r": "csb:1 Chronicles:16:26",
        "w": 9,
        "l": {},
        "c": "Lv 19:4*3633",
        "a": "u"
    },
    {
        "o": 12020,
        "r": "csb:1 Chronicles:16:26",
        "w": 15,
        "l": {},
        "c": "Ps 102:25*17366",
        "a": "v"
    },
    {
        "o": 12023,
        "r": "csb:1 Chronicles:16:29",
        "w": 24,
        "l": {},
        "c": "Ps 29:2*15916",
        "a": "w"
    },
    {
        "o": 12024,
        "r": "csb:1 Chronicles:16:30",
        "w": 4,
        "l": {},
        "c": "Ps 93:1*17225",
        "a": "x"
    },
    {
        "o": 12025,
        "r": "csb:1 Chronicles:16:31",
        "w": 8,
        "l": {},
        "c": "Is 44:23*20787; 49:13*20891",
        "a": "y"
    },
    {
        "o": 12026,
        "r": "csb:1 Chronicles:16:32",
        "w": 16,
        "l": {},
        "c": "Ps 98:7*17306",
        "a": "z"
    },
    {
        "o": 12028,
        "r": "csb:1 Chronicles:16:34",
        "w": 13,
        "l": {},
        "c": "Ps 106:1*17481; 136:1*18128",
        "a": "a"
    },
    {
        "o": 12029,
        "r": "csb:1 Chronicles:16:35",
        "w": 1,
        "l": {},
        "c": "Ps 106:47–48*17527",
        "a": "b"
    },
    {
        "o": 12030,
        "r": "csb:1 Chronicles:16:36",
        "w": 6,
        "l": {},
        "c": "1Kg 8:15,56*9947; Ps 72:18*16751",
        "a": "c"
    },
    {
        "o": 12031,
        "r": "csb:1 Chronicles:16:37",
        "w": 17,
        "l": {},
        "c": "1Ch 16:4–5*11997",
        "a": "d"
    },
    {
        "o": 12031,
        "r": "csb:1 Chronicles:16:37",
        "w": 25,
        "l": {},
        "c": "2Ch 8:14*12598; Ezr 3:4*13458",
        "a": "e"
    },
    {
        "o": 12032,
        "r": "csb:1 Chronicles:16:38",
        "w": 2,
        "l": {},
        "c": "1Ch 13:13*11941",
        "a": "f"
    },
    {
        "o": 12032,
        "r": "csb:1 Chronicles:16:38",
        "w": 4,
        "l": {},
        "t": "16:38*r LXX, Syr, Vg; Hb reads their",
        "a": "g"
    },
    {
        "o": 12032,
        "r": "csb:1 Chronicles:16:38",
        "w": 12,
        "l": {},
        "c": "1Ch 26:10*12286",
        "a": "h"
    },
    {
        "o": 12033,
        "r": "csb:1 Chronicles:16:39",
        "w": 20,
        "l": {},
        "c": "1Kg 3:4*9746; 1Ch 21:29*12151",
        "a": "i"
    },
    {
        "o": 12034,
        "r": "csb:1 Chronicles:16:40",
        "w": 36,
        "l": {},
        "c": "Ex 29:38–42*2623; Nm 28:3–4*5040",
        "a": "j"
    },
    {
        "o": 12035,
        "r": "csb:1 Chronicles:16:41",
        "w": 3,
        "l": {},
        "c": "1Ch 6:33*11630",
        "a": "k"
    },
    {
        "o": 12035,
        "r": "csb:1 Chronicles:16:41",
        "w": 14,
        "l": {},
        "c": "1Ch 25:1–6*12244",
        "a": "l"
    },
    {
        "o": 12035,
        "r": "csb:1 Chronicles:16:41",
        "w": 26,
        "l": {},
        "c": "2Ch 5:13*12510",
        "a": "m"
    },
    {
        "o": 12036,
        "r": "csb:1 Chronicles:16:42",
        "w": 15,
        "l": {},
        "c": "1Ch 25:7*12250; 2Ch 7:6*12564; 29:27*13133",
        "a": "n"
    },
    {
        "o": 12037,
        "r": "csb:1 Chronicles:16:43",
        "w": 13,
        "l": {},
        "c": "2Sm 6:19–20*9037",
        "a": "o"
    },
    {
        "o": 12040,
        "r": "csb:1 Chronicles:17:1",
        "w": 1,
        "l": {},
        "c": "2Sm 7:1–3*9044",
        "a": "a"
    },
    {
        "o": 12040,
        "r": "csb:1 Chronicles:17:1",
        "w": 31,
        "l": {},
        "c": "Hg 1:4*25747",
        "a": "b"
    },
    {
        "o": 12042,
        "r": "csb:1 Chronicles:17:3",
        "w": 2,
        "l": {},
        "c": "2Sm 7:4–17*9047",
        "a": "c"
    },
    {
        "o": 12043,
        "r": "csb:1 Chronicles:17:4",
        "w": 25,
        "l": {},
        "c": "1Ch 22:7–8*12161; 28:2–3*12349",
        "a": "d"
    },
    {
        "o": 12044,
        "r": "csb:1 Chronicles:17:5",
        "w": 34,
        "l": {},
        "t": "17:5*r Lit I was from tent to tent and from tabernacle",
        "a": "e"
    },
    {
        "o": 12044,
        "r": "csb:1 Chronicles:17:5",
        "w": 34,
        "l": {},
        "c": "Ex 40:2–3*3003; 2Sm 7:6*9049",
        "a": "f"
    },
    {
        "o": 12045,
        "r": "csb:1 Chronicles:17:6",
        "w": 36,
        "l": {},
        "c": "2Sm 7:7*9050",
        "a": "g"
    },
    {
        "o": 12046,
        "r": "csb:1 Chronicles:17:7",
        "w": 37,
        "l": {},
        "c": "1Sm 16:11–13*8417",
        "a": "h"
    },
    {
        "o": 12048,
        "r": "csb:1 Chronicles:17:9",
        "w": 11,
        "l": {},
        "c": "Ex 15:17*2135",
        "a": "i"
    },
    {
        "o": 12051,
        "r": "csb:1 Chronicles:17:12",
        "w": 10,
        "l": {},
        "c": "1Kg 5:2–5*9813; 6:14,38*9846; 8:17–20*9949; 2Ch 6:2*12515",
        "a": "j"
    },
    {
        "o": 12052,
        "r": "csb:1 Chronicles:17:13",
        "w": 10,
        "l": {},
        "c": "Heb 1:5*33971",
        "a": "k"
    },
    {
        "o": 12052,
        "r": "csb:1 Chronicles:17:13",
        "w": 30,
        "l": {},
        "c": "1Sm 15:23–28*8392; 1Ch 10:14*11832",
        "a": "l"
    },
    {
        "o": 12053,
        "r": "csb:1 Chronicles:17:14",
        "w": 17,
        "l": {},
        "c": "Ps 89:29,36*17141",
        "a": "m"
    },
    {
        "o": 12056,
        "r": "csb:1 Chronicles:17:16",
        "w": 0,
        "l": {},
        "c": "2Sm 7:18–29*9062",
        "a": "n"
    },
    {
        "o": 12057,
        "r": "csb:1 Chronicles:17:17",
        "w": 6,
        "l": {},
        "t": "17:17*r Lit thing in your eyes",
        "a": "o"
    },
    {
        "o": 12057,
        "r": "csb:1 Chronicles:17:17",
        "w": 27,
        "l": {},
        "t": "17:17*r Hb obscure",
        "a": "p"
    },
    {
        "o": 12059,
        "r": "csb:1 Chronicles:17:19",
        "w": 24,
        "l": {},
        "c": "Is 37:35*20599",
        "a": "q"
    },
    {
        "o": 12061,
        "r": "csb:1 Chronicles:17:21",
        "w": 42,
        "l": {},
        "c": "Dt 4:32–38*5538",
        "a": "r"
    },
    {
        "o": 12062,
        "r": "csb:1 Chronicles:17:22",
        "w": 15,
        "l": {},
        "c": "Ex 6:7*1832; 19:5–6*2239",
        "a": "s"
    },
    {
        "o": 12065,
        "r": "csb:1 Chronicles:17:25",
        "w": 6,
        "l": {},
        "t": "17:25*r Lit have uncovered the ear of",
        "a": "t"
    },
    {
        "o": 12065,
        "r": "csb:1 Chronicles:17:25",
        "w": 6,
        "l": {},
        "c": "Ex 6:7*1832; 19:5–6*2239",
        "a": "u"
    },
    {
        "o": 12070,
        "r": "csb:1 Chronicles:18:1",
        "w": 1,
        "l": {},
        "c": "2Sm 8:1–14*9076",
        "a": "a"
    },
    {
        "o": 12073,
        "r": "csb:1 Chronicles:18:4",
        "w": 23,
        "l": {},
        "t": "18:4*r Or chariot horses",
        "a": "b"
    },
    {
        "o": 12074,
        "r": "csb:1 Chronicles:18:5",
        "w": 11,
        "l": {},
        "c": "1Ch 18:9*12078; 19:6*12094",
        "a": "c"
    },
    {
        "o": 12075,
        "r": "csb:1 Chronicles:18:6",
        "w": 3,
        "l": {},
        "t": "18:6*r Some Hb mss, LXX, Vg; other Hb mss omit garrisons; 2Sm 8:6",
        "a": "d"
    },
    {
        "o": 12075,
        "r": "csb:1 Chronicles:18:6",
        "w": 3,
        "l": {},
        "c": "2Sm 8:6*9081",
        "a": "e"
    },
    {
        "o": 12077,
        "r": "csb:1 Chronicles:18:8",
        "w": 19,
        "l": {},
        "t": "18:8*r Lit sea",
        "a": "f"
    },
    {
        "o": 12077,
        "r": "csb:1 Chronicles:18:8",
        "w": 25,
        "l": {},
        "c": "1Kg 7:15–47*9888; 2Ch 3:15–4:18*12465",
        "a": "g"
    },
    {
        "o": 12083,
        "r": "csb:1 Chronicles:18:14",
        "w": 5,
        "l": {},
        "c": "2Sm 8:15–18*9090",
        "a": "h"
    },
    {
        "o": 12084,
        "r": "csb:1 Chronicles:18:15",
        "w": 0,
        "l": {},
        "c": "1Ch 11:6*11841",
        "a": "i"
    },
    {
        "o": 12085,
        "r": "csb:1 Chronicles:18:16",
        "w": 5,
        "l": {},
        "t": "18:16*r Some Hb mss, LXX, Syr, Vg; other Hb mss read Abimelech; 2Sm 8:17",
        "a": "j"
    },
    {
        "o": 12085,
        "r": "csb:1 Chronicles:18:16",
        "w": 5,
        "l": {},
        "c": "2Sm 8:17*9092; 1Ch 24:6,31*12215",
        "a": "k"
    },
    {
        "o": 12086,
        "r": "csb:1 Chronicles:18:17",
        "w": 3,
        "l": {},
        "c": "2Sm 23:20–23*9581",
        "a": "l"
    },
    {
        "o": 12089,
        "r": "csb:1 Chronicles:19:1",
        "w": 2,
        "l": {},
        "c": "2Sm 10:1–5*9111",
        "a": "a"
    },
    {
        "o": 12092,
        "r": "csb:1 Chronicles:19:4",
        "w": 18,
        "l": {},
        "c": "Is 7:20*19929; 20:4*20197",
        "a": "b"
    },
    {
        "o": 12094,
        "r": "csb:1 Chronicles:19:6",
        "w": 3,
        "l": {},
        "c": "2Sm 10:6–19*9116",
        "a": "c"
    },
    {
        "o": 12094,
        "r": "csb:1 Chronicles:19:6",
        "w": 17,
        "l": {},
        "t": "19:6*r Lit 1,000 talents",
        "a": "d"
    },
    {
        "o": 12094,
        "r": "csb:1 Chronicles:19:6",
        "w": 29,
        "l": {},
        "c": "1Ch 18:5,9*12074",
        "a": "e"
    },
    {
        "o": 12095,
        "r": "csb:1 Chronicles:19:7",
        "w": 18,
        "l": {},
        "c": "Nm 21:30*4807; Jos 13:9,16*6812; Is 15:2*20114",
        "a": "f"
    },
    {
        "o": 12098,
        "r": "csb:1 Chronicles:19:10",
        "w": 24,
        "l": {},
        "t": "19:10*r Lit Israel’s choice ones",
        "a": "g"
    },
    {
        "o": 12098,
        "r": "csb:1 Chronicles:19:10",
        "w": 24,
        "l": {},
        "c": "2Sm 6:1*9019",
        "a": "h"
    },
    {
        "o": 12101,
        "r": "csb:1 Chronicles:19:13",
        "w": 15,
        "l": {},
        "c": "Jos 1:6*6469",
        "a": "i"
    },
    {
        "o": 12101,
        "r": "csb:1 Chronicles:19:13",
        "w": 21,
        "l": {},
        "t": "19:13*r Lit the Lord do what is good in his eyes",
        "a": "j"
    },
    {
        "o": 12110,
        "r": "csb:1 Chronicles:20:1",
        "w": 2,
        "l": {},
        "t": "20:1*r Lit At the time of the return of the year",
        "a": "a"
    },
    {
        "o": 12110,
        "r": "csb:1 Chronicles:20:1",
        "w": 8,
        "l": {},
        "c": "2Sm 12:26–31*9191",
        "a": "b"
    },
    {
        "o": 12110,
        "r": "csb:1 Chronicles:20:1",
        "w": 29,
        "l": {},
        "c": "2Sm 11:1*9132",
        "a": "c"
    },
    {
        "o": 12111,
        "r": "csb:1 Chronicles:20:2",
        "w": 10,
        "l": {},
        "t": "20:2*r LXX, Vg read of Milcom",
        "a": "d"
    },
    {
        "o": 12111,
        "r": "csb:1 Chronicles:20:2",
        "w": 10,
        "l": {},
        "t": "20:2*r = Molech; 1Kg 11:5,7",
        "a": "e"
    },
    {
        "o": 12111,
        "r": "csb:1 Chronicles:20:2",
        "w": 10,
        "l": {},
        "c": "1Kg 11:5,7*10072",
        "a": "f"
    },
    {
        "o": 12111,
        "r": "csb:1 Chronicles:20:2",
        "w": 25,
        "l": {},
        "t": "20:2*r Lit a talent",
        "a": "g"
    },
    {
        "o": 12112,
        "r": "csb:1 Chronicles:20:3",
        "w": 15,
        "l": {},
        "t": "20:3*r Text emended; MT reads and sawed them with the saw; 2Sm 12:31",
        "a": "h"
    },
    {
        "o": 12112,
        "r": "csb:1 Chronicles:20:3",
        "w": 19,
        "l": {},
        "t": "20:3*r Text emended; MT reads saws; 2Sm 12:31",
        "a": "i"
    },
    {
        "o": 12112,
        "r": "csb:1 Chronicles:20:3",
        "w": 19,
        "l": {},
        "c": "2Sm 12:31*9196",
        "a": "j"
    },
    {
        "o": 12114,
        "r": "csb:1 Chronicles:20:4",
        "w": 1,
        "l": {},
        "c": "2Sm 21:18–22*9501",
        "a": "k"
    },
    {
        "o": 12114,
        "r": "csb:1 Chronicles:20:4",
        "w": 23,
        "l": {},
        "t": "20:4*r Or the Rephaites",
        "a": "l"
    },
    {
        "o": 12114,
        "r": "csb:1 Chronicles:20:4",
        "w": 23,
        "l": {},
        "c": "Gn 14:5*379; Dt 2:11*5442",
        "a": "m"
    },
    {
        "o": 12115,
        "r": "csb:1 Chronicles:20:5",
        "w": 31,
        "l": {},
        "c": "1Sm 17:7*8439; 1Ch 11:23*11859",
        "a": "n"
    },
    {
        "o": 12116,
        "r": "csb:1 Chronicles:20:6",
        "w": 36,
        "l": {},
        "t": "20:6*r Or Raphah, also in v. 8",
        "a": "o"
    },
    {
        "o": 12121,
        "r": "csb:1 Chronicles:21:1",
        "w": 0,
        "l": {},
        "t": "21:1*r Or An adversary; Jb 1:6; Zch 3:1–2",
        "a": "a"
    },
    {
        "o": 12121,
        "r": "csb:1 Chronicles:21:1",
        "w": 0,
        "l": {},
        "c": "Jb 1:6*14327; Zch 3:1–2*25830",
        "a": "b"
    },
    {
        "o": 12121,
        "r": "csb:1 Chronicles:21:1",
        "w": 7,
        "l": {},
        "c": "2Sm 24:1–10*9603",
        "a": "c"
    },
    {
        "o": 12122,
        "r": "csb:1 Chronicles:21:2",
        "w": 30,
        "l": {},
        "c": "1Ch 27:23–24*12334",
        "a": "d"
    },
    {
        "o": 12123,
        "r": "csb:1 Chronicles:21:3",
        "w": 14,
        "l": {},
        "c": "Dt 1:11*5392",
        "a": "e"
    },
    {
        "o": 12125,
        "r": "csb:1 Chronicles:21:5",
        "w": 19,
        "l": {},
        "t": "21:5*r Lit men drawing the sword",
        "a": "f"
    },
    {
        "o": 12128,
        "r": "csb:1 Chronicles:21:8",
        "w": 25,
        "l": {},
        "c": "2Sm 12:13*9174",
        "a": "g"
    },
    {
        "o": 12130,
        "r": "csb:1 Chronicles:21:9",
        "w": 0,
        "l": {},
        "c": "2Sm 24:11–17*9614",
        "a": "h"
    },
    {
        "o": 12130,
        "r": "csb:1 Chronicles:21:9",
        "w": 4,
        "l": {},
        "c": "1Ch 29:29*12403",
        "a": "i"
    },
    {
        "o": 12130,
        "r": "csb:1 Chronicles:21:9",
        "w": 6,
        "l": {},
        "c": "1Sm 9:9*8192; 2Sm 24:11*9614; 1Ch 25:5*12248",
        "a": "j"
    },
    {
        "o": 12134,
        "r": "csb:1 Chronicles:21:13",
        "w": 19,
        "l": {},
        "c": "Ps 51:1*16363; 130:4,7*18059",
        "a": "k"
    },
    {
        "o": 12136,
        "r": "csb:1 Chronicles:21:15",
        "w": 19,
        "l": {},
        "t": "21:15*r Lit but as he was destroying",
        "a": "l"
    },
    {
        "o": 12136,
        "r": "csb:1 Chronicles:21:15",
        "w": 26,
        "l": {},
        "c": "Ex 32:14*2713; 1Sm 15:11*8380; 2Sm 24:16*9619; Am 7:3,6*25294; Jnh 3:9–10*25414",
        "a": "m"
    },
    {
        "o": 12136,
        "r": "csb:1 Chronicles:21:15",
        "w": 55,
        "l": {},
        "t": "21:15–28*r = Araunah in 2Sm 24:16–24",
        "a": "n"
    },
    {
        "o": 12137,
        "r": "csb:1 Chronicles:21:16",
        "w": 33,
        "l": {},
        "c": "1Kg 21:27*10477",
        "a": "o"
    },
    {
        "o": 12140,
        "r": "csb:1 Chronicles:21:18",
        "w": 7,
        "l": {},
        "c": "2Sm 24:18–25*9622",
        "a": "p"
    },
    {
        "o": 12140,
        "r": "csb:1 Chronicles:21:18",
        "w": 28,
        "l": {},
        "c": "2Ch 3:1*12449",
        "a": "q"
    },
    {
        "o": 12145,
        "r": "csb:1 Chronicles:21:23",
        "w": 14,
        "l": {},
        "t": "21:23*r Lit do what is good in his eyes",
        "a": "r"
    },
    {
        "o": 12147,
        "r": "csb:1 Chronicles:21:25",
        "w": 7,
        "l": {},
        "t": "21:25*r Lit 600 shekels of gold by weight",
        "a": "s"
    },
    {
        "o": 12148,
        "r": "csb:1 Chronicles:21:26",
        "w": 33,
        "l": {},
        "c": "Lv 9:24*3296; Jdg 6:21*7392",
        "a": "t"
    },
    {
        "o": 12151,
        "r": "csb:1 Chronicles:21:29",
        "w": 23,
        "l": {},
        "c": "1Kg 3:4*9746; 1Ch 16:39*12033",
        "a": "u"
    },
    {
        "o": 12154,
        "r": "csb:1 Chronicles:22:1",
        "w": 20,
        "l": {},
        "c": "1Ch 21:18–28*12140; 2Ch 3:1*12449",
        "a": "a"
    },
    {
        "o": 12156,
        "r": "csb:1 Chronicles:22:2",
        "w": 15,
        "l": {},
        "c": "1Kg 9:20–21*10024; 2Ch 2:17*12445",
        "a": "b"
    },
    {
        "o": 12156,
        "r": "csb:1 Chronicles:22:2",
        "w": 27,
        "l": {},
        "c": "1Kg 5:17–18*9829",
        "a": "c"
    },
    {
        "o": 12157,
        "r": "csb:1 Chronicles:22:3",
        "w": 27,
        "l": {},
        "c": "1Ch 29:2,7*12372",
        "a": "d"
    },
    {
        "o": 12158,
        "r": "csb:1 Chronicles:22:4",
        "w": 18,
        "l": {},
        "c": "1Kg 5:6–10*9817",
        "a": "e"
    },
    {
        "o": 12159,
        "r": "csb:1 Chronicles:22:5",
        "w": 31,
        "l": {},
        "c": "1Ch 29:1*12371",
        "a": "f"
    },
    {
        "o": 12161,
        "r": "csb:1 Chronicles:22:7",
        "w": 22,
        "l": {},
        "c": "2Sm 7:2–3*9045; 1Ch 17:1–2*12040; 28:2*12349",
        "a": "g"
    },
    {
        "o": 12162,
        "r": "csb:1 Chronicles:22:8",
        "w": 39,
        "l": {},
        "c": "1Ch 28:3*12350",
        "a": "h"
    },
    {
        "o": 12163,
        "r": "csb:1 Chronicles:22:9",
        "w": 24,
        "l": {},
        "c": "1Kg 4:20,25*9794",
        "a": "i"
    },
    {
        "o": 12163,
        "r": "csb:1 Chronicles:22:9",
        "w": 30,
        "l": {},
        "t": "22:9*r In Hb, the name Solomon sounds like “peace.”",
        "a": "j"
    },
    {
        "o": 12163,
        "r": "csb:1 Chronicles:22:9",
        "w": 30,
        "l": {},
        "c": "2Sm 12:24–25*9188",
        "a": "k"
    },
    {
        "o": 12163,
        "r": "csb:1 Chronicles:22:9",
        "w": 42,
        "l": {},
        "c": "1Ch 28:5*12352",
        "a": "l"
    },
    {
        "o": 12164,
        "r": "csb:1 Chronicles:22:10",
        "w": 33,
        "l": {},
        "c": "2Sm 7:13–14*9056; 1Ch 17:12–13*12051; 28:6–7*12353",
        "a": "m"
    },
    {
        "o": 12165,
        "r": "csb:1 Chronicles:22:11",
        "w": 8,
        "l": {},
        "c": "1Ch 22:16*12170",
        "a": "n"
    },
    {
        "o": 12166,
        "r": "csb:1 Chronicles:22:12",
        "w": 29,
        "l": {},
        "c": "1Kg 3:9–12*9751; 2Ch 1:10–12*12416",
        "a": "o"
    },
    {
        "o": 12167,
        "r": "csb:1 Chronicles:22:13",
        "w": 17,
        "l": {},
        "c": "1Ch 28:7*12354",
        "a": "p"
    },
    {
        "o": 12167,
        "r": "csb:1 Chronicles:22:13",
        "w": 26,
        "l": {},
        "c": "Jos 1:6–9*6469",
        "a": "q"
    },
    {
        "o": 12168,
        "r": "csb:1 Chronicles:22:14",
        "w": 21,
        "l": {},
        "t": "22:14*r Lit 100,000 talents of gold and 1,000,000 talents of silver",
        "a": "r"
    },
    {
        "o": 12168,
        "r": "csb:1 Chronicles:22:14",
        "w": 21,
        "l": {},
        "c": "1Ch 29:4*12374",
        "a": "s"
    },
    {
        "o": 12170,
        "r": "csb:1 Chronicles:22:16",
        "w": 18,
        "l": {},
        "c": "1Ch 22:11*12165",
        "a": "t"
    },
    {
        "o": 12172,
        "r": "csb:1 Chronicles:22:18",
        "w": 17,
        "l": {},
        "c": "1Ch 22:9*12163; 23:25*12200",
        "a": "u"
    },
    {
        "o": 12173,
        "r": "csb:1 Chronicles:22:19",
        "w": 12,
        "l": {},
        "c": "1Ch 28:9*12356",
        "a": "v"
    },
    {
        "o": 12173,
        "r": "csb:1 Chronicles:22:19",
        "w": 44,
        "l": {},
        "c": "1Kg 8:6,21*9938; 2Ch 5:7*12504",
        "a": "w"
    },
    {
        "o": 12173,
        "r": "csb:1 Chronicles:22:19",
        "w": 50,
        "l": {},
        "c": "1Ch 22:7*12161",
        "a": "x"
    },
    {
        "o": 12176,
        "r": "csb:1 Chronicles:23:1",
        "w": 7,
        "l": {},
        "c": "1Ch 29:28*12402",
        "a": "a"
    },
    {
        "o": 12176,
        "r": "csb:1 Chronicles:23:1",
        "w": 16,
        "l": {},
        "c": "1Ch 28:5*12352; 29:22*12395",
        "a": "b"
    },
    {
        "o": 12178,
        "r": "csb:1 Chronicles:23:3",
        "w": 8,
        "l": {},
        "c": "Nm 4:3–49*4126",
        "a": "c"
    },
    {
        "o": 12178,
        "r": "csb:1 Chronicles:23:3",
        "w": 18,
        "l": {},
        "c": "1Ch 23:24*12199",
        "a": "d"
    },
    {
        "o": 12179,
        "r": "csb:1 Chronicles:23:4",
        "w": 17,
        "l": {},
        "c": "Ezr 3:8–9*13463",
        "a": "e"
    },
    {
        "o": 12179,
        "r": "csb:1 Chronicles:23:4",
        "w": 25,
        "l": {},
        "c": "1Ch 26:29*12306",
        "a": "f"
    },
    {
        "o": 12180,
        "r": "csb:1 Chronicles:23:5",
        "w": 22,
        "l": {},
        "c": "1Ch 15:16*11979",
        "a": "g"
    },
    {
        "o": 12181,
        "r": "csb:1 Chronicles:23:6",
        "w": 9,
        "l": {},
        "c": "1Ch 6:1*11597",
        "a": "h"
    },
    {
        "o": 12181,
        "r": "csb:1 Chronicles:23:6",
        "w": 10,
        "l": {},
        "t": "23:6*r Lit Gershon",
        "a": "i"
    },
    {
        "o": 12185,
        "r": "csb:1 Chronicles:23:10",
        "w": 3,
        "l": {},
        "t": "23:10*r LXX, Vg; MT reads Zina",
        "a": "j"
    },
    {
        "o": 12186,
        "r": "csb:1 Chronicles:23:11",
        "w": 22,
        "l": {},
        "t": "23:11*r Lit a father’s house",
        "a": "k"
    },
    {
        "o": 12188,
        "r": "csb:1 Chronicles:23:13",
        "w": 1,
        "l": {},
        "c": "Ex 6:20*1846",
        "a": "l"
    },
    {
        "o": 12188,
        "r": "csb:1 Chronicles:23:13",
        "w": 9,
        "l": {},
        "c": "Ex 28:1*2536",
        "a": "m"
    },
    {
        "o": 12188,
        "r": "csb:1 Chronicles:23:13",
        "w": 28,
        "l": {},
        "c": "Ex 30:6–10*2639",
        "a": "n"
    },
    {
        "o": 12189,
        "r": "csb:1 Chronicles:23:14",
        "w": 6,
        "l": {},
        "c": "Dt 33:1*6419; Ps 90*17169",
        "a": "o"
    },
    {
        "o": 12199,
        "r": "csb:1 Chronicles:23:24",
        "w": 9,
        "l": {},
        "t": "23:24*r Lit the house of their fathers",
        "a": "p"
    },
    {
        "o": 12199,
        "r": "csb:1 Chronicles:23:24",
        "w": 35,
        "l": {},
        "c": "Nm 10:17,21*4406",
        "a": "q"
    },
    {
        "o": 12200,
        "r": "csb:1 Chronicles:23:25",
        "w": 13,
        "l": {},
        "c": "1Ch 22:9,18*12163",
        "a": "r"
    },
    {
        "o": 12201,
        "r": "csb:1 Chronicles:23:26",
        "w": 17,
        "l": {},
        "c": "Nm 4:5,15*4128; 7:9*4251",
        "a": "s"
    },
    {
        "o": 12204,
        "r": "csb:1 Chronicles:23:29",
        "w": 10,
        "l": {},
        "c": "Lv 24:5–9*3813",
        "a": "t"
    },
    {
        "o": 12204,
        "r": "csb:1 Chronicles:23:29",
        "w": 17,
        "l": {},
        "c": "Lv 6:20*3178",
        "a": "u"
    },
    {
        "o": 12204,
        "r": "csb:1 Chronicles:23:29",
        "w": 24,
        "l": {},
        "t": "23:29*r Lit the griddle",
        "a": "v"
    },
    {
        "o": 12204,
        "r": "csb:1 Chronicles:23:29",
        "w": 24,
        "l": {},
        "c": "1Ch 9:31*11802",
        "a": "w"
    },
    {
        "o": 12204,
        "r": "csb:1 Chronicles:23:29",
        "w": 26,
        "l": {},
        "c": "Lv 6:14–15*3172; 7:12*3204",
        "a": "x"
    },
    {
        "o": 12204,
        "r": "csb:1 Chronicles:23:29",
        "w": 33,
        "l": {},
        "c": "Ex 29:40*2625; 30:13*2647; Lv 19:35–36*3664",
        "a": "y"
    },
    {
        "o": 12206,
        "r": "csb:1 Chronicles:23:31",
        "w": 12,
        "l": {},
        "c": "Is 1:13–14*19777",
        "a": "z"
    },
    {
        "o": 12206,
        "r": "csb:1 Chronicles:23:31",
        "w": 32,
        "l": {},
        "c": "Lv 23:2–4*3764",
        "a": "a"
    },
    {
        "o": 12207,
        "r": "csb:1 Chronicles:23:32",
        "w": 15,
        "l": {},
        "c": "Nm 1:53*4029; 1Ch 9:27*11798",
        "a": "b"
    },
    {
        "o": 12207,
        "r": "csb:1 Chronicles:23:32",
        "w": 23,
        "l": {},
        "c": "Nm 3:6–9,38*4074",
        "a": "c"
    },
    {
        "o": 12210,
        "r": "csb:1 Chronicles:24:1",
        "w": 17,
        "l": {},
        "c": "Ex 6:23*1849",
        "a": "a"
    },
    {
        "o": 12211,
        "r": "csb:1 Chronicles:24:2",
        "w": 19,
        "l": {},
        "c": "Lv 10:1–2*3299",
        "a": "b"
    },
    {
        "o": 12212,
        "r": "csb:1 Chronicles:24:3",
        "w": 2,
        "l": {},
        "c": "1Ch 15:11*11974; 24:6,31*12215",
        "a": "c"
    },
    {
        "o": 12213,
        "r": "csb:1 Chronicles:24:4",
        "w": 18,
        "l": {},
        "t": "24:4*r Lit house of fathers",
        "a": "d"
    },
    {
        "o": 12214,
        "r": "csb:1 Chronicles:24:5",
        "w": 0,
        "l": {},
        "c": "1Ch 24:31*12241",
        "a": "e"
    },
    {
        "o": 12215,
        "r": "csb:1 Chronicles:24:6",
        "w": 22,
        "l": {},
        "c": "2Sm 8:17*9092; 1Ch 18:16*12085; 24:31*12241",
        "a": "f"
    },
    {
        "o": 12215,
        "r": "csb:1 Chronicles:24:6",
        "w": 39,
        "l": {},
        "t": "24:6*r Lit father’s house",
        "a": "g"
    },
    {
        "o": 12219,
        "r": "csb:1 Chronicles:24:10",
        "w": 7,
        "l": {},
        "c": "Neh 12:4*14050; Lk 1:5*28140",
        "a": "h"
    },
    {
        "o": 12233,
        "r": "csb:1 Chronicles:24:23",
        "w": 0,
        "l": {},
        "t": "24:23*r Some Hb mss, some LXX mss; other Hb mss omit Hebron’s; 1Ch 23:19",
        "a": "i"
    },
    {
        "o": 12233,
        "r": "csb:1 Chronicles:24:23",
        "w": 0,
        "l": {},
        "c": "1Ch 23:19*12194",
        "a": "j"
    },
    {
        "o": 12236,
        "r": "csb:1 Chronicles:24:26",
        "w": 11,
        "l": {},
        "t": "24:26*r Or Mushi; Jaaziah’s sons: Beno.",
        "a": "k"
    },
    {
        "o": 12237,
        "r": "csb:1 Chronicles:24:27",
        "w": 5,
        "l": {},
        "t": "24:27*r Or sons, Jaaziah: Beno,",
        "a": "l"
    },
    {
        "o": 12240,
        "r": "csb:1 Chronicles:24:30",
        "w": 17,
        "l": {},
        "t": "24:30*r Lit the house of their fathers",
        "a": "m"
    },
    {
        "o": 12241,
        "r": "csb:1 Chronicles:24:31",
        "w": 41,
        "l": {},
        "c": "1Ch 24:5–6*12214",
        "a": "n"
    },
    {
        "o": 12244,
        "r": "csb:1 Chronicles:25:1",
        "w": 16,
        "l": {},
        "c": "1Ch 6:33,39*11630",
        "a": "a"
    },
    {
        "o": 12244,
        "r": "csb:1 Chronicles:25:1",
        "w": 22,
        "l": {},
        "c": "2Kg 3:15*10605",
        "a": "b"
    },
    {
        "o": 12244,
        "r": "csb:1 Chronicles:25:1",
        "w": 28,
        "l": {},
        "c": "1Ch 15:16*11979; 25:6*12249",
        "a": "c"
    },
    {
        "o": 12246,
        "r": "csb:1 Chronicles:25:3",
        "w": 1,
        "l": {},
        "c": "1Ch 16:41–42*12035",
        "a": "d"
    },
    {
        "o": 12246,
        "r": "csb:1 Chronicles:25:3",
        "w": 7,
        "l": {},
        "t": "25:3*r One Hb ms, LXX; other Hb mss omit Shimei",
        "a": "e"
    },
    {
        "o": 12248,
        "r": "csb:1 Chronicles:25:5",
        "w": 7,
        "l": {},
        "c": "1Sm 9:9*8192; 2Sm 24:11*9614; 1Ch 21:9*12130",
        "a": "f"
    },
    {
        "o": 12248,
        "r": "csb:1 Chronicles:25:5",
        "w": 17,
        "l": {},
        "t": "25:5*r Lit by the words of God to lift a horn",
        "a": "g"
    },
    {
        "o": 12251,
        "r": "csb:1 Chronicles:25:8",
        "w": 14,
        "l": {},
        "c": "1Ch 26:13*12289",
        "a": "h"
    },
    {
        "o": 12252,
        "r": "csb:1 Chronicles:25:9",
        "w": 13,
        "l": {},
        "t": "25:9*r LXX; MT lacks his sons, and his relatives - 12",
        "a": "i"
    },
    {
        "o": 12254,
        "r": "csb:1 Chronicles:25:11",
        "w": 3,
        "l": {},
        "t": "25:11*r Variant of Zeri",
        "a": "j"
    },
    {
        "o": 12261,
        "r": "csb:1 Chronicles:25:18",
        "w": 3,
        "l": {},
        "t": "25:18*r Variant of Uzziel",
        "a": "k"
    },
    {
        "o": 12282,
        "r": "csb:1 Chronicles:26:6",
        "w": 12,
        "l": {},
        "t": "26:6*r Lit the house of their fathers, also in v. 13",
        "a": "a"
    },
    {
        "o": 12286,
        "r": "csb:1 Chronicles:26:10",
        "w": 0,
        "l": {},
        "c": "1Ch 16:38*12032",
        "a": "b"
    },
    {
        "o": 12289,
        "r": "csb:1 Chronicles:26:13",
        "w": 15,
        "l": {},
        "c": "1Ch 24:5,31*12214; 25:8*12251",
        "a": "c"
    },
    {
        "o": 12290,
        "r": "csb:1 Chronicles:26:14",
        "w": 8,
        "l": {},
        "t": "26:14*r Variant of Meshelemiah",
        "a": "d"
    },
    {
        "o": 12293,
        "r": "csb:1 Chronicles:26:17",
        "w": 5,
        "l": {},
        "t": "26:17*r LXX; MT omits each day",
        "a": "e"
    },
    {
        "o": 12297,
        "r": "csb:1 Chronicles:26:20",
        "w": 20,
        "l": {},
        "c": "1Ch 26:24,26*12301; 28:12*12359; Ezr 2:69*13451",
        "a": "f"
    },
    {
        "o": 12302,
        "r": "csb:1 Chronicles:26:25",
        "w": 19,
        "l": {},
        "t": "26:25*r Or Shelomoth, also in vv. 26,28",
        "a": "g"
    },
    {
        "o": 12303,
        "r": "csb:1 Chronicles:26:26",
        "w": 19,
        "l": {},
        "c": "2Sm 8:11*9086; 1Ch 18:7–11*12076",
        "a": "h"
    },
    {
        "o": 12306,
        "r": "csb:1 Chronicles:26:29",
        "w": 11,
        "l": {},
        "t": "26:29*r the temple added for clarity",
        "a": "i"
    },
    {
        "o": 12306,
        "r": "csb:1 Chronicles:26:29",
        "w": 11,
        "l": {},
        "c": "Neh 11:16*14024",
        "a": "j"
    },
    {
        "o": 12306,
        "r": "csb:1 Chronicles:26:29",
        "w": 15,
        "l": {},
        "c": "1Ch 23:4*12179",
        "a": "k"
    },
    {
        "o": 12307,
        "r": "csb:1 Chronicles:26:30",
        "w": 3,
        "l": {},
        "c": "1Ch 27:17*12328",
        "a": "l"
    },
    {
        "o": 12308,
        "r": "csb:1 Chronicles:26:31",
        "w": 3,
        "l": {},
        "c": "1Ch 23:19*12194",
        "a": "m"
    },
    {
        "o": 12308,
        "r": "csb:1 Chronicles:26:31",
        "w": 38,
        "l": {},
        "c": "1Ch 6:81*11680",
        "a": "n"
    },
    {
        "o": 12309,
        "r": "csb:1 Chronicles:26:32",
        "w": 37,
        "l": {},
        "c": "2Ch 19:11*12860",
        "a": "o"
    },
    {
        "o": 12312,
        "r": "csb:1 Chronicles:27:1",
        "w": 42,
        "l": {},
        "t": "27:1*r Lit that came in and went out month by month for all months of",
        "a": "a"
    },
    {
        "o": 12313,
        "r": "csb:1 Chronicles:27:2",
        "w": 10,
        "l": {},
        "c": "2Sm 23:8–30*9569; 1Ch 11:11–31*11847",
        "a": "b"
    },
    {
        "o": 12317,
        "r": "csb:1 Chronicles:27:6",
        "w": 19,
        "l": {},
        "t": "27:6*r LXX; MT omits in charge",
        "a": "c"
    },
    {
        "o": 12326,
        "r": "csb:1 Chronicles:27:15",
        "w": 12,
        "l": {},
        "t": "27:15*r Lit belonging to Othniel",
        "a": "d"
    },
    {
        "o": 12333,
        "r": "csb:1 Chronicles:27:22",
        "w": 14,
        "l": {},
        "c": "1Ch 28:1*12348",
        "a": "e"
    },
    {
        "o": 12334,
        "r": "csb:1 Chronicles:27:23",
        "w": 25,
        "l": {},
        "c": "Gn 15:5*406",
        "a": "f"
    },
    {
        "o": 12335,
        "r": "csb:1 Chronicles:27:24",
        "w": 21,
        "l": {},
        "c": "2Sm 24:1–15*9603; 1Ch 21:1–7*12121",
        "a": "g"
    },
    {
        "o": 12335,
        "r": "csb:1 Chronicles:27:24",
        "w": 31,
        "l": {},
        "t": "27:24*r LXX; MT reads the number of the Historical Record",
        "a": "h"
    },
    {
        "o": 12339,
        "r": "csb:1 Chronicles:27:28",
        "w": 11,
        "l": {},
        "c": "1Kg 10:27*10063; 2Ch 1:15*12422",
        "a": "i"
    },
    {
        "o": 12339,
        "r": "csb:1 Chronicles:27:28",
        "w": 15,
        "l": {},
        "t": "27:28*r Or the Shephelah",
        "a": "j"
    },
    {
        "o": 12340,
        "r": "csb:1 Chronicles:27:29",
        "w": 12,
        "l": {},
        "c": "1Ch 5:16*11583",
        "a": "k"
    },
    {
        "o": 12342,
        "r": "csb:1 Chronicles:27:31",
        "w": 2,
        "l": {},
        "c": "1Ch 5:10,18–21*11577; 11:38*11874",
        "a": "l"
    },
    {
        "o": 12343,
        "r": "csb:1 Chronicles:27:32",
        "w": 19,
        "l": {},
        "t": "27:32*r Lit was with",
        "a": "m"
    },
    {
        "o": 12344,
        "r": "csb:1 Chronicles:27:33",
        "w": 0,
        "l": {},
        "c": "2Sm 15:12*9287",
        "a": "n"
    },
    {
        "o": 12344,
        "r": "csb:1 Chronicles:27:33",
        "w": 5,
        "l": {},
        "c": "2Sm 15:32,37*9307",
        "a": "o"
    },
    {
        "o": 12345,
        "r": "csb:1 Chronicles:27:34",
        "w": 6,
        "l": {},
        "c": "2Sm 8:18*9093; 1Kg 1:8*9640; 1Ch 11:22–24*11858; 18:17*12086; 27:5–6*12316",
        "a": "p"
    },
    {
        "o": 12345,
        "r": "csb:1 Chronicles:27:34",
        "w": 8,
        "l": {},
        "c": "1Sm 22:20–23*8635; 1Kg 1:7*9639; 2:26–27,35*9718; 1Ch 15:11*11974; 18:16*12085; 24:6*12215",
        "a": "q"
    },
    {
        "o": 12345,
        "r": "csb:1 Chronicles:27:34",
        "w": 16,
        "l": {},
        "c": "1Ch 11:6*11841",
        "a": "r"
    },
    {
        "o": 12348,
        "r": "csb:1 Chronicles:28:1",
        "w": 8,
        "l": {},
        "c": "1Ch 23:2*12177; 27:1–31*12312",
        "a": "a"
    },
    {
        "o": 12348,
        "r": "csb:1 Chronicles:28:1",
        "w": 56,
        "l": {},
        "c": "1Ch 11:10–47*11846",
        "a": "b"
    },
    {
        "o": 12349,
        "r": "csb:1 Chronicles:28:2",
        "w": 36,
        "l": {},
        "c": "2Sm 7:1–3*9044; 1Ch 17:1–2*12040; 22:7*12161",
        "a": "c"
    },
    {
        "o": 12349,
        "r": "csb:1 Chronicles:28:2",
        "w": 40,
        "l": {},
        "c": "Ps 132:7*18079; Is 66:1*21202",
        "a": "d"
    },
    {
        "o": 12350,
        "r": "csb:1 Chronicles:28:3",
        "w": 25,
        "l": {},
        "c": "1Ch 22:8*12162",
        "a": "e"
    },
    {
        "o": 12351,
        "r": "csb:1 Chronicles:28:4",
        "w": 13,
        "l": {},
        "c": "1Sm 16:6–13*8412",
        "a": "f"
    },
    {
        "o": 12351,
        "r": "csb:1 Chronicles:28:4",
        "w": 19,
        "l": {},
        "c": "1Ch 17:23,27*12063",
        "a": "g"
    },
    {
        "o": 12351,
        "r": "csb:1 Chronicles:28:4",
        "w": 25,
        "l": {},
        "c": "Gn 49:8–10*1630; 1Ch 5:2*11568",
        "a": "h"
    },
    {
        "o": 12351,
        "r": "csb:1 Chronicles:28:4",
        "w": 39,
        "l": {},
        "c": "1Sm 16:1*8407",
        "a": "i"
    },
    {
        "o": 12352,
        "r": "csb:1 Chronicles:28:5",
        "w": 5,
        "l": {},
        "c": "1Ch 3:1–9*11493; 14:3–7*11947",
        "a": "j"
    },
    {
        "o": 12352,
        "r": "csb:1 Chronicles:28:5",
        "w": 30,
        "l": {},
        "c": "1Ch 22:9*12163",
        "a": "k"
    },
    {
        "o": 12353,
        "r": "csb:1 Chronicles:28:6",
        "w": 3,
        "l": {},
        "c": "2Sm 7:13–14*9056; 1Ch 22:10*12164",
        "a": "l"
    },
    {
        "o": 12354,
        "r": "csb:1 Chronicles:28:7",
        "w": 20,
        "l": {},
        "c": "1Ch 22:13*12167",
        "a": "m"
    },
    {
        "o": 12356,
        "r": "csb:1 Chronicles:28:9",
        "w": 20,
        "l": {},
        "c": "1Kg 8:61*9995; 1Ch 29:17–19*12388",
        "a": "n"
    },
    {
        "o": 12356,
        "r": "csb:1 Chronicles:28:9",
        "w": 33,
        "l": {},
        "c": "Gn 6:5*158; 1Sm 16:7*8413; Ps 139*18178",
        "a": "o"
    },
    {
        "o": 12356,
        "r": "csb:1 Chronicles:28:9",
        "w": 53,
        "l": {},
        "c": "2Ch 15:2*12750; Jr 29:13*22045",
        "a": "p"
    },
    {
        "o": 12357,
        "r": "csb:1 Chronicles:28:10",
        "w": 19,
        "l": {},
        "c": "1Ch 22:13*12167",
        "a": "q"
    },
    {
        "o": 12358,
        "r": "csb:1 Chronicles:28:11",
        "w": 7,
        "l": {},
        "c": "Ex 25:9,40*2436; 1Ch 28:19*12366",
        "a": "r"
    },
    {
        "o": 12358,
        "r": "csb:1 Chronicles:28:11",
        "w": 10,
        "l": {},
        "c": "1Kg 6:3*9835",
        "a": "s"
    },
    {
        "o": 12358,
        "r": "csb:1 Chronicles:28:11",
        "w": 28,
        "l": {},
        "c": "Ex 25:17–22*2444",
        "a": "t"
    },
    {
        "o": 12359,
        "r": "csb:1 Chronicles:28:12",
        "w": 7,
        "l": {},
        "t": "28:12*r Or he received from the Spirit",
        "a": "u"
    },
    {
        "o": 12359,
        "r": "csb:1 Chronicles:28:12",
        "w": 7,
        "l": {},
        "c": "1Ch 28:19*12366",
        "a": "v"
    },
    {
        "o": 12359,
        "r": "csb:1 Chronicles:28:12",
        "w": 20,
        "l": {},
        "c": "1Ch 26:20,22,24,26*12297; Ezr 2:69*13451",
        "a": "w"
    },
    {
        "o": 12362,
        "r": "csb:1 Chronicles:28:15",
        "w": 5,
        "l": {},
        "c": "Ex 25:31–39*2460",
        "a": "x"
    },
    {
        "o": 12365,
        "r": "csb:1 Chronicles:28:18",
        "w": 9,
        "l": {},
        "c": "Ex 30:1–10*2634",
        "a": "y"
    },
    {
        "o": 12365,
        "r": "csb:1 Chronicles:28:18",
        "w": 16,
        "l": {},
        "t": "28:18*r Or chariot, that is; Ps 18:10; Ezk 1:5,15",
        "a": "z"
    },
    {
        "o": 12365,
        "r": "csb:1 Chronicles:28:18",
        "w": 16,
        "l": {},
        "c": "Ps 18:10*15701",
        "a": "a"
    },
    {
        "o": 12365,
        "r": "csb:1 Chronicles:28:18",
        "w": 32,
        "l": {},
        "c": "Ex 25:18–22*2445; 1Kg 8:6–7*9938; 2Ch 5:7–8*12504",
        "a": "b"
    },
    {
        "o": 12366,
        "r": "csb:1 Chronicles:28:19",
        "w": 21,
        "l": {},
        "t": "28:19*r Hb obscure",
        "a": "c"
    },
    {
        "o": 12367,
        "r": "csb:1 Chronicles:28:20",
        "w": 10,
        "l": {},
        "c": "Jos 1:6–7*6469; 1Ch 22:13*12167; 2Ch 32:7*13204",
        "a": "d"
    },
    {
        "o": 12367,
        "r": "csb:1 Chronicles:28:20",
        "w": 35,
        "l": {},
        "c": "Dt 31:6*6336; Jos 1:5,9*6468; Heb 13:5*34285",
        "a": "e"
    },
    {
        "o": 12368,
        "r": "csb:1 Chronicles:28:21",
        "w": 16,
        "l": {},
        "c": "1Ch 28:13*12360",
        "a": "f"
    },
    {
        "o": 12368,
        "r": "csb:1 Chronicles:28:21",
        "w": 22,
        "l": {},
        "c": "Ex 35:25–35*2827; 36:1–2*2840",
        "a": "g"
    },
    {
        "o": 12371,
        "r": "csb:1 Chronicles:29:1",
        "w": 23,
        "l": {},
        "c": "1Ch 22:5*12159",
        "a": "a"
    },
    {
        "o": 12371,
        "r": "csb:1 Chronicles:29:1",
        "w": 38,
        "l": {},
        "c": "1Ch 29:19*12390",
        "a": "b"
    },
    {
        "o": 12372,
        "r": "csb:1 Chronicles:29:2",
        "w": 15,
        "l": {},
        "c": "1Ch 22:3–5*12157",
        "a": "c"
    },
    {
        "o": 12372,
        "r": "csb:1 Chronicles:29:2",
        "w": 44,
        "l": {},
        "t": "29:2*r Or mosaic",
        "a": "d"
    },
    {
        "o": 12372,
        "r": "csb:1 Chronicles:29:2",
        "w": 45,
        "l": {},
        "t": "29:2*r In Hb, the word antimony is similar to “turquoise”; Ex 28:18.",
        "a": "e"
    },
    {
        "o": 12372,
        "r": "csb:1 Chronicles:29:2",
        "w": 45,
        "l": {},
        "c": "Ex 28:18*2555",
        "a": "f"
    },
    {
        "o": 12374,
        "r": "csb:1 Chronicles:29:4",
        "w": 1,
        "l": {},
        "t": "29:4*r Lit 3,000 talents",
        "a": "g"
    },
    {
        "o": 12374,
        "r": "csb:1 Chronicles:29:4",
        "w": 1,
        "l": {},
        "c": "1Ch 22:14*12168",
        "a": "h"
    },
    {
        "o": 12374,
        "r": "csb:1 Chronicles:29:4",
        "w": 6,
        "l": {},
        "c": "1Kg 9:28*10033",
        "a": "i"
    },
    {
        "o": 12374,
        "r": "csb:1 Chronicles:29:4",
        "w": 9,
        "l": {},
        "t": "29:4*r Lit 7,000 talents",
        "a": "j"
    },
    {
        "o": 12376,
        "r": "csb:1 Chronicles:29:6",
        "w": 19,
        "l": {},
        "c": "1Ch 27:1*12312; 28:1*12348",
        "a": "k"
    },
    {
        "o": 12376,
        "r": "csb:1 Chronicles:29:6",
        "w": 28,
        "l": {},
        "c": "1Ch 27:25–31*12336",
        "a": "l"
    },
    {
        "o": 12377,
        "r": "csb:1 Chronicles:29:7",
        "w": 9,
        "l": {},
        "t": "29:7*r Lit 5,000 talents",
        "a": "m"
    },
    {
        "o": 12377,
        "r": "csb:1 Chronicles:29:7",
        "w": 15,
        "l": {},
        "t": "29:7*r Or drachmas, or darics",
        "a": "n"
    },
    {
        "o": 12377,
        "r": "csb:1 Chronicles:29:7",
        "w": 15,
        "l": {},
        "c": "Ezr 2:69*13451; Neh 7:70*13899",
        "a": "o"
    },
    {
        "o": 12377,
        "r": "csb:1 Chronicles:29:7",
        "w": 17,
        "l": {},
        "t": "29:7*r Lit 10,000 talents",
        "a": "p"
    },
    {
        "o": 12377,
        "r": "csb:1 Chronicles:29:7",
        "w": 21,
        "l": {},
        "t": "29:7*r Lit 18,000 talents",
        "a": "q"
    },
    {
        "o": 12377,
        "r": "csb:1 Chronicles:29:7",
        "w": 26,
        "l": {},
        "t": "29:7*r Lit 100,000 talents",
        "a": "r"
    },
    {
        "o": 12378,
        "r": "csb:1 Chronicles:29:8",
        "w": 17,
        "l": {},
        "c": "1Ch 23:8*12183",
        "a": "s"
    },
    {
        "o": 12379,
        "r": "csb:1 Chronicles:29:9",
        "w": 18,
        "l": {},
        "c": "1Kg 8:61*9995; 1Ch 28:9*12356; 2Co 9:7*32796",
        "a": "t"
    },
    {
        "o": 12382,
        "r": "csb:1 Chronicles:29:11",
        "w": 40,
        "l": {},
        "c": "Mt 6:13*26286; Rv 5:13*34931",
        "a": "u"
    },
    {
        "o": 12383,
        "r": "csb:1 Chronicles:29:12",
        "w": 12,
        "l": {},
        "c": "2Ch 1:12*12418",
        "a": "v"
    },
    {
        "o": 12383,
        "r": "csb:1 Chronicles:29:12",
        "w": 34,
        "l": {},
        "c": "2Ch 20:6*12869",
        "a": "w"
    },
    {
        "o": 12385,
        "r": "csb:1 Chronicles:29:14",
        "w": 36,
        "l": {},
        "t": "29:14*r Lit and from your hand we have given to you",
        "a": "x"
    },
    {
        "o": 12386,
        "r": "csb:1 Chronicles:29:15",
        "w": 14,
        "l": {},
        "c": "Lv 25:23*3857; Heb 11:13*34218",
        "a": "y"
    },
    {
        "o": 12386,
        "r": "csb:1 Chronicles:29:15",
        "w": 24,
        "l": {},
        "c": "Jb 14:2,10–12*14658",
        "a": "z"
    },
    {
        "o": 12388,
        "r": "csb:1 Chronicles:29:17",
        "w": 8,
        "l": {},
        "c": "1Ch 28:9*12356",
        "a": "a"
    },
    {
        "o": 12388,
        "r": "csb:1 Chronicles:29:17",
        "w": 17,
        "l": {},
        "c": "Ps 15:2*15653",
        "a": "b"
    },
    {
        "o": 12388,
        "r": "csb:1 Chronicles:29:17",
        "w": 38,
        "l": {},
        "t": "29:17*r Lit found",
        "a": "c"
    },
    {
        "o": 12388,
        "r": "csb:1 Chronicles:29:17",
        "w": 42,
        "l": {},
        "t": "29:17*r Or now with joy I’ve seen your people who are present here giving",
        "a": "d"
    },
    {
        "o": 12390,
        "r": "csb:1 Chronicles:29:19",
        "w": 20,
        "l": {},
        "c": "Ps 72:1*16734",
        "a": "e"
    },
    {
        "o": 12390,
        "r": "csb:1 Chronicles:29:19",
        "w": 31,
        "l": {},
        "c": "1Ch 29:2*12372",
        "a": "f"
    },
    {
        "o": 12391,
        "r": "csb:1 Chronicles:29:20",
        "w": 23,
        "l": {},
        "c": "Jos 22:33*7150",
        "a": "g"
    },
    {
        "o": 12391,
        "r": "csb:1 Chronicles:29:20",
        "w": 35,
        "l": {},
        "c": "Ex 4:31*1797",
        "a": "h"
    },
    {
        "o": 12392,
        "r": "csb:1 Chronicles:29:21",
        "w": 36,
        "l": {},
        "c": "1Kg 8:62–63*9996",
        "a": "i"
    },
    {
        "o": 12395,
        "r": "csb:1 Chronicles:29:22",
        "w": 4,
        "l": {},
        "c": "1Ch 23:1*12176",
        "a": "j"
    },
    {
        "o": 12395,
        "r": "csb:1 Chronicles:29:22",
        "w": 13,
        "l": {},
        "t": "29:22*r LXX, Tg, Vg; MT omits him",
        "a": "k"
    },
    {
        "o": 12395,
        "r": "csb:1 Chronicles:29:22",
        "w": 17,
        "l": {},
        "c": "1Kg 1:33–39*9667",
        "a": "l"
    },
    {
        "o": 12396,
        "r": "csb:1 Chronicles:29:23",
        "w": 20,
        "l": {},
        "c": "1Kg 2:12*9703",
        "a": "m"
    },
    {
        "o": 12398,
        "r": "csb:1 Chronicles:29:25",
        "w": 10,
        "l": {},
        "c": "2Ch 1:1*12407",
        "a": "n"
    },
    {
        "o": 12398,
        "r": "csb:1 Chronicles:29:25",
        "w": 29,
        "l": {},
        "c": "1Kg 3:13*9755; 2Ch 1:12*12418",
        "a": "o"
    },
    {
        "o": 12400,
        "r": "csb:1 Chronicles:29:26",
        "w": 8,
        "l": {},
        "c": "1Ch 18:14*12083",
        "a": "p"
    },
    {
        "o": 12401,
        "r": "csb:1 Chronicles:29:27",
        "w": 21,
        "l": {},
        "c": "2Sm 5:4–5*8995; 1Kg 2:11*9701",
        "a": "q"
    },
    {
        "o": 12402,
        "r": "csb:1 Chronicles:29:28",
        "w": 6,
        "l": {},
        "c": "Gn 15:15*416; Ac 13:36*31002",
        "a": "r"
    },
    {
        "o": 12402,
        "r": "csb:1 Chronicles:29:28",
        "w": 9,
        "l": {},
        "c": "1Ch 23:1*12176",
        "a": "s"
    },
    {
        "o": 12403,
        "r": "csb:1 Chronicles:29:29",
        "w": 23,
        "l": {},
        "c": "1Sm 9:9*8192",
        "a": "t"
    },
    {
        "o": 12403,
        "r": "csb:1 Chronicles:29:29",
        "w": 29,
        "l": {},
        "c": "2Sm 7:2–4*9045; 12:1–7*9162",
        "a": "u"
    },
    {
        "o": 12403,
        "r": "csb:1 Chronicles:29:29",
        "w": 36,
        "l": {},
        "c": "1Sm 22:5*8619",
        "a": "v"
    }
]
