[
    {
        "o": 10068,
        "r": "csb:1 Kings:11:1",
        "w": 10,
        "l": {},
        "c": "1Kg 3:1*9743; 7:8*9880",
        "a": "a"
    },
    {
        "o": 10068,
        "r": "csb:1 Kings:11:1",
        "w": 17,
        "l": {},
        "c": "Neh 13:23–27*14120",
        "a": "b"
    },
    {
        "o": 10069,
        "r": "csb:1 Kings:11:2",
        "w": 34,
        "l": {},
        "c": "Dt 7:3–4*5626",
        "a": "c"
    },
    {
        "o": 10069,
        "r": "csb:1 Kings:11:2",
        "w": 41,
        "l": {},
        "t": "11:2*r Lit Solomon clung",
        "a": "d"
    },
    {
        "o": 10070,
        "r": "csb:1 Kings:11:3",
        "w": 13,
        "l": {},
        "c": "2Sm 5:13*9004; Est 2:14–15*14170; Sg 6:8*19715",
        "a": "e"
    },
    {
        "o": 10070,
        "r": "csb:1 Kings:11:3",
        "w": 19,
        "l": {},
        "c": "Dt 17:17*5929",
        "a": "f"
    },
    {
        "o": 10071,
        "r": "csb:1 Kings:11:4",
        "w": 29,
        "l": {},
        "c": "1Kg 8:61*9995; 9:4*10006; 15:3,14*10225; 1Ch 29:19*12390",
        "a": "g"
    },
    {
        "o": 10072,
        "r": "csb:1 Kings:11:5",
        "w": 2,
        "l": {},
        "c": "Jdg 2:13*7263; 10:6*7551; 1Kg 11:33*10101",
        "a": "h"
    },
    {
        "o": 10072,
        "r": "csb:1 Kings:11:5",
        "w": 9,
        "l": {},
        "c": "Lv 18:21*3618",
        "a": "i"
    },
    {
        "o": 10072,
        "r": "csb:1 Kings:11:5",
        "w": 15,
        "l": {},
        "c": "Jdg 2:13*7263; 1Sm 7:3–4*8143",
        "a": "j"
    },
    {
        "o": 10074,
        "r": "csb:1 Kings:11:7",
        "w": 7,
        "l": {},
        "c": "Nm 33:52*5289; 1Kg 3:2–3*9744",
        "a": "k"
    },
    {
        "o": 10074,
        "r": "csb:1 Kings:11:7",
        "w": 9,
        "l": {},
        "c": "Nm 21:29*4806",
        "a": "l"
    },
    {
        "o": 10074,
        "r": "csb:1 Kings:11:7",
        "w": 17,
        "l": {},
        "t": "11:7*r Lit Molech",
        "a": "m"
    },
    {
        "o": 10074,
        "r": "csb:1 Kings:11:7",
        "w": 17,
        "l": {},
        "c": "1Kg 11:33*10101",
        "a": "n"
    },
    {
        "o": 10074,
        "r": "csb:1 Kings:11:7",
        "w": 29,
        "l": {},
        "c": "2Kg 23:13*11285",
        "a": "o"
    },
    {
        "o": 10076,
        "r": "csb:1 Kings:11:9",
        "w": 24,
        "l": {},
        "c": "1Kg 3:5*9747; 9:2*10004",
        "a": "p"
    },
    {
        "o": 10077,
        "r": "csb:1 Kings:11:10",
        "w": 23,
        "l": {},
        "c": "1Kg 6:12*9844; 9:6–7*10008",
        "a": "q"
    },
    {
        "o": 10078,
        "r": "csb:1 Kings:11:11",
        "w": 10,
        "l": {},
        "t": "11:11*r Lit “Since this was with you",
        "a": "r"
    },
    {
        "o": 10078,
        "r": "csb:1 Kings:11:11",
        "w": 37,
        "l": {},
        "c": "1Kg 11:29–31*10097",
        "a": "s"
    },
    {
        "o": 10079,
        "r": "csb:1 Kings:11:12",
        "w": 15,
        "l": {},
        "c": "2Sm 7:12–16*9055; 2Kg 19:34*11186; 20:6*11197",
        "a": "t"
    },
    {
        "o": 10080,
        "r": "csb:1 Kings:11:13",
        "w": 18,
        "l": {},
        "c": "1Kg 11:31–32*10099",
        "a": "u"
    },
    {
        "o": 10082,
        "r": "csb:1 Kings:11:14",
        "w": 4,
        "l": {},
        "c": "1Kg 5:4*9815; 1Ch 5:26*11594",
        "a": "v"
    },
    {
        "o": 10084,
        "r": "csb:1 Kings:11:16",
        "w": 17,
        "l": {},
        "c": "2Sm 8:13–14*9088; 1Ch 18:12–13*12081",
        "a": "w"
    },
    {
        "o": 10086,
        "r": "csb:1 Kings:11:18",
        "w": 11,
        "l": {},
        "c": "Nm 10:12*4401; Dt 1:1*5380",
        "a": "x"
    },
    {
        "o": 10086,
        "r": "csb:1 Kings:11:18",
        "w": 27,
        "l": {},
        "c": "1Kg 3:1*9743",
        "a": "y"
    },
    {
        "o": 10087,
        "r": "csb:1 Kings:11:19",
        "w": 4,
        "l": {},
        "t": "11:19*r Lit Hadad found much favor in Pharaoh’s eyes",
        "a": "z"
    },
    {
        "o": 10091,
        "r": "csb:1 Kings:11:23",
        "w": 9,
        "l": {},
        "c": "1Kg 5:4*9815",
        "a": "a"
    },
    {
        "o": 10091,
        "r": "csb:1 Kings:11:23",
        "w": 21,
        "l": {},
        "c": "2Sm 8:3*9078",
        "a": "b"
    },
    {
        "o": 10092,
        "r": "csb:1 Kings:11:24",
        "w": 17,
        "l": {},
        "t": "11:24*r LXX; Hb reads They",
        "a": "c"
    },
    {
        "o": 10092,
        "r": "csb:1 Kings:11:24",
        "w": 20,
        "l": {},
        "c": "2Sm 8:5*9080",
        "a": "d"
    },
    {
        "o": 10093,
        "r": "csb:1 Kings:11:25",
        "w": 17,
        "l": {},
        "t": "11:25*r Some Hb mss, LXX, Syr read Edom",
        "a": "e"
    },
    {
        "o": 10093,
        "r": "csb:1 Kings:11:25",
        "w": 17,
        "l": {},
        "c": "Gn 10:22*284; 2Sm 10:19*9129",
        "a": "f"
    },
    {
        "o": 10094,
        "r": "csb:1 Kings:11:26",
        "w": 2,
        "l": {},
        "c": "1Kg 11:11*10078",
        "a": "g"
    },
    {
        "o": 10094,
        "r": "csb:1 Kings:11:26",
        "w": 19,
        "l": {},
        "c": "1Kg 11:40*10109; 2Ch 13:6*12712",
        "a": "h"
    },
    {
        "o": 10095,
        "r": "csb:1 Kings:11:27",
        "w": 15,
        "l": {},
        "c": "1Kg 9:15,24*10019",
        "a": "i"
    },
    {
        "o": 10096,
        "r": "csb:1 Kings:11:28",
        "w": 31,
        "l": {},
        "c": "1Kg 5:13–16*9825; 12:4*10118",
        "a": "j"
    },
    {
        "o": 10097,
        "r": "csb:1 Kings:11:29",
        "w": 7,
        "l": {},
        "c": "1Kg 12:15*10129; 14:2*10190",
        "a": "k"
    },
    {
        "o": 10098,
        "r": "csb:1 Kings:11:30",
        "w": 15,
        "l": {},
        "c": "1Sm 15:27–28*8396; 1Kg 11:11–13*10078",
        "a": "l"
    },
    {
        "o": 10100,
        "r": "csb:1 Kings:11:32",
        "w": 12,
        "l": {},
        "c": "2Sm 7:15–16*9058",
        "a": "m"
    },
    {
        "o": 10100,
        "r": "csb:1 Kings:11:32",
        "w": 29,
        "l": {},
        "c": "1Kg 11:11–13*10078",
        "a": "n"
    },
    {
        "o": 10101,
        "r": "csb:1 Kings:11:33",
        "w": 29,
        "l": {},
        "c": "1Kg 11:5,7*10072",
        "a": "o"
    },
    {
        "o": 10101,
        "r": "csb:1 Kings:11:33",
        "w": 58,
        "l": {},
        "c": "1Kg 3:14*9756; 11:9–11*10076",
        "a": "p"
    },
    {
        "o": 10104,
        "r": "csb:1 Kings:11:36",
        "w": 4,
        "l": {},
        "c": "1Kg 12:16–17*10130",
        "a": "q"
    },
    {
        "o": 10104,
        "r": "csb:1 Kings:11:36",
        "w": 7,
        "l": {},
        "c": "1Kg 3:14*9756; 11:12–13*10079",
        "a": "r"
    },
    {
        "o": 10104,
        "r": "csb:1 Kings:11:36",
        "w": 17,
        "l": {},
        "t": "11:36*r Or dominion",
        "a": "s"
    },
    {
        "o": 10104,
        "r": "csb:1 Kings:11:36",
        "w": 19,
        "l": {},
        "c": "2Sm 21:17*9500; 1Kg 15:4*10226; 2Kg 8:19*10780",
        "a": "t"
    },
    {
        "o": 10104,
        "r": "csb:1 Kings:11:36",
        "w": 32,
        "l": {},
        "c": "1Kg 8:29*9962; 11:13*10081",
        "a": "u"
    },
    {
        "o": 10105,
        "r": "csb:1 Kings:11:37",
        "w": 3,
        "l": {},
        "c": "1Kg 11:11*10078",
        "a": "v"
    },
    {
        "o": 10105,
        "r": "csb:1 Kings:11:37",
        "w": 9,
        "l": {},
        "c": "1Kg 14:7*10195",
        "a": "w"
    },
    {
        "o": 10105,
        "r": "csb:1 Kings:11:37",
        "w": 13,
        "l": {},
        "c": "2Sm 3:21*8957",
        "a": "x"
    },
    {
        "o": 10106,
        "r": "csb:1 Kings:11:38",
        "w": 39,
        "l": {},
        "c": "Jos 1:5*6468; 1Kg 3:14*9756; 11:11*10078",
        "a": "y"
    },
    {
        "o": 10106,
        "r": "csb:1 Kings:11:38",
        "w": 52,
        "l": {},
        "c": "2Sm 7:11,27*9054",
        "a": "z"
    },
    {
        "o": 10107,
        "r": "csb:1 Kings:11:39",
        "w": 11,
        "l": {},
        "t": "11:38–39*r LXX omits and I will give... but not forever",
        "a": "a"
    },
    {
        "o": 10107,
        "r": "csb:1 Kings:11:39",
        "w": 11,
        "l": {},
        "c": "Ezk 37:15–28*24086; Am 9:11–12*25341",
        "a": "b"
    },
    {
        "o": 10108,
        "r": "csb:1 Kings:11:40",
        "w": 5,
        "l": {},
        "c": "1Kg 11:26–28*10094",
        "a": "c"
    },
    {
        "o": 10108,
        "r": "csb:1 Kings:11:40",
        "w": 10,
        "l": {},
        "c": "1Kg 12:2*10116",
        "a": "d"
    },
    {
        "o": 10108,
        "r": "csb:1 Kings:11:40",
        "w": 15,
        "l": {},
        "c": "1Kg 14:25–26*10214; 2Ch 12:2–9*12689",
        "a": "e"
    },
    {
        "o": 10110,
        "r": "csb:1 Kings:11:41",
        "w": 23,
        "l": {},
        "c": "1Kg 15:7,23*10229; 2Ch 9:29*12636",
        "a": "f"
    },
    {
        "o": 10111,
        "r": "csb:1 Kings:11:42",
        "w": 12,
        "l": {},
        "c": "2Sm 5:5*8996",
        "a": "g"
    },
    {
        "o": 10112,
        "r": "csb:1 Kings:11:43",
        "w": 17,
        "l": {},
        "c": "1Kg 12:1*10115",
        "a": "h"
    },
    {
        "o": 10112,
        "r": "csb:1 Kings:11:43",
        "w": 22,
        "l": {},
        "c": "2Ch 9:30–31*12637",
        "a": "i"
    }
]
