[
    {
        "o": 12176,
        "r": "csb:1 Chronicles:23:1",
        "w": 7,
        "l": {},
        "c": "1Ch 29:28*12402",
        "a": "a"
    },
    {
        "o": 12176,
        "r": "csb:1 Chronicles:23:1",
        "w": 16,
        "l": {},
        "c": "1Ch 28:5*12352; 29:22*12395",
        "a": "b"
    },
    {
        "o": 12178,
        "r": "csb:1 Chronicles:23:3",
        "w": 8,
        "l": {},
        "c": "Nm 4:3–49*4126",
        "a": "c"
    },
    {
        "o": 12178,
        "r": "csb:1 Chronicles:23:3",
        "w": 18,
        "l": {},
        "c": "1Ch 23:24*12199",
        "a": "d"
    },
    {
        "o": 12179,
        "r": "csb:1 Chronicles:23:4",
        "w": 17,
        "l": {},
        "c": "Ezr 3:8–9*13463",
        "a": "e"
    },
    {
        "o": 12179,
        "r": "csb:1 Chronicles:23:4",
        "w": 25,
        "l": {},
        "c": "1Ch 26:29*12306",
        "a": "f"
    },
    {
        "o": 12180,
        "r": "csb:1 Chronicles:23:5",
        "w": 22,
        "l": {},
        "c": "1Ch 15:16*11979",
        "a": "g"
    },
    {
        "o": 12181,
        "r": "csb:1 Chronicles:23:6",
        "w": 9,
        "l": {},
        "c": "1Ch 6:1*11597",
        "a": "h"
    },
    {
        "o": 12181,
        "r": "csb:1 Chronicles:23:6",
        "w": 10,
        "l": {},
        "t": "23:6*r Lit Gershon",
        "a": "i"
    },
    {
        "o": 12185,
        "r": "csb:1 Chronicles:23:10",
        "w": 3,
        "l": {},
        "t": "23:10*r LXX, Vg; MT reads Zina",
        "a": "j"
    },
    {
        "o": 12186,
        "r": "csb:1 Chronicles:23:11",
        "w": 22,
        "l": {},
        "t": "23:11*r Lit a father’s house",
        "a": "k"
    },
    {
        "o": 12188,
        "r": "csb:1 Chronicles:23:13",
        "w": 1,
        "l": {},
        "c": "Ex 6:20*1846",
        "a": "l"
    },
    {
        "o": 12188,
        "r": "csb:1 Chronicles:23:13",
        "w": 9,
        "l": {},
        "c": "Ex 28:1*2536",
        "a": "m"
    },
    {
        "o": 12188,
        "r": "csb:1 Chronicles:23:13",
        "w": 28,
        "l": {},
        "c": "Ex 30:6–10*2639",
        "a": "n"
    },
    {
        "o": 12189,
        "r": "csb:1 Chronicles:23:14",
        "w": 6,
        "l": {},
        "c": "Dt 33:1*6419; Ps 90*17169",
        "a": "o"
    },
    {
        "o": 12199,
        "r": "csb:1 Chronicles:23:24",
        "w": 9,
        "l": {},
        "t": "23:24*r Lit the house of their fathers",
        "a": "p"
    },
    {
        "o": 12199,
        "r": "csb:1 Chronicles:23:24",
        "w": 35,
        "l": {},
        "c": "Nm 10:17,21*4406",
        "a": "q"
    },
    {
        "o": 12200,
        "r": "csb:1 Chronicles:23:25",
        "w": 13,
        "l": {},
        "c": "1Ch 22:9,18*12163",
        "a": "r"
    },
    {
        "o": 12201,
        "r": "csb:1 Chronicles:23:26",
        "w": 17,
        "l": {},
        "c": "Nm 4:5,15*4128; 7:9*4251",
        "a": "s"
    },
    {
        "o": 12204,
        "r": "csb:1 Chronicles:23:29",
        "w": 10,
        "l": {},
        "c": "Lv 24:5–9*3813",
        "a": "t"
    },
    {
        "o": 12204,
        "r": "csb:1 Chronicles:23:29",
        "w": 17,
        "l": {},
        "c": "Lv 6:20*3178",
        "a": "u"
    },
    {
        "o": 12204,
        "r": "csb:1 Chronicles:23:29",
        "w": 24,
        "l": {},
        "t": "23:29*r Lit the griddle",
        "a": "v"
    },
    {
        "o": 12204,
        "r": "csb:1 Chronicles:23:29",
        "w": 24,
        "l": {},
        "c": "1Ch 9:31*11802",
        "a": "w"
    },
    {
        "o": 12204,
        "r": "csb:1 Chronicles:23:29",
        "w": 26,
        "l": {},
        "c": "Lv 6:14–15*3172; 7:12*3204",
        "a": "x"
    },
    {
        "o": 12204,
        "r": "csb:1 Chronicles:23:29",
        "w": 33,
        "l": {},
        "c": "Ex 29:40*2625; 30:13*2647; Lv 19:35–36*3664",
        "a": "y"
    },
    {
        "o": 12206,
        "r": "csb:1 Chronicles:23:31",
        "w": 12,
        "l": {},
        "c": "Is 1:13–14*19777",
        "a": "z"
    },
    {
        "o": 12206,
        "r": "csb:1 Chronicles:23:31",
        "w": 32,
        "l": {},
        "c": "Lv 23:2–4*3764",
        "a": "a"
    },
    {
        "o": 12207,
        "r": "csb:1 Chronicles:23:32",
        "w": 15,
        "l": {},
        "c": "Nm 1:53*4029; 1Ch 9:27*11798",
        "a": "b"
    },
    {
        "o": 12207,
        "r": "csb:1 Chronicles:23:32",
        "w": 23,
        "l": {},
        "c": "Nm 3:6–9,38*4074",
        "a": "c"
    }
]
