[
    {
        "o": 8370,
        "r": "csb:1 Samuel:15:1",
        "w": 15,
        "l": {},
        "c": "1Sm 9:16*8199",
        "a": "a"
    },
    {
        "o": 8371,
        "r": "csb:1 Samuel:15:2",
        "w": 9,
        "l": {},
        "t": "15:2*r LXX reads I will avenge",
        "a": "b"
    },
    {
        "o": 8371,
        "r": "csb:1 Samuel:15:2",
        "w": 30,
        "l": {},
        "c": "Ex 17:8–16*2195; Nm 24:20*4913; Dt 25:17–19*6148",
        "a": "c"
    },
    {
        "o": 8372,
        "r": "csb:1 Samuel:15:3",
        "w": 11,
        "l": {},
        "c": "Nm 24:20*4913; Dt 20:16–18*6000",
        "a": "d"
    },
    {
        "o": 8372,
        "r": "csb:1 Samuel:15:3",
        "w": 29,
        "l": {},
        "c": "Jos 6:17–21*6592; 1Sm 22:19*8634",
        "a": "e"
    },
    {
        "o": 8375,
        "r": "csb:1 Samuel:15:6",
        "w": 3,
        "l": {},
        "c": "Jdg 1:16*7224; 4:11*7322",
        "a": "f"
    },
    {
        "o": 8375,
        "r": "csb:1 Samuel:15:6",
        "w": 17,
        "l": {},
        "c": "Ex 18:9–10*2214; Nm 10:29–32*4418",
        "a": "g"
    },
    {
        "o": 8376,
        "r": "csb:1 Samuel:15:7",
        "w": 5,
        "l": {},
        "c": "1Sm 14:48*8363",
        "a": "h"
    },
    {
        "o": 8376,
        "r": "csb:1 Samuel:15:7",
        "w": 7,
        "l": {},
        "c": "Gn 16:7*431; 25:17–18*744",
        "a": "i"
    },
    {
        "o": 8376,
        "r": "csb:1 Samuel:15:7",
        "w": 12,
        "l": {},
        "c": "Ex 15:22*2141; 1Sm 27:8*8778",
        "a": "j"
    },
    {
        "o": 8377,
        "r": "csb:1 Samuel:15:8",
        "w": 3,
        "l": {},
        "c": "Nm 24:7*4899; Est 3:1*14183",
        "a": "k"
    },
    {
        "o": 8377,
        "r": "csb:1 Samuel:15:8",
        "w": 19,
        "l": {},
        "c": "1Sm 27:8*8778; 30:1*8825; 2Sm 8:12*9087",
        "a": "l"
    },
    {
        "o": 8378,
        "r": "csb:1 Samuel:15:9",
        "w": 16,
        "l": {},
        "t": "15:9*r Lit and the second ones",
        "a": "m"
    },
    {
        "o": 8380,
        "r": "csb:1 Samuel:15:11",
        "w": 6,
        "l": {},
        "c": "Gn 6:6–7*159; Ex 32:14*2713; 2Sm 24:16*9619",
        "a": "n"
    },
    {
        "o": 8380,
        "r": "csb:1 Samuel:15:11",
        "w": 21,
        "l": {},
        "c": "1Kg 9:6–7*10008",
        "a": "o"
    },
    {
        "o": 8380,
        "r": "csb:1 Samuel:15:11",
        "w": 33,
        "l": {},
        "c": "Ex 32:11–13*2710; Lk 6:12*28433",
        "a": "p"
    },
    {
        "o": 8381,
        "r": "csb:1 Samuel:15:12",
        "w": 19,
        "l": {},
        "c": "Jos 15:55*6916; 1Sm 25:2*8699",
        "a": "q"
    },
    {
        "o": 8381,
        "r": "csb:1 Samuel:15:12",
        "w": 36,
        "l": {},
        "c": "1Sm 13:13–14*8299",
        "a": "r"
    },
    {
        "o": 8382,
        "r": "csb:1 Samuel:15:13",
        "w": 11,
        "l": {},
        "c": "Gn 14:19*394; 2Sm 2:5*8906",
        "a": "s"
    },
    {
        "o": 8384,
        "r": "csb:1 Samuel:15:15",
        "w": 27,
        "l": {},
        "c": "Gn 3:12–13*75",
        "a": "t"
    },
    {
        "o": 8384,
        "r": "csb:1 Samuel:15:15",
        "w": 32,
        "l": {},
        "c": "Ex 32:21–24*2720",
        "a": "u"
    },
    {
        "o": 8386,
        "r": "csb:1 Samuel:15:17",
        "w": 7,
        "l": {},
        "c": "1Sm 9:21*8204",
        "a": "v"
    },
    {
        "o": 8388,
        "r": "csb:1 Samuel:15:19",
        "w": 13,
        "l": {},
        "c": "1Sm 14:32*8346",
        "a": "w"
    },
    {
        "o": 8389,
        "r": "csb:1 Samuel:15:20",
        "w": 7,
        "l": {},
        "t": "15:20*r Lit answered Samuel",
        "a": "x"
    },
    {
        "o": 8390,
        "r": "csb:1 Samuel:15:21",
        "w": 27,
        "l": {},
        "c": "Ex 32:22–23*2721",
        "a": "y"
    },
    {
        "o": 8391,
        "r": "csb:1 Samuel:15:22",
        "w": 5,
        "l": {},
        "c": "Ps 40:6–8*16169; 51:16–17*16378; Is 1:11–15*19775; Mc 6:6–8*25522",
        "a": "z"
    },
    {
        "o": 8391,
        "r": "csb:1 Samuel:15:22",
        "w": 36,
        "l": {},
        "c": "Heb 10:5–7*34167",
        "a": "a"
    },
    {
        "o": 8392,
        "r": "csb:1 Samuel:15:23",
        "w": 7,
        "l": {},
        "c": "Dt 18:10*5945",
        "a": "b"
    },
    {
        "o": 8392,
        "r": "csb:1 Samuel:15:23",
        "w": 12,
        "l": {},
        "c": "Gn 31:19,34*984",
        "a": "c"
    },
    {
        "o": 8392,
        "r": "csb:1 Samuel:15:23",
        "w": 29,
        "l": {},
        "c": "1Sm 8:7*8166",
        "a": "d"
    },
    {
        "o": 8393,
        "r": "csb:1 Samuel:15:24",
        "w": 5,
        "l": {},
        "c": "Nm 22:34*4849; 2Sm 12:13*9174; Ps 51:3–4*16365",
        "a": "e"
    },
    {
        "o": 8393,
        "r": "csb:1 Samuel:15:24",
        "w": 11,
        "l": {},
        "c": "Pr 29:25*19268; Is 51:12–13*20931",
        "a": "f"
    },
    {
        "o": 8394,
        "r": "csb:1 Samuel:15:25",
        "w": 5,
        "l": {},
        "c": "Ex 10:17*1978",
        "a": "g"
    },
    {
        "o": 8395,
        "r": "csb:1 Samuel:15:26",
        "w": 17,
        "l": {},
        "c": "1Sm 13:14*8300; 16:1*8407",
        "a": "h"
    },
    {
        "o": 8397,
        "r": "csb:1 Samuel:15:28",
        "w": 15,
        "l": {},
        "c": "1Sm 28:17–18*8801",
        "a": "i"
    },
    {
        "o": 8397,
        "r": "csb:1 Samuel:15:28",
        "w": 27,
        "l": {},
        "c": "1Kg 11:30–36*10098",
        "a": "j"
    },
    {
        "o": 8398,
        "r": "csb:1 Samuel:15:29",
        "w": 5,
        "l": {},
        "c": "1Ch 29:11*12382; Ps 18:1–2*15692",
        "a": "k"
    },
    {
        "o": 8398,
        "r": "csb:1 Samuel:15:29",
        "w": 21,
        "l": {},
        "c": "Nm 23:19*4879; Ezk 24:14*23705",
        "a": "l"
    },
    {
        "o": 8399,
        "r": "csb:1 Samuel:15:30",
        "w": 7,
        "l": {},
        "c": "Jn 12:43*30103",
        "a": "m"
    },
    {
        "o": 8399,
        "r": "csb:1 Samuel:15:30",
        "w": 32,
        "l": {},
        "c": "Is 29:13*20395",
        "a": "n"
    },
    {
        "o": 8401,
        "r": "csb:1 Samuel:15:32",
        "w": 12,
        "l": {},
        "t": "15:32*r Hb obscure",
        "a": "o"
    },
    {
        "o": 8401,
        "r": "csb:1 Samuel:15:32",
        "w": 22,
        "l": {},
        "t": "15:32*r LXX reads “Is death bitter in this way?”",
        "a": "p"
    },
    {
        "o": 8401,
        "r": "csb:1 Samuel:15:32",
        "w": 22,
        "l": {},
        "t": "15:32*r Lit turned",
        "a": "q"
    },
    {
        "o": 8402,
        "r": "csb:1 Samuel:15:33",
        "w": 16,
        "l": {},
        "c": "Gn 9:6*236; Jdg 1:7*7215; Mt 7:2*26314",
        "a": "r"
    },
    {
        "o": 8403,
        "r": "csb:1 Samuel:15:34",
        "w": 3,
        "l": {},
        "c": "1Sm 7:17*8157",
        "a": "s"
    },
    {
        "o": 8403,
        "r": "csb:1 Samuel:15:34",
        "w": 12,
        "l": {},
        "c": "1Sm 11:4*8245",
        "a": "t"
    },
    {
        "o": 8404,
        "r": "csb:1 Samuel:15:35",
        "w": 11,
        "l": {},
        "c": "1Sm 19:24*8550",
        "a": "u"
    },
    {
        "o": 8404,
        "r": "csb:1 Samuel:15:35",
        "w": 15,
        "l": {},
        "c": "1Sm 16:1*8407",
        "a": "v"
    }
]
