[
    {
        "o": 10329,
        "r": "csb:1 Kings:18:1",
        "w": 8,
        "l": {},
        "c": "1Kg 17:8*10309",
        "a": "a"
    },
    {
        "o": 10329,
        "r": "csb:1 Kings:18:1",
        "w": 15,
        "l": {},
        "c": "1Kg 17:1*10301; Jms 5:17*34429",
        "a": "b"
    },
    {
        "o": 10329,
        "r": "csb:1 Kings:18:1",
        "w": 21,
        "l": {},
        "c": "1Kg 16:29–33*10293",
        "a": "c"
    },
    {
        "o": 10330,
        "r": "csb:1 Kings:18:2",
        "w": 13,
        "l": {},
        "c": "1Kg 16:24,29*10287",
        "a": "d"
    },
    {
        "o": 10331,
        "r": "csb:1 Kings:18:3",
        "w": 10,
        "l": {},
        "c": "1Kg 16:9*10270",
        "a": "e"
    },
    {
        "o": 10331,
        "r": "csb:1 Kings:18:3",
        "w": 19,
        "l": {},
        "c": "Neh 7:2*13831; Pr 3:5–6*18435",
        "a": "f"
    },
    {
        "o": 10332,
        "r": "csb:1 Kings:18:4",
        "w": 21,
        "l": {},
        "c": "1Kg 16:31*10295; Rv 2:20*34867",
        "a": "g"
    },
    {
        "o": 10332,
        "r": "csb:1 Kings:18:4",
        "w": 25,
        "l": {},
        "c": "1Kg 18:13*10341",
        "a": "h"
    },
    {
        "o": 10333,
        "r": "csb:1 Kings:18:5",
        "w": 34,
        "l": {},
        "c": "Gn 47:4*1566",
        "a": "i"
    },
    {
        "o": 10335,
        "r": "csb:1 Kings:18:7",
        "w": 10,
        "l": {},
        "c": "2Kg 1:6–8*10546",
        "a": "j"
    },
    {
        "o": 10336,
        "r": "csb:1 Kings:18:8",
        "w": 11,
        "l": {},
        "t": "18:8*r The Hb words translated ‘Elijah is here’ also mean ‘Look, my God is the Lord’",
        "a": "k"
    },
    {
        "o": 10337,
        "r": "csb:1 Kings:18:9",
        "w": 7,
        "l": {},
        "c": "1Kg 17:18*10320",
        "a": "l"
    },
    {
        "o": 10340,
        "r": "csb:1 Kings:18:12",
        "w": 13,
        "l": {},
        "c": "2Kg 2:16*10578; Ac 8:39*30792",
        "a": "m"
    },
    {
        "o": 10343,
        "r": "csb:1 Kings:18:15",
        "w": 8,
        "l": {},
        "c": "1Kg 17:1*10301",
        "a": "n"
    },
    {
        "o": 10345,
        "r": "csb:1 Kings:18:17",
        "w": 14,
        "l": {},
        "c": "Jos 7:25*6631; 1Kg 21:20*10470",
        "a": "o"
    },
    {
        "o": 10346,
        "r": "csb:1 Kings:18:18",
        "w": 20,
        "l": {},
        "c": "1Kg 9:9*10012; 16:25–26*10288",
        "a": "p"
    },
    {
        "o": 10346,
        "r": "csb:1 Kings:18:18",
        "w": 24,
        "l": {},
        "c": "1Kg 16:31–32*10295",
        "a": "q"
    },
    {
        "o": 10347,
        "r": "csb:1 Kings:18:19",
        "w": 9,
        "l": {},
        "c": "Jos 19:26*7021; 2Kg 2:25*10587",
        "a": "r"
    },
    {
        "o": 10347,
        "r": "csb:1 Kings:18:19",
        "w": 22,
        "l": {},
        "c": "1Kg 16:33*10297; 22:6*10487",
        "a": "s"
    },
    {
        "o": 10350,
        "r": "csb:1 Kings:18:21",
        "w": 15,
        "l": {},
        "t": "18:21*r Lit you hobble on two crutches?",
        "a": "t"
    },
    {
        "o": 10350,
        "r": "csb:1 Kings:18:21",
        "w": 15,
        "l": {},
        "c": "2Kg 17:41*11104",
        "a": "u"
    },
    {
        "o": 10350,
        "r": "csb:1 Kings:18:21",
        "w": 27,
        "l": {},
        "c": "Jos 24:15*7187; Mt 6:24*26300",
        "a": "v"
    },
    {
        "o": 10351,
        "r": "csb:1 Kings:18:22",
        "w": 14,
        "l": {},
        "c": "1Kg 19:10,14*10389",
        "a": "w"
    },
    {
        "o": 10353,
        "r": "csb:1 Kings:18:24",
        "w": 18,
        "l": {},
        "c": "Gn 4:26*116; Rm 10:13*31919",
        "a": "x"
    },
    {
        "o": 10355,
        "r": "csb:1 Kings:18:26",
        "w": 30,
        "l": {},
        "c": "Jr 10:5*21526; 1Co 8:4*32305",
        "a": "y"
    },
    {
        "o": 10355,
        "r": "csb:1 Kings:18:26",
        "w": 36,
        "l": {},
        "t": "18:26*r Or hobbled",
        "a": "z"
    },
    {
        "o": 10356,
        "r": "csb:1 Kings:18:27",
        "w": 22,
        "l": {},
        "t": "18:27*r Or has turned aside; possibly to relieve himself",
        "a": "a"
    },
    {
        "o": 10356,
        "r": "csb:1 Kings:18:27",
        "w": 35,
        "l": {},
        "c": "Hab 2:19*25657",
        "a": "b"
    },
    {
        "o": 10357,
        "r": "csb:1 Kings:18:28",
        "w": 5,
        "l": {},
        "c": "Lv 19:28*3657; Dt 14:1*5822",
        "a": "c"
    },
    {
        "o": 10358,
        "r": "csb:1 Kings:18:29",
        "w": 12,
        "l": {},
        "c": "Ex 29:39,41*2624",
        "a": "d"
    },
    {
        "o": 10358,
        "r": "csb:1 Kings:18:29",
        "w": 24,
        "l": {},
        "c": "1Sm 4:20*8099; 2Kg 19:16*11166; Ps 115:4–8*17686; Is 16:12*20134",
        "a": "e"
    },
    {
        "o": 10359,
        "r": "csb:1 Kings:18:30",
        "w": 26,
        "l": {},
        "c": "1Kg 19:10*10389",
        "a": "f"
    },
    {
        "o": 10360,
        "r": "csb:1 Kings:18:31",
        "w": 30,
        "l": {},
        "c": "Gn 32:28*1053; 35:10*1124; 2Kg 17:34*11097",
        "a": "g"
    },
    {
        "o": 10361,
        "r": "csb:1 Kings:18:32",
        "w": 4,
        "l": {},
        "c": "Gn 12:7,8*338; 22:9*616",
        "a": "h"
    },
    {
        "o": 10361,
        "r": "csb:1 Kings:18:32",
        "w": 28,
        "l": {},
        "t": "18:32*r LXX reads trench containing two measures of seed",
        "a": "i"
    },
    {
        "o": 10361,
        "r": "csb:1 Kings:18:32",
        "w": 28,
        "l": {},
        "t": "18:32*r Lit altar corresponding to a house of two seahs of seed",
        "a": "j"
    },
    {
        "o": 10365,
        "r": "csb:1 Kings:18:36",
        "w": 7,
        "l": {},
        "c": "1Kg 18:29*10358",
        "a": "k"
    },
    {
        "o": 10365,
        "r": "csb:1 Kings:18:36",
        "w": 23,
        "l": {},
        "c": "Ex 3:6*1746; 4:5*1769",
        "a": "l"
    },
    {
        "o": 10365,
        "r": "csb:1 Kings:18:36",
        "w": 28,
        "l": {},
        "c": "Nm 16:28*4643",
        "a": "m"
    },
    {
        "o": 10366,
        "r": "csb:1 Kings:18:37",
        "w": 16,
        "l": {},
        "c": "Jos 4:24*6554; Jn 11:42*30037",
        "a": "n"
    },
    {
        "o": 10368,
        "r": "csb:1 Kings:18:39",
        "w": 8,
        "l": {},
        "c": "Lv 9:24*3296; Mt 17:6*26769",
        "a": "o"
    },
    {
        "o": 10368,
        "r": "csb:1 Kings:18:39",
        "w": 20,
        "l": {},
        "c": "1Kg 18:21,24*10350",
        "a": "p"
    },
    {
        "o": 10369,
        "r": "csb:1 Kings:18:40",
        "w": 8,
        "l": {},
        "c": "1Kg 18:19,22*10348",
        "a": "q"
    },
    {
        "o": 10369,
        "r": "csb:1 Kings:18:40",
        "w": 29,
        "l": {},
        "c": "Jdg 4:7*7318; 5:21*7358",
        "a": "r"
    },
    {
        "o": 10369,
        "r": "csb:1 Kings:18:40",
        "w": 33,
        "l": {},
        "c": "Dt 13:5*5806; 2Kg 10:24–25*10859",
        "a": "s"
    },
    {
        "o": 10370,
        "r": "csb:1 Kings:18:41",
        "w": 16,
        "l": {},
        "c": "1Kg 17:1*10301; 18:1*10329",
        "a": "t"
    },
    {
        "o": 10371,
        "r": "csb:1 Kings:18:42",
        "w": 15,
        "l": {},
        "c": "1Kg 18:19*10348",
        "a": "u"
    },
    {
        "o": 10371,
        "r": "csb:1 Kings:18:42",
        "w": 28,
        "l": {},
        "c": "1Sm 12:17*8276; Jms 5:18*34430",
        "a": "v"
    },
    {
        "o": 10373,
        "r": "csb:1 Kings:18:44",
        "w": 2,
        "l": {},
        "c": "Jos 6:15*6590; Lk 12:54*28852",
        "a": "w"
    },
    {
        "o": 10374,
        "r": "csb:1 Kings:18:45",
        "w": 26,
        "l": {},
        "c": "Jos 17:16*6956; Jdg 6:33*7406",
        "a": "x"
    },
    {
        "o": 10375,
        "r": "csb:1 Kings:18:46",
        "w": 4,
        "l": {},
        "c": "2Kg 3:15*10605",
        "a": "y"
    },
    {
        "o": 10375,
        "r": "csb:1 Kings:18:46",
        "w": 15,
        "l": {},
        "c": "Ex 12:11*2016; 2Kg 4:29*10651; 9:1*10794; Jr 1:17*21245; 1Pt 1:13*34449",
        "a": "z"
    }
]
