[
    {
        "o": 32233,
        "r": "csb:1 Corinthians:6:1",
        "w": 15,
        "l": {},
        "c": "Mt 18:15–17*26810",
        "a": "a"
    },
    {
        "o": 32233,
        "r": "csb:1 Corinthians:6:1",
        "w": 18,
        "l": {},
        "t": "6:1*r Unbelievers; v. 6",
        "a": "b"
    },
    {
        "o": 32236,
        "r": "csb:1 Corinthians:6:4",
        "w": 16,
        "l": {},
        "c": "Lk 18:9*29065",
        "a": "c"
    },
    {
        "o": 32237,
        "r": "csb:1 Corinthians:6:5",
        "w": 5,
        "l": {},
        "c": "1Co 4:14*32207",
        "a": "d"
    },
    {
        "o": 32237,
        "r": "csb:1 Corinthians:6:5",
        "w": 25,
        "l": {},
        "c": "Ac 9:30*30830",
        "a": "e"
    },
    {
        "o": 32238,
        "r": "csb:1 Corinthians:6:6",
        "w": 10,
        "l": {},
        "c": "Lk 12:46*28842",
        "a": "f"
    },
    {
        "o": 32239,
        "r": "csb:1 Corinthians:6:7",
        "w": 15,
        "l": {},
        "c": "Rm 11:12*31942",
        "a": "g"
    },
    {
        "o": 32239,
        "r": "csb:1 Corinthians:6:7",
        "w": 20,
        "l": {},
        "c": "Rv 2:11*34857",
        "a": "h"
    },
    {
        "o": 32239,
        "r": "csb:1 Corinthians:6:7",
        "w": 25,
        "l": {},
        "c": "Mk 10:19*27797",
        "a": "i"
    },
    {
        "o": 32241,
        "r": "csb:1 Corinthians:6:9",
        "w": 5,
        "l": {},
        "c": "Lk 16:10*28989",
        "a": "j"
    },
    {
        "o": 32241,
        "r": "csb:1 Corinthians:6:9",
        "w": 10,
        "l": {},
        "c": "Mk 1:15*27368; Ac 20:25*31292",
        "a": "k"
    },
    {
        "o": 32241,
        "r": "csb:1 Corinthians:6:9",
        "w": 19,
        "l": {},
        "c": "Eph 5:5*33189",
        "a": "l"
    },
    {
        "o": 32241,
        "r": "csb:1 Corinthians:6:9",
        "w": 20,
        "l": {},
        "c": "Lk 18:11*29067",
        "a": "m"
    },
    {
        "o": 32241,
        "r": "csb:1 Corinthians:6:9",
        "w": 27,
        "l": {},
        "t": "6:9*r Both passive and active participants in homosexual acts",
        "a": "n"
    },
    {
        "o": 32241,
        "r": "csb:1 Corinthians:6:9",
        "w": 27,
        "l": {},
        "c": "Gn 19:5*513",
        "a": "o"
    },
    {
        "o": 32242,
        "r": "csb:1 Corinthians:6:10",
        "w": 1,
        "l": {},
        "c": "Jn 10:1*29946",
        "a": "p"
    },
    {
        "o": 32242,
        "r": "csb:1 Corinthians:6:10",
        "w": 2,
        "l": {},
        "c": "Eph 5:5*33189",
        "a": "q"
    },
    {
        "o": 32242,
        "r": "csb:1 Corinthians:6:10",
        "w": 7,
        "l": {},
        "c": "1Co 5:11*32228",
        "a": "r"
    },
    {
        "o": 32242,
        "r": "csb:1 Corinthians:6:10",
        "w": 9,
        "l": {},
        "c": "Lk 18:11*29067",
        "a": "s"
    },
    {
        "o": 32243,
        "r": "csb:1 Corinthians:6:11",
        "w": 8,
        "l": {},
        "c": "Eph 2:2–3*33102; 4:22*33172; 5:8*33192; Ti 3:3*33920",
        "a": "t"
    },
    {
        "o": 32243,
        "r": "csb:1 Corinthians:6:11",
        "w": 15,
        "l": {},
        "c": "Lk 11:2*28729",
        "a": "u"
    },
    {
        "o": 32245,
        "r": "csb:1 Corinthians:6:12",
        "w": 2,
        "l": {},
        "c": "Jn 18:31*30328",
        "a": "v"
    },
    {
        "o": 32246,
        "r": "csb:1 Corinthians:6:13",
        "w": 0,
        "l": {},
        "c": "1Tm 6:8*33765",
        "a": "w"
    },
    {
        "o": 32246,
        "r": "csb:1 Corinthians:6:13",
        "w": 26,
        "l": {},
        "c": "1Th 4:3*33538",
        "a": "x"
    },
    {
        "o": 32247,
        "r": "csb:1 Corinthians:6:14",
        "w": 13,
        "l": {},
        "c": "Mk 5:30*27558; Lk 1:35*28171; 6:19*28442; Ac 19:11*31231; 2Co 13:4*32891; Rv 11:17*35055",
        "a": "y"
    },
    {
        "o": 32248,
        "r": "csb:1 Corinthians:6:15",
        "w": 11,
        "l": {},
        "c": "Rm 12:5*31975; 1Co 12:27*32448; Eph 5:30*33216",
        "a": "z"
    },
    {
        "o": 32249,
        "r": "csb:1 Corinthians:6:16",
        "w": 22,
        "l": {},
        "t": "6:16*r Gn 2:24",
        "a": "a"
    },
    {
        "o": 32249,
        "r": "csb:1 Corinthians:6:16",
        "w": 22,
        "l": {},
        "c": "Gn 2:24*59",
        "a": "b"
    },
    {
        "o": 32250,
        "r": "csb:1 Corinthians:6:17",
        "w": 2,
        "l": {},
        "c": "Jn 11:52*30048",
        "a": "c"
    },
    {
        "o": 32250,
        "r": "csb:1 Corinthians:6:17",
        "w": 8,
        "l": {},
        "c": "Ps 51:12*16374",
        "a": "d"
    },
    {
        "o": 32251,
        "r": "csb:1 Corinthians:6:18",
        "w": 0,
        "l": {},
        "c": "Jms 4:7*34396",
        "a": "e"
    },
    {
        "o": 32251,
        "r": "csb:1 Corinthians:6:18",
        "w": 5,
        "l": {},
        "t": "6:18*r Lit Every sin",
        "a": "f"
    },
    {
        "o": 32251,
        "r": "csb:1 Corinthians:6:18",
        "w": 19,
        "l": {},
        "c": "1Co 10:8*32353",
        "a": "g"
    },
    {
        "o": 32252,
        "r": "csb:1 Corinthians:6:19",
        "w": 8,
        "l": {},
        "c": "Lk 1:21*28156",
        "a": "h"
    },
    {
        "o": 32252,
        "r": "csb:1 Corinthians:6:19",
        "w": 12,
        "l": {},
        "c": "Rm 8:9,23*31832; 1Co 7:40*32299; 2Co 4:13*32692; Jd 19*34812",
        "a": "i"
    },
    {
        "o": 32252,
        "r": "csb:1 Corinthians:6:19",
        "w": 16,
        "l": {},
        "c": "Jms 4:5*34394; 1Jn 4:4*34707",
        "a": "j"
    },
    {
        "o": 32253,
        "r": "csb:1 Corinthians:6:20",
        "w": 3,
        "l": {},
        "c": "2Pt 2:1*34584",
        "a": "k"
    },
    {
        "o": 32253,
        "r": "csb:1 Corinthians:6:20",
        "w": 12,
        "l": {},
        "t": "6:20*r Other mss add and in your spirit, which belong to God.",
        "a": "l"
    }
]
