[
    {
        "o": 32658,
        "r": "csb:2 Corinthians:3:2",
        "w": 13,
        "l": {},
        "c": "1Co 9:2*32318",
        "a": "a"
    },
    {
        "o": 32659,
        "r": "csb:2 Corinthians:3:3",
        "w": 6,
        "l": {},
        "c": "Phm 13*33950",
        "a": "b"
    },
    {
        "o": 32659,
        "r": "csb:2 Corinthians:3:3",
        "w": 7,
        "l": {},
        "t": "3:3*r Lit ministered to",
        "a": "c"
    },
    {
        "o": 32659,
        "r": "csb:2 Corinthians:3:3",
        "w": 21,
        "l": {},
        "c": "Dt 5:26*5586",
        "a": "d"
    },
    {
        "o": 32659,
        "r": "csb:2 Corinthians:3:3",
        "w": 26,
        "l": {},
        "c": "Ex 24:12*2418",
        "a": "e"
    },
    {
        "o": 32659,
        "r": "csb:2 Corinthians:3:3",
        "w": 32,
        "l": {},
        "t": "3:3*r Lit fleshly hearts",
        "a": "f"
    },
    {
        "o": 32659,
        "r": "csb:2 Corinthians:3:3",
        "w": 32,
        "l": {},
        "c": "Pr 3:3*18433; 7:3*18569; Jr 17:1*21706; 31:33*22133; Ezk 11:19*23274; 36:26*24056; Heb 8:10*34126",
        "a": "g"
    },
    {
        "o": 32662,
        "r": "csb:2 Corinthians:3:5",
        "w": 7,
        "l": {},
        "t": "3:5*r Lit from",
        "a": "h"
    },
    {
        "o": 32662,
        "r": "csb:2 Corinthians:3:5",
        "w": 21,
        "l": {},
        "c": "1Co 15:10*32522",
        "a": "i"
    },
    {
        "o": 32663,
        "r": "csb:2 Corinthians:3:6",
        "w": 11,
        "l": {},
        "c": "Lk 22:20*29282; Heb 7:22*34107",
        "a": "j"
    },
    {
        "o": 32663,
        "r": "csb:2 Corinthians:3:6",
        "w": 15,
        "l": {},
        "c": "Rm 7:6*31801",
        "a": "k"
    },
    {
        "o": 32665,
        "r": "csb:2 Corinthians:3:7",
        "w": 14,
        "l": {},
        "c": "Ex 34:29–35*2793; Mk 10:37*27818; Lk 9:32*28639; Jn 17:24*30288; 2Co 3:18*32676; 2Pt 3:18*34626",
        "a": "l"
    },
    {
        "o": 32669,
        "r": "csb:2 Corinthians:3:11",
        "w": 5,
        "l": {},
        "c": "Heb 2:14*33997",
        "a": "m"
    },
    {
        "o": 32670,
        "r": "csb:2 Corinthians:3:12",
        "w": 6,
        "l": {},
        "c": "1Th 1:3*33485",
        "a": "n"
    },
    {
        "o": 32671,
        "r": "csb:2 Corinthians:3:13",
        "w": 13,
        "l": {},
        "c": "Ex 34:33*2797",
        "a": "o"
    },
    {
        "o": 32671,
        "r": "csb:2 Corinthians:3:13",
        "w": 23,
        "l": {},
        "t": "3:13*r Or at the outcome",
        "a": "p"
    },
    {
        "o": 32672,
        "r": "csb:2 Corinthians:3:14",
        "w": 4,
        "l": {},
        "c": "Mk 8:17*27694; Heb 3:13*34017",
        "a": "q"
    },
    {
        "o": 32672,
        "r": "csb:2 Corinthians:3:14",
        "w": 15,
        "l": {},
        "c": "Ac 13:15*30981; 15:21*31076; Heb 7:22*34107",
        "a": "r"
    },
    {
        "o": 32672,
        "r": "csb:2 Corinthians:3:14",
        "w": 31,
        "l": {},
        "c": "Rm 16:7*32084; 1Pt 5:14*34556",
        "a": "s"
    },
    {
        "o": 32674,
        "r": "csb:2 Corinthians:3:16",
        "w": 4,
        "l": {},
        "c": "1Pt 2:25*34490",
        "a": "t"
    },
    {
        "o": 32674,
        "r": "csb:2 Corinthians:3:16",
        "w": 11,
        "l": {},
        "c": "Ex 34:34*2798",
        "a": "u"
    },
    {
        "o": 32676,
        "r": "csb:2 Corinthians:3:18",
        "w": 11,
        "l": {},
        "t": "3:18*r Or are reflecting",
        "a": "v"
    },
    {
        "o": 32676,
        "r": "csb:2 Corinthians:3:18",
        "w": 11,
        "l": {},
        "c": "1Co 13:12*32466",
        "a": "w"
    },
    {
        "o": 32676,
        "r": "csb:2 Corinthians:3:18",
        "w": 16,
        "l": {},
        "c": "Jn 17:24*30288; 2Co 1:20*32629; 4:4–6*32682; 1Tm 1:11,17*33658",
        "a": "x"
    },
    {
        "o": 32676,
        "r": "csb:2 Corinthians:3:18",
        "w": 20,
        "l": {},
        "c": "Mk 9:2*27723",
        "a": "y"
    },
    {
        "o": 32676,
        "r": "csb:2 Corinthians:3:18",
        "w": 24,
        "l": {},
        "c": "Gn 1:27*29; 1Jn 3:2*34678",
        "a": "z"
    },
    {
        "o": 32676,
        "r": "csb:2 Corinthians:3:18",
        "w": 37,
        "l": {},
        "t": "3:18*r Or from the Spirit of the Lord, or from the Lord, the Spirit",
        "a": "a"
    }
]
