[
    {
        "o": 12788,
        "r": "csb:2 Chronicles:17:1",
        "w": 7,
        "l": {},
        "c": "1Kg 15:24*10248",
        "a": "a"
    },
    {
        "o": 12789,
        "r": "csb:2 Chronicles:17:2",
        "w": 8,
        "l": {},
        "c": "2Ch 11:5*12667",
        "a": "b"
    },
    {
        "o": 12789,
        "r": "csb:2 Chronicles:17:2",
        "w": 28,
        "l": {},
        "c": "2Ch 15:8*12756",
        "a": "c"
    },
    {
        "o": 12790,
        "r": "csb:2 Chronicles:17:3",
        "w": 16,
        "l": {},
        "t": "17:3*r Some Hb mss, LXX omit David",
        "a": "d"
    },
    {
        "o": 12791,
        "r": "csb:2 Chronicles:17:4",
        "w": 18,
        "l": {},
        "c": "1Kg 12:28*10144",
        "a": "e"
    },
    {
        "o": 12792,
        "r": "csb:2 Chronicles:17:5",
        "w": 22,
        "l": {},
        "c": "2Ch 18:1*12811",
        "a": "f"
    },
    {
        "o": 12793,
        "r": "csb:2 Chronicles:17:6",
        "w": 10,
        "l": {},
        "c": "2Ch 14:2–3*12732",
        "a": "g"
    },
    {
        "o": 12793,
        "r": "csb:2 Chronicles:17:6",
        "w": 19,
        "l": {},
        "c": "2Ch 15:17*12765",
        "a": "h"
    },
    {
        "o": 12795,
        "r": "csb:2 Chronicles:17:7",
        "w": 11,
        "l": {},
        "t": "17:7*r = Son of Power",
        "a": "i"
    },
    {
        "o": 12795,
        "r": "csb:2 Chronicles:17:7",
        "w": 23,
        "l": {},
        "c": "2Ch 15:3*12751; 35:3*13310",
        "a": "j"
    },
    {
        "o": 12796,
        "r": "csb:2 Chronicles:17:8",
        "w": 7,
        "l": {},
        "t": "17:8*r Some Hb mss, Syr, Tg, Arabic read Zechariah",
        "a": "k"
    },
    {
        "o": 12797,
        "r": "csb:2 Chronicles:17:9",
        "w": 12,
        "l": {},
        "c": "Dt 6:4–9*5599; 17:18*5930; 28:58,61*6263; 29:21*6297; 30:10*6318; 31:24,26*6355; Jos 1:8*6471; 8:31,34*6666; 23:6*7159; 24:26*7198",
        "a": "l"
    },
    {
        "o": 12798,
        "r": "csb:2 Chronicles:17:10",
        "w": 15,
        "l": {},
        "c": "2Ch 14:14*12745",
        "a": "m"
    },
    {
        "o": 12799,
        "r": "csb:2 Chronicles:17:11",
        "w": 24,
        "l": {},
        "c": "2Ch 9:14*12620; 26:8*13045",
        "a": "n"
    },
    {
        "o": 12801,
        "r": "csb:2 Chronicles:17:12",
        "w": 7,
        "l": {},
        "c": "2Ch 27:4*13067",
        "a": "o"
    },
    {
        "o": 12803,
        "r": "csb:2 Chronicles:17:14",
        "w": 8,
        "l": {},
        "t": "17:14*r Lit the house of their fathers",
        "a": "p"
    },
    {
        "o": 12805,
        "r": "csb:2 Chronicles:17:16",
        "w": 8,
        "l": {},
        "c": "Jdg 5:2,9*7339; 1Ch 29:9*12380",
        "a": "q"
    },
    {
        "o": 12808,
        "r": "csb:2 Chronicles:17:19",
        "w": 18,
        "l": {},
        "c": "2Ch 17:2*12789",
        "a": "r"
    }
]
