[
    {
        "o": 8873,
        "r": "csb:2 Samuel:1:1",
        "w": 4,
        "l": {},
        "c": "1Sm 31:1–5*8858",
        "a": "a"
    },
    {
        "o": 8873,
        "r": "csb:2 Samuel:1:1",
        "w": 10,
        "l": {},
        "c": "1Sm 30:1–20*8825",
        "a": "b"
    },
    {
        "o": 8874,
        "r": "csb:2 Samuel:1:2",
        "w": 13,
        "l": {},
        "c": "Jos 7:6*6611; 1Sm 4:12*8091",
        "a": "c"
    },
    {
        "o": 8876,
        "r": "csb:2 Samuel:1:4",
        "w": 33,
        "l": {},
        "c": "1Sm 31:6*8863",
        "a": "d"
    },
    {
        "o": 8878,
        "r": "csb:2 Samuel:1:6",
        "w": 6,
        "l": {},
        "c": "1Sm 31:1–5*8858; 1Ch 10:1–6*11819",
        "a": "e"
    },
    {
        "o": 8880,
        "r": "csb:2 Samuel:1:8",
        "w": 11,
        "l": {},
        "c": "Gn 36:12,16*1160; Ex 17:8–16*2195; Nm 24:20*4913; Dt 25:19*6150; 1Sm 15:1–34*8370; 30:1–20*8825; 1Ch 1:36*11413",
        "a": "f"
    },
    {
        "o": 8881,
        "r": "csb:2 Samuel:1:9",
        "w": 13,
        "l": {},
        "t": "1:9*r LXX reads for terrible darkness has taken hold of me",
        "a": "g"
    },
    {
        "o": 8881,
        "r": "csb:2 Samuel:1:9",
        "w": 18,
        "l": {},
        "c": "Jdg 9:54*7539",
        "a": "h"
    },
    {
        "o": 8883,
        "r": "csb:2 Samuel:1:11",
        "w": 9,
        "l": {},
        "c": "Jos 7:6*6611; 2Sm 3:31*8967; 13:31*9230",
        "a": "i"
    },
    {
        "o": 8884,
        "r": "csb:2 Samuel:1:12",
        "w": 7,
        "l": {},
        "c": "2Sm 3:35*8971",
        "a": "j"
    },
    {
        "o": 8886,
        "r": "csb:2 Samuel:1:14",
        "w": 19,
        "l": {},
        "c": "1Sm 24:6*8679; 26:6–12*8749; 31:4*8861",
        "a": "k"
    },
    {
        "o": 8887,
        "r": "csb:2 Samuel:1:15",
        "w": 20,
        "l": {},
        "c": "2Sm 4:10*8987",
        "a": "l"
    },
    {
        "o": 8888,
        "r": "csb:2 Samuel:1:16",
        "w": 13,
        "l": {},
        "c": "Jos 2:19*6504; Mt 27:24–25*27276; Ac 18:5–6*31191",
        "a": "m"
    },
    {
        "o": 8889,
        "r": "csb:2 Samuel:1:17",
        "w": 4,
        "l": {},
        "c": "2Sm 3:33*8969; 2Ch 35:24–25*13332",
        "a": "n"
    },
    {
        "o": 8890,
        "r": "csb:2 Samuel:1:18",
        "w": 20,
        "l": {},
        "t": "1:18*r Or of the Upright",
        "a": "o"
    },
    {
        "o": 8890,
        "r": "csb:2 Samuel:1:18",
        "w": 20,
        "l": {},
        "c": "Jos 10:12–13*6714",
        "a": "p"
    },
    {
        "o": 8892,
        "r": "csb:2 Samuel:1:20",
        "w": 21,
        "l": {},
        "c": "1Sm 31:8–9*8865",
        "a": "q"
    },
    {
        "o": 8893,
        "r": "csb:2 Samuel:1:21",
        "w": 14,
        "l": {},
        "t": "1:21*r LXX reads firstfruits",
        "a": "r"
    },
    {
        "o": 8893,
        "r": "csb:2 Samuel:1:21",
        "w": 23,
        "l": {},
        "c": "1Sm 31:4*8861",
        "a": "s"
    },
    {
        "o": 8893,
        "r": "csb:2 Samuel:1:21",
        "w": 32,
        "l": {},
        "c": "1Sm 10:1*8212",
        "a": "t"
    },
    {
        "o": 8894,
        "r": "csb:2 Samuel:1:22",
        "w": 8,
        "l": {},
        "t": "1:22*r Lit empty",
        "a": "u"
    },
    {
        "o": 8894,
        "r": "csb:2 Samuel:1:22",
        "w": 17,
        "l": {},
        "t": "1:22*r Lit fat",
        "a": "v"
    },
    {
        "o": 8896,
        "r": "csb:2 Samuel:1:24",
        "w": 20,
        "l": {},
        "c": "Ezk 16:1–11*23377",
        "a": "w"
    },
    {
        "o": 8898,
        "r": "csb:2 Samuel:1:26",
        "w": 25,
        "l": {},
        "c": "1Sm 18:1–3*8493",
        "a": "x"
    }
]
