[
    {
        "o": 33689,
        "r": "csb:1 Timothy:3:1",
        "w": 3,
        "l": {},
        "c": "1Tm 1:15*33662; 4:9*33717",
        "a": "a"
    },
    {
        "o": 33689,
        "r": "csb:1 Timothy:3:1",
        "w": 10,
        "l": {},
        "t": "3:1*r Or bishop, pastor",
        "a": "b"
    },
    {
        "o": 33689,
        "r": "csb:1 Timothy:3:1",
        "w": 10,
        "l": {},
        "c": "Ac 20:28*31295; Php 1:1*33251; Ti 1:7*33889",
        "a": "c"
    },
    {
        "o": 33690,
        "r": "csb:1 Timothy:3:2",
        "w": 1,
        "l": {},
        "c": "Ti 1:6–8*33888",
        "a": "d"
    },
    {
        "o": 33690,
        "r": "csb:1 Timothy:3:2",
        "w": 13,
        "l": {},
        "c": "Ti 2:2,5*33902",
        "a": "e"
    },
    {
        "o": 33690,
        "r": "csb:1 Timothy:3:2",
        "w": 15,
        "l": {},
        "c": "Lv 19:34*3663; 1Pt 4:9*34528; 2Jn 10*34763",
        "a": "f"
    },
    {
        "o": 33691,
        "r": "csb:1 Timothy:3:3",
        "w": 12,
        "l": {},
        "c": "1Tm 6:10*33768",
        "a": "g"
    },
    {
        "o": 33694,
        "r": "csb:1 Timothy:3:6",
        "w": 19,
        "l": {},
        "c": "1Tm 5:12*33739; 2Pt 2:3*34586; Rv 20:1–15*35240",
        "a": "h"
    },
    {
        "o": 33695,
        "r": "csb:1 Timothy:3:7",
        "w": 19,
        "l": {},
        "c": "Ac 13:10*30975",
        "a": "i"
    },
    {
        "o": 33696,
        "r": "csb:1 Timothy:3:8",
        "w": 0,
        "l": {},
        "c": "Php 1:1*33251",
        "a": "j"
    },
    {
        "o": 33697,
        "r": "csb:1 Timothy:3:9",
        "w": 5,
        "l": {},
        "c": "Php 1:27*33280; 1Tm 1:2,19*33648; Jd 3*34793",
        "a": "k"
    },
    {
        "o": 33697,
        "r": "csb:1 Timothy:3:9",
        "w": 9,
        "l": {},
        "c": "Heb 13:18*34298",
        "a": "l"
    },
    {
        "o": 33699,
        "r": "csb:1 Timothy:3:11",
        "w": 0,
        "l": {},
        "t": "3:11*r Or Women",
        "a": "m"
    },
    {
        "o": 33699,
        "r": "csb:1 Timothy:3:11",
        "w": 0,
        "l": {},
        "c": "1Pt 3:1–6*34493",
        "a": "n"
    },
    {
        "o": 33699,
        "r": "csb:1 Timothy:3:11",
        "w": 9,
        "l": {},
        "c": "Ti 2:2*33902",
        "a": "o"
    },
    {
        "o": 33703,
        "r": "csb:1 Timothy:3:14",
        "w": 8,
        "l": {},
        "c": "1Tm 4:13*33722",
        "a": "p"
    },
    {
        "o": 33704,
        "r": "csb:1 Timothy:3:15",
        "w": 22,
        "l": {},
        "c": "1Co 3:16*32181; 2Co 6:16*32740; Eph 2:21–22*33122; 1Pt 2:5*34468; 4:17*34537",
        "a": "q"
    },
    {
        "o": 33704,
        "r": "csb:1 Timothy:3:15",
        "w": 30,
        "l": {},
        "c": "Mt 16:16*26747; 1Tm 4:10*33719",
        "a": "r"
    },
    {
        "o": 33704,
        "r": "csb:1 Timothy:3:15",
        "w": 37,
        "l": {},
        "c": "Ps 119:142*17918; 2Co 11:10*32836; 2Th 2:10*33613",
        "a": "s"
    },
    {
        "o": 33705,
        "r": "csb:1 Timothy:3:16",
        "w": 6,
        "l": {},
        "c": "2Pt 1:3*34562",
        "a": "t"
    },
    {
        "o": 33705,
        "r": "csb:1 Timothy:3:16",
        "w": 9,
        "l": {},
        "t": "3:16*r Other mss read God",
        "a": "u"
    },
    {
        "o": 33705,
        "r": "csb:1 Timothy:3:16",
        "w": 14,
        "l": {},
        "c": "Jn 1:14*29478; Php 2:7*33293; 1Jn 4:2*34705; 5:20*34749",
        "a": "v"
    },
    {
        "o": 33705,
        "r": "csb:1 Timothy:3:16",
        "w": 18,
        "l": {},
        "c": "Rm 1:3–4*31609; 2:28–29*31674; 7:5–6*31799; 8:4*31827; 1Co 5:5*32221; 6:16–17*32249; Gl 3:3*32957; 4:29*33018; 5:16–24*33039; 6:8*33059; Php 3:3*33323; Col 2:5*33411; Rv 1:10*34831",
        "a": "w"
    },
    {
        "o": 33705,
        "r": "csb:1 Timothy:3:16",
        "w": 26,
        "l": {},
        "c": "Mt 11:24*26507; Jn 3:16*29564; Ac 10:43*30894; Rm 10:9*31914; 1Pt 1:8–10*34443",
        "a": "x"
    },
    {
        "o": 33705,
        "r": "csb:1 Timothy:3:16",
        "w": 34,
        "l": {},
        "c": "Mk 16:19*28131; Jn 20:17*30410; 1Pt 3:22*34516",
        "a": "y"
    }
]
