[
    {
        "o": 8785,
        "r": "csb:1 Samuel:28:1",
        "w": 4,
        "l": {},
        "c": "1Sm 29:1*8812",
        "a": "a"
    },
    {
        "o": 8785,
        "r": "csb:1 Samuel:28:1",
        "w": 35,
        "l": {},
        "t": "28:1*r DSS, LXX read battle",
        "a": "b"
    },
    {
        "o": 8786,
        "r": "csb:1 Samuel:28:2",
        "w": 28,
        "l": {},
        "c": "1Sm 1:22,28*8007",
        "a": "c"
    },
    {
        "o": 8787,
        "r": "csb:1 Samuel:28:3",
        "w": 5,
        "l": {},
        "c": "1Sm 25:1*8698",
        "a": "d"
    },
    {
        "o": 8787,
        "r": "csb:1 Samuel:28:3",
        "w": 18,
        "l": {},
        "c": "1Sm 7:17*8157",
        "a": "e"
    },
    {
        "o": 8787,
        "r": "csb:1 Samuel:28:3",
        "w": 29,
        "l": {},
        "c": "Lv 19:31*3660; 20:27*3697; Dt 18:10–11*5945",
        "a": "f"
    },
    {
        "o": 8790,
        "r": "csb:1 Samuel:28:6",
        "w": 21,
        "l": {},
        "c": "Ex 28:30*2568; Nm 27:21*5031; 1Kg 3:5*9747",
        "a": "g"
    },
    {
        "o": 8791,
        "r": "csb:1 Samuel:28:7",
        "w": 29,
        "l": {},
        "c": "Jos 17:1*6940; Ps 83:10*17019",
        "a": "h"
    },
    {
        "o": 8791,
        "r": "csb:1 Samuel:28:7",
        "w": 33,
        "l": {},
        "c": "Ac 16:16*31118",
        "a": "i"
    },
    {
        "o": 8792,
        "r": "csb:1 Samuel:28:8",
        "w": 2,
        "l": {},
        "c": "2Ch 18:29*12841; 35:21–22*13329",
        "a": "j"
    },
    {
        "o": 8792,
        "r": "csb:1 Samuel:28:8",
        "w": 30,
        "l": {},
        "c": "Is 8:19*19956",
        "a": "k"
    },
    {
        "o": 8792,
        "r": "csb:1 Samuel:28:8",
        "w": 39,
        "l": {},
        "c": "Dt 18:10–11*5945",
        "a": "l"
    },
    {
        "o": 8793,
        "r": "csb:1 Samuel:28:9",
        "w": 12,
        "l": {},
        "c": "1Sm 28:3*8787",
        "a": "m"
    },
    {
        "o": 8794,
        "r": "csb:1 Samuel:28:10",
        "w": 19,
        "l": {},
        "t": "28:10*r Or lives, you will not incur guilt",
        "a": "n"
    },
    {
        "o": 8797,
        "r": "csb:1 Samuel:28:13",
        "w": 17,
        "l": {},
        "t": "28:13*r Or a god, or a divine being",
        "a": "o"
    },
    {
        "o": 8798,
        "r": "csb:1 Samuel:28:14",
        "w": 20,
        "l": {},
        "c": "1Sm 15:27*8396",
        "a": "p"
    },
    {
        "o": 8798,
        "r": "csb:1 Samuel:28:14",
        "w": 40,
        "l": {},
        "c": "1Sm 24:8*8681",
        "a": "q"
    },
    {
        "o": 8799,
        "r": "csb:1 Samuel:28:15",
        "w": 30,
        "l": {},
        "c": "1Sm 16:13–14*8420; 18:12*8505",
        "a": "r"
    },
    {
        "o": 8799,
        "r": "csb:1 Samuel:28:15",
        "w": 35,
        "l": {},
        "c": "1Sm 28:6*8790",
        "a": "s"
    },
    {
        "o": 8801,
        "r": "csb:1 Samuel:28:17",
        "w": 3,
        "l": {},
        "t": "28:17*r Some Hb, some LXX mss, Vg read done to you",
        "a": "t"
    },
    {
        "o": 8801,
        "r": "csb:1 Samuel:28:17",
        "w": 26,
        "l": {},
        "c": "1Sm 15:28*8397",
        "a": "u"
    },
    {
        "o": 8802,
        "r": "csb:1 Samuel:28:18",
        "w": 15,
        "l": {},
        "c": "1Sm 15:1–9*8370",
        "a": "v"
    },
    {
        "o": 8803,
        "r": "csb:1 Samuel:28:19",
        "w": 21,
        "l": {},
        "t": "28:19*r LXX reads sons will fall",
        "a": "w"
    },
    {
        "o": 8803,
        "r": "csb:1 Samuel:28:19",
        "w": 21,
        "l": {},
        "c": "1Sm 31:2*8859; Jb 3:17–19*14378",
        "a": "x"
    },
    {
        "o": 8805,
        "r": "csb:1 Samuel:28:21",
        "w": 29,
        "l": {},
        "c": "1Sm 19:5*8531",
        "a": "y"
    },
    {
        "o": 8807,
        "r": "csb:1 Samuel:28:23",
        "w": 18,
        "l": {},
        "c": "2Kg 5:13*10683",
        "a": "z"
    },
    {
        "o": 8807,
        "r": "csb:1 Samuel:28:23",
        "w": 29,
        "l": {},
        "c": "Est 1:6*14136; Ezk 23:41*23680",
        "a": "a"
    },
    {
        "o": 8808,
        "r": "csb:1 Samuel:28:24",
        "w": 13,
        "l": {},
        "c": "Gn 18:6–7*477",
        "a": "b"
    }
]
