[
    {
        "o": 32146,
        "r": "csb:1 Corinthians:2:1",
        "w": 10,
        "l": {},
        "t": "2:1*r Other mss read testimony",
        "a": "a"
    },
    {
        "o": 32146,
        "r": "csb:1 Corinthians:2:1",
        "w": 20,
        "l": {},
        "c": "1Tm 2:2*33672",
        "a": "b"
    },
    {
        "o": 32146,
        "r": "csb:1 Corinthians:2:1",
        "w": 22,
        "l": {},
        "c": "Col 4:6*33467",
        "a": "c"
    },
    {
        "o": 32147,
        "r": "csb:1 Corinthians:2:2",
        "w": 12,
        "l": {},
        "c": "1Co 1:23–24*32134; Gl 6:14*33066",
        "a": "d"
    },
    {
        "o": 32148,
        "r": "csb:1 Corinthians:2:3",
        "w": 5,
        "l": {},
        "c": "2Co 11:30*32857",
        "a": "e"
    },
    {
        "o": 32148,
        "r": "csb:1 Corinthians:2:3",
        "w": 7,
        "l": {},
        "c": "Rv 11:11*35048",
        "a": "f"
    },
    {
        "o": 32148,
        "r": "csb:1 Corinthians:2:3",
        "w": 11,
        "l": {},
        "c": "Php 2:12*33299",
        "a": "g"
    },
    {
        "o": 32149,
        "r": "csb:1 Corinthians:2:4",
        "w": 1,
        "l": {},
        "c": "Mt 12:37*26557",
        "a": "h"
    },
    {
        "o": 32149,
        "r": "csb:1 Corinthians:2:4",
        "w": 8,
        "l": {},
        "c": "Php 1:25*33278",
        "a": "i"
    },
    {
        "o": 32149,
        "r": "csb:1 Corinthians:2:4",
        "w": 11,
        "l": {},
        "t": "2:4*r Other mss read human wisdom",
        "a": "j"
    },
    {
        "o": 32150,
        "r": "csb:1 Corinthians:2:5",
        "w": 14,
        "l": {},
        "c": "Mk 5:30*27558; Lk 1:35*28171; 6:19*28442; Ac 19:11*31231; 2Co 13:4*32891; 2Tm 1:7*33792; Rv 11:17*35055",
        "a": "k"
    },
    {
        "o": 32152,
        "r": "csb:1 Corinthians:2:6",
        "w": 8,
        "l": {},
        "c": "Mt 5:48*26269",
        "a": "l"
    },
    {
        "o": 32152,
        "r": "csb:1 Corinthians:2:6",
        "w": 19,
        "l": {},
        "c": "Lk 12:58*28857",
        "a": "m"
    },
    {
        "o": 32152,
        "r": "csb:1 Corinthians:2:6",
        "w": 27,
        "l": {},
        "c": "Heb 2:14*33997",
        "a": "n"
    },
    {
        "o": 32153,
        "r": "csb:1 Corinthians:2:7",
        "w": 14,
        "l": {},
        "c": "Eph 1:5*33078",
        "a": "o"
    },
    {
        "o": 32153,
        "r": "csb:1 Corinthians:2:7",
        "w": 20,
        "l": {},
        "c": "Lk 24:26*29433; 1Pt 5:1,4*34542",
        "a": "p"
    },
    {
        "o": 32154,
        "r": "csb:1 Corinthians:2:8",
        "w": 24,
        "l": {},
        "c": "Ps 24:7*15839",
        "a": "q"
    },
    {
        "o": 32155,
        "r": "csb:1 Corinthians:2:9",
        "w": 29,
        "l": {},
        "t": "2:9*r Is 52:15; 64:4",
        "a": "r"
    },
    {
        "o": 32155,
        "r": "csb:1 Corinthians:2:9",
        "w": 29,
        "l": {},
        "c": "Is 52:15*20959; 64:4*21163; Lk 10:27*28709; 1Jn 4:20*34724",
        "a": "s"
    },
    {
        "o": 32156,
        "r": "csb:1 Corinthians:2:10",
        "w": 15,
        "l": {},
        "c": "Ps 17:3*15676; Jn 14:26*30187",
        "a": "t"
    },
    {
        "o": 32156,
        "r": "csb:1 Corinthians:2:10",
        "w": 20,
        "l": {},
        "c": "Rm 8:39*31865; 11:33*31964; Eph 3:18*33144",
        "a": "u"
    },
    {
        "o": 32157,
        "r": "csb:1 Corinthians:2:11",
        "w": 5,
        "l": {},
        "t": "2:11*r Or things",
        "a": "v"
    },
    {
        "o": 32157,
        "r": "csb:1 Corinthians:2:11",
        "w": 8,
        "l": {},
        "c": "Rm 1:9*31616",
        "a": "w"
    },
    {
        "o": 32157,
        "r": "csb:1 Corinthians:2:11",
        "w": 17,
        "l": {},
        "c": "1Jn 4:8*34712",
        "a": "x"
    },
    {
        "o": 32159,
        "r": "csb:1 Corinthians:2:13",
        "w": 7,
        "l": {},
        "c": "Mt 12:37*26557",
        "a": "y"
    },
    {
        "o": 32159,
        "r": "csb:1 Corinthians:2:13",
        "w": 24,
        "l": {},
        "t": "2:13*r Or things with spiritual words",
        "a": "z"
    },
    {
        "o": 32160,
        "r": "csb:1 Corinthians:2:14",
        "w": 5,
        "l": {},
        "t": "2:14*r Lit natural person",
        "a": "a"
    },
    {
        "o": 32160,
        "r": "csb:1 Corinthians:2:14",
        "w": 30,
        "l": {},
        "t": "2:14*r Or judged, or discerned, also in v. 15",
        "a": "b"
    },
    {
        "o": 32161,
        "r": "csb:1 Corinthians:2:15",
        "w": 5,
        "l": {},
        "t": "2:15*r Or judge, or discern",
        "a": "c"
    },
    {
        "o": 32162,
        "r": "csb:1 Corinthians:2:16",
        "w": 11,
        "l": {},
        "t": "2:16*r Is 40:13",
        "a": "d"
    },
    {
        "o": 32162,
        "r": "csb:1 Corinthians:2:16",
        "w": 11,
        "l": {},
        "c": "Is 40:13*20651",
        "a": "e"
    },
    {
        "o": 32162,
        "r": "csb:1 Corinthians:2:16",
        "w": 18,
        "l": {},
        "c": "Col 2:2*33407",
        "a": "f"
    }
]
