[
    {
        "o": 12770,
        "r": "csb:2 Chronicles:16:1",
        "w": 5,
        "l": {},
        "c": "1Kg 15:17–22*10240",
        "a": "a"
    },
    {
        "o": 12773,
        "r": "csb:2 Chronicles:16:4",
        "w": 21,
        "l": {},
        "t": "16:4*r Abel-beth-maacah in 1Kg 15:20",
        "a": "b"
    },
    {
        "o": 12773,
        "r": "csb:2 Chronicles:16:4",
        "w": 26,
        "l": {},
        "t": "16:4*r = all Chinnereth in 1Kg 15:20",
        "a": "c"
    },
    {
        "o": 12777,
        "r": "csb:2 Chronicles:16:7",
        "w": 5,
        "l": {},
        "c": "1Kg 16:1*10261; 2Ch 19:2*12850",
        "a": "d"
    },
    {
        "o": 12777,
        "r": "csb:2 Chronicles:16:7",
        "w": 32,
        "l": {},
        "c": "2Ch 14:11*12742",
        "a": "e"
    },
    {
        "o": 12778,
        "r": "csb:2 Chronicles:16:8",
        "w": 13,
        "l": {},
        "c": "2Ch 12:3*12690",
        "a": "f"
    },
    {
        "o": 12778,
        "r": "csb:2 Chronicles:16:8",
        "w": 25,
        "l": {},
        "c": "2Ch 14:9–13*12740",
        "a": "g"
    },
    {
        "o": 12779,
        "r": "csb:2 Chronicles:16:9",
        "w": 9,
        "l": {},
        "c": "Gn 6:8*162; Ps 33:18*16001; 34:15*16023; Pr 15:3*18813; Zch 4:10*25851; 1Pt 3:12*34506",
        "a": "h"
    },
    {
        "o": 12779,
        "r": "csb:2 Chronicles:16:9",
        "w": 21,
        "l": {},
        "c": "2Ch 15:17*12765",
        "a": "i"
    },
    {
        "o": 12780,
        "r": "csb:2 Chronicles:16:10",
        "w": 10,
        "l": {},
        "t": "16:10*r Lit the house of stocks",
        "a": "j"
    },
    {
        "o": 12782,
        "r": "csb:2 Chronicles:16:11",
        "w": 3,
        "l": {},
        "c": "1Kg 15:23–24*10246",
        "a": "k"
    },
    {
        "o": 12785,
        "r": "csb:2 Chronicles:16:14",
        "w": 35,
        "l": {},
        "c": "Gn 50:2*1660; Jn 12:7*30062; 19:39–40*30387",
        "a": "l"
    },
    {
        "o": 12785,
        "r": "csb:2 Chronicles:16:14",
        "w": 44,
        "l": {},
        "c": "2Ch 21:19*12928",
        "a": "m"
    }
]
