[
    {
        "o": 12730,
        "r": "csb:2 Chronicles:14:1",
        "w": 20,
        "l": {},
        "c": "1Kg 15:8*10231",
        "a": "a"
    },
    {
        "o": 12732,
        "r": "csb:2 Chronicles:14:2",
        "w": 6,
        "l": {},
        "c": "1Kg 15:11–12*10234",
        "a": "b"
    },
    {
        "o": 12733,
        "r": "csb:2 Chronicles:14:3",
        "w": 19,
        "l": {},
        "c": "Ex 34:13*2776; Dt 7:5*5628",
        "a": "c"
    },
    {
        "o": 12735,
        "r": "csb:2 Chronicles:14:5",
        "w": 8,
        "l": {},
        "t": "14:5*r Or incense altars",
        "a": "d"
    },
    {
        "o": 12735,
        "r": "csb:2 Chronicles:14:5",
        "w": 14,
        "l": {},
        "c": "2Ch 34:4,7*13272",
        "a": "e"
    },
    {
        "o": 12736,
        "r": "csb:2 Chronicles:14:6",
        "w": 10,
        "l": {},
        "c": "2Ch 11:5*12667",
        "a": "f"
    },
    {
        "o": 12736,
        "r": "csb:2 Chronicles:14:6",
        "w": 25,
        "l": {},
        "c": "2Ch 15:15*12763",
        "a": "g"
    },
    {
        "o": 12737,
        "r": "csb:2 Chronicles:14:7",
        "w": 22,
        "l": {},
        "c": "2Ch 8:5*12588",
        "a": "h"
    },
    {
        "o": 12739,
        "r": "csb:2 Chronicles:14:8",
        "w": 14,
        "l": {},
        "c": "2Ch 13:3*12709",
        "a": "i"
    },
    {
        "o": 12740,
        "r": "csb:2 Chronicles:14:9",
        "w": 16,
        "l": {},
        "t": "14:9*r Syr, Arabic read 30,000",
        "a": "j"
    },
    {
        "o": 12741,
        "r": "csb:2 Chronicles:14:10",
        "w": 16,
        "l": {},
        "c": "2Ch 11:8*12670",
        "a": "k"
    },
    {
        "o": 12742,
        "r": "csb:2 Chronicles:14:11",
        "w": 8,
        "l": {},
        "c": "2Ch 13:14*12720",
        "a": "l"
    },
    {
        "o": 12742,
        "r": "csb:2 Chronicles:14:11",
        "w": 33,
        "l": {},
        "c": "2Ch 13:18*12724",
        "a": "m"
    },
    {
        "o": 12743,
        "r": "csb:2 Chronicles:14:12",
        "w": 10,
        "l": {},
        "c": "2Ch 13:15*12721",
        "a": "n"
    },
    {
        "o": 12744,
        "r": "csb:2 Chronicles:14:13",
        "w": 14,
        "l": {},
        "c": "Gn 10:19*281",
        "a": "o"
    },
    {
        "o": 12745,
        "r": "csb:2 Chronicles:14:14",
        "w": 16,
        "l": {},
        "c": "2Ch 17:10*12798",
        "a": "p"
    }
]
