[
    {
        "o": 12244,
        "r": "csb:1 Chronicles:25:1",
        "w": 16,
        "l": {},
        "c": "1Ch 6:33,39*11630",
        "a": "a"
    },
    {
        "o": 12244,
        "r": "csb:1 Chronicles:25:1",
        "w": 22,
        "l": {},
        "c": "2Kg 3:15*10605",
        "a": "b"
    },
    {
        "o": 12244,
        "r": "csb:1 Chronicles:25:1",
        "w": 28,
        "l": {},
        "c": "1Ch 15:16*11979; 25:6*12249",
        "a": "c"
    },
    {
        "o": 12246,
        "r": "csb:1 Chronicles:25:3",
        "w": 1,
        "l": {},
        "c": "1Ch 16:41–42*12035",
        "a": "d"
    },
    {
        "o": 12246,
        "r": "csb:1 Chronicles:25:3",
        "w": 7,
        "l": {},
        "t": "25:3*r One Hb ms, LXX; other Hb mss omit Shimei",
        "a": "e"
    },
    {
        "o": 12248,
        "r": "csb:1 Chronicles:25:5",
        "w": 7,
        "l": {},
        "c": "1Sm 9:9*8192; 2Sm 24:11*9614; 1Ch 21:9*12130",
        "a": "f"
    },
    {
        "o": 12248,
        "r": "csb:1 Chronicles:25:5",
        "w": 17,
        "l": {},
        "t": "25:5*r Lit by the words of God to lift a horn",
        "a": "g"
    },
    {
        "o": 12251,
        "r": "csb:1 Chronicles:25:8",
        "w": 14,
        "l": {},
        "c": "1Ch 26:13*12289",
        "a": "h"
    },
    {
        "o": 12252,
        "r": "csb:1 Chronicles:25:9",
        "w": 13,
        "l": {},
        "t": "25:9*r LXX; MT lacks his sons, and his relatives - 12",
        "a": "i"
    },
    {
        "o": 12254,
        "r": "csb:1 Chronicles:25:11",
        "w": 3,
        "l": {},
        "t": "25:11*r Variant of Zeri",
        "a": "j"
    },
    {
        "o": 12261,
        "r": "csb:1 Chronicles:25:18",
        "w": 3,
        "l": {},
        "t": "25:18*r Variant of Uzziel",
        "a": "k"
    }
]
