[
    {
        "o": 12242,
        "r": "csb:1 Chronicles:25:0",
        "t": "1 Chronicles 25",
        "h": 1
    },
    {
        "o": 12243,
        "r": "csb:1 Chronicles:25:0",
        "t": "The Levitical Musicians",
        "h": 2
    },
    {
        "o": 12244,
        "r": "csb:1 Chronicles:25:1",
        "t": "David*p and the officers of the army also set apart some of the sons of Asaph, Heman, and Jeduthun, who were to prophesy accompanied by lyres, harps, and cymbals. This is the list of the men who performed their service:"
    },
    {
        "o": 12245,
        "r": "csb:1 Chronicles:25:2",
        "t": "From*ln Asaph’s sons: Zaccur,*ln Joseph, Nethaniah, and Asarelah, sons of Asaph, under Asaph’s authority, who prophesied under the authority of the king."
    },
    {
        "o": 12246,
        "r": "csb:1 Chronicles:25:3",
        "t": "From*ln Jeduthun: Jeduthun’s sons: Gedaliah,*ln Zeri, Jeshaiah, Shimei, Hashabiah, and Mattithiah - six - under the authority of their father Jeduthun, prophesying to the accompaniment of lyres, giving thanks and praise to the Lord.*s"
    },
    {
        "o": 12247,
        "r": "csb:1 Chronicles:25:4",
        "t": "From*ln Heman: Heman’s sons: Bukkiah,*ln Mattaniah, Uzziel, Shebuel, Jerimoth, Hananiah, Hanani, Eliathah, Giddalti, Romamti-ezer, Joshbekashah, Mallothi, Hothir, and Mahazioth."
    },
    {
        "o": 12248,
        "r": "csb:1 Chronicles:25:5",
        "t": "All these sons of Heman, the king’s seer, were given by the promises of God to exalt him, for God had given Heman fourteen sons and three daughters."
    },
    {
        "o": 12249,
        "r": "csb:1 Chronicles:25:6",
        "t": "All*p these men were under their own fathers’ authority for the music in the Lord’s*s temple, with cymbals, harps, and lyres for the service of God’s temple. Asaph, Jeduthun, and Heman were under the king’s authority."
    },
    {
        "o": 12250,
        "r": "csb:1 Chronicles:25:7",
        "t": "They numbered 288 together with their relatives who were all trained and skillful in music for the Lord.*s"
    },
    {
        "o": 12251,
        "r": "csb:1 Chronicles:25:8",
        "t": "They cast lots for their duties, young and old alike, teacher as well as pupil."
    },
    {
        "o": 12252,
        "r": "csb:1 Chronicles:25:9",
        "t": "The*le first lot for Asaph fell to Joseph, his sons, and his relatives — 12*lg to*le Gedaliah the second: him, his relatives, and his sons — 12*lg"
    },
    {
        "o": 12253,
        "r": "csb:1 Chronicles:25:10",
        "t": "the*le third to Zaccur, his sons, and his relatives — 12*lg"
    },
    {
        "o": 12254,
        "r": "csb:1 Chronicles:25:11",
        "t": "the*le fourth to Izri, his sons, and his relatives — 12*lg"
    },
    {
        "o": 12255,
        "r": "csb:1 Chronicles:25:12",
        "t": "the*le fifth to Nethaniah, his sons, and his relatives — 12*lg"
    },
    {
        "o": 12256,
        "r": "csb:1 Chronicles:25:13",
        "t": "the*le sixth to Bukkiah, his sons, and his relatives — 12*lg"
    },
    {
        "o": 12257,
        "r": "csb:1 Chronicles:25:14",
        "t": "the*le seventh to Jesarelah, his sons, and his relatives — 12*lg"
    },
    {
        "o": 12258,
        "r": "csb:1 Chronicles:25:15",
        "t": "the*le eighth to Jeshaiah, his sons, and his relatives — 12*lg"
    },
    {
        "o": 12259,
        "r": "csb:1 Chronicles:25:16",
        "t": "the*le ninth to Mattaniah, his sons, and his relatives — 12*lg"
    },
    {
        "o": 12260,
        "r": "csb:1 Chronicles:25:17",
        "t": "the*le tenth to Shimei, his sons, and his relatives — 12*lg"
    },
    {
        "o": 12261,
        "r": "csb:1 Chronicles:25:18",
        "t": "the*le eleventh to Azarel, his sons, and his relatives — 12*lg"
    },
    {
        "o": 12262,
        "r": "csb:1 Chronicles:25:19",
        "t": "the*le twelfth to Hashabiah, his sons, and his relatives — 12*lg"
    },
    {
        "o": 12263,
        "r": "csb:1 Chronicles:25:20",
        "t": "the*le thirteenth to Shubael, his sons, and his relatives — 12*lg"
    },
    {
        "o": 12264,
        "r": "csb:1 Chronicles:25:21",
        "t": "the*le fourteenth to Mattithiah, his sons, and his relatives — 12*lg"
    },
    {
        "o": 12265,
        "r": "csb:1 Chronicles:25:22",
        "t": "the*le fifteenth to Jeremoth, his sons, and his relatives — 12*lg"
    },
    {
        "o": 12266,
        "r": "csb:1 Chronicles:25:23",
        "t": "the*le sixteenth to Hananiah, his sons, and his relatives — 12*lg"
    },
    {
        "o": 12267,
        "r": "csb:1 Chronicles:25:24",
        "t": "the*le seventeenth to Joshbekashah, his sons, and his relatives — 12*lg"
    },
    {
        "o": 12268,
        "r": "csb:1 Chronicles:25:25",
        "t": "the*le eighteenth to Hanani, his sons, and his relatives — 12*lg"
    },
    {
        "o": 12269,
        "r": "csb:1 Chronicles:25:26",
        "t": "the*le nineteenth to Mallothi, his sons, and his relatives — 12*lg"
    },
    {
        "o": 12270,
        "r": "csb:1 Chronicles:25:27",
        "t": "the*le twentieth to Eliathah, his sons, and his relatives — 12*lg"
    },
    {
        "o": 12271,
        "r": "csb:1 Chronicles:25:28",
        "t": "the*le twenty-first to Hothir, his sons, and his relatives — 12*lg"
    },
    {
        "o": 12272,
        "r": "csb:1 Chronicles:25:29",
        "t": "the*le twenty-second to Giddalti, his sons, and his relatives — 12*lg"
    },
    {
        "o": 12273,
        "r": "csb:1 Chronicles:25:30",
        "t": "the*le twenty-third to Mahazioth, his sons, and his relatives — 12*lg"
    },
    {
        "o": 12274,
        "r": "csb:1 Chronicles:25:31",
        "t": "and*le the twenty-fourth to Romamti-ezer, his sons, and his relatives — 12.*lg"
    }
]
