[
    {
        "o": 11994,
        "r": "csb:1 Chronicles:16:1",
        "w": 0,
        "l": {},
        "c": "2Sm 6:17–19*9035",
        "a": "a"
    },
    {
        "o": 11994,
        "r": "csb:1 Chronicles:16:1",
        "w": 16,
        "l": {},
        "c": "1Ch 15:1*11964",
        "a": "b"
    },
    {
        "o": 12002,
        "r": "csb:1 Chronicles:16:8",
        "w": 1,
        "l": {},
        "c": "Ps 105:1–15*17434",
        "a": "c"
    },
    {
        "o": 12002,
        "r": "csb:1 Chronicles:16:8",
        "w": 14,
        "l": {},
        "c": "1Kg 8:43*9976; 2Kg 19:19*11170",
        "a": "d"
    },
    {
        "o": 12005,
        "r": "csb:1 Chronicles:16:11",
        "w": 9,
        "l": {},
        "c": "Ps 24:6*15838",
        "a": "e"
    },
    {
        "o": 12006,
        "r": "csb:1 Chronicles:16:12",
        "w": 6,
        "l": {},
        "c": "Ps 103:2*17374",
        "a": "f"
    },
    {
        "o": 12006,
        "r": "csb:1 Chronicles:16:12",
        "w": 14,
        "l": {},
        "t": "16:12*r Lit judgments of his mouth",
        "a": "g"
    },
    {
        "o": 12006,
        "r": "csb:1 Chronicles:16:12",
        "w": 14,
        "l": {},
        "c": "Ps 78:43–68*16909",
        "a": "h"
    },
    {
        "o": 12008,
        "r": "csb:1 Chronicles:16:14",
        "w": 11,
        "l": {},
        "c": "Ps 48:10*16306",
        "a": "i"
    },
    {
        "o": 12010,
        "r": "csb:1 Chronicles:16:16",
        "w": 6,
        "l": {},
        "t": "16:16*r Lit and his oath",
        "a": "j"
    },
    {
        "o": 12010,
        "r": "csb:1 Chronicles:16:16",
        "w": 8,
        "l": {},
        "c": "Gn 17:2*444; 22:16–18*623; 26:3*768",
        "a": "k"
    },
    {
        "o": 12011,
        "r": "csb:1 Chronicles:16:17",
        "w": 13,
        "l": {},
        "c": "Gn 35:11–12*1125",
        "a": "l"
    },
    {
        "o": 12012,
        "r": "csb:1 Chronicles:16:18",
        "w": 12,
        "l": {},
        "c": "Gn 13:15*369",
        "a": "m"
    },
    {
        "o": 12013,
        "r": "csb:1 Chronicles:16:19",
        "w": 1,
        "l": {},
        "t": "16:19*r One Hb ms, LXX, Vg; other Hb mss read you",
        "a": "n"
    },
    {
        "o": 12013,
        "r": "csb:1 Chronicles:16:19",
        "w": 8,
        "l": {},
        "c": "Gn 34:30*1111; Dt 7:7*5630",
        "a": "o"
    },
    {
        "o": 12015,
        "r": "csb:1 Chronicles:16:21",
        "w": 12,
        "l": {},
        "c": "Gn 12:17*349; 20:3*552; Ex 7:15–18*1874",
        "a": "p"
    },
    {
        "o": 12016,
        "r": "csb:1 Chronicles:16:22",
        "w": 9,
        "l": {},
        "c": "Gn 20:7*556",
        "a": "q"
    },
    {
        "o": 12017,
        "r": "csb:1 Chronicles:16:23",
        "w": 4,
        "l": {},
        "c": "Ps 96*17269",
        "a": "r"
    },
    {
        "o": 12019,
        "r": "csb:1 Chronicles:16:25",
        "w": 7,
        "l": {},
        "c": "Ps 144:3–6*18262",
        "a": "s"
    },
    {
        "o": 12019,
        "r": "csb:1 Chronicles:16:25",
        "w": 13,
        "l": {},
        "c": "Ps 89:7*17119",
        "a": "t"
    },
    {
        "o": 12020,
        "r": "csb:1 Chronicles:16:26",
        "w": 9,
        "l": {},
        "c": "Lv 19:4*3633",
        "a": "u"
    },
    {
        "o": 12020,
        "r": "csb:1 Chronicles:16:26",
        "w": 15,
        "l": {},
        "c": "Ps 102:25*17366",
        "a": "v"
    },
    {
        "o": 12023,
        "r": "csb:1 Chronicles:16:29",
        "w": 24,
        "l": {},
        "c": "Ps 29:2*15916",
        "a": "w"
    },
    {
        "o": 12024,
        "r": "csb:1 Chronicles:16:30",
        "w": 4,
        "l": {},
        "c": "Ps 93:1*17225",
        "a": "x"
    },
    {
        "o": 12025,
        "r": "csb:1 Chronicles:16:31",
        "w": 8,
        "l": {},
        "c": "Is 44:23*20787; 49:13*20891",
        "a": "y"
    },
    {
        "o": 12026,
        "r": "csb:1 Chronicles:16:32",
        "w": 16,
        "l": {},
        "c": "Ps 98:7*17306",
        "a": "z"
    },
    {
        "o": 12028,
        "r": "csb:1 Chronicles:16:34",
        "w": 13,
        "l": {},
        "c": "Ps 106:1*17481; 136:1*18128",
        "a": "a"
    },
    {
        "o": 12029,
        "r": "csb:1 Chronicles:16:35",
        "w": 1,
        "l": {},
        "c": "Ps 106:47–48*17527",
        "a": "b"
    },
    {
        "o": 12030,
        "r": "csb:1 Chronicles:16:36",
        "w": 6,
        "l": {},
        "c": "1Kg 8:15,56*9947; Ps 72:18*16751",
        "a": "c"
    },
    {
        "o": 12031,
        "r": "csb:1 Chronicles:16:37",
        "w": 17,
        "l": {},
        "c": "1Ch 16:4–5*11997",
        "a": "d"
    },
    {
        "o": 12031,
        "r": "csb:1 Chronicles:16:37",
        "w": 25,
        "l": {},
        "c": "2Ch 8:14*12598; Ezr 3:4*13458",
        "a": "e"
    },
    {
        "o": 12032,
        "r": "csb:1 Chronicles:16:38",
        "w": 2,
        "l": {},
        "c": "1Ch 13:13*11941",
        "a": "f"
    },
    {
        "o": 12032,
        "r": "csb:1 Chronicles:16:38",
        "w": 4,
        "l": {},
        "t": "16:38*r LXX, Syr, Vg; Hb reads their",
        "a": "g"
    },
    {
        "o": 12032,
        "r": "csb:1 Chronicles:16:38",
        "w": 12,
        "l": {},
        "c": "1Ch 26:10*12286",
        "a": "h"
    },
    {
        "o": 12033,
        "r": "csb:1 Chronicles:16:39",
        "w": 20,
        "l": {},
        "c": "1Kg 3:4*9746; 1Ch 21:29*12151",
        "a": "i"
    },
    {
        "o": 12034,
        "r": "csb:1 Chronicles:16:40",
        "w": 36,
        "l": {},
        "c": "Ex 29:38–42*2623; Nm 28:3–4*5040",
        "a": "j"
    },
    {
        "o": 12035,
        "r": "csb:1 Chronicles:16:41",
        "w": 3,
        "l": {},
        "c": "1Ch 6:33*11630",
        "a": "k"
    },
    {
        "o": 12035,
        "r": "csb:1 Chronicles:16:41",
        "w": 14,
        "l": {},
        "c": "1Ch 25:1–6*12244",
        "a": "l"
    },
    {
        "o": 12035,
        "r": "csb:1 Chronicles:16:41",
        "w": 26,
        "l": {},
        "c": "2Ch 5:13*12510",
        "a": "m"
    },
    {
        "o": 12036,
        "r": "csb:1 Chronicles:16:42",
        "w": 15,
        "l": {},
        "c": "1Ch 25:7*12250; 2Ch 7:6*12564; 29:27*13133",
        "a": "n"
    },
    {
        "o": 12037,
        "r": "csb:1 Chronicles:16:43",
        "w": 13,
        "l": {},
        "c": "2Sm 6:19–20*9037",
        "a": "o"
    }
]
