[
    {
        "o": 11993,
        "r": "csb:1 Chronicles:16:0",
        "t": "1 Chronicles 16",
        "h": 1
    },
    {
        "o": 11994,
        "r": "csb:1 Chronicles:16:1",
        "t": "They*p brought the ark of God and placed it inside the tent David had pitched for it. Then they offered burnt offerings and fellowship offerings in God’s presence."
    },
    {
        "o": 11995,
        "r": "csb:1 Chronicles:16:2",
        "t": "When David had finished offering the burnt offerings and the fellowship offerings, he blessed the people in the name of the Lord.*s"
    },
    {
        "o": 11996,
        "r": "csb:1 Chronicles:16:3",
        "t": "Then he distributed to each and every Israelite, both men and women, a loaf of bread, a date cake, and a raisin cake."
    },
    {
        "o": 11997,
        "r": "csb:1 Chronicles:16:4",
        "t": "David*p appointed some of the Levites to be ministers before the ark of the Lord,*s to celebrate the Lord*s God of Israel, and to give thanks and praise to him."
    },
    {
        "o": 11998,
        "r": "csb:1 Chronicles:16:5",
        "t": "Asaph was the chief and Zechariah was second to him. Jeiel, Shemiramoth, Jehiel, Mattithiah, Eliab, Benaiah, Obed-edom, and Jeiel played the harps and lyres, while Asaph sounded the cymbals"
    },
    {
        "o": 11999,
        "r": "csb:1 Chronicles:16:6",
        "t": "and the priests Benaiah and Jahaziel blew the trumpets regularly before the ark of the covenant of God."
    },
    {
        "o": 12000,
        "r": "csb:1 Chronicles:16:6",
        "t": "David’s Psalm of Thanksgiving",
        "h": 2
    },
    {
        "o": 12001,
        "r": "csb:1 Chronicles:16:7",
        "t": "On*p that day David decreed for the first time that thanks be given to the Lord*s by Asaph and his relatives:"
    },
    {
        "o": 12002,
        "r": "csb:1 Chronicles:16:8",
        "t": "Give*pn thanks to the Lord;*s call on his name; proclaim*ln his deeds among the peoples."
    },
    {
        "o": 12003,
        "r": "csb:1 Chronicles:16:9",
        "t": "Sing*ln to him; sing praise to him; tell*ln about all his wondrous works!"
    },
    {
        "o": 12004,
        "r": "csb:1 Chronicles:16:10",
        "t": "Boast*ln in his holy name; let*ln the hearts of those who seek the Lord*s rejoice."
    },
    {
        "o": 12005,
        "r": "csb:1 Chronicles:16:11",
        "t": "Seek*ln the Lord*s and his strength; seek*ln his face always."
    },
    {
        "o": 12006,
        "r": "csb:1 Chronicles:16:12",
        "t": "Remember*ln the wondrous works he has done, his*ln wonders, and the judgments he has pronounced,"
    },
    {
        "o": 12007,
        "r": "csb:1 Chronicles:16:13",
        "t": "you*ln offspring of Israel his servant, Jacob’s*ln descendants - his chosen ones."
    },
    {
        "o": 12008,
        "r": "csb:1 Chronicles:16:14",
        "t": "He*pn is the Lord*s our God; his*ln judgments govern the whole earth."
    },
    {
        "o": 12009,
        "r": "csb:1 Chronicles:16:15",
        "t": "Remember*ln his covenant forever — the*ln promise he ordained for a thousand generations,"
    },
    {
        "o": 12010,
        "r": "csb:1 Chronicles:16:16",
        "t": "the*ln covenant he made with Abraham, swore*ln to Isaac,"
    },
    {
        "o": 12011,
        "r": "csb:1 Chronicles:16:17",
        "t": "and*ln confirmed to Jacob as a decree, and*ln to Israel as a permanent covenant:"
    },
    {
        "o": 12012,
        "r": "csb:1 Chronicles:16:18",
        "t": "“I*ln will give the land of Canaan to you as*ln your inherited portion.”"
    },
    {
        "o": 12013,
        "r": "csb:1 Chronicles:16:19",
        "t": "When*pn they were few in number, very*ln few indeed, and resident aliens in Canaan"
    },
    {
        "o": 12014,
        "r": "csb:1 Chronicles:16:20",
        "t": "wandering*ln from nation to nation and*ln from one kingdom to another,"
    },
    {
        "o": 12015,
        "r": "csb:1 Chronicles:16:21",
        "t": "he*ln allowed no one to oppress them; he*ln rebuked kings on their behalf:"
    },
    {
        "o": 12016,
        "r": "csb:1 Chronicles:16:22",
        "t": "“Do*ln not touch my anointed ones or*ln harm my prophets.”"
    },
    {
        "o": 12017,
        "r": "csb:1 Chronicles:16:23",
        "t": "Let*pn the whole earth sing to the Lord.*s Proclaim*ln his salvation from day to day."
    },
    {
        "o": 12018,
        "r": "csb:1 Chronicles:16:24",
        "t": "Declare*ln his glory among the nations, his*ln wondrous works among all peoples."
    },
    {
        "o": 12019,
        "r": "csb:1 Chronicles:16:25",
        "t": "For*pn the Lord*s is great and highly praised; he*ln is feared above all gods."
    },
    {
        "o": 12020,
        "r": "csb:1 Chronicles:16:26",
        "t": "For*ln all the gods of the peoples are worthless idols, but*ln the Lord*s made the heavens."
    },
    {
        "o": 12021,
        "r": "csb:1 Chronicles:16:27",
        "t": "Splendor*ln and majesty are before him; strength*ln and joy are in his place."
    },
    {
        "o": 12022,
        "r": "csb:1 Chronicles:16:28",
        "t": "Ascribe*ln to the Lord,*s families of the peoples, ascribe*ln to the Lord*s glory and strength."
    },
    {
        "o": 12023,
        "r": "csb:1 Chronicles:16:29",
        "t": "Ascribe*ln to the Lord*s the glory of his name; bring*ln an offering and come before him. Worship*ln the Lord*s in the splendor of his holiness;"
    },
    {
        "o": 12024,
        "r": "csb:1 Chronicles:16:30",
        "t": "let*ln the whole earth tremble before him. The*ln world is firmly established; it*ln cannot be shaken."
    },
    {
        "o": 12025,
        "r": "csb:1 Chronicles:16:31",
        "t": "Let*ln the heavens be glad and the earth rejoice, and*ln let them say among the nations, “The Lord*s reigns!”"
    },
    {
        "o": 12026,
        "r": "csb:1 Chronicles:16:32",
        "t": "Let*ln the sea and all that fills it resound; let*ln the fields and everything in them exult."
    },
    {
        "o": 12027,
        "r": "csb:1 Chronicles:16:33",
        "t": "Then*ln the trees of the forest will shout for joy before the Lord,*s for*ln he is coming to judge the earth."
    },
    {
        "o": 12028,
        "r": "csb:1 Chronicles:16:34",
        "t": "Give*pn thanks to the Lord,*s for he is good; his*ln faithful love endures forever."
    },
    {
        "o": 12029,
        "r": "csb:1 Chronicles:16:35",
        "t": "And*ln say, “Save us, God of our salvation; gather*ln us and rescue us from the nations so*ln that we may give thanks to your holy name and*ln rejoice in your praise."
    },
    {
        "o": 12030,
        "r": "csb:1 Chronicles:16:36",
        "t": "Blessed*ln be the Lord*s God of Israel from*ln everlasting to everlasting.” Then*p all the people said, “Amen” and “Praise the Lord.”*s"
    },
    {
        "o": 12031,
        "r": "csb:1 Chronicles:16:37",
        "t": "So*p David left Asaph and his relatives there before the ark of the Lord’s*s covenant to minister regularly before the ark according to the daily requirements."
    },
    {
        "o": 12032,
        "r": "csb:1 Chronicles:16:38",
        "t": "He assigned Obed-edom and his sixty-eight relatives. Obed-edom son of Jeduthun and Hosah were to be gatekeepers."
    },
    {
        "o": 12033,
        "r": "csb:1 Chronicles:16:39",
        "t": "David left the priest Zadok and his fellow priests before the tabernacle of the Lord*s at the high place in Gibeon"
    },
    {
        "o": 12034,
        "r": "csb:1 Chronicles:16:40",
        "t": "to offer burnt offerings regularly, morning and evening, to the Lord*s on the altar of burnt offerings and to do everything that was written in the law of the Lord,*s which he had commanded Israel to keep."
    },
    {
        "o": 12035,
        "r": "csb:1 Chronicles:16:41",
        "t": "With them were Heman, Jeduthun, and the rest who were chosen and designated by name to give thanks to the Lord-*s for his faithful love endures forever."
    },
    {
        "o": 12036,
        "r": "csb:1 Chronicles:16:42",
        "t": "Heman and Jeduthun had with them trumpets and cymbals to play and musical instruments of God. Jeduthun’s sons were at the city gate."
    },
    {
        "o": 12037,
        "r": "csb:1 Chronicles:16:43",
        "t": "Then*p all the people went home, and David returned home to bless his household."
    }
]
