[
    {
        "o": 32863,
        "r": "csb:2 Corinthians:12:1",
        "w": 13,
        "l": {},
        "c": "Lk 1:22*28157",
        "a": "a"
    },
    {
        "o": 32863,
        "r": "csb:2 Corinthians:12:1",
        "w": 15,
        "l": {},
        "c": "1Pt 4:13*34533",
        "a": "b"
    },
    {
        "o": 32864,
        "r": "csb:2 Corinthians:12:2",
        "w": 9,
        "l": {},
        "c": "1Th 4:17*33554",
        "a": "c"
    },
    {
        "o": 32866,
        "r": "csb:2 Corinthians:12:4",
        "w": 4,
        "l": {},
        "c": "Lk 23:43*29390",
        "a": "d"
    },
    {
        "o": 32868,
        "r": "csb:2 Corinthians:12:6",
        "w": 17,
        "l": {},
        "c": "Ps 119:142*17918; Jn 8:14*29850; 14:6*30162; 2Co 11:10*32836; 1Jn 5:20*34749; 3Jn 3*34772",
        "a": "e"
    },
    {
        "o": 32869,
        "r": "csb:2 Corinthians:12:7",
        "w": 18,
        "l": {},
        "c": "Nm 33:55*5292; Ezk 28:24*23830; Php 3:3*33323",
        "a": "f"
    },
    {
        "o": 32869,
        "r": "csb:2 Corinthians:12:7",
        "w": 26,
        "l": {},
        "c": "Mt 4:1,10*26183; Ac 13:10*30975",
        "a": "g"
    },
    {
        "o": 32871,
        "r": "csb:2 Corinthians:12:9",
        "w": 13,
        "l": {},
        "c": "Mk 5:30*27558; Lk 1:35*28171; 6:19*28442; Ac 19:11*31231; 2Co 13:4*32891; Rv 11:17*35055",
        "a": "h"
    },
    {
        "o": 32871,
        "r": "csb:2 Corinthians:12:9",
        "w": 17,
        "l": {},
        "c": "Is 40:29–31*20667; 1Co 2:5*32151; Php 4:13*33358",
        "a": "i"
    },
    {
        "o": 32872,
        "r": "csb:2 Corinthians:12:10",
        "w": 16,
        "l": {},
        "c": "Mt 5:11–12*26224; Rm 5:3*31746; 2Co 13:4*32891",
        "a": "j"
    },
    {
        "o": 32872,
        "r": "csb:2 Corinthians:12:10",
        "w": 25,
        "l": {},
        "c": "Eph 6:10*33233",
        "a": "k"
    },
    {
        "o": 32874,
        "r": "csb:2 Corinthians:12:11",
        "w": 31,
        "l": {},
        "c": "Gl 6:3*33054",
        "a": "l"
    },
    {
        "o": 32875,
        "r": "csb:2 Corinthians:12:12",
        "w": 1,
        "l": {},
        "c": "Heb 2:4*33987",
        "a": "m"
    },
    {
        "o": 32875,
        "r": "csb:2 Corinthians:12:12",
        "w": 4,
        "l": {},
        "c": "Ac 1:2*30461; Jd 17*34809",
        "a": "n"
    },
    {
        "o": 32875,
        "r": "csb:2 Corinthians:12:12",
        "w": 15,
        "l": {},
        "c": "Mk 13:22*27951",
        "a": "o"
    },
    {
        "o": 32875,
        "r": "csb:2 Corinthians:12:12",
        "w": 17,
        "l": {},
        "c": "Ac 19:11*31231",
        "a": "p"
    },
    {
        "o": 32878,
        "r": "csb:2 Corinthians:12:14",
        "w": 10,
        "l": {},
        "c": "Ac 18*31186; 2Co 2:1*32635; 13:1*32888",
        "a": "q"
    },
    {
        "o": 32879,
        "r": "csb:2 Corinthians:12:15",
        "w": 9,
        "l": {},
        "t": "12:15*r Lit for your souls, or for your lives",
        "a": "r"
    },
    {
        "o": 32879,
        "r": "csb:2 Corinthians:12:15",
        "w": 9,
        "l": {},
        "c": "2Co 1:6*32613; Php 2:17*33304; Col 1:24*33399; 1Th 2:8*33502; 2Tm 2:10*33816",
        "a": "s"
    },
    {
        "o": 32880,
        "r": "csb:2 Corinthians:12:16",
        "w": 5,
        "l": {},
        "c": "1Th 2:7*33501",
        "a": "t"
    },
    {
        "o": 32880,
        "r": "csb:2 Corinthians:12:16",
        "w": 17,
        "l": {},
        "c": "Ps 10:7*15597",
        "a": "u"
    },
    {
        "o": 32882,
        "r": "csb:2 Corinthians:12:18",
        "w": 2,
        "l": {},
        "c": "Ti 1:4*33886",
        "a": "v"
    },
    {
        "o": 32882,
        "r": "csb:2 Corinthians:12:18",
        "w": 26,
        "l": {},
        "c": "Ps 51:12*16374",
        "a": "w"
    },
    {
        "o": 32883,
        "r": "csb:2 Corinthians:12:19",
        "w": 32,
        "l": {},
        "c": "1Co 14:3–4*32472",
        "a": "x"
    },
    {
        "o": 32884,
        "r": "csb:2 Corinthians:12:20",
        "w": 33,
        "l": {},
        "c": "Ti 3:9*33926",
        "a": "y"
    },
    {
        "o": 32884,
        "r": "csb:2 Corinthians:12:20",
        "w": 34,
        "l": {},
        "c": "Jms 3:14*34383",
        "a": "z"
    },
    {
        "o": 32884,
        "r": "csb:2 Corinthians:12:20",
        "w": 38,
        "l": {},
        "c": "Rm 2:8*31652",
        "a": "a"
    },
    {
        "o": 32884,
        "r": "csb:2 Corinthians:12:20",
        "w": 39,
        "l": {},
        "c": "1Pt 2:1*34464",
        "a": "b"
    },
    {
        "o": 32884,
        "r": "csb:2 Corinthians:12:20",
        "w": 43,
        "l": {},
        "c": "1Co 14:33,40*32503",
        "a": "c"
    },
    {
        "o": 32885,
        "r": "csb:2 Corinthians:12:21",
        "w": 9,
        "l": {},
        "t": "12:21*r Or come again my God will",
        "a": "d"
    },
    {
        "o": 32885,
        "r": "csb:2 Corinthians:12:21",
        "w": 27,
        "l": {},
        "c": "Ac 3:19*30563",
        "a": "e"
    },
    {
        "o": 32885,
        "r": "csb:2 Corinthians:12:21",
        "w": 33,
        "l": {},
        "c": "1Th 4:3*33538",
        "a": "f"
    },
    {
        "o": 32885,
        "r": "csb:2 Corinthians:12:21",
        "w": 35,
        "l": {},
        "c": "Mk 7:21–22*27656",
        "a": "g"
    }
]
