[
    {
        "o": 12348,
        "r": "csb:1 Chronicles:28:1",
        "w": 8,
        "l": {},
        "c": "1Ch 23:2*12177; 27:1–31*12312",
        "a": "a"
    },
    {
        "o": 12348,
        "r": "csb:1 Chronicles:28:1",
        "w": 56,
        "l": {},
        "c": "1Ch 11:10–47*11846",
        "a": "b"
    },
    {
        "o": 12349,
        "r": "csb:1 Chronicles:28:2",
        "w": 36,
        "l": {},
        "c": "2Sm 7:1–3*9044; 1Ch 17:1–2*12040; 22:7*12161",
        "a": "c"
    },
    {
        "o": 12349,
        "r": "csb:1 Chronicles:28:2",
        "w": 40,
        "l": {},
        "c": "Ps 132:7*18079; Is 66:1*21202",
        "a": "d"
    },
    {
        "o": 12350,
        "r": "csb:1 Chronicles:28:3",
        "w": 25,
        "l": {},
        "c": "1Ch 22:8*12162",
        "a": "e"
    },
    {
        "o": 12351,
        "r": "csb:1 Chronicles:28:4",
        "w": 13,
        "l": {},
        "c": "1Sm 16:6–13*8412",
        "a": "f"
    },
    {
        "o": 12351,
        "r": "csb:1 Chronicles:28:4",
        "w": 19,
        "l": {},
        "c": "1Ch 17:23,27*12063",
        "a": "g"
    },
    {
        "o": 12351,
        "r": "csb:1 Chronicles:28:4",
        "w": 25,
        "l": {},
        "c": "Gn 49:8–10*1630; 1Ch 5:2*11568",
        "a": "h"
    },
    {
        "o": 12351,
        "r": "csb:1 Chronicles:28:4",
        "w": 39,
        "l": {},
        "c": "1Sm 16:1*8407",
        "a": "i"
    },
    {
        "o": 12352,
        "r": "csb:1 Chronicles:28:5",
        "w": 5,
        "l": {},
        "c": "1Ch 3:1–9*11493; 14:3–7*11947",
        "a": "j"
    },
    {
        "o": 12352,
        "r": "csb:1 Chronicles:28:5",
        "w": 30,
        "l": {},
        "c": "1Ch 22:9*12163",
        "a": "k"
    },
    {
        "o": 12353,
        "r": "csb:1 Chronicles:28:6",
        "w": 3,
        "l": {},
        "c": "2Sm 7:13–14*9056; 1Ch 22:10*12164",
        "a": "l"
    },
    {
        "o": 12354,
        "r": "csb:1 Chronicles:28:7",
        "w": 20,
        "l": {},
        "c": "1Ch 22:13*12167",
        "a": "m"
    },
    {
        "o": 12356,
        "r": "csb:1 Chronicles:28:9",
        "w": 20,
        "l": {},
        "c": "1Kg 8:61*9995; 1Ch 29:17–19*12388",
        "a": "n"
    },
    {
        "o": 12356,
        "r": "csb:1 Chronicles:28:9",
        "w": 33,
        "l": {},
        "c": "Gn 6:5*158; 1Sm 16:7*8413; Ps 139*18178",
        "a": "o"
    },
    {
        "o": 12356,
        "r": "csb:1 Chronicles:28:9",
        "w": 53,
        "l": {},
        "c": "2Ch 15:2*12750; Jr 29:13*22045",
        "a": "p"
    },
    {
        "o": 12357,
        "r": "csb:1 Chronicles:28:10",
        "w": 19,
        "l": {},
        "c": "1Ch 22:13*12167",
        "a": "q"
    },
    {
        "o": 12358,
        "r": "csb:1 Chronicles:28:11",
        "w": 7,
        "l": {},
        "c": "Ex 25:9,40*2436; 1Ch 28:19*12366",
        "a": "r"
    },
    {
        "o": 12358,
        "r": "csb:1 Chronicles:28:11",
        "w": 10,
        "l": {},
        "c": "1Kg 6:3*9835",
        "a": "s"
    },
    {
        "o": 12358,
        "r": "csb:1 Chronicles:28:11",
        "w": 28,
        "l": {},
        "c": "Ex 25:17–22*2444",
        "a": "t"
    },
    {
        "o": 12359,
        "r": "csb:1 Chronicles:28:12",
        "w": 7,
        "l": {},
        "t": "28:12*r Or he received from the Spirit",
        "a": "u"
    },
    {
        "o": 12359,
        "r": "csb:1 Chronicles:28:12",
        "w": 7,
        "l": {},
        "c": "1Ch 28:19*12366",
        "a": "v"
    },
    {
        "o": 12359,
        "r": "csb:1 Chronicles:28:12",
        "w": 20,
        "l": {},
        "c": "1Ch 26:20,22,24,26*12297; Ezr 2:69*13451",
        "a": "w"
    },
    {
        "o": 12362,
        "r": "csb:1 Chronicles:28:15",
        "w": 5,
        "l": {},
        "c": "Ex 25:31–39*2460",
        "a": "x"
    },
    {
        "o": 12365,
        "r": "csb:1 Chronicles:28:18",
        "w": 9,
        "l": {},
        "c": "Ex 30:1–10*2634",
        "a": "y"
    },
    {
        "o": 12365,
        "r": "csb:1 Chronicles:28:18",
        "w": 16,
        "l": {},
        "t": "28:18*r Or chariot, that is; Ps 18:10; Ezk 1:5,15",
        "a": "z"
    },
    {
        "o": 12365,
        "r": "csb:1 Chronicles:28:18",
        "w": 16,
        "l": {},
        "c": "Ps 18:10*15701",
        "a": "a"
    },
    {
        "o": 12365,
        "r": "csb:1 Chronicles:28:18",
        "w": 32,
        "l": {},
        "c": "Ex 25:18–22*2445; 1Kg 8:6–7*9938; 2Ch 5:7–8*12504",
        "a": "b"
    },
    {
        "o": 12366,
        "r": "csb:1 Chronicles:28:19",
        "w": 21,
        "l": {},
        "t": "28:19*r Hb obscure",
        "a": "c"
    },
    {
        "o": 12367,
        "r": "csb:1 Chronicles:28:20",
        "w": 10,
        "l": {},
        "c": "Jos 1:6–7*6469; 1Ch 22:13*12167; 2Ch 32:7*13204",
        "a": "d"
    },
    {
        "o": 12367,
        "r": "csb:1 Chronicles:28:20",
        "w": 35,
        "l": {},
        "c": "Dt 31:6*6336; Jos 1:5,9*6468; Heb 13:5*34285",
        "a": "e"
    },
    {
        "o": 12368,
        "r": "csb:1 Chronicles:28:21",
        "w": 16,
        "l": {},
        "c": "1Ch 28:13*12360",
        "a": "f"
    },
    {
        "o": 12368,
        "r": "csb:1 Chronicles:28:21",
        "w": 22,
        "l": {},
        "c": "Ex 35:25–35*2827; 36:1–2*2840",
        "a": "g"
    }
]
