[
    {
        "o": 10036,
        "r": "csb:1 Kings:10:1",
        "w": 3,
        "l": {},
        "c": "2Ch 9:1*12606; Mt 12:42*26563",
        "a": "a"
    },
    {
        "o": 10036,
        "r": "csb:1 Kings:10:1",
        "w": 7,
        "l": {},
        "c": "2Ch 9:1–12*12606",
        "a": "b"
    },
    {
        "o": 10036,
        "r": "csb:1 Kings:10:1",
        "w": 22,
        "l": {},
        "c": "Jdg 14:12–14*7666",
        "a": "c"
    },
    {
        "o": 10037,
        "r": "csb:1 Kings:10:2",
        "w": 11,
        "l": {},
        "c": "Gn 24:10*666",
        "a": "d"
    },
    {
        "o": 10037,
        "r": "csb:1 Kings:10:2",
        "w": 19,
        "l": {},
        "c": "1Kg 10:10*10045",
        "a": "e"
    },
    {
        "o": 10039,
        "r": "csb:1 Kings:10:4",
        "w": 14,
        "l": {},
        "c": "1Kg 7:1*9873",
        "a": "f"
    },
    {
        "o": 10040,
        "r": "csb:1 Kings:10:5",
        "w": 4,
        "l": {},
        "c": "1Kg 4:22–23*9796",
        "a": "g"
    },
    {
        "o": 10042,
        "r": "csb:1 Kings:10:7",
        "w": 31,
        "l": {},
        "c": "1Ch 29:25*12399",
        "a": "h"
    },
    {
        "o": 10043,
        "r": "csb:1 Kings:10:8",
        "w": 4,
        "l": {},
        "t": "10:8*r LXX, Syr read your wives",
        "a": "i"
    },
    {
        "o": 10043,
        "r": "csb:1 Kings:10:8",
        "w": 20,
        "l": {},
        "c": "Pr 8:34*18630",
        "a": "j"
    },
    {
        "o": 10044,
        "r": "csb:1 Kings:10:9",
        "w": 17,
        "l": {},
        "c": "2Sm 22:20*9527; 1Kg 5:7*9818",
        "a": "k"
    },
    {
        "o": 10044,
        "r": "csb:1 Kings:10:9",
        "w": 25,
        "l": {},
        "c": "1Ch 17:22*12062; 2Ch 2:11*12438",
        "a": "l"
    },
    {
        "o": 10044,
        "r": "csb:1 Kings:10:9",
        "w": 36,
        "l": {},
        "c": "2Sm 8:15*9090",
        "a": "m"
    },
    {
        "o": 10045,
        "r": "csb:1 Kings:10:10",
        "w": 9,
        "l": {},
        "t": "10:10*r Lit 120 talents",
        "a": "n"
    },
    {
        "o": 10045,
        "r": "csb:1 Kings:10:10",
        "w": 11,
        "l": {},
        "c": "1Kg 9:28*10033",
        "a": "o"
    },
    {
        "o": 10046,
        "r": "csb:1 Kings:10:11",
        "w": 16,
        "l": {},
        "t": "10:11*r = algum in 2Ch 2:8; 9:10–11",
        "a": "p"
    },
    {
        "o": 10046,
        "r": "csb:1 Kings:10:11",
        "w": 20,
        "l": {},
        "c": "1Kg 9:27–28*10032",
        "a": "q"
    },
    {
        "o": 10048,
        "r": "csb:1 Kings:10:13",
        "w": 34,
        "l": {},
        "c": "2Ch 9:11–12*12616",
        "a": "r"
    },
    {
        "o": 10050,
        "r": "csb:1 Kings:10:14",
        "w": 1,
        "l": {},
        "c": "2Ch 9:13–24*12619",
        "a": "s"
    },
    {
        "o": 10050,
        "r": "csb:1 Kings:10:14",
        "w": 11,
        "l": {},
        "t": "10:14*r Lit 666 talents",
        "a": "t"
    },
    {
        "o": 10051,
        "r": "csb:1 Kings:10:15",
        "w": 4,
        "l": {},
        "c": "2Ch 1:16*12423",
        "a": "u"
    },
    {
        "o": 10051,
        "r": "csb:1 Kings:10:15",
        "w": 16,
        "l": {},
        "c": "1Kg 9:28*10033; 10:2*10037",
        "a": "v"
    },
    {
        "o": 10052,
        "r": "csb:1 Kings:10:16",
        "w": 11,
        "l": {},
        "t": "10:16*r Lit 600 (shekels)",
        "a": "w"
    },
    {
        "o": 10053,
        "r": "csb:1 Kings:10:17",
        "w": 11,
        "l": {},
        "t": "10:17*r Lit three minas",
        "a": "x"
    },
    {
        "o": 10053,
        "r": "csb:1 Kings:10:17",
        "w": 29,
        "l": {},
        "c": "1Kg 7:2–5*9874",
        "a": "y"
    },
    {
        "o": 10057,
        "r": "csb:1 Kings:10:21",
        "w": 19,
        "l": {},
        "c": "1Kg 7:2–5*9874",
        "a": "z"
    },
    {
        "o": 10057,
        "r": "csb:1 Kings:10:21",
        "w": 22,
        "l": {},
        "c": "1Kg 9:28*10033",
        "a": "a"
    },
    {
        "o": 10058,
        "r": "csb:1 Kings:10:22",
        "w": 6,
        "l": {},
        "c": "Jnh 1:3*25377",
        "a": "b"
    },
    {
        "o": 10058,
        "r": "csb:1 Kings:10:22",
        "w": 29,
        "l": {},
        "t": "10:22*r Or baboons",
        "a": "c"
    },
    {
        "o": 10058,
        "r": "csb:1 Kings:10:22",
        "w": 29,
        "l": {},
        "c": "1Kg 9:26–28*10031; 22:48*10532",
        "a": "d"
    },
    {
        "o": 10059,
        "r": "csb:1 Kings:10:23",
        "w": 13,
        "l": {},
        "c": "1Kg 3:13*9755",
        "a": "e"
    },
    {
        "o": 10060,
        "r": "csb:1 Kings:10:24",
        "w": 18,
        "l": {},
        "c": "1Kg 3:28*9771; 10:1*10036",
        "a": "f"
    },
    {
        "o": 10061,
        "r": "csb:1 Kings:10:25",
        "w": 7,
        "l": {},
        "t": "10:25*r Or vessels, or weapons",
        "a": "g"
    },
    {
        "o": 10061,
        "r": "csb:1 Kings:10:25",
        "w": 13,
        "l": {},
        "t": "10:25*r Or fragrant balsam",
        "a": "h"
    },
    {
        "o": 10061,
        "r": "csb:1 Kings:10:25",
        "w": 18,
        "l": {},
        "c": "2Ch 9:22–24*12628",
        "a": "i"
    },
    {
        "o": 10062,
        "r": "csb:1 Kings:10:26",
        "w": 6,
        "l": {},
        "c": "1Kg 4:26*9800",
        "a": "j"
    },
    {
        "o": 10062,
        "r": "csb:1 Kings:10:26",
        "w": 19,
        "l": {},
        "c": "1Kg 9:19*10023",
        "a": "k"
    },
    {
        "o": 10063,
        "r": "csb:1 Kings:10:27",
        "w": 9,
        "l": {},
        "c": "Dt 17:17*5929",
        "a": "l"
    },
    {
        "o": 10063,
        "r": "csb:1 Kings:10:27",
        "w": 13,
        "l": {},
        "c": "1Kg 5:10*9821; 2Ch 1:15*12422",
        "a": "m"
    },
    {
        "o": 10064,
        "r": "csb:1 Kings:10:28",
        "w": 7,
        "l": {},
        "t": "10:28*r = Cilicia",
        "a": "n"
    },
    {
        "o": 10064,
        "r": "csb:1 Kings:10:28",
        "w": 18,
        "l": {},
        "c": "Dt 17:16*5928; 2Ch 9:28*12635",
        "a": "o"
    },
    {
        "o": 10065,
        "r": "csb:1 Kings:10:29",
        "w": 8,
        "l": {},
        "t": "10:29*r Lit 600 shekels",
        "a": "p"
    },
    {
        "o": 10065,
        "r": "csb:1 Kings:10:29",
        "w": 16,
        "l": {},
        "t": "10:29*r Lit 150 shekels",
        "a": "q"
    },
    {
        "o": 10065,
        "r": "csb:1 Kings:10:29",
        "w": 39,
        "l": {},
        "c": "2Ch 1:17*12424",
        "a": "r"
    }
]
