[
    {
        "o": 8493,
        "r": "csb:1 Samuel:18:1",
        "w": 14,
        "l": {},
        "t": "18:1*r Lit the life of Jonathan was bound to the life of David",
        "a": "a"
    },
    {
        "o": 8493,
        "r": "csb:1 Samuel:18:1",
        "w": 23,
        "l": {},
        "c": "1Sm 20:17*8569; 2Sm 1:26*8898",
        "a": "b"
    },
    {
        "o": 8495,
        "r": "csb:1 Samuel:18:3",
        "w": 5,
        "l": {},
        "c": "1Sm 20:8,16*8560; 23:18*8660",
        "a": "c"
    },
    {
        "o": 8496,
        "r": "csb:1 Samuel:18:4",
        "w": 12,
        "l": {},
        "c": "Gn 41:42*1360",
        "a": "d"
    },
    {
        "o": 8498,
        "r": "csb:1 Samuel:18:6",
        "w": 27,
        "l": {},
        "c": "Ex 15:20–21*2138; Jdg 11:34*7601",
        "a": "e"
    },
    {
        "o": 8499,
        "r": "csb:1 Samuel:18:7",
        "w": 16,
        "l": {},
        "c": "1Sm 21:11*8608; 29:5*8816",
        "a": "f"
    },
    {
        "o": 8500,
        "r": "csb:1 Samuel:18:8",
        "w": 30,
        "l": {},
        "c": "1Sm 15:28*8397; 24:20*8693",
        "a": "g"
    },
    {
        "o": 8503,
        "r": "csb:1 Samuel:18:10",
        "w": 12,
        "l": {},
        "c": "1Sm 16:14*8421; 19:9*8535",
        "a": "h"
    },
    {
        "o": 8503,
        "r": "csb:1 Samuel:18:10",
        "w": 17,
        "l": {},
        "t": "18:10*r Or prophesy",
        "a": "i"
    },
    {
        "o": 8503,
        "r": "csb:1 Samuel:18:10",
        "w": 27,
        "l": {},
        "c": "1Sm 16:23*8430",
        "a": "j"
    },
    {
        "o": 8503,
        "r": "csb:1 Samuel:18:10",
        "w": 33,
        "l": {},
        "c": "1Sm 19:9*8535",
        "a": "k"
    },
    {
        "o": 8504,
        "r": "csb:1 Samuel:18:11",
        "w": 10,
        "l": {},
        "c": "1Sm 19:10*8536; 20:33*8585",
        "a": "l"
    },
    {
        "o": 8505,
        "r": "csb:1 Samuel:18:12",
        "w": 4,
        "l": {},
        "c": "1Sm 18:15,29*8508",
        "a": "m"
    },
    {
        "o": 8505,
        "r": "csb:1 Samuel:18:12",
        "w": 10,
        "l": {},
        "c": "1Sm 16:13,18*8420",
        "a": "n"
    },
    {
        "o": 8505,
        "r": "csb:1 Samuel:18:12",
        "w": 14,
        "l": {},
        "c": "1Sm 16:14*8421; 17:36,47*8468; 2Sm 5:2*8993",
        "a": "o"
    },
    {
        "o": 8506,
        "r": "csb:1 Samuel:18:13",
        "w": 18,
        "l": {},
        "c": "2Sm 5:2*8993",
        "a": "p"
    },
    {
        "o": 8507,
        "r": "csb:1 Samuel:18:14",
        "w": 14,
        "l": {},
        "c": "1Sm 3:19*8073; 16:18*8425",
        "a": "q"
    },
    {
        "o": 8509,
        "r": "csb:1 Samuel:18:16",
        "w": 6,
        "l": {},
        "c": "1Sm 18:5*8497",
        "a": "r"
    },
    {
        "o": 8510,
        "r": "csb:1 Samuel:18:17",
        "w": 16,
        "l": {},
        "c": "1Sm 17:25*8457",
        "a": "s"
    },
    {
        "o": 8510,
        "r": "csb:1 Samuel:18:17",
        "w": 29,
        "l": {},
        "c": "Nm 21:14*4790; 1Sm 17:36–37*8468; 25:28*8725",
        "a": "t"
    },
    {
        "o": 8510,
        "r": "csb:1 Samuel:18:17",
        "w": 51,
        "l": {},
        "c": "1Sm 18:21,25*8515",
        "a": "u"
    },
    {
        "o": 8511,
        "r": "csb:1 Samuel:18:18",
        "w": 5,
        "l": {},
        "c": "1Sm 9:21*8204; 18:23*8517; 2Sm 7:18*9062",
        "a": "v"
    },
    {
        "o": 8512,
        "r": "csb:1 Samuel:18:19",
        "w": 20,
        "l": {},
        "c": "Jdg 7:22*7439; 2Sm 21:8*9489; 1Kg 19:16*10395",
        "a": "w"
    },
    {
        "o": 8514,
        "r": "csb:1 Samuel:18:20",
        "w": 3,
        "l": {},
        "c": "1Sm 18:28*8522",
        "a": "x"
    },
    {
        "o": 8515,
        "r": "csb:1 Samuel:18:21",
        "w": 22,
        "l": {},
        "c": "1Sm 18:17*8510",
        "a": "y"
    },
    {
        "o": 8515,
        "r": "csb:1 Samuel:18:21",
        "w": 36,
        "l": {},
        "c": "1Sm 18:20*8514",
        "a": "z"
    },
    {
        "o": 8517,
        "r": "csb:1 Samuel:18:23",
        "w": 26,
        "l": {},
        "c": "Gn 29:20*902; 34:12*1093",
        "a": "a"
    },
    {
        "o": 8519,
        "r": "csb:1 Samuel:18:25",
        "w": 12,
        "l": {},
        "c": "Gn 34:12*1093; Ex 22:17*2351",
        "a": "b"
    },
    {
        "o": 8519,
        "r": "csb:1 Samuel:18:25",
        "w": 23,
        "l": {},
        "c": "1Sm 14:24*8338",
        "a": "c"
    },
    {
        "o": 8519,
        "r": "csb:1 Samuel:18:25",
        "w": 36,
        "l": {},
        "c": "1Sm 18:17*8510",
        "a": "d"
    },
    {
        "o": 8521,
        "r": "csb:1 Samuel:18:27",
        "w": 9,
        "l": {},
        "t": "18:27*r LXX reads 100",
        "a": "e"
    },
    {
        "o": 8521,
        "r": "csb:1 Samuel:18:27",
        "w": 38,
        "l": {},
        "c": "2Sm 3:14*8949",
        "a": "f"
    },
    {
        "o": 8522,
        "r": "csb:1 Samuel:18:28",
        "w": 1,
        "l": {},
        "t": "18:28*r Lit saw and knew",
        "a": "g"
    },
    {
        "o": 8524,
        "r": "csb:1 Samuel:18:30",
        "w": 8,
        "l": {},
        "c": "2Sm 11:1*9132",
        "a": "h"
    },
    {
        "o": 8524,
        "r": "csb:1 Samuel:18:30",
        "w": 17,
        "l": {},
        "c": "1Sm 18:5*8497",
        "a": "i"
    }
]
