[
    {
        "o": 9691,
        "r": "csb:1 Kings:2:1",
        "w": 7,
        "l": {},
        "c": "Gn 47:29*1593; Nm 27:13*5023",
        "a": "a"
    },
    {
        "o": 9692,
        "r": "csb:1 Kings:2:2",
        "w": 12,
        "l": {},
        "c": "Jos 23:14*7167",
        "a": "b"
    },
    {
        "o": 9692,
        "r": "csb:1 Kings:2:2",
        "w": 18,
        "l": {},
        "c": "Jos 1:6–7,9*6469; 1Sm 4:9*8087",
        "a": "c"
    },
    {
        "o": 9693,
        "r": "csb:1 Kings:2:3",
        "w": 40,
        "l": {},
        "c": "Dt 29:9*6284; 1Ch 22:12–13*12166",
        "a": "d"
    },
    {
        "o": 9694,
        "r": "csb:1 Kings:2:4",
        "w": 31,
        "l": {},
        "c": "Dt 6:5*5600; Mt 22:37*27001",
        "a": "e"
    },
    {
        "o": 9694,
        "r": "csb:1 Kings:2:4",
        "w": 44,
        "l": {},
        "c": "2Sm 7:12–13*9055; 1Kg 8:25*9958; 9:5*10007",
        "a": "f"
    },
    {
        "o": 9695,
        "r": "csb:1 Kings:2:5",
        "w": 10,
        "l": {},
        "c": "2Sm 18:5,12,14*9377",
        "a": "g"
    },
    {
        "o": 9695,
        "r": "csb:1 Kings:2:5",
        "w": 25,
        "l": {},
        "c": "2Sm 3:27*8963",
        "a": "h"
    },
    {
        "o": 9695,
        "r": "csb:1 Kings:2:5",
        "w": 30,
        "l": {},
        "c": "2Sm 20:10*9463",
        "a": "i"
    },
    {
        "o": 9695,
        "r": "csb:1 Kings:2:5",
        "w": 59,
        "l": {},
        "t": "2:5*r LXX, Old Lat read on my waistband and... my feet; v. 31",
        "a": "j"
    },
    {
        "o": 9697,
        "r": "csb:1 Kings:2:7",
        "w": 19,
        "l": {},
        "c": "2Sm 9:7*9102; 19:28*9436",
        "a": "k"
    },
    {
        "o": 9697,
        "r": "csb:1 Kings:2:7",
        "w": 30,
        "l": {},
        "c": "2Sm 19:31–39*9439",
        "a": "l"
    },
    {
        "o": 9698,
        "r": "csb:1 Kings:2:8",
        "w": 27,
        "l": {},
        "c": "2Sm 16:5–13*9320",
        "a": "m"
    },
    {
        "o": 9698,
        "r": "csb:1 Kings:2:8",
        "w": 54,
        "l": {},
        "c": "2Sm 19:16–23*9424",
        "a": "n"
    },
    {
        "o": 9700,
        "r": "csb:1 Kings:2:10",
        "w": 5,
        "l": {},
        "c": "Ac 2:29*30521; 13:36*31002",
        "a": "o"
    },
    {
        "o": 9700,
        "r": "csb:1 Kings:2:10",
        "w": 13,
        "l": {},
        "c": "2Sm 5:7*8998",
        "a": "p"
    },
    {
        "o": 9701,
        "r": "csb:1 Kings:2:11",
        "w": 21,
        "l": {},
        "c": "2Sm 5:4–5*8995; 1Ch 29:27*12401",
        "a": "q"
    },
    {
        "o": 9702,
        "r": "csb:1 Kings:2:12",
        "w": 14,
        "l": {},
        "c": "1Kg 2:46*9740; 1Ch 17:14*12053",
        "a": "r"
    },
    {
        "o": 9704,
        "r": "csb:1 Kings:2:13",
        "w": 4,
        "l": {},
        "c": "1Kg 1:5,51–53*9637",
        "a": "s"
    },
    {
        "o": 9704,
        "r": "csb:1 Kings:2:13",
        "w": 18,
        "l": {},
        "c": "1Sm 16:4–5*8410",
        "a": "t"
    },
    {
        "o": 9705,
        "r": "csb:1 Kings:2:14",
        "w": 7,
        "l": {},
        "t": "2:14*r Lit then said, “I have a word for you.”",
        "a": "u"
    },
    {
        "o": 9706,
        "r": "csb:1 Kings:2:15",
        "w": 5,
        "l": {},
        "c": "1Kg 1:11*9644",
        "a": "v"
    },
    {
        "o": 9706,
        "r": "csb:1 Kings:2:15",
        "w": 24,
        "l": {},
        "c": "1Kg 1:38–46*9672",
        "a": "w"
    },
    {
        "o": 9706,
        "r": "csb:1 Kings:2:15",
        "w": 31,
        "l": {},
        "c": "1Ch 23:9–10*12184; 28:5,7*12352; Dn 2:21*24498; 4:17*24582; Jn 19:11*30353; Rm 13:1*31995",
        "a": "x"
    },
    {
        "o": 9707,
        "r": "csb:1 Kings:2:16",
        "w": 12,
        "l": {},
        "t": "2:16*r Lit don’t make me turn my face",
        "a": "y"
    },
    {
        "o": 9708,
        "r": "csb:1 Kings:2:17",
        "w": 19,
        "l": {},
        "c": "1Kg 1:3–4,15*9634",
        "a": "z"
    },
    {
        "o": 9710,
        "r": "csb:1 Kings:2:19",
        "w": 35,
        "l": {},
        "c": "2Sm 15:16*9291; 1Kg 15:13*10236",
        "a": "a"
    },
    {
        "o": 9710,
        "r": "csb:1 Kings:2:19",
        "w": 43,
        "l": {},
        "c": "Ps 110:1*17629; Mt 20:21*26891",
        "a": "b"
    },
    {
        "o": 9713,
        "r": "csb:1 Kings:2:22",
        "w": 19,
        "l": {},
        "c": "1Kg 1:6*9638; 1Ch 3:2,5*11494",
        "a": "c"
    },
    {
        "o": 9713,
        "r": "csb:1 Kings:2:22",
        "w": 28,
        "l": {},
        "c": "2Sm 16:20–22*9336",
        "a": "d"
    },
    {
        "o": 9713,
        "r": "csb:1 Kings:2:22",
        "w": 38,
        "l": {},
        "t": "2:22*r LXX, Vg, Syr read kingship for him, and on his side are Abiathar the priest and Joab son of Zeruiah",
        "a": "e"
    },
    {
        "o": 9713,
        "r": "csb:1 Kings:2:22",
        "w": 38,
        "l": {},
        "c": "1Kg 1:7*9639",
        "a": "f"
    },
    {
        "o": 9714,
        "r": "csb:1 Kings:2:23",
        "w": 16,
        "l": {},
        "c": "Ru 1:17*7907; 1Sm 3:17*8071",
        "a": "g"
    },
    {
        "o": 9715,
        "r": "csb:1 Kings:2:24",
        "w": 27,
        "l": {},
        "c": "2Sm 7:11–13*9054",
        "a": "h"
    },
    {
        "o": 9716,
        "r": "csb:1 Kings:2:25",
        "w": 7,
        "l": {},
        "c": "1Kg 1:8,26,38*9640",
        "a": "i"
    },
    {
        "o": 9718,
        "r": "csb:1 Kings:2:26",
        "w": 6,
        "l": {},
        "c": "1Kg 1:7,19*9639",
        "a": "j"
    },
    {
        "o": 9718,
        "r": "csb:1 Kings:2:26",
        "w": 12,
        "l": {},
        "c": "Jos 21:18*7081; Jr 1:1*21227",
        "a": "k"
    },
    {
        "o": 9718,
        "r": "csb:1 Kings:2:26",
        "w": 42,
        "l": {},
        "c": "2Sm 15:24–25,29*9299",
        "a": "l"
    },
    {
        "o": 9718,
        "r": "csb:1 Kings:2:26",
        "w": 51,
        "l": {},
        "c": "1Sm 22:20–23*8635; 2Sm 19:11*9419",
        "a": "m"
    },
    {
        "o": 9719,
        "r": "csb:1 Kings:2:27",
        "w": 22,
        "l": {},
        "c": "1Sm 2:31–35*8047",
        "a": "n"
    },
    {
        "o": 9721,
        "r": "csb:1 Kings:2:28",
        "w": 8,
        "l": {},
        "c": "1Kg 1:7*9639",
        "a": "o"
    },
    {
        "o": 9721,
        "r": "csb:1 Kings:2:28",
        "w": 11,
        "l": {},
        "c": "2Sm 18:1–5*9373",
        "a": "p"
    },
    {
        "o": 9721,
        "r": "csb:1 Kings:2:28",
        "w": 26,
        "l": {},
        "c": "Ex 21:12–14*2304; 1Kg 1:50*9685",
        "a": "q"
    },
    {
        "o": 9722,
        "r": "csb:1 Kings:2:29",
        "w": 21,
        "l": {},
        "t": "2:29*r LXX adds Joab a message: “What is the matter with you, that you have fled to the altar?” And Joab replied, “Because I feared you, I have fled to the Lord.” And Solomon the king sent",
        "a": "r"
    },
    {
        "o": 9722,
        "r": "csb:1 Kings:2:29",
        "w": 25,
        "l": {},
        "c": "1Kg 1:8*9640",
        "a": "s"
    },
    {
        "o": 9722,
        "r": "csb:1 Kings:2:29",
        "w": 33,
        "l": {},
        "c": "Ex 12:12,14*2017; 2Sm 3:27*8963; 18:14*9387; 20:10*9463",
        "a": "t"
    },
    {
        "o": 9723,
        "r": "csb:1 Kings:2:30",
        "w": 17,
        "l": {},
        "c": "Ex 21:14*2306",
        "a": "u"
    },
    {
        "o": 9724,
        "r": "csb:1 Kings:2:31",
        "w": 34,
        "l": {},
        "c": "Nm 35:33*5361; Dt 21:8–9*6014",
        "a": "v"
    },
    {
        "o": 9725,
        "r": "csb:1 Kings:2:32",
        "w": 33,
        "l": {},
        "c": "2Sm 3:26–27*8962",
        "a": "w"
    },
    {
        "o": 9725,
        "r": "csb:1 Kings:2:32",
        "w": 42,
        "l": {},
        "c": "2Sm 20:8–10*9461",
        "a": "x"
    },
    {
        "o": 9726,
        "r": "csb:1 Kings:2:33",
        "w": 13,
        "l": {},
        "t": "2:33*r Lit Their blood will return on the head of Joab and on the head of his seed",
        "a": "y"
    },
    {
        "o": 9726,
        "r": "csb:1 Kings:2:33",
        "w": 32,
        "l": {},
        "c": "2Sm 3:28–29*8964",
        "a": "z"
    },
    {
        "o": 9727,
        "r": "csb:1 Kings:2:34",
        "w": 3,
        "l": {},
        "c": "2Kg 2:25*10587",
        "a": "a"
    },
    {
        "o": 9727,
        "r": "csb:1 Kings:2:34",
        "w": 22,
        "l": {},
        "c": "2Sm 2:32*8933",
        "a": "b"
    },
    {
        "o": 9728,
        "r": "csb:1 Kings:2:35",
        "w": 13,
        "l": {},
        "c": "1Kg 4:4*9777",
        "a": "c"
    },
    {
        "o": 9730,
        "r": "csb:1 Kings:2:36",
        "w": 4,
        "l": {},
        "c": "2Sm 16:5–13*9320; 1Kg 2:8–9*9698",
        "a": "d"
    },
    {
        "o": 9731,
        "r": "csb:1 Kings:2:37",
        "w": 10,
        "l": {},
        "c": "Jn 18:1*30293",
        "a": "e"
    },
    {
        "o": 9731,
        "r": "csb:1 Kings:2:37",
        "w": 26,
        "l": {},
        "c": "Gn 2:17*52; 2Sm 1:16*8888",
        "a": "f"
    },
    {
        "o": 9733,
        "r": "csb:1 Kings:2:39",
        "w": 15,
        "l": {},
        "c": "1Sm 27:2*8772",
        "a": "g"
    },
    {
        "o": 9733,
        "r": "csb:1 Kings:2:39",
        "w": 21,
        "l": {},
        "c": "Jos 13:3*6805; 1Sm 6:16–17*8133; 21:10*8607",
        "a": "h"
    },
    {
        "o": 9738,
        "r": "csb:1 Kings:2:44",
        "w": 16,
        "l": {},
        "c": "1Kg 2:8–9*9698",
        "a": "i"
    },
    {
        "o": 9739,
        "r": "csb:1 Kings:2:45",
        "w": 15,
        "l": {},
        "c": "2Sm 7:13*9056",
        "a": "j"
    },
    {
        "o": 9740,
        "r": "csb:1 Kings:2:46",
        "w": 26,
        "l": {},
        "c": "1Kg 2:12*9703; 2Ch 1:1*12407",
        "a": "k"
    }
]
