[
    {
        "o": 12121,
        "r": "csb:1 Chronicles:21:1",
        "w": 0,
        "l": {},
        "t": "21:1*r Or An adversary; Jb 1:6; Zch 3:1–2",
        "a": "a"
    },
    {
        "o": 12121,
        "r": "csb:1 Chronicles:21:1",
        "w": 0,
        "l": {},
        "c": "Jb 1:6*14327; Zch 3:1–2*25830",
        "a": "b"
    },
    {
        "o": 12121,
        "r": "csb:1 Chronicles:21:1",
        "w": 7,
        "l": {},
        "c": "2Sm 24:1–10*9603",
        "a": "c"
    },
    {
        "o": 12122,
        "r": "csb:1 Chronicles:21:2",
        "w": 30,
        "l": {},
        "c": "1Ch 27:23–24*12334",
        "a": "d"
    },
    {
        "o": 12123,
        "r": "csb:1 Chronicles:21:3",
        "w": 14,
        "l": {},
        "c": "Dt 1:11*5392",
        "a": "e"
    },
    {
        "o": 12125,
        "r": "csb:1 Chronicles:21:5",
        "w": 19,
        "l": {},
        "t": "21:5*r Lit men drawing the sword",
        "a": "f"
    },
    {
        "o": 12128,
        "r": "csb:1 Chronicles:21:8",
        "w": 25,
        "l": {},
        "c": "2Sm 12:13*9174",
        "a": "g"
    },
    {
        "o": 12130,
        "r": "csb:1 Chronicles:21:9",
        "w": 0,
        "l": {},
        "c": "2Sm 24:11–17*9614",
        "a": "h"
    },
    {
        "o": 12130,
        "r": "csb:1 Chronicles:21:9",
        "w": 4,
        "l": {},
        "c": "1Ch 29:29*12403",
        "a": "i"
    },
    {
        "o": 12130,
        "r": "csb:1 Chronicles:21:9",
        "w": 6,
        "l": {},
        "c": "1Sm 9:9*8192; 2Sm 24:11*9614; 1Ch 25:5*12248",
        "a": "j"
    },
    {
        "o": 12134,
        "r": "csb:1 Chronicles:21:13",
        "w": 19,
        "l": {},
        "c": "Ps 51:1*16363; 130:4,7*18059",
        "a": "k"
    },
    {
        "o": 12136,
        "r": "csb:1 Chronicles:21:15",
        "w": 19,
        "l": {},
        "t": "21:15*r Lit but as he was destroying",
        "a": "l"
    },
    {
        "o": 12136,
        "r": "csb:1 Chronicles:21:15",
        "w": 26,
        "l": {},
        "c": "Ex 32:14*2713; 1Sm 15:11*8380; 2Sm 24:16*9619; Am 7:3,6*25294; Jnh 3:9–10*25414",
        "a": "m"
    },
    {
        "o": 12136,
        "r": "csb:1 Chronicles:21:15",
        "w": 55,
        "l": {},
        "t": "21:15–28*r = Araunah in 2Sm 24:16–24",
        "a": "n"
    },
    {
        "o": 12137,
        "r": "csb:1 Chronicles:21:16",
        "w": 33,
        "l": {},
        "c": "1Kg 21:27*10477",
        "a": "o"
    },
    {
        "o": 12140,
        "r": "csb:1 Chronicles:21:18",
        "w": 7,
        "l": {},
        "c": "2Sm 24:18–25*9622",
        "a": "p"
    },
    {
        "o": 12140,
        "r": "csb:1 Chronicles:21:18",
        "w": 28,
        "l": {},
        "c": "2Ch 3:1*12449",
        "a": "q"
    },
    {
        "o": 12145,
        "r": "csb:1 Chronicles:21:23",
        "w": 14,
        "l": {},
        "t": "21:23*r Lit do what is good in his eyes",
        "a": "r"
    },
    {
        "o": 12147,
        "r": "csb:1 Chronicles:21:25",
        "w": 7,
        "l": {},
        "t": "21:25*r Lit 600 shekels of gold by weight",
        "a": "s"
    },
    {
        "o": 12148,
        "r": "csb:1 Chronicles:21:26",
        "w": 33,
        "l": {},
        "c": "Lv 9:24*3296; Jdg 6:21*7392",
        "a": "t"
    },
    {
        "o": 12151,
        "r": "csb:1 Chronicles:21:29",
        "w": 23,
        "l": {},
        "c": "1Kg 3:4*9746; 1Ch 16:39*12033",
        "a": "u"
    }
]
