[
    {
        "o": 11597,
        "r": "csb:1 Chronicles:6:1",
        "w": 0,
        "l": {},
        "c": "Gn 46:11*1536; Ex 6:16,18,20,23*1842; Nm 26:57–60*4999",
        "a": "a"
    },
    {
        "o": 11597,
        "r": "csb:1 Chronicles:6:1",
        "w": 2,
        "l": {},
        "t": "6:1*r In Hb Levi’s son’s name is spelled “Gershon” here and many other places",
        "a": "b"
    },
    {
        "o": 11600,
        "r": "csb:1 Chronicles:6:4",
        "w": 2,
        "l": {},
        "c": "Ex 6:25*1851",
        "a": "c"
    },
    {
        "o": 11611,
        "r": "csb:1 Chronicles:6:15",
        "w": 17,
        "l": {},
        "c": "2Kg 24:1–2,10,14*11317; 25:1,8,11,21*11342; 1Ch 9:1*11772",
        "a": "d"
    },
    {
        "o": 11612,
        "r": "csb:1 Chronicles:6:16",
        "w": 0,
        "l": {},
        "c": "Ex 6:16–19*1842",
        "a": "e"
    },
    {
        "o": 11624,
        "r": "csb:1 Chronicles:6:28",
        "w": 4,
        "l": {},
        "t": "6:28*r Some LXX mss, Syr, Arabic; other Hb mss omit Joel; 1Sm 8:2",
        "a": "f"
    },
    {
        "o": 11624,
        "r": "csb:1 Chronicles:6:28",
        "w": 4,
        "l": {},
        "c": "1Sm 8:2*8161",
        "a": "g"
    },
    {
        "o": 11628,
        "r": "csb:1 Chronicles:6:31",
        "w": 14,
        "l": {},
        "c": "1Ch 15:16–22*11979; 16:4–6*11997",
        "a": "h"
    },
    {
        "o": 11628,
        "r": "csb:1 Chronicles:6:31",
        "w": 21,
        "l": {},
        "c": "2Sm 6:17*9035; 1Ch 15:25–16:1*11988",
        "a": "i"
    },
    {
        "o": 11647,
        "r": "csb:1 Chronicles:6:49",
        "w": 23,
        "l": {},
        "c": "Ex 27:1–8*2511",
        "a": "j"
    },
    {
        "o": 11647,
        "r": "csb:1 Chronicles:6:49",
        "w": 29,
        "l": {},
        "c": "Ex 30:1–7*2634",
        "a": "k"
    },
    {
        "o": 11647,
        "r": "csb:1 Chronicles:6:49",
        "w": 45,
        "l": {},
        "c": "Ex 30:10–16*2644",
        "a": "l"
    },
    {
        "o": 11648,
        "r": "csb:1 Chronicles:6:50",
        "w": 0,
        "l": {},
        "c": "1Ch 6:4–8*11600",
        "a": "m"
    },
    {
        "o": 11653,
        "r": "csb:1 Chronicles:6:54",
        "w": 24,
        "l": {},
        "c": "Jos 21:4,10*7066",
        "a": "n"
    },
    {
        "o": 11654,
        "r": "csb:1 Chronicles:6:55",
        "w": 0,
        "l": {},
        "c": "Jos 14:13*6855; 15:13*6873",
        "a": "o"
    },
    {
        "o": 11656,
        "r": "csb:1 Chronicles:6:57",
        "w": 3,
        "l": {},
        "c": "Jos 21:13,19*7076",
        "a": "p"
    },
    {
        "o": 11657,
        "r": "csb:1 Chronicles:6:58",
        "w": 0,
        "l": {},
        "t": "6:58*r Some Hb mss, LXX; other Hb mss read Hilez",
        "a": "q"
    },
    {
        "o": 11660,
        "r": "csb:1 Chronicles:6:61",
        "w": 17,
        "l": {},
        "c": "Jos 21:5*7067; 1Ch 6:66–70*11665",
        "a": "r"
    },
    {
        "o": 11662,
        "r": "csb:1 Chronicles:6:63",
        "w": 19,
        "l": {},
        "c": "Jos 21:7*7069; 1Ch 6:77–81*11676",
        "a": "s"
    },
    {
        "o": 11663,
        "r": "csb:1 Chronicles:6:64",
        "w": 11,
        "l": {},
        "c": "Jos 21:3,41–42*7065",
        "a": "t"
    },
    {
        "o": 11664,
        "r": "csb:1 Chronicles:6:65",
        "w": 7,
        "l": {},
        "c": "1Ch 6:57–60*11656",
        "a": "u"
    },
    {
        "o": 11665,
        "r": "csb:1 Chronicles:6:66",
        "w": 0,
        "l": {},
        "c": "Jos 21:20–40*7084",
        "a": "v"
    }
]
