[
    {
        "o": 11595,
        "r": "csb:1 Chronicles:6:0",
        "t": "1 Chronicles 6",
        "h": 1
    },
    {
        "o": 11596,
        "r": "csb:1 Chronicles:6:0",
        "t": "The Levites",
        "h": 2
    },
    {
        "o": 11597,
        "r": "csb:1 Chronicles:6:1",
        "t": "Levi’s*ln sons: Gershom, Kohath, and Merari."
    },
    {
        "o": 11598,
        "r": "csb:1 Chronicles:6:2",
        "t": "Kohath’s*ln sons: Amram, Izhar, Hebron, and Uzziel."
    },
    {
        "o": 11599,
        "r": "csb:1 Chronicles:6:3",
        "t": "Amram’s*ln children: Aaron, Moses, and Miriam. Aaron’s*ln sons: Nadab, Abihu, Eleazar, and Ithamar."
    },
    {
        "o": 11600,
        "r": "csb:1 Chronicles:6:4",
        "t": "Eleazar*ln fathered Phinehas; Phinehas*ln fathered Abishua;"
    },
    {
        "o": 11601,
        "r": "csb:1 Chronicles:6:5",
        "t": "Abishua*ln fathered Bukki; Bukki*ln fathered Uzzi;"
    },
    {
        "o": 11602,
        "r": "csb:1 Chronicles:6:6",
        "t": "Uzzi*ln fathered Zerahiah; Zerahiah*ln fathered Meraioth;"
    },
    {
        "o": 11603,
        "r": "csb:1 Chronicles:6:7",
        "t": "Meraioth*ln fathered Amariah; Amariah*ln fathered Ahitub;"
    },
    {
        "o": 11604,
        "r": "csb:1 Chronicles:6:8",
        "t": "Ahitub*ln fathered Zadok; Zadok*ln fathered Ahimaaz;"
    },
    {
        "o": 11605,
        "r": "csb:1 Chronicles:6:9",
        "t": "Ahimaaz*ln fathered Azariah; Azariah*ln fathered Johanan;"
    },
    {
        "o": 11606,
        "r": "csb:1 Chronicles:6:10",
        "t": "Johanan*ln fathered Azariah, who served as priest in the temple that Solomon built in Jerusalem;"
    },
    {
        "o": 11607,
        "r": "csb:1 Chronicles:6:11",
        "t": "Azariah*ln fathered Amariah; Amariah*ln fathered Ahitub;"
    },
    {
        "o": 11608,
        "r": "csb:1 Chronicles:6:12",
        "t": "Ahitub*ln fathered Zadok; Zadok*ln fathered Shallum;"
    },
    {
        "o": 11609,
        "r": "csb:1 Chronicles:6:13",
        "t": "Shallum*ln fathered Hilkiah; Hilkiah*ln fathered Azariah;"
    },
    {
        "o": 11610,
        "r": "csb:1 Chronicles:6:14",
        "t": "Azariah*ln fathered Seraiah; and*ln Seraiah fathered Jehozadak."
    },
    {
        "o": 11611,
        "r": "csb:1 Chronicles:6:15",
        "t": "Jehozadak*ln went into exile when the Lord*s sent Judah and Jerusalem into exile at the hands of Nebuchadnezzar."
    },
    {
        "o": 11612,
        "r": "csb:1 Chronicles:6:16",
        "t": "Levi’s*ln sons: Gershom, Kohath, and Merari."
    },
    {
        "o": 11613,
        "r": "csb:1 Chronicles:6:17",
        "t": "These*ln are the names of Gershom’s sons: Libni and Shimei."
    },
    {
        "o": 11614,
        "r": "csb:1 Chronicles:6:18",
        "t": "Kohath’s*ln sons: Amram, Izhar, Hebron and Uzziel."
    },
    {
        "o": 11615,
        "r": "csb:1 Chronicles:6:19",
        "t": "Merari’s*ln sons: Mahli and Mushi. These*ln are the Levites’ families according to their fathers:"
    },
    {
        "o": 11616,
        "r": "csb:1 Chronicles:6:20",
        "t": "Of*ln Gershom: his son Libni, his*ln son Jahath, his son Zimmah,"
    },
    {
        "o": 11617,
        "r": "csb:1 Chronicles:6:21",
        "t": "his*ln son Joah, his son Iddo, his*ln son Zerah, and his son Jeatherai."
    },
    {
        "o": 11618,
        "r": "csb:1 Chronicles:6:22",
        "t": "Kohath’s*ln sons: his son Amminadab, his*ln son Korah, his son Assir,"
    },
    {
        "o": 11619,
        "r": "csb:1 Chronicles:6:23",
        "t": "his*ln son Elkanah, his son Ebiasaph, his*ln son Assir,"
    },
    {
        "o": 11620,
        "r": "csb:1 Chronicles:6:24",
        "t": "his son Tahath, his*ln son Uriel, his son Uzziah, and*ln his son Shaul."
    },
    {
        "o": 11621,
        "r": "csb:1 Chronicles:6:25",
        "t": "Elkanah’s*ln sons: Amasai and Ahimoth,"
    },
    {
        "o": 11622,
        "r": "csb:1 Chronicles:6:26",
        "t": "his*ln son Elkanah, his son Zophai, his*ln son Nahath,"
    },
    {
        "o": 11623,
        "r": "csb:1 Chronicles:6:27",
        "t": "his son Eliab, his*ln son Jeroham, and his son Elkanah."
    },
    {
        "o": 11624,
        "r": "csb:1 Chronicles:6:28",
        "t": "Samuel’s*ln sons: his firstborn Joel, and*ln his second son Abijah."
    },
    {
        "o": 11625,
        "r": "csb:1 Chronicles:6:29",
        "t": "Merari’s*ln sons: Mahli, his son Libni, his*ln son Shimei, his son Uzzah,"
    },
    {
        "o": 11626,
        "r": "csb:1 Chronicles:6:30",
        "t": "his*ln son Shimea, his son Haggiah, and*ln his son Asaiah."
    },
    {
        "o": 11627,
        "r": "csb:1 Chronicles:6:30",
        "t": "The Musicians",
        "h": 2
    },
    {
        "o": 11628,
        "r": "csb:1 Chronicles:6:31",
        "t": "These*p are the men David put in charge of the music in the Lord’s*s temple after the ark came to rest there."
    },
    {
        "o": 11629,
        "r": "csb:1 Chronicles:6:32",
        "t": "They ministered with song in front of the tabernacle, the tent of meeting, until Solomon built the Lord’s*s temple in Jerusalem, and they performed their task according to the regulations given to them."
    },
    {
        "o": 11630,
        "r": "csb:1 Chronicles:6:33",
        "t": "These are the men who served with their sons. From*ln the Kohathites: Heman the singer, son*ln of Joel, son of Samuel,"
    },
    {
        "o": 11631,
        "r": "csb:1 Chronicles:6:34",
        "t": "son*ln of Elkanah, son of Jeroham, son*ln of Eliel, son of Toah,"
    },
    {
        "o": 11632,
        "r": "csb:1 Chronicles:6:35",
        "t": "son*ln of Zuph, son of Elkanah, son*ln of Mahath, son of Amasai,"
    },
    {
        "o": 11633,
        "r": "csb:1 Chronicles:6:36",
        "t": "son*ln of Elkanah, son of Joel, son*ln of Azariah, son of Zephaniah,"
    },
    {
        "o": 11634,
        "r": "csb:1 Chronicles:6:37",
        "t": "son*ln of Tahath, son of Assir, son*ln of Ebiasaph, son of Korah,"
    },
    {
        "o": 11635,
        "r": "csb:1 Chronicles:6:38",
        "t": "son*ln of Izhar, son of Kohath, son*ln of Levi, son of Israel."
    },
    {
        "o": 11636,
        "r": "csb:1 Chronicles:6:39",
        "t": "Heman’s*ln relative was Asaph, who stood at his right hand: Asaph*ln son of Berechiah, son of Shimea,"
    },
    {
        "o": 11637,
        "r": "csb:1 Chronicles:6:40",
        "t": "son*ln of Michael, son of Baaseiah, son*ln of Malchijah,"
    },
    {
        "o": 11638,
        "r": "csb:1 Chronicles:6:41",
        "t": "son of Ethni, son*ln of Zerah, son of Adaiah,"
    },
    {
        "o": 11639,
        "r": "csb:1 Chronicles:6:42",
        "t": "son*ln of Ethan, son of Zimmah, son*ln of Shimei,"
    },
    {
        "o": 11640,
        "r": "csb:1 Chronicles:6:43",
        "t": "son of Jahath, son*ln of Gershom, son of Levi."
    },
    {
        "o": 11641,
        "r": "csb:1 Chronicles:6:44",
        "t": "On*ln the left, their relatives were Merari’s sons: Ethan*ln son of Kishi, son of Abdi, son*ln of Malluch,"
    },
    {
        "o": 11642,
        "r": "csb:1 Chronicles:6:45",
        "t": "son of Hashabiah, son*ln of Amaziah, son of Hilkiah,"
    },
    {
        "o": 11643,
        "r": "csb:1 Chronicles:6:46",
        "t": "son*ln of Amzi, son of Bani, son*ln of Shemer,"
    },
    {
        "o": 11644,
        "r": "csb:1 Chronicles:6:47",
        "t": "son of Mahli, son*ln of Mushi, son of Merari, son*ln of Levi."
    },
    {
        "o": 11645,
        "r": "csb:1 Chronicles:6:47",
        "t": "Aaron’s Descendants",
        "h": 2
    },
    {
        "o": 11646,
        "r": "csb:1 Chronicles:6:48",
        "t": "Their*p relatives, the Levites, were assigned to all the service of the tabernacle, God’s temple."
    },
    {
        "o": 11647,
        "r": "csb:1 Chronicles:6:49",
        "t": "But Aaron and his sons did all the work of the most holy place. They presented the offerings on the altar of burnt offerings and on the altar of incense to make atonement for Israel according to all that Moses the servant of God had commanded."
    },
    {
        "o": 11648,
        "r": "csb:1 Chronicles:6:50",
        "t": "These*ln are Aaron’s sons: his son Eleazar, his*ln son Phinehas, his son Abishua,"
    },
    {
        "o": 11649,
        "r": "csb:1 Chronicles:6:51",
        "t": "his*ln son Bukki, his son Uzzi, his*ln son Zerahiah,"
    },
    {
        "o": 11650,
        "r": "csb:1 Chronicles:6:52",
        "t": "his son Meraioth, his*ln son Amariah, his son Ahitub,"
    },
    {
        "o": 11651,
        "r": "csb:1 Chronicles:6:53",
        "t": "his*ln son Zadok, and his son Ahimaaz."
    },
    {
        "o": 11652,
        "r": "csb:1 Chronicles:6:53",
        "t": "The Settlements of the Levites",
        "h": 2
    },
    {
        "o": 11653,
        "r": "csb:1 Chronicles:6:54",
        "t": "These*p were the places assigned to Aaron’s descendants from the Kohathite family for their settlements in their territory, because the first lot was for them."
    },
    {
        "o": 11654,
        "r": "csb:1 Chronicles:6:55",
        "t": "They were given Hebron in the land of Judah and its surrounding pasturelands,"
    },
    {
        "o": 11655,
        "r": "csb:1 Chronicles:6:56",
        "t": "but the fields and settlements around the city were given to Caleb son of Jephunneh."
    },
    {
        "o": 11656,
        "r": "csb:1 Chronicles:6:57",
        "t": "Aaron’s descendants were given: Hebron*p (a city of refuge), Libnah and its pasturelands, Jattir, Eshtemoa and its pasturelands,"
    },
    {
        "o": 11657,
        "r": "csb:1 Chronicles:6:58",
        "t": "Hilen and its pasturelands, Debir and its pasturelands,"
    },
    {
        "o": 11658,
        "r": "csb:1 Chronicles:6:59",
        "t": "Ashan and its pasturelands, and Beth-shemesh and its pasturelands."
    },
    {
        "o": 11659,
        "r": "csb:1 Chronicles:6:60",
        "t": "From the tribe of Benjamin they were given Geba and its pasturelands, Alemeth and its pasturelands, and Anathoth and its pasturelands. They had thirteen towns in all among their families."
    },
    {
        "o": 11660,
        "r": "csb:1 Chronicles:6:61",
        "t": "To*p the rest of the Kohathites, ten towns from half the tribe of Manasseh were assigned by lot."
    },
    {
        "o": 11661,
        "r": "csb:1 Chronicles:6:62",
        "t": "The*p Gershomites were assigned thirteen towns from the tribes of Issachar, Asher, Naphtali, and Manasseh in Bashan according to their families."
    },
    {
        "o": 11662,
        "r": "csb:1 Chronicles:6:63",
        "t": "The*p Merarites were assigned by lot twelve towns from the tribes of Reuben, Gad, and Zebulun according to their families."
    },
    {
        "o": 11663,
        "r": "csb:1 Chronicles:6:64",
        "t": "So the Israelites gave these towns and their pasturelands to the Levites."
    },
    {
        "o": 11664,
        "r": "csb:1 Chronicles:6:65",
        "t": "They assigned by lot the towns named above from the tribes of the descendants of Judah, Simeon, and Benjamin."
    },
    {
        "o": 11665,
        "r": "csb:1 Chronicles:6:66",
        "t": "Some*p of the families of the Kohathites were given towns from the tribe of Ephraim for their territory:"
    },
    {
        "o": 11666,
        "r": "csb:1 Chronicles:6:67",
        "t": "Shechem*p (a city of refuge) with its pasturelands in the hill country of Ephraim, Gezer and its pasturelands,"
    },
    {
        "o": 11667,
        "r": "csb:1 Chronicles:6:68",
        "t": "Jokmeam and its pasturelands, Beth-horon and its pasturelands,"
    },
    {
        "o": 11668,
        "r": "csb:1 Chronicles:6:69",
        "t": "Aijalon and its pasturelands, and Gath-rimmon and its pasturelands."
    },
    {
        "o": 11669,
        "r": "csb:1 Chronicles:6:70",
        "t": "From half the tribe of Manasseh, Aner and its pasturelands, and Bileam and its pasturelands were given to the rest of the families of the Kohathites."
    },
    {
        "o": 11670,
        "r": "csb:1 Chronicles:6:71",
        "t": "The*p Gershomites received: Golan*p in Bashan and its pasturelands, and Ashtaroth and its pasturelands from the families of half the tribe of Manasseh."
    },
    {
        "o": 11671,
        "r": "csb:1 Chronicles:6:72",
        "t": "From the tribe of Issachar they received Kedesh and its pasturelands, Daberath and its pasturelands,"
    },
    {
        "o": 11672,
        "r": "csb:1 Chronicles:6:73",
        "t": "Ramoth and its pasturelands, and Anem and its pasturelands."
    },
    {
        "o": 11673,
        "r": "csb:1 Chronicles:6:74",
        "t": "From the tribe of Asher they received Mashal and its pasturelands, Abdon and its pasturelands,"
    },
    {
        "o": 11674,
        "r": "csb:1 Chronicles:6:75",
        "t": "Hukok and its pasturelands, and Rehob and its pasturelands."
    },
    {
        "o": 11675,
        "r": "csb:1 Chronicles:6:76",
        "t": "From the tribe of Naphtali they received Kedesh in Galilee and its pasturelands, Hammon and its pasturelands, and Kiriathaim and its pasturelands."
    },
    {
        "o": 11676,
        "r": "csb:1 Chronicles:6:77",
        "t": "The*p rest of the Merarites received: From*p the tribe of Zebulun they received Rimmono and its pasturelands and Tabor and its pasturelands."
    },
    {
        "o": 11677,
        "r": "csb:1 Chronicles:6:78",
        "t": "From the tribe of Reuben across the Jordan at Jericho, to the east of the Jordan, they received Bezer in the desert and its pasturelands, Jahzah and its pasturelands,"
    },
    {
        "o": 11678,
        "r": "csb:1 Chronicles:6:79",
        "t": "Kedemoth and its pasturelands, and Mephaath and its pasturelands."
    },
    {
        "o": 11679,
        "r": "csb:1 Chronicles:6:80",
        "t": "From the tribe of Gad they received Ramoth in Gilead and its pasturelands, Mahanaim and its pasturelands,"
    },
    {
        "o": 11680,
        "r": "csb:1 Chronicles:6:81",
        "t": "Heshbon and its pasturelands, and Jazer and its pasturelands."
    }
]
