[
    {
        "o": 12154,
        "r": "csb:1 Chronicles:22:1",
        "w": 20,
        "l": {},
        "c": "1Ch 21:18–28*12140; 2Ch 3:1*12449",
        "a": "a"
    },
    {
        "o": 12156,
        "r": "csb:1 Chronicles:22:2",
        "w": 15,
        "l": {},
        "c": "1Kg 9:20–21*10024; 2Ch 2:17*12445",
        "a": "b"
    },
    {
        "o": 12156,
        "r": "csb:1 Chronicles:22:2",
        "w": 27,
        "l": {},
        "c": "1Kg 5:17–18*9829",
        "a": "c"
    },
    {
        "o": 12157,
        "r": "csb:1 Chronicles:22:3",
        "w": 27,
        "l": {},
        "c": "1Ch 29:2,7*12372",
        "a": "d"
    },
    {
        "o": 12158,
        "r": "csb:1 Chronicles:22:4",
        "w": 18,
        "l": {},
        "c": "1Kg 5:6–10*9817",
        "a": "e"
    },
    {
        "o": 12159,
        "r": "csb:1 Chronicles:22:5",
        "w": 31,
        "l": {},
        "c": "1Ch 29:1*12371",
        "a": "f"
    },
    {
        "o": 12161,
        "r": "csb:1 Chronicles:22:7",
        "w": 22,
        "l": {},
        "c": "2Sm 7:2–3*9045; 1Ch 17:1–2*12040; 28:2*12349",
        "a": "g"
    },
    {
        "o": 12162,
        "r": "csb:1 Chronicles:22:8",
        "w": 39,
        "l": {},
        "c": "1Ch 28:3*12350",
        "a": "h"
    },
    {
        "o": 12163,
        "r": "csb:1 Chronicles:22:9",
        "w": 24,
        "l": {},
        "c": "1Kg 4:20,25*9794",
        "a": "i"
    },
    {
        "o": 12163,
        "r": "csb:1 Chronicles:22:9",
        "w": 30,
        "l": {},
        "t": "22:9*r In Hb, the name Solomon sounds like “peace.”",
        "a": "j"
    },
    {
        "o": 12163,
        "r": "csb:1 Chronicles:22:9",
        "w": 30,
        "l": {},
        "c": "2Sm 12:24–25*9188",
        "a": "k"
    },
    {
        "o": 12163,
        "r": "csb:1 Chronicles:22:9",
        "w": 42,
        "l": {},
        "c": "1Ch 28:5*12352",
        "a": "l"
    },
    {
        "o": 12164,
        "r": "csb:1 Chronicles:22:10",
        "w": 33,
        "l": {},
        "c": "2Sm 7:13–14*9056; 1Ch 17:12–13*12051; 28:6–7*12353",
        "a": "m"
    },
    {
        "o": 12165,
        "r": "csb:1 Chronicles:22:11",
        "w": 8,
        "l": {},
        "c": "1Ch 22:16*12170",
        "a": "n"
    },
    {
        "o": 12166,
        "r": "csb:1 Chronicles:22:12",
        "w": 29,
        "l": {},
        "c": "1Kg 3:9–12*9751; 2Ch 1:10–12*12416",
        "a": "o"
    },
    {
        "o": 12167,
        "r": "csb:1 Chronicles:22:13",
        "w": 17,
        "l": {},
        "c": "1Ch 28:7*12354",
        "a": "p"
    },
    {
        "o": 12167,
        "r": "csb:1 Chronicles:22:13",
        "w": 26,
        "l": {},
        "c": "Jos 1:6–9*6469",
        "a": "q"
    },
    {
        "o": 12168,
        "r": "csb:1 Chronicles:22:14",
        "w": 21,
        "l": {},
        "t": "22:14*r Lit 100,000 talents of gold and 1,000,000 talents of silver",
        "a": "r"
    },
    {
        "o": 12168,
        "r": "csb:1 Chronicles:22:14",
        "w": 21,
        "l": {},
        "c": "1Ch 29:4*12374",
        "a": "s"
    },
    {
        "o": 12170,
        "r": "csb:1 Chronicles:22:16",
        "w": 18,
        "l": {},
        "c": "1Ch 22:11*12165",
        "a": "t"
    },
    {
        "o": 12172,
        "r": "csb:1 Chronicles:22:18",
        "w": 17,
        "l": {},
        "c": "1Ch 22:9*12163; 23:25*12200",
        "a": "u"
    },
    {
        "o": 12173,
        "r": "csb:1 Chronicles:22:19",
        "w": 12,
        "l": {},
        "c": "1Ch 28:9*12356",
        "a": "v"
    },
    {
        "o": 12173,
        "r": "csb:1 Chronicles:22:19",
        "w": 44,
        "l": {},
        "c": "1Kg 8:6,21*9938; 2Ch 5:7*12504",
        "a": "w"
    },
    {
        "o": 12173,
        "r": "csb:1 Chronicles:22:19",
        "w": 50,
        "l": {},
        "c": "1Ch 22:7*12161",
        "a": "x"
    }
]
