[
    {
        "o": 11491,
        "r": "csb:1 Chronicles:3:0",
        "t": "1 Chronicles 3",
        "h": 1
    },
    {
        "o": 11492,
        "r": "csb:1 Chronicles:3:0",
        "t": "David’s Descendants",
        "h": 2
    },
    {
        "o": 11493,
        "r": "csb:1 Chronicles:3:1",
        "t": "These*ln were David’s sons who were born to him in Hebron: Amnon*ln was the firstborn, by Ahinoam of Jezreel; Daniel*ln was born second, by Abigail of Carmel;"
    },
    {
        "o": 11494,
        "r": "csb:1 Chronicles:3:2",
        "t": "Absalom*ln son of Maacah, daughter of King Talmai of Geshur, was third; Adonijah*ln son of Haggith was fourth;"
    },
    {
        "o": 11495,
        "r": "csb:1 Chronicles:3:3",
        "t": "Shephatiah,*ln by Abital, was fifth; and*ln Ithream, by David’s wife Eglah, was sixth."
    },
    {
        "o": 11496,
        "r": "csb:1 Chronicles:3:4",
        "t": "Six*ln sons were born to David in Hebron, where he reigned seven years and six months, and he reigned in Jerusalem thirty-three years."
    },
    {
        "o": 11497,
        "r": "csb:1 Chronicles:3:5",
        "t": "These*ln sons were born to him in Jerusalem: Shimea,*ln Shobab, Nathan, and Solomon. These four were born to him by Bath-shua daughter of Ammiel."
    },
    {
        "o": 11498,
        "r": "csb:1 Chronicles:3:6",
        "t": "David’s*ln other sons: Ibhar, Elishua, Eliphelet,"
    },
    {
        "o": 11499,
        "r": "csb:1 Chronicles:3:7",
        "t": "Nogah, Nepheg, Japhia,"
    },
    {
        "o": 11500,
        "r": "csb:1 Chronicles:3:8",
        "t": "Elishama, Eliada, and Eliphelet - nine sons."
    },
    {
        "o": 11501,
        "r": "csb:1 Chronicles:3:9",
        "t": "These*ln were all David’s sons, with their sister Tamar, in addition to the sons by his concubines."
    },
    {
        "o": 11502,
        "r": "csb:1 Chronicles:3:9",
        "t": "Judah’s Kings",
        "h": 2
    },
    {
        "o": 11503,
        "r": "csb:1 Chronicles:3:10",
        "t": "Solomon’s*ln son was Rehoboam; his*ln son was Abijah, his son Asa, his*ln son Jehoshaphat,"
    },
    {
        "o": 11504,
        "r": "csb:1 Chronicles:3:11",
        "t": "his son Jehoram, his*ln son Ahaziah, his son Joash,"
    },
    {
        "o": 11505,
        "r": "csb:1 Chronicles:3:12",
        "t": "his*ln son Amaziah, his son Azariah, his*ln son Jotham,"
    },
    {
        "o": 11506,
        "r": "csb:1 Chronicles:3:13",
        "t": "his son Ahaz, his*ln son Hezekiah, his son Manasseh,"
    },
    {
        "o": 11507,
        "r": "csb:1 Chronicles:3:14",
        "t": "his*ln son Amon, and his son Josiah."
    },
    {
        "o": 11508,
        "r": "csb:1 Chronicles:3:15",
        "t": "Josiah’s*ln sons: Johanan*ln was the firstborn, Jehoiakim second, Zedekiah*ln third, and Shallum fourth."
    },
    {
        "o": 11509,
        "r": "csb:1 Chronicles:3:16",
        "t": "Jehoiakim’s*ln sons: his*ln sons Jeconiah and Zedekiah."
    },
    {
        "o": 11510,
        "r": "csb:1 Chronicles:3:16",
        "t": "David’s Line after the Exile",
        "h": 2
    },
    {
        "o": 11511,
        "r": "csb:1 Chronicles:3:17",
        "t": "The*ln sons of Jeconiah the captive: his*ln sons Shealtiel,"
    },
    {
        "o": 11512,
        "r": "csb:1 Chronicles:3:18",
        "t": "Malchiram, Pedaiah, Shenazzar, Jekamiah, Hoshama, and Nedabiah."
    },
    {
        "o": 11513,
        "r": "csb:1 Chronicles:3:19",
        "t": "Pedaiah’s*ln sons: Zerubbabel and Shimei. Zerubbabel’s*ln sons: Meshullam and Hananiah, with their sister Shelomith;"
    },
    {
        "o": 11514,
        "r": "csb:1 Chronicles:3:20",
        "t": "and five others - Hashubah, Ohel, Berechiah, Hasadiah, and Jushab-hesed."
    },
    {
        "o": 11515,
        "r": "csb:1 Chronicles:3:21",
        "t": "Hananiah’s*ln descendants: Pelatiah, Jeshaiah, and the sons of Rephaiah, Arnan, Obadiah, and Shecaniah."
    },
    {
        "o": 11516,
        "r": "csb:1 Chronicles:3:22",
        "t": "The*ln son of Shecaniah: Shemaiah. Shemaiah’s*ln sons: Hattush, Igal, Bariah, Neariah, and Shaphat - six."
    },
    {
        "o": 11517,
        "r": "csb:1 Chronicles:3:23",
        "t": "Neariah’s*ln sons: Elioenai, Hizkiah, and Azrikam - three."
    },
    {
        "o": 11518,
        "r": "csb:1 Chronicles:3:24",
        "t": "Elioenai’s*ln sons: Hodaviah, Eliashib, Pelaiah, Akkub, Johanan, Delaiah, and Anani - seven."
    }
]
