[
    {
        "o": 12641,
        "r": "csb:2 Chronicles:10:1",
        "w": 4,
        "l": {},
        "c": "1Kg 12:1–20*10115",
        "a": "a"
    },
    {
        "o": 12642,
        "r": "csb:2 Chronicles:10:2",
        "w": 24,
        "l": {},
        "c": "1Kg 11:40*10109",
        "a": "b"
    },
    {
        "o": 12651,
        "r": "csb:2 Chronicles:10:11",
        "w": 27,
        "l": {},
        "t": "10:11*r Lit with scorpions, also in v. 14",
        "a": "c"
    },
    {
        "o": 12654,
        "r": "csb:2 Chronicles:10:14",
        "w": 16,
        "l": {},
        "t": "10:14*r Some Hb mss, LXX; other Hb mss read I will make your yoke heavy; 1Kg 12:14",
        "a": "d"
    },
    {
        "o": 12654,
        "r": "csb:2 Chronicles:10:14",
        "w": 16,
        "l": {},
        "c": "1Kg 12:14*10128",
        "a": "e"
    },
    {
        "o": 12655,
        "r": "csb:2 Chronicles:10:15",
        "w": 15,
        "l": {},
        "c": "2Ch 25:16–20*13021",
        "a": "f"
    },
    {
        "o": 12655,
        "r": "csb:2 Chronicles:10:15",
        "w": 38,
        "l": {},
        "c": "1Kg 11:29–39*10097",
        "a": "g"
    },
    {
        "o": 12656,
        "r": "csb:2 Chronicles:10:16",
        "w": 0,
        "l": {},
        "c": "2Sm 20:1–2*9454",
        "a": "h"
    },
    {
        "o": 12656,
        "r": "csb:2 Chronicles:10:16",
        "w": 3,
        "l": {},
        "t": "10:16*r Some Hb mss, LXX; other Hb mss omit saw; 1Kg 12:16",
        "a": "i"
    },
    {
        "o": 12656,
        "r": "csb:2 Chronicles:10:16",
        "w": 3,
        "l": {},
        "c": "1Kg 12:16*10130",
        "a": "j"
    },
    {
        "o": 12658,
        "r": "csb:2 Chronicles:10:18",
        "w": 4,
        "l": {},
        "t": "10:18*r = Adoram in 1Kg 12:18",
        "a": "k"
    },
    {
        "o": 12658,
        "r": "csb:2 Chronicles:10:18",
        "w": 4,
        "l": {},
        "c": "1Kg 4:6*9779; 5:14*9826; 12:18*10132",
        "a": "l"
    }
]
