[
    {
        "o": 12907,
        "r": "csb:2 Chronicles:21:1",
        "w": 18,
        "l": {},
        "t": "21:1*r = Joram",
        "a": "a"
    },
    {
        "o": 12907,
        "r": "csb:2 Chronicles:21:1",
        "w": 23,
        "l": {},
        "c": "1Kg 22:50*10535",
        "a": "b"
    },
    {
        "o": 12908,
        "r": "csb:2 Chronicles:21:2",
        "w": 22,
        "l": {},
        "t": "21:2*r Some Hb mss, LXX, Syr, Vg, Arabic; other Hb mss read Israel",
        "a": "c"
    },
    {
        "o": 12909,
        "r": "csb:2 Chronicles:21:3",
        "w": 16,
        "l": {},
        "c": "2Ch 11:5*12667",
        "a": "d"
    },
    {
        "o": 12912,
        "r": "csb:2 Chronicles:21:5",
        "w": 0,
        "l": {},
        "c": "2Kg 8:17–22*10778",
        "a": "e"
    },
    {
        "o": 12913,
        "r": "csb:2 Chronicles:21:6",
        "w": 16,
        "l": {},
        "c": "1Kg 12:28–30*10144",
        "a": "f"
    },
    {
        "o": 12913,
        "r": "csb:2 Chronicles:21:6",
        "w": 22,
        "l": {},
        "c": "2Ch 18:1*12811",
        "a": "g"
    },
    {
        "o": 12914,
        "r": "csb:2 Chronicles:21:7",
        "w": 26,
        "l": {},
        "c": "2Sm 7:12–17*9055; 1Kg 11:13*10081",
        "a": "h"
    },
    {
        "o": 12914,
        "r": "csb:2 Chronicles:21:7",
        "w": 30,
        "l": {},
        "t": "21:7*r Or dominion",
        "a": "i"
    },
    {
        "o": 12914,
        "r": "csb:2 Chronicles:21:7",
        "w": 30,
        "l": {},
        "c": "1Kg 11:36*10104; 15:4*10226",
        "a": "j"
    },
    {
        "o": 12918,
        "r": "csb:2 Chronicles:21:11",
        "w": 4,
        "l": {},
        "c": "1Kg 11:7*10074",
        "a": "k"
    },
    {
        "o": 12918,
        "r": "csb:2 Chronicles:21:11",
        "w": 7,
        "l": {},
        "t": "21:11*r Some Hb mss, LXX, Vg read cities",
        "a": "l"
    },
    {
        "o": 12918,
        "r": "csb:2 Chronicles:21:11",
        "w": 19,
        "l": {},
        "c": "Lv 20:5*3673",
        "a": "m"
    },
    {
        "o": 12920,
        "r": "csb:2 Chronicles:21:12",
        "w": 34,
        "l": {},
        "c": "2Ch 17:3–4*12790",
        "a": "n"
    },
    {
        "o": 12920,
        "r": "csb:2 Chronicles:21:12",
        "w": 43,
        "l": {},
        "c": "2Ch 14:2–5*12732",
        "a": "o"
    },
    {
        "o": 12921,
        "r": "csb:2 Chronicles:21:13",
        "w": 10,
        "l": {},
        "c": "2Ch 21:6*12913",
        "a": "p"
    },
    {
        "o": 12921,
        "r": "csb:2 Chronicles:21:13",
        "w": 26,
        "l": {},
        "c": "1Kg 16:31–33*10295",
        "a": "q"
    },
    {
        "o": 12921,
        "r": "csb:2 Chronicles:21:13",
        "w": 34,
        "l": {},
        "c": "2Ch 21:4*12911",
        "a": "r"
    },
    {
        "o": 12923,
        "r": "csb:2 Chronicles:21:15",
        "w": 25,
        "l": {},
        "c": "2Ch 21:18–19*12927",
        "a": "s"
    },
    {
        "o": 12925,
        "r": "csb:2 Chronicles:21:16",
        "w": 10,
        "l": {},
        "c": "2Ch 17:11*12800; 22:1*12932",
        "a": "t"
    },
    {
        "o": 12925,
        "r": "csb:2 Chronicles:21:16",
        "w": 18,
        "l": {},
        "c": "2Ch 33:11*13249",
        "a": "u"
    },
    {
        "o": 12926,
        "r": "csb:2 Chronicles:21:17",
        "w": 35,
        "l": {},
        "t": "21:17*r LXX, Syr, Tg read Ahaziah",
        "a": "v"
    },
    {
        "o": 12926,
        "r": "csb:2 Chronicles:21:17",
        "w": 35,
        "l": {},
        "c": "2Ch 25:23*13028",
        "a": "w"
    },
    {
        "o": 12928,
        "r": "csb:2 Chronicles:21:19",
        "w": 23,
        "l": {},
        "t": "21:19*r Lit evil",
        "a": "x"
    },
    {
        "o": 12928,
        "r": "csb:2 Chronicles:21:19",
        "w": 43,
        "l": {},
        "c": "2Ch 16:14*12785",
        "a": "y"
    },
    {
        "o": 12929,
        "r": "csb:2 Chronicles:21:20",
        "w": 0,
        "l": {},
        "c": "2Kg 8:17,24*10778",
        "a": "z"
    },
    {
        "o": 12929,
        "r": "csb:2 Chronicles:21:20",
        "w": 20,
        "l": {},
        "t": "21:20*r Lit He walked in no desirability",
        "a": "a"
    },
    {
        "o": 12929,
        "r": "csb:2 Chronicles:21:20",
        "w": 20,
        "l": {},
        "c": "Jr 22:18,28*21841; Pr 11:10*18697",
        "a": "b"
    },
    {
        "o": 12929,
        "r": "csb:2 Chronicles:21:20",
        "w": 36,
        "l": {},
        "c": "2Ch 24:25*12999",
        "a": "c"
    }
]
