[
    {
        "o": 8140,
        "r": "csb:1 Samuel:7:1",
        "w": 20,
        "l": {},
        "c": "2Sm 6:3–4*9021",
        "a": "a"
    },
    {
        "o": 8143,
        "r": "csb:1 Samuel:7:3",
        "w": 4,
        "l": {},
        "c": "Ex 20:3*2264",
        "a": "b"
    },
    {
        "o": 8143,
        "r": "csb:1 Samuel:7:3",
        "w": 9,
        "l": {},
        "c": "Dt 13:4*5804; 1Ch 19:3*12091",
        "a": "c"
    },
    {
        "o": 8143,
        "r": "csb:1 Samuel:7:3",
        "w": 13,
        "l": {},
        "c": "Dt 6:5*5600; 30:10*6318; Jl 2:12–14*25125",
        "a": "d"
    },
    {
        "o": 8143,
        "r": "csb:1 Samuel:7:3",
        "w": 19,
        "l": {},
        "c": "Jos 24:14,23*7186; Jdg 10:16*7561",
        "a": "e"
    },
    {
        "o": 8143,
        "r": "csb:1 Samuel:7:3",
        "w": 36,
        "l": {},
        "c": "Dt 6:13*5609; Mt 4:10*26192",
        "a": "f"
    },
    {
        "o": 8144,
        "r": "csb:1 Samuel:7:4",
        "w": 8,
        "l": {},
        "c": "Jdg 2:13*7263",
        "a": "g"
    },
    {
        "o": 8145,
        "r": "csb:1 Samuel:7:5",
        "w": 6,
        "l": {},
        "c": "Jdg 20:1*7813",
        "a": "h"
    },
    {
        "o": 8145,
        "r": "csb:1 Samuel:7:5",
        "w": 16,
        "l": {},
        "c": "1Sm 8:6*8165; 12:17,19,23*8276",
        "a": "i"
    },
    {
        "o": 8146,
        "r": "csb:1 Samuel:7:6",
        "w": 15,
        "l": {},
        "c": "1Sm 1:15*7999; Ps 62:8*16539; Lm 2:19*22874",
        "a": "j"
    },
    {
        "o": 8146,
        "r": "csb:1 Samuel:7:6",
        "w": 19,
        "l": {},
        "c": "Lv 16:29*3571; Neh 9:1*13927",
        "a": "k"
    },
    {
        "o": 8146,
        "r": "csb:1 Samuel:7:6",
        "w": 29,
        "l": {},
        "c": "Jdg 10:10*7555",
        "a": "l"
    },
    {
        "o": 8149,
        "r": "csb:1 Samuel:7:9",
        "w": 5,
        "l": {},
        "c": "Lv 22:27*3754",
        "a": "m"
    },
    {
        "o": 8149,
        "r": "csb:1 Samuel:7:9",
        "w": 31,
        "l": {},
        "c": "Ps 99:6*17316; Jr 15:1*21654",
        "a": "n"
    },
    {
        "o": 8150,
        "r": "csb:1 Samuel:7:10",
        "w": 17,
        "l": {},
        "c": "1Sm 2:10*8025; 2Sm 22:14*9521",
        "a": "o"
    },
    {
        "o": 8150,
        "r": "csb:1 Samuel:7:10",
        "w": 34,
        "l": {},
        "c": "Ex 23:27*2398; Jos 10:10*6712; Jdg 4:15*7326",
        "a": "p"
    },
    {
        "o": 8152,
        "r": "csb:1 Samuel:7:12",
        "w": 8,
        "l": {},
        "c": "Jos 4:9*6539",
        "a": "q"
    },
    {
        "o": 8152,
        "r": "csb:1 Samuel:7:12",
        "w": 16,
        "l": {},
        "t": "7:12*r = Stone of Help",
        "a": "r"
    },
    {
        "o": 8153,
        "r": "csb:1 Samuel:7:13",
        "w": 4,
        "l": {},
        "c": "Jdg 13:1–15*7628",
        "a": "s"
    },
    {
        "o": 8153,
        "r": "csb:1 Samuel:7:13",
        "w": 5,
        "l": {},
        "t": "7:13*r LXX reads The Lord humbled the Philistines and they",
        "a": "t"
    },
    {
        "o": 8153,
        "r": "csb:1 Samuel:7:13",
        "w": 11,
        "l": {},
        "c": "1Sm 13:5*8291",
        "a": "u"
    },
    {
        "o": 8155,
        "r": "csb:1 Samuel:7:15",
        "w": 5,
        "l": {},
        "c": "1Sm 7:6*8146; 12:11*8270",
        "a": "v"
    },
    {
        "o": 8157,
        "r": "csb:1 Samuel:7:17",
        "w": 5,
        "l": {},
        "c": "1Sm 1:1,19*7985; 2:11*8027",
        "a": "w"
    }
]
