[
    {
        "o": 10003,
        "r": "csb:1 Kings:9:1",
        "w": 8,
        "l": {},
        "c": "2Ch 7:11–22*12570",
        "a": "a"
    },
    {
        "o": 10003,
        "r": "csb:1 Kings:9:1",
        "w": 18,
        "l": {},
        "c": "1Kg 7:1–2*9873; 2Ch 7:11*12570",
        "a": "b"
    },
    {
        "o": 10004,
        "r": "csb:1 Kings:9:2",
        "w": 16,
        "l": {},
        "c": "1Kg 3:5*9747; 11:9*10076",
        "a": "c"
    },
    {
        "o": 10005,
        "r": "csb:1 Kings:9:3",
        "w": 26,
        "l": {},
        "t": "9:3*r Or by putting",
        "a": "d"
    },
    {
        "o": 10005,
        "r": "csb:1 Kings:9:3",
        "w": 30,
        "l": {},
        "c": "1Kg 8:29*9962",
        "a": "e"
    },
    {
        "o": 10005,
        "r": "csb:1 Kings:9:3",
        "w": 41,
        "l": {},
        "c": "2Ch 6:40*12554",
        "a": "f"
    },
    {
        "o": 10006,
        "r": "csb:1 Kings:9:4",
        "w": 36,
        "l": {},
        "c": "1Kg 3:6,14*9748; 11:4,6*10071; 1Ch 28:9*12356",
        "a": "g"
    },
    {
        "o": 10007,
        "r": "csb:1 Kings:9:5",
        "w": 27,
        "l": {},
        "c": "2Sm 7:12,15–16*9055; 1Kg 2:4*9694",
        "a": "h"
    },
    {
        "o": 10008,
        "r": "csb:1 Kings:9:6",
        "w": 37,
        "l": {},
        "c": "Dt 28:15*6220; 1Kg 11:10*10077; 1Ch 28:9*12356",
        "a": "i"
    },
    {
        "o": 10009,
        "r": "csb:1 Kings:9:7",
        "w": 10,
        "l": {},
        "c": "Lv 26:33*3924; Dt 28:63*6268",
        "a": "j"
    },
    {
        "o": 10009,
        "r": "csb:1 Kings:9:7",
        "w": 14,
        "l": {},
        "t": "9:7*r Lit send from my presence",
        "a": "k"
    },
    {
        "o": 10009,
        "r": "csb:1 Kings:9:7",
        "w": 22,
        "l": {},
        "c": "Dt 12:5*5770; 1Kg 8:20*9952",
        "a": "l"
    },
    {
        "o": 10009,
        "r": "csb:1 Kings:9:7",
        "w": 35,
        "l": {},
        "c": "Dt 28:37*6242",
        "a": "m"
    },
    {
        "o": 10010,
        "r": "csb:1 Kings:9:8",
        "w": 5,
        "l": {},
        "t": "9:8*r Some ancient versions read temple will become a ruin",
        "a": "n"
    },
    {
        "o": 10010,
        "r": "csb:1 Kings:9:8",
        "w": 15,
        "l": {},
        "t": "9:8*r Lit hiss",
        "a": "o"
    },
    {
        "o": 10010,
        "r": "csb:1 Kings:9:8",
        "w": 30,
        "l": {},
        "c": "Lv 26:32*3923; Dt 29:24*6300; Mt 23:38*27051",
        "a": "p"
    },
    {
        "o": 10011,
        "r": "csb:1 Kings:9:9",
        "w": 46,
        "l": {},
        "c": "Dt 29:25*6301; 31:29*6360",
        "a": "q"
    },
    {
        "o": 10013,
        "r": "csb:1 Kings:9:10",
        "w": 20,
        "l": {},
        "c": "1Kg 6:38*9870; 7:1*9873; 2Ch 8:1*12584",
        "a": "r"
    },
    {
        "o": 10014,
        "r": "csb:1 Kings:9:11",
        "w": 3,
        "l": {},
        "c": "1Kg 5:1*9812",
        "a": "s"
    },
    {
        "o": 10014,
        "r": "csb:1 Kings:9:11",
        "w": 13,
        "l": {},
        "c": "Dt 17:17*5929",
        "a": "t"
    },
    {
        "o": 10014,
        "r": "csb:1 Kings:9:11",
        "w": 17,
        "l": {},
        "c": "1Kg 5:10*9821",
        "a": "u"
    },
    {
        "o": 10016,
        "r": "csb:1 Kings:9:13",
        "w": 19,
        "l": {},
        "t": "9:13*r = Like Nothing",
        "a": "v"
    },
    {
        "o": 10016,
        "r": "csb:1 Kings:9:13",
        "w": 25,
        "l": {},
        "c": "2Ch 8:2*12585",
        "a": "w"
    },
    {
        "o": 10017,
        "r": "csb:1 Kings:9:14",
        "w": 8,
        "l": {},
        "t": "9:14*r Lit 120 talents",
        "a": "x"
    },
    {
        "o": 10017,
        "r": "csb:1 Kings:9:14",
        "w": 10,
        "l": {},
        "c": "Dt 17:17*5929",
        "a": "y"
    },
    {
        "o": 10019,
        "r": "csb:1 Kings:9:15",
        "w": 7,
        "l": {},
        "c": "1Kg 5:13–16*9825",
        "a": "z"
    },
    {
        "o": 10019,
        "r": "csb:1 Kings:9:15",
        "w": 23,
        "l": {},
        "c": "2Sm 5:9*9000",
        "a": "a"
    },
    {
        "o": 10019,
        "r": "csb:1 Kings:9:15",
        "w": 27,
        "l": {},
        "c": "1Kg 3:1*9743",
        "a": "b"
    },
    {
        "o": 10019,
        "r": "csb:1 Kings:9:15",
        "w": 29,
        "l": {},
        "c": "Jos 11:1*6750",
        "a": "c"
    },
    {
        "o": 10019,
        "r": "csb:1 Kings:9:15",
        "w": 30,
        "l": {},
        "c": "Jos 17:11*6950",
        "a": "d"
    },
    {
        "o": 10019,
        "r": "csb:1 Kings:9:15",
        "w": 32,
        "l": {},
        "c": "Jdg 1:29*7240",
        "a": "e"
    },
    {
        "o": 10020,
        "r": "csb:1 Kings:9:16",
        "w": 31,
        "l": {},
        "c": "1Kg 3:1*9743; 7:8*9880",
        "a": "f"
    },
    {
        "o": 10021,
        "r": "csb:1 Kings:9:17",
        "w": 5,
        "l": {},
        "c": "Jos 16:3*6929; 2Ch 8:5*12588",
        "a": "g"
    },
    {
        "o": 10022,
        "r": "csb:1 Kings:9:18",
        "w": 0,
        "l": {},
        "c": "Jos 19:44*7041",
        "a": "h"
    },
    {
        "o": 10022,
        "r": "csb:1 Kings:9:18",
        "w": 1,
        "l": {},
        "t": "9:18*r Alt Hb traditions, LXX, Syr, Tg, Vg read Tadmor; 2Ch 8:4",
        "a": "i"
    },
    {
        "o": 10022,
        "r": "csb:1 Kings:9:18",
        "w": 1,
        "l": {},
        "t": "9:18*r Tamar was a city in southern Judah; Ezk 47:19; 48:28.",
        "a": "j"
    },
    {
        "o": 10023,
        "r": "csb:1 Kings:9:19",
        "w": 10,
        "l": {},
        "c": "1Kg 10:26*10062",
        "a": "k"
    },
    {
        "o": 10023,
        "r": "csb:1 Kings:9:19",
        "w": 13,
        "l": {},
        "c": "1Kg 4:26*9800",
        "a": "l"
    },
    {
        "o": 10023,
        "r": "csb:1 Kings:9:19",
        "w": 19,
        "l": {},
        "c": "1Kg 9:1*10003",
        "a": "m"
    },
    {
        "o": 10025,
        "r": "csb:1 Kings:9:21",
        "w": 17,
        "l": {},
        "c": "Jdg 1:21–36*7231; 3:1*7276; 2Ch 8:7–8*12590",
        "a": "n"
    },
    {
        "o": 10025,
        "r": "csb:1 Kings:9:21",
        "w": 29,
        "l": {},
        "c": "Jdg 1:28,35*7239; Ezr 2:55,58*13436",
        "a": "o"
    },
    {
        "o": 10026,
        "r": "csb:1 Kings:9:22",
        "w": 8,
        "l": {},
        "c": "Lv 25:39*3873",
        "a": "p"
    },
    {
        "o": 10027,
        "r": "csb:1 Kings:9:23",
        "w": 3,
        "l": {},
        "c": "1Kg 5:16*9828",
        "a": "q"
    },
    {
        "o": 10027,
        "r": "csb:1 Kings:9:23",
        "w": 16,
        "l": {},
        "c": "2Ch 8:9–10*12592",
        "a": "r"
    },
    {
        "o": 10029,
        "r": "csb:1 Kings:9:24",
        "w": 7,
        "l": {},
        "c": "2Sm 5:7*8998",
        "a": "s"
    },
    {
        "o": 10029,
        "r": "csb:1 Kings:9:24",
        "w": 16,
        "l": {},
        "c": "1Kg 7:8*9880; 2Ch 8:11*12595",
        "a": "t"
    },
    {
        "o": 10029,
        "r": "csb:1 Kings:9:24",
        "w": 21,
        "l": {},
        "c": "1Kg 9:15*10019; 11:27*10095; 2Ch 32:5*13202",
        "a": "u"
    },
    {
        "o": 10030,
        "r": "csb:1 Kings:9:25",
        "w": 29,
        "l": {},
        "c": "Dt 16:16*5900",
        "a": "v"
    },
    {
        "o": 10030,
        "r": "csb:1 Kings:9:25",
        "w": 34,
        "l": {},
        "c": "2Ch 8:16*12601",
        "a": "w"
    },
    {
        "o": 10031,
        "r": "csb:1 Kings:9:26",
        "w": 9,
        "l": {},
        "c": "Nm 33:48*5284; 1Kg 22:48*10532",
        "a": "x"
    },
    {
        "o": 10033,
        "r": "csb:1 Kings:9:28",
        "w": 3,
        "l": {},
        "c": "1Kg 10:11*10046; 22:48–49*10532",
        "a": "y"
    },
    {
        "o": 10033,
        "r": "csb:1 Kings:9:28",
        "w": 9,
        "l": {},
        "t": "9:28*r Lit 420 talents",
        "a": "z"
    },
    {
        "o": 10033,
        "r": "csb:1 Kings:9:28",
        "w": 14,
        "l": {},
        "c": "1Kg 9:11,14*10014",
        "a": "a"
    }
]
