[
    {
        "o": 32744,
        "r": "csb:2 Corinthians:7:1",
        "w": 8,
        "l": {},
        "c": "Gn 12:7*338",
        "a": "a"
    },
    {
        "o": 32744,
        "r": "csb:2 Corinthians:7:1",
        "w": 20,
        "l": {},
        "c": "Ps 51:12*16374",
        "a": "b"
    },
    {
        "o": 32744,
        "r": "csb:2 Corinthians:7:1",
        "w": 24,
        "l": {},
        "t": "7:1*r Or spirit, perfecting holiness",
        "a": "c"
    },
    {
        "o": 32744,
        "r": "csb:2 Corinthians:7:1",
        "w": 29,
        "l": {},
        "c": "Ps 147:11*18323; Pr 1:7*18377; Rv 14:7*35110",
        "a": "d"
    },
    {
        "o": 32746,
        "r": "csb:2 Corinthians:7:2",
        "w": 12,
        "l": {},
        "c": "1Co 3:17*32183; 15:33*32548; 2Co 11:3*32829; Eph 4:22*33172; 2Pt 2:12*34595; Jd 10*34801; Rv 19:2*35216",
        "a": "e"
    },
    {
        "o": 32749,
        "r": "csb:2 Corinthians:7:5",
        "w": 6,
        "l": {},
        "c": "Ac 16:9*31109",
        "a": "f"
    },
    {
        "o": 32749,
        "r": "csb:2 Corinthians:7:5",
        "w": 7,
        "l": {},
        "t": "7:5*r Lit our flesh",
        "a": "g"
    },
    {
        "o": 32749,
        "r": "csb:2 Corinthians:7:5",
        "w": 18,
        "l": {},
        "c": "Jms 4:1*34390; Ti 3:9*33926",
        "a": "h"
    },
    {
        "o": 32749,
        "r": "csb:2 Corinthians:7:5",
        "w": 22,
        "l": {},
        "c": "Jn 7:13*29789; Ac 27:29*31551",
        "a": "i"
    },
    {
        "o": 32750,
        "r": "csb:2 Corinthians:7:6",
        "w": 5,
        "l": {},
        "c": "Mt 11:29*26512",
        "a": "j"
    },
    {
        "o": 32751,
        "r": "csb:2 Corinthians:7:7",
        "w": 26,
        "l": {},
        "c": "Nm 25:13*4934",
        "a": "k"
    },
    {
        "o": 32752,
        "r": "csb:2 Corinthians:7:8",
        "w": 8,
        "l": {},
        "c": "2Co 2:2,4*32636",
        "a": "l"
    },
    {
        "o": 32754,
        "r": "csb:2 Corinthians:7:10",
        "w": 16,
        "l": {},
        "c": "Mt 10:21*26455; Jn 8:51*29890; Php 3:10*33330",
        "a": "m"
    },
    {
        "o": 32755,
        "r": "csb:2 Corinthians:7:11",
        "w": 42,
        "l": {},
        "c": "Php 4:8*33352",
        "a": "n"
    },
    {
        "o": 32757,
        "r": "csb:2 Corinthians:7:13",
        "w": 20,
        "l": {},
        "c": "Ti 1:4*33886",
        "a": "o"
    },
    {
        "o": 32758,
        "r": "csb:2 Corinthians:7:14",
        "w": 25,
        "l": {},
        "c": "Ps 119:142*17918; Jn 8:14*29850; 14:6*30162; 2Co 11:10*32836; 1Jn 5:20*34749; 3Jn 3*34772",
        "a": "p"
    }
]
