[
    {
        "o": 8079,
        "r": "csb:1 Samuel:4:1",
        "w": 9,
        "l": {},
        "t": "4:1*r LXX reads In those days the Philistines gathered together to fight against Israel, and Israel went out to engage them in battle. They",
        "a": "a"
    },
    {
        "o": 8079,
        "r": "csb:1 Samuel:4:1",
        "w": 12,
        "l": {},
        "c": "1Sm 7:12*8152",
        "a": "b"
    },
    {
        "o": 8079,
        "r": "csb:1 Samuel:4:1",
        "w": 18,
        "l": {},
        "c": "Jos 12:18*6794; 1Sm 29:1*8812",
        "a": "c"
    },
    {
        "o": 8081,
        "r": "csb:1 Samuel:4:3",
        "w": 21,
        "l": {},
        "c": "Jos 7:7–8*6612",
        "a": "d"
    },
    {
        "o": 8081,
        "r": "csb:1 Samuel:4:3",
        "w": 33,
        "l": {},
        "t": "4:3*r Or he",
        "a": "e"
    },
    {
        "o": 8081,
        "r": "csb:1 Samuel:4:3",
        "w": 43,
        "l": {},
        "c": "Nm 10:35*4424; Jos 6:6*6581",
        "a": "f"
    },
    {
        "o": 8082,
        "r": "csb:1 Samuel:4:4",
        "w": 25,
        "l": {},
        "c": "Ex 25:22*2450; Nm 7:89*4331",
        "a": "g"
    },
    {
        "o": 8083,
        "r": "csb:1 Samuel:4:5",
        "w": 23,
        "l": {},
        "c": "Jos 6:5,20*6580",
        "a": "h"
    },
    {
        "o": 8087,
        "r": "csb:1 Samuel:4:9",
        "w": 6,
        "l": {},
        "c": "1Co 16:13*32592",
        "a": "i"
    },
    {
        "o": 8087,
        "r": "csb:1 Samuel:4:9",
        "w": 16,
        "l": {},
        "c": "Jdg 13:1*7628; 1Sm 14:21*8333",
        "a": "j"
    },
    {
        "o": 8088,
        "r": "csb:1 Samuel:4:10",
        "w": 7,
        "l": {},
        "c": "Dt 28:15,25*6220; 1Sm 4:2*8080",
        "a": "k"
    },
    {
        "o": 8088,
        "r": "csb:1 Samuel:4:10",
        "w": 14,
        "l": {},
        "c": "2Sm 18:17*9390; 2Kg 14:12*10967",
        "a": "l"
    },
    {
        "o": 8089,
        "r": "csb:1 Samuel:4:11",
        "w": 13,
        "l": {},
        "c": "1Sm 2:34*8050; Ps 78:56–64*16922",
        "a": "m"
    },
    {
        "o": 8091,
        "r": "csb:1 Samuel:4:12",
        "w": 6,
        "l": {},
        "c": "Jos 7:22*6628; 1Sm 8:11*8170",
        "a": "n"
    },
    {
        "o": 8091,
        "r": "csb:1 Samuel:4:12",
        "w": 17,
        "l": {},
        "c": "Jos 7:6*6611; 2Sm 1:2*8874; 15:32*9307; Neh 9:1*13927",
        "a": "o"
    },
    {
        "o": 8092,
        "r": "csb:1 Samuel:4:13",
        "w": 13,
        "l": {},
        "c": "1Sm 1:9*7993; 4:18*8097",
        "a": "p"
    },
    {
        "o": 8094,
        "r": "csb:1 Samuel:4:15",
        "w": 12,
        "l": {},
        "t": "4:15*r Lit his eyes stood; 1Kg 14:4",
        "a": "q"
    },
    {
        "o": 8094,
        "r": "csb:1 Samuel:4:15",
        "w": 16,
        "l": {},
        "c": "1Kg 14:4*10192",
        "a": "r"
    },
    {
        "o": 8095,
        "r": "csb:1 Samuel:4:16",
        "w": 12,
        "l": {},
        "t": "4:16*r LXX reads camp",
        "a": "s"
    },
    {
        "o": 8095,
        "r": "csb:1 Samuel:4:16",
        "w": 21,
        "l": {},
        "c": "2Sm 1:4*8876",
        "a": "t"
    },
    {
        "o": 8097,
        "r": "csb:1 Samuel:4:18",
        "w": 16,
        "l": {},
        "c": "1Sm 4:13*8092",
        "a": "u"
    },
    {
        "o": 8099,
        "r": "csb:1 Samuel:4:20",
        "w": 3,
        "l": {},
        "t": "4:20*r LXX reads And in her time of delivery, she was about to die",
        "a": "v"
    },
    {
        "o": 8099,
        "r": "csb:1 Samuel:4:20",
        "w": 19,
        "l": {},
        "c": "Gn 35:16–19*1131",
        "a": "w"
    },
    {
        "o": 8100,
        "r": "csb:1 Samuel:4:21",
        "w": 4,
        "l": {},
        "t": "4:21*r = Where Is Glory?",
        "a": "x"
    },
    {
        "o": 8100,
        "r": "csb:1 Samuel:4:21",
        "w": 11,
        "l": {},
        "c": "Ps 26:8*15878; Jr 2:11*21260",
        "a": "y"
    },
    {
        "o": 8100,
        "r": "csb:1 Samuel:4:21",
        "w": 20,
        "l": {},
        "c": "1Sm 4:11*8090",
        "a": "z"
    }
]
