[
    {
        "o": 11192,
        "r": "csb:2 Kings:20:1",
        "w": 2,
        "l": {},
        "c": "Is 38:1–8*20605",
        "a": "a"
    },
    {
        "o": 11192,
        "r": "csb:2 Kings:20:1",
        "w": 6,
        "l": {},
        "c": "2Ch 32:24*13224",
        "a": "b"
    },
    {
        "o": 11192,
        "r": "csb:2 Kings:20:1",
        "w": 9,
        "l": {},
        "c": "Is 1:1*19765; 2:1*19799",
        "a": "c"
    },
    {
        "o": 11192,
        "r": "csb:2 Kings:20:1",
        "w": 38,
        "l": {},
        "c": "2Sm 17:23*9364",
        "a": "d"
    },
    {
        "o": 11193,
        "r": "csb:2 Kings:20:2",
        "w": 7,
        "l": {},
        "c": "1Kg 21:4*10453",
        "a": "e"
    },
    {
        "o": 11194,
        "r": "csb:2 Kings:20:3",
        "w": 2,
        "l": {},
        "c": "Neh 5:19*13804; 13:14,22,31*14111",
        "a": "f"
    },
    {
        "o": 11194,
        "r": "csb:2 Kings:20:3",
        "w": 17,
        "l": {},
        "t": "20:3*r Lit what is good in your eyes",
        "a": "g"
    },
    {
        "o": 11194,
        "r": "csb:2 Kings:20:3",
        "w": 17,
        "l": {},
        "c": "2Kg 18:3–6*11109",
        "a": "h"
    },
    {
        "o": 11194,
        "r": "csb:2 Kings:20:3",
        "w": 21,
        "l": {},
        "c": "2Sm 12:21–22*9184",
        "a": "i"
    },
    {
        "o": 11196,
        "r": "csb:2 Kings:20:5",
        "w": 6,
        "l": {},
        "c": "1Sm 9:16*8199; 10:1*8212",
        "a": "j"
    },
    {
        "o": 11196,
        "r": "csb:2 Kings:20:5",
        "w": 25,
        "l": {},
        "c": "Ps 39:12*16159",
        "a": "k"
    },
    {
        "o": 11197,
        "r": "csb:2 Kings:20:6",
        "w": 38,
        "l": {},
        "c": "2Kg 19:34*11186",
        "a": "l"
    },
    {
        "o": 11198,
        "r": "csb:2 Kings:20:7",
        "w": 22,
        "l": {},
        "c": "Is 38:21*20625",
        "a": "m"
    },
    {
        "o": 11199,
        "r": "csb:2 Kings:20:8",
        "w": 7,
        "l": {},
        "c": "Jdg 6:17,37,39*7388",
        "a": "n"
    },
    {
        "o": 11200,
        "r": "csb:2 Kings:20:9",
        "w": 5,
        "l": {},
        "c": "Is 38:7*20611",
        "a": "o"
    },
    {
        "o": 11202,
        "r": "csb:2 Kings:20:11",
        "w": 13,
        "l": {},
        "t": "20:11*r Lit shadow on the steps",
        "a": "p"
    },
    {
        "o": 11202,
        "r": "csb:2 Kings:20:11",
        "w": 25,
        "l": {},
        "t": "20:11*r Tg, Vg; DSS read on the steps of Ahaz’s roof chamber; Is 38:8",
        "a": "q"
    },
    {
        "o": 11202,
        "r": "csb:2 Kings:20:11",
        "w": 25,
        "l": {},
        "c": "Jos 10:12–14*6714; Is 38:8*20612",
        "a": "r"
    },
    {
        "o": 11204,
        "r": "csb:2 Kings:20:12",
        "w": 2,
        "l": {},
        "c": "Is 39:1–8*20629",
        "a": "s"
    },
    {
        "o": 11204,
        "r": "csb:2 Kings:20:12",
        "w": 3,
        "l": {},
        "t": "20:12*r Some Hb mss, LXX, Syr, Tg, some Vg mss, Is 39:1; other Hb mss read Berodach-baladan",
        "a": "t"
    },
    {
        "o": 11205,
        "r": "csb:2 Kings:20:13",
        "w": 50,
        "l": {},
        "c": "2Ch 32:27*13228",
        "a": "u"
    },
    {
        "o": 11209,
        "r": "csb:2 Kings:20:17",
        "w": 29,
        "l": {},
        "c": "2Kg 24:13*11331; 2Ch 36:10*13350",
        "a": "v"
    },
    {
        "o": 11210,
        "r": "csb:2 Kings:20:18",
        "w": 14,
        "l": {},
        "c": "2Kg 24:12*11330; 2Ch 33:11*13249",
        "a": "w"
    },
    {
        "o": 11210,
        "r": "csb:2 Kings:20:18",
        "w": 19,
        "l": {},
        "t": "20:18*r Or court officials",
        "a": "x"
    },
    {
        "o": 11210,
        "r": "csb:2 Kings:20:18",
        "w": 27,
        "l": {},
        "c": "Dn 1:3–7,11*24455",
        "a": "y"
    },
    {
        "o": 11211,
        "r": "csb:2 Kings:20:19",
        "w": 15,
        "l": {},
        "c": "1Sm 3:18*8072; 2Kg 22:20*11269",
        "a": "z"
    },
    {
        "o": 11213,
        "r": "csb:2 Kings:20:20",
        "w": 18,
        "l": {},
        "c": "Neh 3:16*13738; Is 7:3*19911",
        "a": "a"
    },
    {
        "o": 11213,
        "r": "csb:2 Kings:20:20",
        "w": 27,
        "l": {},
        "c": "2Ch 32:30*13231",
        "a": "b"
    },
    {
        "o": 11213,
        "r": "csb:2 Kings:20:20",
        "w": 36,
        "l": {},
        "c": "2Kg 16:19*11056",
        "a": "c"
    },
    {
        "o": 11214,
        "r": "csb:2 Kings:20:21",
        "w": 13,
        "l": {},
        "c": "2Ch 32:32–33*13234",
        "a": "d"
    }
]
