[
    {
        "o": 33756,
        "r": "csb:1 Timothy:6:1",
        "w": 12,
        "l": {},
        "t": "6:1*r Or owners",
        "a": "a"
    },
    {
        "o": 33756,
        "r": "csb:1 Timothy:6:1",
        "w": 21,
        "l": {},
        "c": "Jn 10:25*29971; Ac 15:14*31068; Rv 14:1*35103",
        "a": "b"
    },
    {
        "o": 33757,
        "r": "csb:1 Timothy:6:2",
        "w": 31,
        "l": {},
        "t": "6:2*r Or because, as believers who are dearly loved, they are devoted to others’ welfare",
        "a": "c"
    },
    {
        "o": 33757,
        "r": "csb:1 Timothy:6:2",
        "w": 31,
        "l": {},
        "c": "2Th 2:12*33616; 1Jn 4:16*34720",
        "a": "d"
    },
    {
        "o": 33760,
        "r": "csb:1 Timothy:6:3",
        "w": 15,
        "l": {},
        "c": "Rv 11:8*35044",
        "a": "e"
    },
    {
        "o": 33760,
        "r": "csb:1 Timothy:6:3",
        "w": 24,
        "l": {},
        "c": "2Pt 1:3*34562",
        "a": "f"
    },
    {
        "o": 33761,
        "r": "csb:1 Timothy:6:4",
        "w": 16,
        "l": {},
        "c": "2Tm 2:14,23*33821; Ti 3:9*33926",
        "a": "g"
    },
    {
        "o": 33761,
        "r": "csb:1 Timothy:6:4",
        "w": 20,
        "l": {},
        "c": "Ps 37:1*16080",
        "a": "h"
    },
    {
        "o": 33761,
        "r": "csb:1 Timothy:6:4",
        "w": 21,
        "l": {},
        "c": "Ti 3:9*33926",
        "a": "i"
    },
    {
        "o": 33761,
        "r": "csb:1 Timothy:6:4",
        "w": 22,
        "l": {},
        "c": "Rv 13:6*35087",
        "a": "j"
    },
    {
        "o": 33762,
        "r": "csb:1 Timothy:6:5",
        "w": 23,
        "l": {},
        "t": "6:5*r Other mss add From such people withdraw yourself.",
        "a": "k"
    },
    {
        "o": 33762,
        "r": "csb:1 Timothy:6:5",
        "w": 23,
        "l": {},
        "c": "Eph 4:22*33172; 2Tm 3:8*33843; Ti 1:11,15*33893",
        "a": "l"
    },
    {
        "o": 33763,
        "r": "csb:1 Timothy:6:6",
        "w": 6,
        "l": {},
        "c": "Ps 37:16*16095; Pr 15:16*18826; 16:8*18852; Php 4:11*33356; Heb 13:5*34285",
        "a": "m"
    },
    {
        "o": 33764,
        "r": "csb:1 Timothy:6:7",
        "w": 7,
        "l": {},
        "t": "6:7*r Other mss add it is clear that",
        "a": "n"
    },
    {
        "o": 33764,
        "r": "csb:1 Timothy:6:7",
        "w": 12,
        "l": {},
        "c": "Jb 1:21*14342; Ps 49:17*16330; Ec 5:15*19452",
        "a": "o"
    },
    {
        "o": 33765,
        "r": "csb:1 Timothy:6:8",
        "w": 5,
        "l": {},
        "t": "6:8*r Or food and shelter",
        "a": "p"
    },
    {
        "o": 33767,
        "r": "csb:1 Timothy:6:10",
        "w": 7,
        "l": {},
        "t": "6:10*r Or is the root",
        "a": "q"
    },
    {
        "o": 33767,
        "r": "csb:1 Timothy:6:10",
        "w": 23,
        "l": {},
        "c": "Php 1:27*33280; 1Tm 1:2*33648; Jd 3*34793",
        "a": "r"
    },
    {
        "o": 33769,
        "r": "csb:1 Timothy:6:11",
        "w": 14,
        "l": {},
        "c": "1Co 13:1*32455",
        "a": "s"
    },
    {
        "o": 33769,
        "r": "csb:1 Timothy:6:11",
        "w": 15,
        "l": {},
        "c": "Rv 13:10*35092",
        "a": "t"
    },
    {
        "o": 33770,
        "r": "csb:1 Timothy:6:12",
        "w": 3,
        "l": {},
        "c": "2Tm 4:7*33862; Jd 3*34793",
        "a": "u"
    },
    {
        "o": 33770,
        "r": "csb:1 Timothy:6:12",
        "w": 11,
        "l": {},
        "c": "1Jn 5:12*34739",
        "a": "v"
    },
    {
        "o": 33771,
        "r": "csb:1 Timothy:6:13",
        "w": 9,
        "l": {},
        "c": "Mk 13:19*27948; Rm 1:25*31635",
        "a": "w"
    },
    {
        "o": 33771,
        "r": "csb:1 Timothy:6:13",
        "w": 21,
        "l": {},
        "c": "Mt 27:11–14*27262",
        "a": "x"
    },
    {
        "o": 33772,
        "r": "csb:1 Timothy:6:14",
        "w": 10,
        "l": {},
        "c": "Ti 2:13*33913; 1Jn 2:28*34674",
        "a": "y"
    },
    {
        "o": 33772,
        "r": "csb:1 Timothy:6:14",
        "w": 13,
        "l": {},
        "c": "Rv 11:8*35044",
        "a": "z"
    },
    {
        "o": 33773,
        "r": "csb:1 Timothy:6:15",
        "w": 8,
        "l": {},
        "c": "Lk 21:8*29224",
        "a": "a"
    },
    {
        "o": 33773,
        "r": "csb:1 Timothy:6:15",
        "w": 14,
        "l": {},
        "c": "Rm 16:27*32106",
        "a": "b"
    },
    {
        "o": 33773,
        "r": "csb:1 Timothy:6:15",
        "w": 19,
        "l": {},
        "c": "Rv 17:14*35180",
        "a": "c"
    },
    {
        "o": 33773,
        "r": "csb:1 Timothy:6:15",
        "w": 24,
        "l": {},
        "c": "Dt 10:17*5723; Ps 136:2–3*18129; Rv 17:14*35180; 19:16*35232",
        "a": "d"
    },
    {
        "o": 33774,
        "r": "csb:1 Timothy:6:16",
        "w": 9,
        "l": {},
        "c": "Ps 36:9*16073; 104:2*17398; Jn 12:46*30106",
        "a": "e"
    },
    {
        "o": 33774,
        "r": "csb:1 Timothy:6:16",
        "w": 17,
        "l": {},
        "c": "Ex 33:20*2757; Jn 1:18*29483",
        "a": "f"
    },
    {
        "o": 33774,
        "r": "csb:1 Timothy:6:16",
        "w": 24,
        "l": {},
        "c": "Jd 25*34818",
        "a": "g"
    },
    {
        "o": 33774,
        "r": "csb:1 Timothy:6:16",
        "w": 25,
        "l": {},
        "c": "1Tm 1:17*33665; Rv 22:21*35311",
        "a": "h"
    },
    {
        "o": 33776,
        "r": "csb:1 Timothy:6:17",
        "w": 12,
        "l": {},
        "c": "1Sm 2:3*8018; Ec 7:8*19480; Rm 11:20*31950; 12:16*31987",
        "a": "i"
    },
    {
        "o": 33776,
        "r": "csb:1 Timothy:6:17",
        "w": 25,
        "l": {},
        "t": "6:17*r Other mss read on the living God",
        "a": "j"
    },
    {
        "o": 33776,
        "r": "csb:1 Timothy:6:17",
        "w": 32,
        "l": {},
        "c": "Ac 17:25*31175",
        "a": "k"
    },
    {
        "o": 33777,
        "r": "csb:1 Timothy:6:18",
        "w": 12,
        "l": {},
        "c": "Mk 14:6*27978; Gl 3:10*32965; Jms 2:14–26*34354; 1Pt 2:12*34476",
        "a": "l"
    },
    {
        "o": 33777,
        "r": "csb:1 Timothy:6:18",
        "w": 19,
        "l": {},
        "c": "Rm 12:8,13*31979; Eph 4:28*33178",
        "a": "m"
    },
    {
        "o": 33778,
        "r": "csb:1 Timothy:6:19",
        "w": 12,
        "l": {},
        "c": "Mt 6:20*26295",
        "a": "n"
    },
    {
        "o": 33780,
        "r": "csb:1 Timothy:6:20",
        "w": 7,
        "l": {},
        "c": "1Tm 1:11*33658; 2Tm 1:12,14*33798; Ti 1:3*33884",
        "a": "o"
    },
    {
        "o": 33780,
        "r": "csb:1 Timothy:6:20",
        "w": 8,
        "l": {},
        "c": "Heb 12:13*34262",
        "a": "p"
    },
    {
        "o": 33780,
        "r": "csb:1 Timothy:6:20",
        "w": 20,
        "l": {},
        "c": "Col 2:8*33414; 2Tm 2:16*33823; 4:4*33859; Ti 1:14*33896",
        "a": "q"
    },
    {
        "o": 33781,
        "r": "csb:1 Timothy:6:21",
        "w": 3,
        "l": {},
        "c": "2Tm 2:18*33825",
        "a": "r"
    },
    {
        "o": 33781,
        "r": "csb:1 Timothy:6:21",
        "w": 9,
        "l": {},
        "c": "Php 1:27*33280; 1Tm 1:2*33648",
        "a": "s"
    }
]
