[
    {
        "o": 12089,
        "r": "csb:1 Chronicles:19:1",
        "w": 2,
        "l": {},
        "c": "2Sm 10:1–5*9111",
        "a": "a"
    },
    {
        "o": 12092,
        "r": "csb:1 Chronicles:19:4",
        "w": 18,
        "l": {},
        "c": "Is 7:20*19929; 20:4*20197",
        "a": "b"
    },
    {
        "o": 12094,
        "r": "csb:1 Chronicles:19:6",
        "w": 3,
        "l": {},
        "c": "2Sm 10:6–19*9116",
        "a": "c"
    },
    {
        "o": 12094,
        "r": "csb:1 Chronicles:19:6",
        "w": 17,
        "l": {},
        "t": "19:6*r Lit 1,000 talents",
        "a": "d"
    },
    {
        "o": 12094,
        "r": "csb:1 Chronicles:19:6",
        "w": 29,
        "l": {},
        "c": "1Ch 18:5,9*12074",
        "a": "e"
    },
    {
        "o": 12095,
        "r": "csb:1 Chronicles:19:7",
        "w": 18,
        "l": {},
        "c": "Nm 21:30*4807; Jos 13:9,16*6812; Is 15:2*20114",
        "a": "f"
    },
    {
        "o": 12098,
        "r": "csb:1 Chronicles:19:10",
        "w": 24,
        "l": {},
        "t": "19:10*r Lit Israel’s choice ones",
        "a": "g"
    },
    {
        "o": 12098,
        "r": "csb:1 Chronicles:19:10",
        "w": 24,
        "l": {},
        "c": "2Sm 6:1*9019",
        "a": "h"
    },
    {
        "o": 12101,
        "r": "csb:1 Chronicles:19:13",
        "w": 15,
        "l": {},
        "c": "Jos 1:6*6469",
        "a": "i"
    },
    {
        "o": 12101,
        "r": "csb:1 Chronicles:19:13",
        "w": 21,
        "l": {},
        "t": "19:13*r Lit the Lord do what is good in his eyes",
        "a": "j"
    }
]
