[
    {
        "o": 32217,
        "r": "csb:1 Corinthians:5:1",
        "w": 8,
        "l": {},
        "c": "1Th 4:3*33538",
        "a": "a"
    },
    {
        "o": 32217,
        "r": "csb:1 Corinthians:5:1",
        "w": 21,
        "l": {},
        "t": "5:1*r Other mss read named",
        "a": "b"
    },
    {
        "o": 32217,
        "r": "csb:1 Corinthians:5:1",
        "w": 24,
        "l": {},
        "c": "Gl 1:16*32920",
        "a": "c"
    },
    {
        "o": 32217,
        "r": "csb:1 Corinthians:5:1",
        "w": 32,
        "l": {},
        "c": "Lv 18:8*3605; Dt 22:30*6067; 27:20*6196",
        "a": "d"
    },
    {
        "o": 32218,
        "r": "csb:1 Corinthians:5:2",
        "w": 9,
        "l": {},
        "c": "Lk 6:25*28449",
        "a": "e"
    },
    {
        "o": 32219,
        "r": "csb:1 Corinthians:5:3",
        "w": 12,
        "l": {},
        "c": "Col 2:5*33411; 1Th 2:17*33513",
        "a": "f"
    },
    {
        "o": 32221,
        "r": "csb:1 Corinthians:5:5",
        "w": 11,
        "l": {},
        "c": "1Jn 5:16*34744",
        "a": "g"
    },
    {
        "o": 32221,
        "r": "csb:1 Corinthians:5:5",
        "w": 24,
        "l": {},
        "c": "Mt 25:13*27128; Ac 2:20*30512; Php 1:6*33257",
        "a": "h"
    },
    {
        "o": 32222,
        "r": "csb:1 Corinthians:5:6",
        "w": 11,
        "l": {},
        "t": "5:6*r Or yeast, also in vv. 7,8",
        "a": "i"
    },
    {
        "o": 32222,
        "r": "csb:1 Corinthians:5:6",
        "w": 11,
        "l": {},
        "c": "Lk 13:21*28885; Gl 5:9*33031",
        "a": "j"
    },
    {
        "o": 32222,
        "r": "csb:1 Corinthians:5:6",
        "w": 17,
        "l": {},
        "c": "Lk 13:21*28885",
        "a": "k"
    },
    {
        "o": 32223,
        "r": "csb:1 Corinthians:5:7",
        "w": 22,
        "l": {},
        "c": "Ex 12*2005",
        "a": "l"
    },
    {
        "o": 32223,
        "r": "csb:1 Corinthians:5:7",
        "w": 25,
        "l": {},
        "t": "5:7*r Other mss add for us",
        "a": "m"
    },
    {
        "o": 32224,
        "r": "csb:1 Corinthians:5:8",
        "w": 17,
        "l": {},
        "c": "Mk 7:22*27657; Rm 1:29*31639",
        "a": "n"
    },
    {
        "o": 32226,
        "r": "csb:1 Corinthians:5:9",
        "w": 9,
        "l": {},
        "c": "2Th 3:14*33638",
        "a": "o"
    },
    {
        "o": 32226,
        "r": "csb:1 Corinthians:5:9",
        "w": 13,
        "l": {},
        "c": "1Co 6:9*32241; Eph 5:5*33189; 1Tm 1:10*33656; Heb 12:16*34265; 13:4*34284; Rv 21:8*35268; 22:15*35305",
        "a": "p"
    },
    {
        "o": 32227,
        "r": "csb:1 Corinthians:5:10",
        "w": 12,
        "l": {},
        "c": "Eph 5:5*33189",
        "a": "q"
    },
    {
        "o": 32227,
        "r": "csb:1 Corinthians:5:10",
        "w": 14,
        "l": {},
        "c": "Lk 18:11*29067",
        "a": "r"
    },
    {
        "o": 32227,
        "r": "csb:1 Corinthians:5:10",
        "w": 24,
        "l": {},
        "c": "Jn 17:6*30269",
        "a": "s"
    },
    {
        "o": 32228,
        "r": "csb:1 Corinthians:5:11",
        "w": 3,
        "l": {},
        "t": "5:11*r Or But now I am writing",
        "a": "t"
    },
    {
        "o": 32228,
        "r": "csb:1 Corinthians:5:11",
        "w": 17,
        "l": {},
        "c": "2Th 3:6*33630",
        "a": "u"
    },
    {
        "o": 32228,
        "r": "csb:1 Corinthians:5:11",
        "w": 30,
        "l": {},
        "c": "1Co 6:10*32242",
        "a": "v"
    },
    {
        "o": 32229,
        "r": "csb:1 Corinthians:5:12",
        "w": 8,
        "l": {},
        "c": "Lk 6:37*28463",
        "a": "w"
    },
    {
        "o": 32230,
        "r": "csb:1 Corinthians:5:13",
        "w": 9,
        "l": {},
        "t": "5:13*r Dt 17:7",
        "a": "x"
    },
    {
        "o": 32230,
        "r": "csb:1 Corinthians:5:13",
        "w": 9,
        "l": {},
        "c": "Dt 17:7*5918",
        "a": "y"
    }
]
