[
    {
        "o": 8119,
        "r": "csb:1 Samuel:6:2",
        "w": 7,
        "l": {},
        "c": "Gn 41:8*1325; Ex 7:11*1869; Is 2:6*19805",
        "a": "a"
    },
    {
        "o": 8120,
        "r": "csb:1 Samuel:6:3",
        "w": 17,
        "l": {},
        "c": "Dt 16:16*5900",
        "a": "b"
    },
    {
        "o": 8120,
        "r": "csb:1 Samuel:6:3",
        "w": 24,
        "l": {},
        "c": "Lv 5:15–16*3151",
        "a": "c"
    },
    {
        "o": 8120,
        "r": "csb:1 Samuel:6:3",
        "w": 42,
        "l": {},
        "t": "6:3*r DSS, LXX read healed, and an atonement shall be made for you. Shouldn’t his hand be removed from you?”",
        "a": "d"
    },
    {
        "o": 8121,
        "r": "csb:1 Samuel:6:4",
        "w": 20,
        "l": {},
        "c": "1Sm 5:6,9,12*8109; 6:17*8134",
        "a": "e"
    },
    {
        "o": 8121,
        "r": "csb:1 Samuel:6:4",
        "w": 27,
        "l": {},
        "c": "Jos 13:3*6805; Jdg 3:3*7278; 1Sm 6:17–18*8134",
        "a": "f"
    },
    {
        "o": 8121,
        "r": "csb:1 Samuel:6:4",
        "w": 35,
        "l": {},
        "t": "6:4*r Some Hb mss, LXX; other Hb mss read them",
        "a": "g"
    },
    {
        "o": 8122,
        "r": "csb:1 Samuel:6:5",
        "w": 18,
        "l": {},
        "c": "Jos 7:19*6625; Is 42:2*20704",
        "a": "h"
    },
    {
        "o": 8122,
        "r": "csb:1 Samuel:6:5",
        "w": 25,
        "l": {},
        "t": "6:5*r Lit will lighten the heaviness of his hand from you",
        "a": "i"
    },
    {
        "o": 8122,
        "r": "csb:1 Samuel:6:5",
        "w": 25,
        "l": {},
        "c": "1Sm 5:6,11*8109",
        "a": "j"
    },
    {
        "o": 8122,
        "r": "csb:1 Samuel:6:5",
        "w": 30,
        "l": {},
        "c": "1Sm 5:3–4,7*8106",
        "a": "k"
    },
    {
        "o": 8123,
        "r": "csb:1 Samuel:6:6",
        "w": 10,
        "l": {},
        "c": "Ex 8:15,32*1902; 9:34*1958",
        "a": "l"
    },
    {
        "o": 8123,
        "r": "csb:1 Samuel:6:6",
        "w": 22,
        "l": {},
        "c": "Ex 4:21*1786; 12:31*2037",
        "a": "m"
    },
    {
        "o": 8124,
        "r": "csb:1 Samuel:6:7",
        "w": 14,
        "l": {},
        "c": "Nm 19:2*4719",
        "a": "n"
    },
    {
        "o": 8125,
        "r": "csb:1 Samuel:6:8",
        "w": 26,
        "l": {},
        "c": "1Sm 6:4–5*8121",
        "a": "o"
    },
    {
        "o": 8125,
        "r": "csb:1 Samuel:6:8",
        "w": 29,
        "l": {},
        "c": "1Sm 6:3*8120",
        "a": "p"
    },
    {
        "o": 8126,
        "r": "csb:1 Samuel:6:9",
        "w": 12,
        "l": {},
        "c": "Jos 15:10*6869",
        "a": "q"
    },
    {
        "o": 8126,
        "r": "csb:1 Samuel:6:9",
        "w": 39,
        "l": {},
        "c": "1Sm 6:3*8120",
        "a": "r"
    },
    {
        "o": 8129,
        "r": "csb:1 Samuel:6:12",
        "w": 8,
        "l": {},
        "c": "1Sm 6:9*8126",
        "a": "s"
    },
    {
        "o": 8129,
        "r": "csb:1 Samuel:6:12",
        "w": 14,
        "l": {},
        "c": "Nm 20:19*4761",
        "a": "t"
    },
    {
        "o": 8131,
        "r": "csb:1 Samuel:6:14",
        "w": 36,
        "l": {},
        "c": "1Kg 19:21*10401",
        "a": "u"
    },
    {
        "o": 8132,
        "r": "csb:1 Samuel:6:15",
        "w": 1,
        "l": {},
        "c": "Nm 4:1–33*4124",
        "a": "v"
    },
    {
        "o": 8133,
        "r": "csb:1 Samuel:6:16",
        "w": 4,
        "l": {},
        "c": "Jos 13:3*6805",
        "a": "w"
    },
    {
        "o": 8134,
        "r": "csb:1 Samuel:6:17",
        "w": 17,
        "l": {},
        "c": "1Sm 6:4*8121",
        "a": "x"
    },
    {
        "o": 8135,
        "r": "csb:1 Samuel:6:18",
        "w": 23,
        "l": {},
        "c": "Dt 3:5*5477",
        "a": "y"
    },
    {
        "o": 8135,
        "r": "csb:1 Samuel:6:18",
        "w": 26,
        "l": {},
        "t": "6:18*r Some Hb mss, LXX, Tg; other Hb mss read meadow",
        "a": "z"
    },
    {
        "o": 8135,
        "r": "csb:1 Samuel:6:18",
        "w": 26,
        "l": {},
        "c": "1Sm 6:14–15*8131",
        "a": "a"
    },
    {
        "o": 8136,
        "r": "csb:1 Samuel:6:19",
        "w": 15,
        "l": {},
        "t": "6:19*r LXX reads But the sons of Jeconiah did not rejoice with the men of Beth-shemesh when they saw the ark of the Lord.",
        "a": "b"
    },
    {
        "o": 8136,
        "r": "csb:1 Samuel:6:19",
        "w": 15,
        "l": {},
        "c": "Nm 4:15–20*4138; 2Sm 6:7*9025",
        "a": "c"
    },
    {
        "o": 8136,
        "r": "csb:1 Samuel:6:19",
        "w": 20,
        "l": {},
        "t": "6:19*r Some Hb mss, Josephus; other Hb mss read 70 men, 50,000 men",
        "a": "d"
    },
    {
        "o": 8137,
        "r": "csb:1 Samuel:6:20",
        "w": 18,
        "l": {},
        "c": "Nm 17:13*4680; Ps 76:7*16835; Ezk 44:9–16*24307",
        "a": "e"
    },
    {
        "o": 8138,
        "r": "csb:1 Samuel:6:21",
        "w": 7,
        "l": {},
        "c": "Jos 9:17*6690; 15:9,60*6868",
        "a": "f"
    },
    {
        "o": 8138,
        "r": "csb:1 Samuel:6:21",
        "w": 22,
        "l": {},
        "t": "6:21*r Lit and bring it up to you",
        "a": "g"
    }
]
