[
    {
        "o": 13075,
        "r": "csb:2 Chronicles:28:1",
        "w": 4,
        "l": {},
        "c": "2Kg 16:2–4*11037",
        "a": "a"
    },
    {
        "o": 13075,
        "r": "csb:2 Chronicles:28:1",
        "w": 26,
        "l": {},
        "c": "2Ch 27:2*13065",
        "a": "b"
    },
    {
        "o": 13076,
        "r": "csb:2 Chronicles:28:2",
        "w": 10,
        "l": {},
        "c": "2Ch 22:3*12934",
        "a": "c"
    },
    {
        "o": 13076,
        "r": "csb:2 Chronicles:28:2",
        "w": 17,
        "l": {},
        "c": "Ex 34:17*2780",
        "a": "d"
    },
    {
        "o": 13077,
        "r": "csb:2 Chronicles:28:3",
        "w": 6,
        "l": {},
        "c": "Jos 15:8*6867; 18:16*6977; 2Kg 23:10*11282; Jr 7:29–34*21457; 19:2–6*21767",
        "a": "e"
    },
    {
        "o": 13077,
        "r": "csb:2 Chronicles:28:3",
        "w": 11,
        "l": {},
        "t": "28:3*r LXX, Syr, Tg read and passed his children through",
        "a": "f"
    },
    {
        "o": 13077,
        "r": "csb:2 Chronicles:28:3",
        "w": 11,
        "l": {},
        "c": "Lv 18:21*3618; 2Kg 16:3*11038; 2Ch 33:6*13243",
        "a": "g"
    },
    {
        "o": 13077,
        "r": "csb:2 Chronicles:28:3",
        "w": 27,
        "l": {},
        "c": "2Ch 33:2*13239",
        "a": "h"
    },
    {
        "o": 13078,
        "r": "csb:2 Chronicles:28:4",
        "w": 8,
        "l": {},
        "c": "2Ch 28:25*13100",
        "a": "i"
    },
    {
        "o": 13079,
        "r": "csb:2 Chronicles:28:5",
        "w": 7,
        "l": {},
        "c": "2Ch 24:24*12998",
        "a": "j"
    },
    {
        "o": 13082,
        "r": "csb:2 Chronicles:28:8",
        "w": 14,
        "l": {},
        "c": "2Ch 11:4*12666",
        "a": "k"
    },
    {
        "o": 13083,
        "r": "csb:2 Chronicles:28:9",
        "w": 41,
        "l": {},
        "c": "Is 47:6*20842",
        "a": "l"
    },
    {
        "o": 13083,
        "r": "csb:2 Chronicles:28:9",
        "w": 52,
        "l": {},
        "c": "Ezr 9:6*13623; Rv 18:5*35191",
        "a": "m"
    },
    {
        "o": 13085,
        "r": "csb:2 Chronicles:28:11",
        "w": 11,
        "l": {},
        "c": "2Ch 28:8*13082",
        "a": "n"
    },
    {
        "o": 13089,
        "r": "csb:2 Chronicles:28:15",
        "w": 7,
        "l": {},
        "c": "2Ch 28:12*13086",
        "a": "o"
    },
    {
        "o": 13089,
        "r": "csb:2 Chronicles:28:15",
        "w": 31,
        "l": {},
        "c": "2Kg 6:22*10724; Pr 25:21–22*19149",
        "a": "p"
    },
    {
        "o": 13089,
        "r": "csb:2 Chronicles:28:15",
        "w": 51,
        "l": {},
        "c": "Dt 34:3*6452",
        "a": "q"
    },
    {
        "o": 13090,
        "r": "csb:2 Chronicles:28:16",
        "w": 11,
        "l": {},
        "c": "2Kg 16:7*11042",
        "a": "r"
    },
    {
        "o": 13091,
        "r": "csb:2 Chronicles:28:17",
        "w": 8,
        "l": {},
        "c": "Ob 10–14*25359",
        "a": "s"
    },
    {
        "o": 13092,
        "r": "csb:2 Chronicles:28:18",
        "w": 9,
        "l": {},
        "t": "28:18*r Or the Shephelah",
        "a": "t"
    },
    {
        "o": 13092,
        "r": "csb:2 Chronicles:28:18",
        "w": 14,
        "l": {},
        "c": "Ezk 16:57*23433",
        "a": "u"
    },
    {
        "o": 13093,
        "r": "csb:2 Chronicles:28:19",
        "w": 10,
        "l": {},
        "t": "28:19*r Some Hb mss; other Hb mss read Israel",
        "a": "v"
    },
    {
        "o": 13094,
        "r": "csb:2 Chronicles:28:20",
        "w": 2,
        "l": {},
        "t": "28:20*r Text emended; MT reads Tilgath-pilneser; 1Ch 5:6,26",
        "a": "w"
    },
    {
        "o": 13094,
        "r": "csb:2 Chronicles:28:20",
        "w": 2,
        "l": {},
        "c": "1Ch 5:26*11594",
        "a": "x"
    },
    {
        "o": 13094,
        "r": "csb:2 Chronicles:28:20",
        "w": 16,
        "l": {},
        "c": "2Ch 28:16*13090",
        "a": "y"
    },
    {
        "o": 13097,
        "r": "csb:2 Chronicles:28:23",
        "w": 34,
        "l": {},
        "c": "Jr 44:17–18*22476",
        "a": "z"
    },
    {
        "o": 13098,
        "r": "csb:2 Chronicles:28:24",
        "w": 12,
        "l": {},
        "c": "2Kg 16:17*11053",
        "a": "a"
    },
    {
        "o": 13098,
        "r": "csb:2 Chronicles:28:24",
        "w": 19,
        "l": {},
        "c": "2Ch 29:7*13111",
        "a": "b"
    },
    {
        "o": 13098,
        "r": "csb:2 Chronicles:28:24",
        "w": 29,
        "l": {},
        "c": "2Ch 30:14*13158; 33:3–5*13240",
        "a": "c"
    },
    {
        "o": 13101,
        "r": "csb:2 Chronicles:28:26",
        "w": 6,
        "l": {},
        "c": "2Kg 16:19–20*11056",
        "a": "d"
    }
]
