[
    {
        "o": 10738,
        "r": "csb:2 Kings:7:1",
        "w": 22,
        "l": {},
        "t": "7:1*r Lit a seah, also in vv. 16,18",
        "a": "a"
    },
    {
        "o": 10738,
        "r": "csb:2 Kings:7:1",
        "w": 33,
        "l": {},
        "t": "7:1*r Lit for a shekel, also in vv. 16,18",
        "a": "b"
    },
    {
        "o": 10738,
        "r": "csb:2 Kings:7:1",
        "w": 36,
        "l": {},
        "t": "7:1*r Lit two seahs, also in vv. 16,18",
        "a": "c"
    },
    {
        "o": 10738,
        "r": "csb:2 Kings:7:1",
        "w": 46,
        "l": {},
        "c": "2Kg 7:18*10755",
        "a": "d"
    },
    {
        "o": 10739,
        "r": "csb:2 Kings:7:2",
        "w": 6,
        "l": {},
        "t": "7:2*r Lit captain, upon whose hand the king leaned, also in v. 17",
        "a": "e"
    },
    {
        "o": 10739,
        "r": "csb:2 Kings:7:2",
        "w": 6,
        "l": {},
        "c": "2Kg 5:18*10688; 7:17*10754",
        "a": "f"
    },
    {
        "o": 10739,
        "r": "csb:2 Kings:7:2",
        "w": 12,
        "l": {},
        "c": "2Kg 4:8–9*10628",
        "a": "g"
    },
    {
        "o": 10739,
        "r": "csb:2 Kings:7:2",
        "w": 27,
        "l": {},
        "c": "Mal 3:10*26082",
        "a": "h"
    },
    {
        "o": 10739,
        "r": "csb:2 Kings:7:2",
        "w": 46,
        "l": {},
        "c": "2Kg 7:17*10754",
        "a": "i"
    },
    {
        "o": 10740,
        "r": "csb:2 Kings:7:3",
        "w": 6,
        "l": {},
        "c": "Nm 5:2–4*4179; 2Kg 5:1*10671",
        "a": "j"
    },
    {
        "o": 10741,
        "r": "csb:2 Kings:7:4",
        "w": 37,
        "l": {},
        "c": "2Kg 6:24*10727",
        "a": "k"
    },
    {
        "o": 10743,
        "r": "csb:2 Kings:7:6",
        "w": 2,
        "l": {},
        "t": "7:6*r Some Hb mss read Lord",
        "a": "l"
    },
    {
        "o": 10743,
        "r": "csb:2 Kings:7:6",
        "w": 18,
        "l": {},
        "c": "2Sm 5:24*9015; 2Kg 5:16–17*10686",
        "a": "m"
    },
    {
        "o": 10743,
        "r": "csb:2 Kings:7:6",
        "w": 37,
        "l": {},
        "c": "1Kg 10:29*10065",
        "a": "n"
    },
    {
        "o": 10743,
        "r": "csb:2 Kings:7:6",
        "w": 42,
        "l": {},
        "c": "2Ch 12:2–3*12689",
        "a": "o"
    },
    {
        "o": 10744,
        "r": "csb:2 Kings:7:7",
        "w": 6,
        "l": {},
        "c": "Jdg 7:21*7438",
        "a": "p"
    },
    {
        "o": 10745,
        "r": "csb:2 Kings:7:8",
        "w": 47,
        "l": {},
        "c": "Jos 7:21*6627",
        "a": "q"
    },
    {
        "o": 10746,
        "r": "csb:2 Kings:7:9",
        "w": 18,
        "l": {},
        "c": "Pr 15:27*18837; 21:17–18*19010",
        "a": "r"
    },
    {
        "o": 10749,
        "r": "csb:2 Kings:7:12",
        "w": 28,
        "l": {},
        "c": "2Kg 6:25*10728",
        "a": "s"
    },
    {
        "o": 10749,
        "r": "csb:2 Kings:7:12",
        "w": 58,
        "l": {},
        "c": "Jos 8:4–12*6638",
        "a": "t"
    },
    {
        "o": 10750,
        "r": "csb:2 Kings:7:13",
        "w": 30,
        "l": {},
        "t": "7:13*r Some Hb mss, LXX, Syr, Vg; other Hb mss read left in it. Indeed, they are like the whole multitude of Israel that are left in it; indeed, they are like the whole multitude of Israel who will die.",
        "a": "u"
    },
    {
        "o": 10753,
        "r": "csb:2 Kings:7:16",
        "w": 9,
        "l": {},
        "c": "2Kg 7:8*10745",
        "a": "v"
    },
    {
        "o": 10753,
        "r": "csb:2 Kings:7:16",
        "w": 44,
        "l": {},
        "c": "2Kg 7:1–2*10738",
        "a": "w"
    },
    {
        "o": 10754,
        "r": "csb:2 Kings:7:17",
        "w": 8,
        "l": {},
        "c": "2Kg 7:2*10739",
        "a": "x"
    },
    {
        "o": 10756,
        "r": "csb:2 Kings:7:19",
        "w": 42,
        "l": {},
        "c": "2Kg 7:1–2*10738",
        "a": "y"
    }
]
