[
    {
        "o": 8407,
        "r": "csb:1 Samuel:16:1",
        "w": 13,
        "l": {},
        "c": "1Sm 15:35*8404",
        "a": "a"
    },
    {
        "o": 8407,
        "r": "csb:1 Samuel:16:1",
        "w": 22,
        "l": {},
        "c": "1Sm 13:13–14*8299; 15:23*8392",
        "a": "b"
    },
    {
        "o": 8407,
        "r": "csb:1 Samuel:16:1",
        "w": 27,
        "l": {},
        "c": "1Sm 9:16*8199; 10:1*8212; 2Kg 9:1*10794",
        "a": "c"
    },
    {
        "o": 8407,
        "r": "csb:1 Samuel:16:1",
        "w": 37,
        "l": {},
        "c": "Ru 4:17–22*7977",
        "a": "d"
    },
    {
        "o": 8408,
        "r": "csb:1 Samuel:16:2",
        "w": 32,
        "l": {},
        "c": "1Sm 20:29*8581",
        "a": "e"
    },
    {
        "o": 8409,
        "r": "csb:1 Samuel:16:3",
        "w": 16,
        "l": {},
        "c": "Ex 4:15*1779; Ac 9:6*30801",
        "a": "f"
    },
    {
        "o": 8409,
        "r": "csb:1 Samuel:16:3",
        "w": 28,
        "l": {},
        "c": "Dt 17:14–15*5926; 1Sm 9:16*8199",
        "a": "g"
    },
    {
        "o": 8410,
        "r": "csb:1 Samuel:16:4",
        "w": 9,
        "l": {},
        "c": "Gn 48:7*1604; Lk 2:4*28226",
        "a": "h"
    },
    {
        "o": 8410,
        "r": "csb:1 Samuel:16:4",
        "w": 19,
        "l": {},
        "t": "16:4*r LXX reads were astonished",
        "a": "i"
    },
    {
        "o": 8410,
        "r": "csb:1 Samuel:16:4",
        "w": 22,
        "l": {},
        "t": "16:4*r DSS, LXX read “Seer, do",
        "a": "j"
    },
    {
        "o": 8410,
        "r": "csb:1 Samuel:16:4",
        "w": 26,
        "l": {},
        "c": "1Kg 2:13*9704; 2Kg 9:22*10816; 1Ch 12:17–18*11902",
        "a": "k"
    },
    {
        "o": 8411,
        "r": "csb:1 Samuel:16:5",
        "w": 12,
        "l": {},
        "c": "Gn 35:2*1116; Ex 19:10*2244",
        "a": "l"
    },
    {
        "o": 8411,
        "r": "csb:1 Samuel:16:5",
        "w": 19,
        "l": {},
        "t": "16:5*r LXX reads and rejoice with me today",
        "a": "m"
    },
    {
        "o": 8412,
        "r": "csb:1 Samuel:16:6",
        "w": 5,
        "l": {},
        "c": "1Sm 17:13*8445",
        "a": "n"
    },
    {
        "o": 8413,
        "r": "csb:1 Samuel:16:7",
        "w": 27,
        "l": {},
        "t": "16:7*r LXX reads God does not see as a man sees",
        "a": "o"
    },
    {
        "o": 8413,
        "r": "csb:1 Samuel:16:7",
        "w": 39,
        "l": {},
        "c": "1Kg 8:39*9972; Jr 17:10*21717; Lk 16:15*28995; Jn 2:24–25*29545",
        "a": "p"
    },
    {
        "o": 8414,
        "r": "csb:1 Samuel:16:8",
        "w": 2,
        "l": {},
        "c": "1Sm 17:13*8445",
        "a": "q"
    },
    {
        "o": 8415,
        "r": "csb:1 Samuel:16:9",
        "w": 3,
        "l": {},
        "c": "1Sm 17:13*8445",
        "a": "r"
    },
    {
        "o": 8417,
        "r": "csb:1 Samuel:16:11",
        "w": 14,
        "l": {},
        "c": "1Sm 17:12*8444; 2Sm 13:3*9201",
        "a": "s"
    },
    {
        "o": 8418,
        "r": "csb:1 Samuel:16:12",
        "w": 11,
        "l": {},
        "t": "16:12*r Or ruddy",
        "a": "t"
    },
    {
        "o": 8418,
        "r": "csb:1 Samuel:16:12",
        "w": 13,
        "l": {},
        "c": "1Sm 17:42*8474",
        "a": "u"
    },
    {
        "o": 8418,
        "r": "csb:1 Samuel:16:12",
        "w": 24,
        "l": {},
        "c": "1Sm 9:17*8200",
        "a": "v"
    },
    {
        "o": 8419,
        "r": "csb:1 Samuel:16:13",
        "w": 9,
        "l": {},
        "c": "1Sm 10:1*8212",
        "a": "w"
    },
    {
        "o": 8419,
        "r": "csb:1 Samuel:16:13",
        "w": 29,
        "l": {},
        "c": "Ps 51:10–12*16372; Ezk 36:27*24057; Ac 2:1–17*30492",
        "a": "x"
    },
    {
        "o": 8421,
        "r": "csb:1 Samuel:16:14",
        "w": 8,
        "l": {},
        "c": "1Sm 11:6*8247; 18:12*8505; 28:15*8799",
        "a": "y"
    },
    {
        "o": 8423,
        "r": "csb:1 Samuel:16:16",
        "w": 40,
        "l": {},
        "c": "1Sm 18:10*8503; 19:9*8535; 2Kg 3:15*10605",
        "a": "z"
    },
    {
        "o": 8425,
        "r": "csb:1 Samuel:16:18",
        "w": 27,
        "l": {},
        "c": "1Sm 17:32–36*8464",
        "a": "a"
    },
    {
        "o": 8425,
        "r": "csb:1 Samuel:16:18",
        "w": 37,
        "l": {},
        "c": "1Sm 3:19*8073; 18:12–14*8505",
        "a": "b"
    },
    {
        "o": 8427,
        "r": "csb:1 Samuel:16:20",
        "w": 22,
        "l": {},
        "c": "1Sm 10:4,27*8215; Pr 18:16*18923",
        "a": "c"
    },
    {
        "o": 8428,
        "r": "csb:1 Samuel:16:21",
        "w": 4,
        "l": {},
        "c": "Gn 41:46*1365; Pr 22:29*19055",
        "a": "d"
    },
    {
        "o": 8430,
        "r": "csb:1 Samuel:16:23",
        "w": 7,
        "l": {},
        "c": "1Sm 16:14–16*8421",
        "a": "e"
    }
]
