[
    {
        "o": 12312,
        "r": "csb:1 Chronicles:27:1",
        "w": 42,
        "l": {},
        "t": "27:1*r Lit that came in and went out month by month for all months of",
        "a": "a"
    },
    {
        "o": 12313,
        "r": "csb:1 Chronicles:27:2",
        "w": 10,
        "l": {},
        "c": "2Sm 23:8–30*9569; 1Ch 11:11–31*11847",
        "a": "b"
    },
    {
        "o": 12317,
        "r": "csb:1 Chronicles:27:6",
        "w": 19,
        "l": {},
        "t": "27:6*r LXX; MT omits in charge",
        "a": "c"
    },
    {
        "o": 12326,
        "r": "csb:1 Chronicles:27:15",
        "w": 12,
        "l": {},
        "t": "27:15*r Lit belonging to Othniel",
        "a": "d"
    },
    {
        "o": 12333,
        "r": "csb:1 Chronicles:27:22",
        "w": 14,
        "l": {},
        "c": "1Ch 28:1*12348",
        "a": "e"
    },
    {
        "o": 12334,
        "r": "csb:1 Chronicles:27:23",
        "w": 25,
        "l": {},
        "c": "Gn 15:5*406",
        "a": "f"
    },
    {
        "o": 12335,
        "r": "csb:1 Chronicles:27:24",
        "w": 21,
        "l": {},
        "c": "2Sm 24:1–15*9603; 1Ch 21:1–7*12121",
        "a": "g"
    },
    {
        "o": 12335,
        "r": "csb:1 Chronicles:27:24",
        "w": 31,
        "l": {},
        "t": "27:24*r LXX; MT reads the number of the Historical Record",
        "a": "h"
    },
    {
        "o": 12339,
        "r": "csb:1 Chronicles:27:28",
        "w": 11,
        "l": {},
        "c": "1Kg 10:27*10063; 2Ch 1:15*12422",
        "a": "i"
    },
    {
        "o": 12339,
        "r": "csb:1 Chronicles:27:28",
        "w": 15,
        "l": {},
        "t": "27:28*r Or the Shephelah",
        "a": "j"
    },
    {
        "o": 12340,
        "r": "csb:1 Chronicles:27:29",
        "w": 12,
        "l": {},
        "c": "1Ch 5:16*11583",
        "a": "k"
    },
    {
        "o": 12342,
        "r": "csb:1 Chronicles:27:31",
        "w": 2,
        "l": {},
        "c": "1Ch 5:10,18–21*11577; 11:38*11874",
        "a": "l"
    },
    {
        "o": 12343,
        "r": "csb:1 Chronicles:27:32",
        "w": 19,
        "l": {},
        "t": "27:32*r Lit was with",
        "a": "m"
    },
    {
        "o": 12344,
        "r": "csb:1 Chronicles:27:33",
        "w": 0,
        "l": {},
        "c": "2Sm 15:12*9287",
        "a": "n"
    },
    {
        "o": 12344,
        "r": "csb:1 Chronicles:27:33",
        "w": 5,
        "l": {},
        "c": "2Sm 15:32,37*9307",
        "a": "o"
    },
    {
        "o": 12345,
        "r": "csb:1 Chronicles:27:34",
        "w": 6,
        "l": {},
        "c": "2Sm 8:18*9093; 1Kg 1:8*9640; 1Ch 11:22–24*11858; 18:17*12086; 27:5–6*12316",
        "a": "p"
    },
    {
        "o": 12345,
        "r": "csb:1 Chronicles:27:34",
        "w": 8,
        "l": {},
        "c": "1Sm 22:20–23*8635; 1Kg 1:7*9639; 2:26–27,35*9718; 1Ch 15:11*11974; 18:16*12085; 24:6*12215",
        "a": "q"
    },
    {
        "o": 12345,
        "r": "csb:1 Chronicles:27:34",
        "w": 16,
        "l": {},
        "c": "1Ch 11:6*11841",
        "a": "r"
    }
]
