[
    {
        "o": 8055,
        "r": "csb:1 Samuel:3:1",
        "w": 8,
        "l": {},
        "c": "1Sm 2:11,18*8027",
        "a": "a"
    },
    {
        "o": 8055,
        "r": "csb:1 Samuel:3:1",
        "w": 24,
        "l": {},
        "c": "Ps 74:9*16798; Ezk 7:26*23193; Am 8:11–12*25323",
        "a": "b"
    },
    {
        "o": 8056,
        "r": "csb:1 Samuel:3:2",
        "w": 6,
        "l": {},
        "c": "1Sm 4:15*8094",
        "a": "c"
    },
    {
        "o": 8057,
        "r": "csb:1 Samuel:3:3",
        "w": 7,
        "l": {},
        "c": "Ex 27:20–21*2532",
        "a": "d"
    },
    {
        "o": 8058,
        "r": "csb:1 Samuel:3:4",
        "w": 4,
        "l": {},
        "t": "3:4*r DSS, LXX read called, “Samuel! Samuel!”",
        "a": "e"
    },
    {
        "o": 8065,
        "r": "csb:1 Samuel:3:11",
        "w": 22,
        "l": {},
        "t": "3:11*r Lit about it, his two ears will tingle; Hb obscure",
        "a": "f"
    },
    {
        "o": 8065,
        "r": "csb:1 Samuel:3:11",
        "w": 22,
        "l": {},
        "c": "2Kg 21:12*11228; Jr 19:3*21768",
        "a": "g"
    },
    {
        "o": 8066,
        "r": "csb:1 Samuel:3:12",
        "w": 18,
        "l": {},
        "c": "1Sm 2:27–36*8043",
        "a": "h"
    },
    {
        "o": 8067,
        "r": "csb:1 Samuel:3:13",
        "w": 23,
        "l": {},
        "t": "3:13*r LXX, Old Lat; MT reads them",
        "a": "i"
    },
    {
        "o": 8067,
        "r": "csb:1 Samuel:3:13",
        "w": 29,
        "l": {},
        "c": "Dt 17:12*5923; 21:18*6027",
        "a": "j"
    },
    {
        "o": 8068,
        "r": "csb:1 Samuel:3:14",
        "w": 21,
        "l": {},
        "c": "Lv 15:31*3538; Is 22:14*20237",
        "a": "k"
    },
    {
        "o": 8071,
        "r": "csb:1 Samuel:3:17",
        "w": 31,
        "l": {},
        "c": "2Sm 3:35*8971",
        "a": "l"
    },
    {
        "o": 8072,
        "r": "csb:1 Samuel:3:18",
        "w": 25,
        "l": {},
        "c": "Ex 34:5–7*2767; Lv 10:3*3301; Jb 2:10*14356; Is 39:8*20636",
        "a": "m"
    },
    {
        "o": 8073,
        "r": "csb:1 Samuel:3:19",
        "w": 1,
        "l": {},
        "c": "1Sm 2:21*8037",
        "a": "n"
    },
    {
        "o": 8073,
        "r": "csb:1 Samuel:3:19",
        "w": 6,
        "l": {},
        "c": "Gn 21:22*593; 28:15*872",
        "a": "o"
    },
    {
        "o": 8073,
        "r": "csb:1 Samuel:3:19",
        "w": 12,
        "l": {},
        "t": "3:19*r Lit he let none of his words fall to the ground",
        "a": "p"
    },
    {
        "o": 8073,
        "r": "csb:1 Samuel:3:19",
        "w": 12,
        "l": {},
        "c": "1Sm 9:6*8189",
        "a": "q"
    },
    {
        "o": 8074,
        "r": "csb:1 Samuel:3:20",
        "w": 15,
        "l": {},
        "c": "1Sm 2:35*8051",
        "a": "r"
    },
    {
        "o": 8075,
        "r": "csb:1 Samuel:3:21",
        "w": 16,
        "l": {},
        "c": "1Sm 3:10*8064",
        "a": "s"
    }
]
