[
    {
        "o": 12514,
        "r": "csb:2 Chronicles:6:1",
        "w": 2,
        "l": {},
        "c": "1Kg 8:12–53*9944",
        "a": "a"
    },
    {
        "o": 12514,
        "r": "csb:2 Chronicles:6:1",
        "w": 11,
        "l": {},
        "c": "Ex 20:21*2284; Dt 4:11*5516; 5:22*5582",
        "a": "b"
    },
    {
        "o": 12518,
        "r": "csb:2 Chronicles:6:5",
        "w": 13,
        "l": {},
        "c": "2Sm 7:1–13*9044",
        "a": "c"
    },
    {
        "o": 12519,
        "r": "csb:2 Chronicles:6:6",
        "w": 11,
        "l": {},
        "c": "2Ch 12:13*12701",
        "a": "d"
    },
    {
        "o": 12519,
        "r": "csb:2 Chronicles:6:6",
        "w": 22,
        "l": {},
        "c": "1Ch 28:4*12351",
        "a": "e"
    },
    {
        "o": 12520,
        "r": "csb:2 Chronicles:6:7",
        "w": 20,
        "l": {},
        "c": "2Sm 7:2–3*9045; 1Ch 22:7*12161",
        "a": "f"
    },
    {
        "o": 12524,
        "r": "csb:2 Chronicles:6:11",
        "w": 16,
        "l": {},
        "c": "2Ch 5:7,10*12504",
        "a": "g"
    },
    {
        "o": 12527,
        "r": "csb:2 Chronicles:6:13",
        "w": 8,
        "l": {},
        "t": "6:13*r Lit five cubits",
        "a": "h"
    },
    {
        "o": 12527,
        "r": "csb:2 Chronicles:6:13",
        "w": 15,
        "l": {},
        "t": "6:13*r Lit three cubits",
        "a": "i"
    },
    {
        "o": 12527,
        "r": "csb:2 Chronicles:6:13",
        "w": 26,
        "l": {},
        "c": "Ex 9:29,33*1953; Ezr 9:5*13622; Neh 8:4*13909",
        "a": "j"
    },
    {
        "o": 12527,
        "r": "csb:2 Chronicles:6:13",
        "w": 43,
        "l": {},
        "c": "1Kg 8:54*9988",
        "a": "k"
    },
    {
        "o": 12528,
        "r": "csb:2 Chronicles:6:14",
        "w": 16,
        "l": {},
        "c": "Ex 15:11*2129; Dt 3:24*5498",
        "a": "l"
    },
    {
        "o": 12528,
        "r": "csb:2 Chronicles:6:14",
        "w": 32,
        "l": {},
        "c": "Dt 7:9*5632",
        "a": "m"
    },
    {
        "o": 12529,
        "r": "csb:2 Chronicles:6:15",
        "w": 28,
        "l": {},
        "c": "1Ch 22:9–10*12163",
        "a": "n"
    },
    {
        "o": 12530,
        "r": "csb:2 Chronicles:6:16",
        "w": 31,
        "l": {},
        "c": "1Kg 2:4*9694; 2Ch 7:18*12577",
        "a": "o"
    },
    {
        "o": 12532,
        "r": "csb:2 Chronicles:6:18",
        "w": 16,
        "l": {},
        "c": "2Ch 2:6*12432",
        "a": "p"
    },
    {
        "o": 12533,
        "r": "csb:2 Chronicles:6:19",
        "w": 0,
        "l": {},
        "t": "6:19*r Lit Turn",
        "a": "q"
    },
    {
        "o": 12534,
        "r": "csb:2 Chronicles:6:20",
        "w": 21,
        "l": {},
        "c": "Dt 12:11*5776",
        "a": "r"
    },
    {
        "o": 12536,
        "r": "csb:2 Chronicles:6:22",
        "w": 13,
        "l": {},
        "t": "6:22*r Lit and he lifts a curse against him to curse him",
        "a": "s"
    },
    {
        "o": 12540,
        "r": "csb:2 Chronicles:6:26",
        "w": 35,
        "l": {},
        "t": "6:26*r LXX, Vg; MT reads answering; 1Kg 8:35",
        "a": "t"
    },
    {
        "o": 12540,
        "r": "csb:2 Chronicles:6:26",
        "w": 35,
        "l": {},
        "c": "1Kg 8:35*9968",
        "a": "u"
    },
    {
        "o": 12542,
        "r": "csb:2 Chronicles:6:28",
        "w": 30,
        "l": {},
        "t": "6:28*r Lit land of its gates",
        "a": "v"
    },
    {
        "o": 12542,
        "r": "csb:2 Chronicles:6:28",
        "w": 30,
        "l": {},
        "t": "6:28*r Lit if his (Israel’s) enemies besiege him in the land of his gates; Jos 2:7; Jdg 16:2–3",
        "a": "w"
    },
    {
        "o": 12542,
        "r": "csb:2 Chronicles:6:28",
        "w": 30,
        "l": {},
        "c": "Jos 2:7*6492; Jdg 16:2–3*7700",
        "a": "x"
    },
    {
        "o": 12543,
        "r": "csb:2 Chronicles:6:29",
        "w": 20,
        "l": {},
        "t": "6:29*r Lit plague",
        "a": "y"
    },
    {
        "o": 12544,
        "r": "csb:2 Chronicles:6:30",
        "w": 15,
        "l": {},
        "t": "6:30*r Lit give for the man",
        "a": "z"
    },
    {
        "o": 12544,
        "r": "csb:2 Chronicles:6:30",
        "w": 32,
        "l": {},
        "c": "1Sm 16:7*8413; 1Ch 28:9*12356",
        "a": "a"
    },
    {
        "o": 12546,
        "r": "csb:2 Chronicles:6:32",
        "w": 29,
        "l": {},
        "c": "Is 56:6–8*21014; Zch 8:20–23*25925; 14:16–21*26027",
        "a": "b"
    },
    {
        "o": 12547,
        "r": "csb:2 Chronicles:6:33",
        "w": 45,
        "l": {},
        "c": "2Ch 7:14*12573",
        "a": "c"
    },
    {
        "o": 12548,
        "r": "csb:2 Chronicles:6:34",
        "w": 27,
        "l": {},
        "c": "Dt 12:11*5776",
        "a": "d"
    },
    {
        "o": 12550,
        "r": "csb:2 Chronicles:6:36",
        "w": 13,
        "l": {},
        "c": "Jb 15:14–16*14695; Jms 3:2*34370; 1Jn 1:8–10*34637",
        "a": "e"
    },
    {
        "o": 12553,
        "r": "csb:2 Chronicles:6:39",
        "w": 15,
        "l": {},
        "t": "6:39*r Lit and do their judgment, or justice",
        "a": "f"
    },
    {
        "o": 12554,
        "r": "csb:2 Chronicles:6:40",
        "w": 18,
        "l": {},
        "c": "2Ch 7:15*12574; Neh 1:6,11*13689; Ps 17:1*15674",
        "a": "g"
    },
    {
        "o": 12555,
        "r": "csb:2 Chronicles:6:41",
        "w": 1,
        "l": {},
        "c": "Ps 132:8–10*18080",
        "a": "h"
    },
    {
        "o": 12556,
        "r": "csb:2 Chronicles:6:42",
        "w": 7,
        "l": {},
        "t": "6:42*r Some Hb mss, LXX; other Hb mss read ones; Ps 132:10",
        "a": "i"
    },
    {
        "o": 12556,
        "r": "csb:2 Chronicles:6:42",
        "w": 15,
        "l": {},
        "c": "1Ch 16:8–22*12002; Ps 105:1–15*17434; Is 55:3*20996",
        "a": "j"
    }
]
