[
    {
        "o": 34704,
        "r": "csb:1 John:4:1",
        "w": 10,
        "l": {},
        "c": "1Th 5:21*33579",
        "a": "a"
    },
    {
        "o": 34705,
        "r": "csb:1 John:4:2",
        "w": 20,
        "l": {},
        "c": "Jn 1:14*29478; Php 2:7*33293; 3:3*33323",
        "a": "b"
    },
    {
        "o": 34705,
        "r": "csb:1 John:4:2",
        "w": 23,
        "l": {},
        "c": "1Co 12:3*32423",
        "a": "c"
    },
    {
        "o": 34706,
        "r": "csb:1 John:4:3",
        "w": 7,
        "l": {},
        "t": "4:3*r Other mss read confess that Jesus has come in the flesh",
        "a": "d"
    },
    {
        "o": 34706,
        "r": "csb:1 John:4:3",
        "w": 18,
        "l": {},
        "c": "1Jn 2:18,22*34662; 2Jn 7*34760",
        "a": "e"
    },
    {
        "o": 34707,
        "r": "csb:1 John:4:4",
        "w": 17,
        "l": {},
        "c": "Rm 8:31*31857; Col 1:27*33402; 1Jn 3:20*34697",
        "a": "f"
    },
    {
        "o": 34707,
        "r": "csb:1 John:4:4",
        "w": 27,
        "l": {},
        "c": "Jn 12:31*30089",
        "a": "g"
    },
    {
        "o": 34708,
        "r": "csb:1 John:4:5",
        "w": 4,
        "l": {},
        "c": "Jn 17:6*30269; 2Pt 2:20*34603",
        "a": "h"
    },
    {
        "o": 34709,
        "r": "csb:1 John:4:6",
        "w": 10,
        "l": {},
        "c": "Jn 8:47*29886",
        "a": "i"
    },
    {
        "o": 34709,
        "r": "csb:1 John:4:6",
        "w": 35,
        "l": {},
        "c": "Mk 13:5–6*27932; 1Co 2:12*32158; 1Tm 4:1*33708",
        "a": "j"
    },
    {
        "o": 34711,
        "r": "csb:1 John:4:7",
        "w": 20,
        "l": {},
        "c": "1Jn 2:29*34675",
        "a": "k"
    },
    {
        "o": 34713,
        "r": "csb:1 John:4:9",
        "w": 5,
        "l": {},
        "t": "4:9*r Or in us",
        "a": "l"
    },
    {
        "o": 34713,
        "r": "csb:1 John:4:9",
        "w": 10,
        "l": {},
        "c": "Mk 9:37*27762",
        "a": "m"
    },
    {
        "o": 34713,
        "r": "csb:1 John:4:9",
        "w": 15,
        "l": {},
        "c": "Jn 1:14,18*29478; 3:16,18*29564",
        "a": "n"
    },
    {
        "o": 34713,
        "r": "csb:1 John:4:9",
        "w": 23,
        "l": {},
        "c": "Jn 10:28*29974",
        "a": "o"
    },
    {
        "o": 34714,
        "r": "csb:1 John:4:10",
        "w": 13,
        "l": {},
        "c": "Jn 3:16*29564",
        "a": "p"
    },
    {
        "o": 34714,
        "r": "csb:1 John:4:10",
        "w": 22,
        "l": {},
        "t": "4:10*r Or the propitiation",
        "a": "q"
    },
    {
        "o": 34714,
        "r": "csb:1 John:4:10",
        "w": 22,
        "l": {},
        "c": "2Co 5:21*32721; 1Jn 2:2*34643",
        "a": "r"
    },
    {
        "o": 34715,
        "r": "csb:1 John:4:11",
        "w": 14,
        "l": {},
        "c": "Jn 13:14*30127; 15:12*30207; Rm 13:8*32003; 1Th 4:9*33545; 1Pt 1:22*34458",
        "a": "s"
    },
    {
        "o": 34716,
        "r": "csb:1 John:4:12",
        "w": 5,
        "l": {},
        "c": "Ex 33:20*2757",
        "a": "t"
    },
    {
        "o": 34716,
        "r": "csb:1 John:4:12",
        "w": 13,
        "l": {},
        "t": "4:12*r Or remains among",
        "a": "u"
    },
    {
        "o": 34717,
        "r": "csb:1 John:4:13",
        "w": 9,
        "l": {},
        "c": "Jn 15:4–7*30198; 1Jn 2:6,24,27–28*34647; 3:6,24*34682; 4:15–16*34719",
        "a": "v"
    },
    {
        "o": 34717,
        "r": "csb:1 John:4:13",
        "w": 20,
        "l": {},
        "c": "Rv 3:22*34902",
        "a": "w"
    },
    {
        "o": 34718,
        "r": "csb:1 John:4:14",
        "w": 13,
        "l": {},
        "c": "Rm 1:3*31609",
        "a": "x"
    },
    {
        "o": 34719,
        "r": "csb:1 John:4:15",
        "w": 1,
        "l": {},
        "c": "Jn 9:22*29923; Php 2:6*33292",
        "a": "y"
    },
    {
        "o": 34721,
        "r": "csb:1 John:4:17",
        "w": 18,
        "l": {},
        "c": "Mt 10:15*26449; 11:22,24*26504; 12:36*26555; 2Pt 2:9*34592; 3:7*34614; Jd 6*34797",
        "a": "z"
    },
    {
        "o": 34721,
        "r": "csb:1 John:4:17",
        "w": 29,
        "l": {},
        "c": "Jn 14:10–11*30167; 15:9–10*30204; 17:11,15,18*30274",
        "a": "a"
    },
    {
        "o": 34722,
        "r": "csb:1 John:4:18",
        "w": 11,
        "l": {},
        "c": "Rm 8:15*31839",
        "a": "b"
    },
    {
        "o": 34722,
        "r": "csb:1 John:4:18",
        "w": 15,
        "l": {},
        "t": "4:18*r Or fear has its own punishment or torment",
        "a": "c"
    },
    {
        "o": 34722,
        "r": "csb:1 John:4:18",
        "w": 25,
        "l": {},
        "c": "Eph 4:11–16*33160",
        "a": "d"
    },
    {
        "o": 34723,
        "r": "csb:1 John:4:19",
        "w": 1,
        "l": {},
        "t": "4:19*r Other mss add him",
        "a": "e"
    },
    {
        "o": 34723,
        "r": "csb:1 John:4:19",
        "w": 6,
        "l": {},
        "c": "2Th 2:13*33617",
        "a": "f"
    },
    {
        "o": 34724,
        "r": "csb:1 John:4:20",
        "w": 12,
        "l": {},
        "c": "1Jn 2:9,11*34650; 3:15*34692",
        "a": "g"
    },
    {
        "o": 34724,
        "r": "csb:1 John:4:20",
        "w": 16,
        "l": {},
        "c": "1Jn 1:10*34639",
        "a": "h"
    },
    {
        "o": 34724,
        "r": "csb:1 John:4:20",
        "w": 27,
        "l": {},
        "c": "1Jn 2:10*34651; 3:10,14–17*34687",
        "a": "i"
    },
    {
        "o": 34724,
        "r": "csb:1 John:4:20",
        "w": 39,
        "l": {},
        "t": "4:20*r Other mss read has seen, how is he able to love ... seen? (as a question)",
        "a": "j"
    }
]
