[
    {
        "o": 12850,
        "r": "csb:2 Chronicles:19:2",
        "w": 1,
        "l": {},
        "c": "1Kg 16:1*10261; 2Ch 20:34*12901",
        "a": "a"
    },
    {
        "o": 12850,
        "r": "csb:2 Chronicles:19:2",
        "w": 11,
        "l": {},
        "t": "19:2*r Lit to his face",
        "a": "b"
    },
    {
        "o": 12850,
        "r": "csb:2 Chronicles:19:2",
        "w": 28,
        "l": {},
        "c": "2Ch 18:1,3*12811",
        "a": "c"
    },
    {
        "o": 12850,
        "r": "csb:2 Chronicles:19:2",
        "w": 37,
        "l": {},
        "c": "2Ch 24:18*12990",
        "a": "d"
    },
    {
        "o": 12851,
        "r": "csb:2 Chronicles:19:3",
        "w": 25,
        "l": {},
        "c": "2Ch 12:14*12702; 17:4,6*12791",
        "a": "e"
    },
    {
        "o": 12853,
        "r": "csb:2 Chronicles:19:4",
        "w": 32,
        "l": {},
        "c": "2Ch 15:8–13*12756",
        "a": "f"
    },
    {
        "o": 12854,
        "r": "csb:2 Chronicles:19:5",
        "w": 15,
        "l": {},
        "c": "Dt 16:18–20*5903",
        "a": "g"
    },
    {
        "o": 12855,
        "r": "csb:2 Chronicles:19:6",
        "w": 31,
        "l": {},
        "c": "Lv 19:15*3644; Dt 1:17*5398",
        "a": "h"
    },
    {
        "o": 12856,
        "r": "csb:2 Chronicles:19:7",
        "w": 29,
        "l": {},
        "c": "Gn 18:25*498; Dt 10:17–18*5723; 32:4*6367",
        "a": "i"
    },
    {
        "o": 12857,
        "r": "csb:2 Chronicles:19:8",
        "w": 30,
        "l": {},
        "t": "19:8*r LXX, Vg; MT reads disputes and they returned to",
        "a": "j"
    },
    {
        "o": 12859,
        "r": "csb:2 Chronicles:19:10",
        "w": 25,
        "l": {},
        "c": "Dt 17:8*5919",
        "a": "k"
    },
    {
        "o": 12859,
        "r": "csb:2 Chronicles:19:10",
        "w": 49,
        "l": {},
        "c": "2Ch 19:2*12850",
        "a": "l"
    },
    {
        "o": 12860,
        "r": "csb:2 Chronicles:19:11",
        "w": 55,
        "l": {},
        "c": "1Ch 28:20*12367",
        "a": "m"
    }
]
