[
    {
        "o": 34629,
        "r": "csb:1 John:1:1",
        "w": 4,
        "l": {},
        "c": "Jn 1:1*29465; 1Jn 2:13–14*34655",
        "a": "a"
    },
    {
        "o": 34629,
        "r": "csb:1 John:1:1",
        "w": 28,
        "l": {},
        "c": "Ps 119:25*17787; Jn 1:1,4*29465; 5:24*29673; Php 2:16*33303",
        "a": "b"
    },
    {
        "o": 34630,
        "r": "csb:1 John:1:2",
        "w": 3,
        "l": {},
        "c": "Jn 1:31*29497; 21:1,14*30430; Col 3:4*33435; 1Pt 5:4*34545; 1Jn 2:28*34674; 3:5,8*34681",
        "a": "c"
    },
    {
        "o": 34630,
        "r": "csb:1 John:1:2",
        "w": 28,
        "l": {},
        "c": "1Jn 5:20*34749",
        "a": "d"
    },
    {
        "o": 34631,
        "r": "csb:1 John:1:3",
        "w": 17,
        "l": {},
        "c": "Php 3:10*33330",
        "a": "e"
    },
    {
        "o": 34631,
        "r": "csb:1 John:1:3",
        "w": 27,
        "l": {},
        "c": "Mt 11:27*26510",
        "a": "f"
    },
    {
        "o": 34632,
        "r": "csb:1 John:1:4",
        "w": 4,
        "l": {},
        "t": "1:4*r Other mss add to you",
        "a": "g"
    },
    {
        "o": 34632,
        "r": "csb:1 John:1:4",
        "w": 7,
        "l": {},
        "t": "1:4*r Other mss read your",
        "a": "h"
    },
    {
        "o": 34632,
        "r": "csb:1 John:1:4",
        "w": 8,
        "l": {},
        "c": "2Co 2:3*32637; Php 1:4,25*33255; 2:18*33306",
        "a": "i"
    },
    {
        "o": 34634,
        "r": "csb:1 John:1:5",
        "w": 15,
        "l": {},
        "c": "Ps 27:1*15886; 36:9*16073; Jn 12:46*30106; 1Tm 6:16*33775",
        "a": "j"
    },
    {
        "o": 34634,
        "r": "csb:1 John:1:5",
        "w": 23,
        "l": {},
        "c": "1Jn 2:5*34646",
        "a": "k"
    },
    {
        "o": 34635,
        "r": "csb:1 John:1:6",
        "w": 5,
        "l": {},
        "c": "2Co 8:4*32766",
        "a": "l"
    },
    {
        "o": 34635,
        "r": "csb:1 John:1:6",
        "w": 13,
        "l": {},
        "c": "Pr 2:13*18419; Is 9:2*19963; 50:10*20916; Jn 8:12*29848; 12:35*30093; 1Jn 2:11*34653",
        "a": "m"
    },
    {
        "o": 34635,
        "r": "csb:1 John:1:6",
        "w": 22,
        "l": {},
        "c": "Jn 14:6*30162; 2Co 11:10*32836; 3Jn 3*34772",
        "a": "n"
    },
    {
        "o": 34636,
        "r": "csb:1 John:1:7",
        "w": 5,
        "l": {},
        "c": "Eph 5:8–14*33192; Php 2:15*33302; Col 1:12–14*33385; 1Th 5:5*33562",
        "a": "o"
    },
    {
        "o": 34636,
        "r": "csb:1 John:1:7",
        "w": 23,
        "l": {},
        "c": "Heb 10:19*34182; 12:24*34273; 1Pt 1:2,19*34437; Rv 1:5*34825",
        "a": "p"
    },
    {
        "o": 34637,
        "r": "csb:1 John:1:8",
        "w": 6,
        "l": {},
        "c": "Pr 20:9*18971; Jr 2:35*21286; Rm 3:9–23*31687; Jms 3:2*34370",
        "a": "q"
    },
    {
        "o": 34638,
        "r": "csb:1 John:1:9",
        "w": 11,
        "l": {},
        "c": "Ps 103:3*17375; Jr 31:34*22134; Mt 9:6*26393; 26:28*27195; Col 1:14*33388; Jms 5:15*34427",
        "a": "r"
    },
    {
        "o": 34639,
        "r": "csb:1 John:1:10",
        "w": 14,
        "l": {},
        "c": "Lk 8:21*28562; Heb 4:12*34037",
        "a": "s"
    },
    {
        "o": 34639,
        "r": "csb:1 John:1:10",
        "w": 18,
        "l": {},
        "c": "Jn 8:37*29875",
        "a": "t"
    }
]
