[
    {
        "o": 10794,
        "r": "csb:2 Kings:9:1",
        "w": 10,
        "l": {},
        "c": "2Kg 2:3,5,7*10563",
        "a": "a"
    },
    {
        "o": 10794,
        "r": "csb:2 Kings:9:1",
        "w": 15,
        "l": {},
        "c": "2Kg 4:29*10651",
        "a": "b"
    },
    {
        "o": 10794,
        "r": "csb:2 Kings:9:1",
        "w": 23,
        "l": {},
        "c": "1Sm 10:1*8212; 16:1*8407; 1Kg 1:39*9673",
        "a": "c"
    },
    {
        "o": 10794,
        "r": "csb:2 Kings:9:1",
        "w": 29,
        "l": {},
        "c": "1Kg 22:3,29*10484; 2Kg 8:28–29*10790",
        "a": "d"
    },
    {
        "o": 10795,
        "r": "csb:2 Kings:9:2",
        "w": 6,
        "l": {},
        "c": "1Kg 19:16–17*10395; 2Kg 9:14*10807",
        "a": "e"
    },
    {
        "o": 10796,
        "r": "csb:2 Kings:9:3",
        "w": 24,
        "l": {},
        "c": "2Ch 22:7*12938",
        "a": "f"
    },
    {
        "o": 10797,
        "r": "csb:2 Kings:9:4",
        "w": 3,
        "l": {},
        "t": "9:4*r Or the young man, the attendant of the prophet",
        "a": "g"
    },
    {
        "o": 10800,
        "r": "csb:2 Kings:9:7",
        "w": 38,
        "l": {},
        "c": "1Kg 18:4*10332; 21:15*10464",
        "a": "h"
    },
    {
        "o": 10801,
        "r": "csb:2 Kings:9:8",
        "w": 15,
        "l": {},
        "t": "9:8*r Lit wipe out Ahab’s one who urinates against a wall",
        "a": "i"
    },
    {
        "o": 10801,
        "r": "csb:2 Kings:9:8",
        "w": 19,
        "l": {},
        "t": "9:8*r Or males, even the weak and impaired; Hb obscure",
        "a": "j"
    },
    {
        "o": 10801,
        "r": "csb:2 Kings:9:8",
        "w": 21,
        "l": {},
        "c": "1Kg 21:21*10471; 2Kg 10:17*10852",
        "a": "k"
    },
    {
        "o": 10802,
        "r": "csb:2 Kings:9:9",
        "w": 23,
        "l": {},
        "c": "1Kg 16:3–5,11–12*10263",
        "a": "l"
    },
    {
        "o": 10803,
        "r": "csb:2 Kings:9:10",
        "w": 16,
        "l": {},
        "c": "1Kg 21:23*10473; 2Kg 9:30–37*10825",
        "a": "m"
    },
    {
        "o": 10804,
        "r": "csb:2 Kings:9:11",
        "w": 18,
        "l": {},
        "c": "1Sm 10:11*8222; Mk 3:21*27460",
        "a": "n"
    },
    {
        "o": 10806,
        "r": "csb:2 Kings:9:13",
        "w": 14,
        "l": {},
        "t": "9:13*r Lit on the bones of the steps",
        "a": "o"
    },
    {
        "o": 10806,
        "r": "csb:2 Kings:9:13",
        "w": 14,
        "l": {},
        "c": "Mt 21:8*26915",
        "a": "p"
    },
    {
        "o": 10806,
        "r": "csb:2 Kings:9:13",
        "w": 19,
        "l": {},
        "c": "2Sm 15:10*9285",
        "a": "q"
    },
    {
        "o": 10806,
        "r": "csb:2 Kings:9:13",
        "w": 24,
        "l": {},
        "c": "1Kg 1:39*9673",
        "a": "r"
    },
    {
        "o": 10807,
        "r": "csb:2 Kings:9:14",
        "w": 10,
        "l": {},
        "c": "2Kg 8:28–29*10790; 2Ch 22:6*12937",
        "a": "s"
    },
    {
        "o": 10808,
        "r": "csb:2 Kings:9:15",
        "w": 35,
        "l": {},
        "t": "9:15*r Lit “If your desire exists",
        "a": "t"
    },
    {
        "o": 10811,
        "r": "csb:2 Kings:9:17",
        "w": 2,
        "l": {},
        "c": "1Sm 14:16*8328",
        "a": "u"
    },
    {
        "o": 10811,
        "r": "csb:2 Kings:9:17",
        "w": 40,
        "l": {},
        "c": "1Sm 16:4*8410",
        "a": "v"
    },
    {
        "o": 10814,
        "r": "csb:2 Kings:9:20",
        "w": 21,
        "l": {},
        "c": "1Kg 19:17*10396; 2Kg 9:2*10795",
        "a": "w"
    },
    {
        "o": 10815,
        "r": "csb:2 Kings:9:21",
        "w": 39,
        "l": {},
        "c": "1Kg 21:1–7*10450",
        "a": "x"
    },
    {
        "o": 10816,
        "r": "csb:2 Kings:9:22",
        "w": 32,
        "l": {},
        "c": "1Kg 16:30–33*10294; 2Ch 21:13*12921",
        "a": "y"
    },
    {
        "o": 10817,
        "r": "csb:2 Kings:9:23",
        "w": 9,
        "l": {},
        "c": "2Kg 11:14*10889",
        "a": "z"
    },
    {
        "o": 10818,
        "r": "csb:2 Kings:9:24",
        "w": 23,
        "l": {},
        "c": "1Kg 22:34–35*10517",
        "a": "a"
    },
    {
        "o": 10819,
        "r": "csb:2 Kings:9:25",
        "w": 21,
        "l": {},
        "c": "1Kg 21:1*10450",
        "a": "b"
    },
    {
        "o": 10820,
        "r": "csb:2 Kings:9:26",
        "w": 55,
        "l": {},
        "c": "1Kg 21:13,19,24*10462",
        "a": "c"
    },
    {
        "o": 10821,
        "r": "csb:2 Kings:9:27",
        "w": 29,
        "l": {},
        "t": "9:27*r LXX, Syr, Vg; MT omits So they shot him",
        "a": "d"
    },
    {
        "o": 10821,
        "r": "csb:2 Kings:9:27",
        "w": 34,
        "l": {},
        "c": "Jos 17:11*6950; Jdg 1:27*7238",
        "a": "e"
    },
    {
        "o": 10821,
        "r": "csb:2 Kings:9:27",
        "w": 39,
        "l": {},
        "c": "2Kg 23:29*11304",
        "a": "f"
    },
    {
        "o": 10821,
        "r": "csb:2 Kings:9:27",
        "w": 42,
        "l": {},
        "c": "2Ch 22:7,9*12938",
        "a": "g"
    },
    {
        "o": 10822,
        "r": "csb:2 Kings:9:28",
        "w": 21,
        "l": {},
        "c": "2Kg 23:30*11306; 2Ch 22:9*12941",
        "a": "h"
    },
    {
        "o": 10823,
        "r": "csb:2 Kings:9:29",
        "w": 17,
        "l": {},
        "c": "2Kg 8:25*10787",
        "a": "i"
    },
    {
        "o": 10825,
        "r": "csb:2 Kings:9:30",
        "w": 13,
        "l": {},
        "c": "Jr 4:30*21351; Ezk 23:40*23679",
        "a": "j"
    },
    {
        "o": 10825,
        "r": "csb:2 Kings:9:30",
        "w": 16,
        "l": {},
        "t": "9:30*r Lit made her head pleasing",
        "a": "k"
    },
    {
        "o": 10826,
        "r": "csb:2 Kings:9:31",
        "w": 13,
        "l": {},
        "c": "1Kg 16:9–20*10270",
        "a": "l"
    },
    {
        "o": 10827,
        "r": "csb:2 Kings:9:32",
        "w": 17,
        "l": {},
        "c": "Est 1:10*14140; 2:14*14170",
        "a": "m"
    },
    {
        "o": 10828,
        "r": "csb:2 Kings:9:33",
        "w": 28,
        "l": {},
        "c": "Ps 7:5*15541",
        "a": "n"
    },
    {
        "o": 10829,
        "r": "csb:2 Kings:9:34",
        "w": 13,
        "l": {},
        "c": "1Kg 21:21–24*10471",
        "a": "o"
    },
    {
        "o": 10829,
        "r": "csb:2 Kings:9:34",
        "w": 22,
        "l": {},
        "c": "1Kg 16:31*10295",
        "a": "p"
    },
    {
        "o": 10831,
        "r": "csb:2 Kings:9:36",
        "w": 36,
        "l": {},
        "c": "1Kg 21:23*10473; 2Kg 9:10*10803",
        "a": "q"
    },
    {
        "o": 10832,
        "r": "csb:2 Kings:9:37",
        "w": 5,
        "l": {},
        "c": "Jr 8:1–2*21465; Zph 1:17*25699",
        "a": "r"
    }
]
