[
    {
        "o": 8698,
        "r": "csb:1 Samuel:25:1",
        "w": 1,
        "l": {},
        "c": "1Sm 28:3*8787",
        "a": "a"
    },
    {
        "o": 8698,
        "r": "csb:1 Samuel:25:1",
        "w": 9,
        "l": {},
        "c": "Dt 34:8*6457",
        "a": "b"
    },
    {
        "o": 8698,
        "r": "csb:1 Samuel:25:1",
        "w": 18,
        "l": {},
        "c": "2Kg 21:18*11236; 2Ch 33:20*13260",
        "a": "c"
    },
    {
        "o": 8698,
        "r": "csb:1 Samuel:25:1",
        "w": 27,
        "l": {},
        "t": "25:1*r LXX reads to Maon",
        "a": "d"
    },
    {
        "o": 8698,
        "r": "csb:1 Samuel:25:1",
        "w": 27,
        "l": {},
        "c": "Gn 21:21*592; Nm 10:12*4401; 13:3*4488",
        "a": "e"
    },
    {
        "o": 8699,
        "r": "csb:1 Samuel:25:2",
        "w": 3,
        "l": {},
        "c": "1Sm 23:24*8666",
        "a": "f"
    },
    {
        "o": 8699,
        "r": "csb:1 Samuel:25:2",
        "w": 8,
        "l": {},
        "c": "Jos 15:55*6916",
        "a": "g"
    },
    {
        "o": 8700,
        "r": "csb:1 Samuel:25:3",
        "w": 20,
        "l": {},
        "c": "Jos 15:13*6873; 1Sm 30:14*8838",
        "a": "h"
    },
    {
        "o": 8702,
        "r": "csb:1 Samuel:25:5",
        "w": 19,
        "l": {},
        "t": "25:5*r Or Nabal, ask him for peace",
        "a": "i"
    },
    {
        "o": 8703,
        "r": "csb:1 Samuel:25:6",
        "w": 6,
        "l": {},
        "t": "25:6*r Lit ‘To life",
        "a": "j"
    },
    {
        "o": 8703,
        "r": "csb:1 Samuel:25:6",
        "w": 21,
        "l": {},
        "c": "1Ch 12:18*11903",
        "a": "k"
    },
    {
        "o": 8704,
        "r": "csb:1 Samuel:25:7",
        "w": 5,
        "l": {},
        "t": "25:7*r Lit you have shearers",
        "a": "l"
    },
    {
        "o": 8704,
        "r": "csb:1 Samuel:25:7",
        "w": 29,
        "l": {},
        "c": "1Sm 23:24–25*8666; 25:15–16*8712",
        "a": "m"
    },
    {
        "o": 8705,
        "r": "csb:1 Samuel:25:8",
        "w": 24,
        "l": {},
        "t": "25:8*r Lit good",
        "a": "n"
    },
    {
        "o": 8705,
        "r": "csb:1 Samuel:25:8",
        "w": 25,
        "l": {},
        "c": "Neh 8:10–12*13915",
        "a": "o"
    },
    {
        "o": 8706,
        "r": "csb:1 Samuel:25:9",
        "w": 13,
        "l": {},
        "t": "25:9*r Lit name",
        "a": "p"
    },
    {
        "o": 8706,
        "r": "csb:1 Samuel:25:9",
        "w": 16,
        "l": {},
        "t": "25:9*r LXX reads and he became arrogant",
        "a": "q"
    },
    {
        "o": 8707,
        "r": "csb:1 Samuel:25:10",
        "w": 5,
        "l": {},
        "c": "Jdg 9:28*7513",
        "a": "r"
    },
    {
        "o": 8710,
        "r": "csb:1 Samuel:25:13",
        "w": 38,
        "l": {},
        "c": "1Sm 23:13*8653; 30:9–10*8833",
        "a": "s"
    },
    {
        "o": 8711,
        "r": "csb:1 Samuel:25:14",
        "w": 19,
        "l": {},
        "c": "1Sm 13:10*8296; 15:13*8382",
        "a": "t"
    },
    {
        "o": 8712,
        "r": "csb:1 Samuel:25:15",
        "w": 14,
        "l": {},
        "c": "1Sm 25:7,21*8704",
        "a": "u"
    },
    {
        "o": 8713,
        "r": "csb:1 Samuel:25:16",
        "w": 9,
        "l": {},
        "c": "Ex 14:22*2107",
        "a": "v"
    },
    {
        "o": 8714,
        "r": "csb:1 Samuel:25:17",
        "w": 2,
        "l": {},
        "t": "25:17*r Lit Now know and see",
        "a": "w"
    },
    {
        "o": 8715,
        "r": "csb:1 Samuel:25:18",
        "w": 17,
        "l": {},
        "t": "25:18*r Lit sheep, five seahs",
        "a": "x"
    },
    {
        "o": 8715,
        "r": "csb:1 Samuel:25:18",
        "w": 37,
        "l": {},
        "c": "2Sm 16:1*9315; 1Ch 12:40*11926",
        "a": "y"
    },
    {
        "o": 8716,
        "r": "csb:1 Samuel:25:19",
        "w": 16,
        "l": {},
        "c": "Gn 32:16,20*1040",
        "a": "z"
    },
    {
        "o": 8719,
        "r": "csb:1 Samuel:25:22",
        "w": 3,
        "l": {},
        "t": "25:22*r LXX; MT reads David’s enemies",
        "a": "a"
    },
    {
        "o": 8719,
        "r": "csb:1 Samuel:25:22",
        "w": 7,
        "l": {},
        "c": "1Sm 3:17*8071; 20:13*8565",
        "a": "b"
    },
    {
        "o": 8719,
        "r": "csb:1 Samuel:25:22",
        "w": 14,
        "l": {},
        "t": "25:22*r Lit of those of his who are urinating against the wall",
        "a": "c"
    },
    {
        "o": 8719,
        "r": "csb:1 Samuel:25:22",
        "w": 17,
        "l": {},
        "c": "1Kg 14:10*10198",
        "a": "d"
    },
    {
        "o": 8720,
        "r": "csb:1 Samuel:25:23",
        "w": 23,
        "l": {},
        "c": "1Sm 20:41*8593",
        "a": "e"
    },
    {
        "o": 8722,
        "r": "csb:1 Samuel:25:25",
        "w": 17,
        "l": {},
        "t": "25:25*r Lit for as is his name is, so he is",
        "a": "f"
    },
    {
        "o": 8722,
        "r": "csb:1 Samuel:25:25",
        "w": 27,
        "l": {},
        "t": "25:25*r Lit and foolishness is with him",
        "a": "g"
    },
    {
        "o": 8723,
        "r": "csb:1 Samuel:25:26",
        "w": 27,
        "l": {},
        "c": "Heb 10:30*34194",
        "a": "h"
    },
    {
        "o": 8723,
        "r": "csb:1 Samuel:25:26",
        "w": 44,
        "l": {},
        "c": "2Sm 18:32*9405",
        "a": "i"
    },
    {
        "o": 8724,
        "r": "csb:1 Samuel:25:27",
        "w": 2,
        "l": {},
        "c": "Gn 33:11*1070; 1Sm 30:26*8850",
        "a": "j"
    },
    {
        "o": 8725,
        "r": "csb:1 Samuel:25:28",
        "w": 4,
        "l": {},
        "c": "1Sm 25:24*8721",
        "a": "k"
    },
    {
        "o": 8725,
        "r": "csb:1 Samuel:25:28",
        "w": 17,
        "l": {},
        "c": "1Sm 2:35*8051; 22:14*8629; 2Sm 7:11,16*9054",
        "a": "l"
    },
    {
        "o": 8725,
        "r": "csb:1 Samuel:25:28",
        "w": 23,
        "l": {},
        "c": "1Sm 18:17*8510",
        "a": "m"
    },
    {
        "o": 8725,
        "r": "csb:1 Samuel:25:28",
        "w": 28,
        "l": {},
        "t": "25:28*r Or trouble",
        "a": "n"
    },
    {
        "o": 8725,
        "r": "csb:1 Samuel:25:28",
        "w": 33,
        "l": {},
        "c": "1Sm 24:11*8684; Ps 7:3*15539",
        "a": "o"
    },
    {
        "o": 8726,
        "r": "csb:1 Samuel:25:29",
        "w": 18,
        "l": {},
        "t": "25:29*r Lit bundle",
        "a": "p"
    },
    {
        "o": 8726,
        "r": "csb:1 Samuel:25:29",
        "w": 39,
        "l": {},
        "c": "Jr 10:18*21541",
        "a": "q"
    },
    {
        "o": 8727,
        "r": "csb:1 Samuel:25:30",
        "w": 18,
        "l": {},
        "c": "1Sm 13:14*8300",
        "a": "r"
    },
    {
        "o": 8728,
        "r": "csb:1 Samuel:25:31",
        "w": 35,
        "l": {},
        "c": "Gn 40:14*1306; 1Sm 25:30*8727",
        "a": "s"
    },
    {
        "o": 8729,
        "r": "csb:1 Samuel:25:32",
        "w": 11,
        "l": {},
        "c": "Ex 18:10*2215",
        "a": "t"
    },
    {
        "o": 8730,
        "r": "csb:1 Samuel:25:33",
        "w": 24,
        "l": {},
        "c": "1Sm 25:26*8723",
        "a": "u"
    },
    {
        "o": 8731,
        "r": "csb:1 Samuel:25:34",
        "w": 30,
        "l": {},
        "t": "25:34*r Lit had anyone urinating against a wall",
        "a": "v"
    },
    {
        "o": 8732,
        "r": "csb:1 Samuel:25:35",
        "w": 13,
        "l": {},
        "c": "1Sm 20:42*8594; 2Kg 5:19*10691",
        "a": "w"
    },
    {
        "o": 8732,
        "r": "csb:1 Samuel:25:35",
        "w": 25,
        "l": {},
        "c": "Gn 19:21*529",
        "a": "x"
    },
    {
        "o": 8733,
        "r": "csb:1 Samuel:25:36",
        "w": 18,
        "l": {},
        "c": "2Sm 13:23*9222",
        "a": "y"
    },
    {
        "o": 8733,
        "r": "csb:1 Samuel:25:36",
        "w": 22,
        "l": {},
        "t": "25:36*r Lit Nabal’s heart was good on him",
        "a": "z"
    },
    {
        "o": 8733,
        "r": "csb:1 Samuel:25:36",
        "w": 32,
        "l": {},
        "t": "25:36*r Lit anything at all",
        "a": "a"
    },
    {
        "o": 8733,
        "r": "csb:1 Samuel:25:36",
        "w": 34,
        "l": {},
        "c": "1Sm 25:19*8716",
        "a": "b"
    },
    {
        "o": 8734,
        "r": "csb:1 Samuel:25:37",
        "w": 6,
        "l": {},
        "t": "25:37*r Lit when the wine had gone out of Nabal",
        "a": "c"
    },
    {
        "o": 8734,
        "r": "csb:1 Samuel:25:37",
        "w": 16,
        "l": {},
        "t": "25:37*r Lit Then his heart died within him",
        "a": "d"
    },
    {
        "o": 8735,
        "r": "csb:1 Samuel:25:38",
        "w": 8,
        "l": {},
        "c": "1Sm 26:10*8753",
        "a": "e"
    },
    {
        "o": 8736,
        "r": "csb:1 Samuel:25:39",
        "w": 19,
        "l": {},
        "c": "1Sm 24:15*8688",
        "a": "f"
    },
    {
        "o": 8736,
        "r": "csb:1 Samuel:25:39",
        "w": 26,
        "l": {},
        "c": "1Sm 25:26,34*8723",
        "a": "g"
    },
    {
        "o": 8736,
        "r": "csb:1 Samuel:25:39",
        "w": 37,
        "l": {},
        "c": "2Sm 3:28–29*8964",
        "a": "h"
    },
    {
        "o": 8738,
        "r": "csb:1 Samuel:25:41",
        "w": 10,
        "l": {},
        "c": "1Sm 25:23*8720",
        "a": "i"
    },
    {
        "o": 8738,
        "r": "csb:1 Samuel:25:41",
        "w": 27,
        "l": {},
        "c": "Mk 1:7*27356",
        "a": "j"
    },
    {
        "o": 8739,
        "r": "csb:1 Samuel:25:42",
        "w": 19,
        "l": {},
        "c": "Gn 24:61–67*717",
        "a": "k"
    },
    {
        "o": 8740,
        "r": "csb:1 Samuel:25:43",
        "w": 5,
        "l": {},
        "c": "Jos 15:56*6917",
        "a": "l"
    },
    {
        "o": 8741,
        "r": "csb:1 Samuel:25:44",
        "w": 9,
        "l": {},
        "c": "1Sm 18:27*8521; 2Sm 3:14–15*8949",
        "a": "m"
    },
    {
        "o": 8741,
        "r": "csb:1 Samuel:25:44",
        "w": 16,
        "l": {},
        "c": "Is 10:30*20018",
        "a": "n"
    }
]
