[
    {
        "o": 9632,
        "r": "csb:1 Kings:1:1",
        "w": 8,
        "l": {},
        "c": "2Sm 5:4*8995; 1Kg 2:10–11*9700; 1Ch 23:1*12176",
        "a": "a"
    },
    {
        "o": 9632,
        "r": "csb:1 Kings:1:1",
        "w": 19,
        "l": {},
        "c": "Ec 4:11*19429",
        "a": "b"
    },
    {
        "o": 9633,
        "r": "csb:1 Kings:1:2",
        "w": 7,
        "l": {},
        "t": "1:2*r Lit them",
        "a": "c"
    },
    {
        "o": 9633,
        "r": "csb:1 Kings:1:2",
        "w": 17,
        "l": {},
        "c": "Est 2:2*14157",
        "a": "d"
    },
    {
        "o": 9634,
        "r": "csb:1 Kings:1:3",
        "w": 13,
        "l": {},
        "c": "1Kg 1:15*9648; 2:17*9708",
        "a": "e"
    },
    {
        "o": 9634,
        "r": "csb:1 Kings:1:3",
        "w": 15,
        "l": {},
        "t": "1:3*r Shunem was a town in the hill country of Issachar at the foot of Mt. Moreh; Jos 19:17–18.",
        "a": "f"
    },
    {
        "o": 9634,
        "r": "csb:1 Kings:1:3",
        "w": 15,
        "l": {},
        "c": "Jos 19:18*7012; 1Sm 28:4*8788",
        "a": "g"
    },
    {
        "o": 9635,
        "r": "csb:1 Kings:1:4",
        "w": 5,
        "l": {},
        "c": "Est 2:7*14162",
        "a": "h"
    },
    {
        "o": 9635,
        "r": "csb:1 Kings:1:4",
        "w": 21,
        "l": {},
        "t": "1:4*r Lit he did not know",
        "a": "i"
    },
    {
        "o": 9637,
        "r": "csb:1 Kings:1:5",
        "w": 3,
        "l": {},
        "c": "2Sm 3:4*8939",
        "a": "j"
    },
    {
        "o": 9637,
        "r": "csb:1 Kings:1:5",
        "w": 23,
        "l": {},
        "t": "1:5*r Heralds announcing his procession",
        "a": "k"
    },
    {
        "o": 9637,
        "r": "csb:1 Kings:1:5",
        "w": 23,
        "l": {},
        "c": "2Sm 15:1*9276",
        "a": "l"
    },
    {
        "o": 9638,
        "r": "csb:1 Kings:1:6",
        "w": 6,
        "l": {},
        "c": "1Sm 3:13*8067",
        "a": "m"
    },
    {
        "o": 9638,
        "r": "csb:1 Kings:1:6",
        "w": 14,
        "l": {},
        "c": "2Sm 13:21*9220",
        "a": "n"
    },
    {
        "o": 9638,
        "r": "csb:1 Kings:1:6",
        "w": 20,
        "l": {},
        "c": "2Sm 14:25*9265",
        "a": "o"
    },
    {
        "o": 9638,
        "r": "csb:1 Kings:1:6",
        "w": 25,
        "l": {},
        "c": "2Sm 3:3–4*8938",
        "a": "p"
    },
    {
        "o": 9639,
        "r": "csb:1 Kings:1:7",
        "w": 1,
        "l": {},
        "t": "1:7*r Lit His words were",
        "a": "q"
    },
    {
        "o": 9639,
        "r": "csb:1 Kings:1:7",
        "w": 6,
        "l": {},
        "c": "1Ch 11:6*11841",
        "a": "r"
    },
    {
        "o": 9639,
        "r": "csb:1 Kings:1:7",
        "w": 11,
        "l": {},
        "c": "1Sm 22:20–23*8635; 2Sm 20:25*9478",
        "a": "s"
    },
    {
        "o": 9639,
        "r": "csb:1 Kings:1:7",
        "w": 13,
        "l": {},
        "c": "1Kg 2:22*9713",
        "a": "t"
    },
    {
        "o": 9640,
        "r": "csb:1 Kings:1:8",
        "w": 3,
        "l": {},
        "c": "2Sm 20:25*9478; 1Ch 16:39–40*12033",
        "a": "u"
    },
    {
        "o": 9640,
        "r": "csb:1 Kings:1:8",
        "w": 7,
        "l": {},
        "c": "2Sm 8:18*9093",
        "a": "v"
    },
    {
        "o": 9640,
        "r": "csb:1 Kings:1:8",
        "w": 10,
        "l": {},
        "c": "2Sm 7:2*9045; 2:1–25*8902",
        "a": "w"
    },
    {
        "o": 9640,
        "r": "csb:1 Kings:1:8",
        "w": 11,
        "l": {},
        "c": "1Kg 4:18*9791",
        "a": "x"
    },
    {
        "o": 9640,
        "r": "csb:1 Kings:1:8",
        "w": 16,
        "l": {},
        "t": "1:8*r Lit David’s warriors",
        "a": "y"
    },
    {
        "o": 9640,
        "r": "csb:1 Kings:1:8",
        "w": 16,
        "l": {},
        "c": "2Sm 23:8–39*9569",
        "a": "z"
    },
    {
        "o": 9641,
        "r": "csb:1 Kings:1:9",
        "w": 17,
        "l": {},
        "c": "Jos 15:7*6866; 18:16*6977; 2Sm 17:17*9358",
        "a": "a"
    },
    {
        "o": 9641,
        "r": "csb:1 Kings:1:9",
        "w": 34,
        "l": {},
        "c": "2Sm 15:11–12*9286",
        "a": "b"
    },
    {
        "o": 9642,
        "r": "csb:1 Kings:1:10",
        "w": 15,
        "l": {},
        "c": "1Kg 1:8,26*9640",
        "a": "c"
    },
    {
        "o": 9644,
        "r": "csb:1 Kings:1:11",
        "w": 1,
        "l": {},
        "c": "2Sm 12:1,25*9162; 1Kg 1:8,10*9640",
        "a": "d"
    },
    {
        "o": 9644,
        "r": "csb:1 Kings:1:11",
        "w": 6,
        "l": {},
        "c": "2Sm 12:24*9188",
        "a": "e"
    },
    {
        "o": 9644,
        "r": "csb:1 Kings:1:11",
        "w": 18,
        "l": {},
        "c": "2Sm 15:10*9285; 1Kg 1:25*9658; 2:15*9706",
        "a": "f"
    },
    {
        "o": 9644,
        "r": "csb:1 Kings:1:11",
        "w": 26,
        "l": {},
        "c": "2Sm 3:26*8962; 1Kg 1:18*9651; 2:32*9725",
        "a": "g"
    },
    {
        "o": 9645,
        "r": "csb:1 Kings:1:12",
        "w": 7,
        "l": {},
        "c": "Pr 15:22*18832",
        "a": "h"
    },
    {
        "o": 9645,
        "r": "csb:1 Kings:1:12",
        "w": 17,
        "l": {},
        "c": "1Kg 15:29*10253; 2Kg 10:11*10845",
        "a": "i"
    },
    {
        "o": 9646,
        "r": "csb:1 Kings:1:13",
        "w": 39,
        "l": {},
        "c": "1Kg 1:17,30*9650; 1Ch 22:9–13*12163",
        "a": "j"
    },
    {
        "o": 9647,
        "r": "csb:1 Kings:1:14",
        "w": 20,
        "l": {},
        "c": "1Kg 1:22–27*9655",
        "a": "k"
    },
    {
        "o": 9648,
        "r": "csb:1 Kings:1:15",
        "w": 21,
        "l": {},
        "c": "1Kg 1:1–4*9632",
        "a": "l"
    },
    {
        "o": 9651,
        "r": "csb:1 Kings:1:18",
        "w": 6,
        "l": {},
        "t": "1:18*r Some Hb mss, LXX, Vg, Syr; other Hb mss read And now",
        "a": "m"
    },
    {
        "o": 9654,
        "r": "csb:1 Kings:1:21",
        "w": 9,
        "l": {},
        "c": "Dt 31:16*6346; 2Sm 7:12*9055; 1Kg 2:10*9700",
        "a": "n"
    },
    {
        "o": 9654,
        "r": "csb:1 Kings:1:21",
        "w": 19,
        "l": {},
        "c": "1Kg 1:12*9645",
        "a": "o"
    },
    {
        "o": 9655,
        "r": "csb:1 Kings:1:22",
        "w": 14,
        "l": {},
        "c": "1Kg 1:14*9647",
        "a": "p"
    },
    {
        "o": 9660,
        "r": "csb:1 Kings:1:27",
        "w": 15,
        "l": {},
        "t": "1:27*r Some Hb mss, LXX; alt Hb tradition reads servants",
        "a": "q"
    },
    {
        "o": 9663,
        "r": "csb:1 Kings:1:29",
        "w": 18,
        "l": {},
        "c": "2Sm 4:9*8986",
        "a": "r"
    },
    {
        "o": 9664,
        "r": "csb:1 Kings:1:30",
        "w": 35,
        "l": {},
        "c": "1Kg 1:13*9646",
        "a": "s"
    },
    {
        "o": 9664,
        "r": "csb:1 Kings:1:30",
        "w": 45,
        "l": {},
        "c": "1Kg 1:33–35*9667",
        "a": "t"
    },
    {
        "o": 9665,
        "r": "csb:1 Kings:1:31",
        "w": 13,
        "l": {},
        "c": "1Kg 1:16*9649",
        "a": "u"
    },
    {
        "o": 9665,
        "r": "csb:1 Kings:1:31",
        "w": 22,
        "l": {},
        "c": "Neh 2:3*13699; Dn 2:4*24481; 3:9*24540",
        "a": "v"
    },
    {
        "o": 9666,
        "r": "csb:1 Kings:1:32",
        "w": 18,
        "l": {},
        "c": "1Kg 1:8,10,26*9640",
        "a": "w"
    },
    {
        "o": 9667,
        "r": "csb:1 Kings:1:33",
        "w": 7,
        "l": {},
        "c": "2Sm 20:6*9459",
        "a": "x"
    },
    {
        "o": 9667,
        "r": "csb:1 Kings:1:33",
        "w": 18,
        "l": {},
        "c": "2Sm 18:9*9382; Est 6:8*14242; Zch 9:9*25940; Jn 12:14–15*30071",
        "a": "y"
    },
    {
        "o": 9667,
        "r": "csb:1 Kings:1:33",
        "w": 24,
        "l": {},
        "c": "2Ch 32:30*13231; 33:14*13252",
        "a": "z"
    },
    {
        "o": 9668,
        "r": "csb:1 Kings:1:34",
        "w": 15,
        "l": {},
        "c": "1Sm 10:1*8212; 16:3,13*8409",
        "a": "a"
    },
    {
        "o": 9668,
        "r": "csb:1 Kings:1:34",
        "w": 22,
        "l": {},
        "c": "2Sm 15:10*9285",
        "a": "b"
    },
    {
        "o": 9668,
        "r": "csb:1 Kings:1:34",
        "w": 28,
        "l": {},
        "c": "1Sm 10:24*8236; 1Kg 1:25*9658",
        "a": "c"
    },
    {
        "o": 9669,
        "r": "csb:1 Kings:1:35",
        "w": 39,
        "l": {},
        "c": "1Sm 13:14*8300",
        "a": "d"
    },
    {
        "o": 9669,
        "r": "csb:1 Kings:1:35",
        "w": 43,
        "l": {},
        "c": "2Sm 2:4*8905; 5:3*8994",
        "a": "e"
    },
    {
        "o": 9670,
        "r": "csb:1 Kings:1:36",
        "w": 21,
        "l": {},
        "c": "Jr 28:6*22017",
        "a": "f"
    },
    {
        "o": 9671,
        "r": "csb:1 Kings:1:37",
        "w": 9,
        "l": {},
        "c": "1Sm 20:13*8565",
        "a": "g"
    },
    {
        "o": 9671,
        "r": "csb:1 Kings:1:37",
        "w": 12,
        "l": {},
        "t": "1:37*r Alt Hb tradition reads so he will",
        "a": "h"
    },
    {
        "o": 9671,
        "r": "csb:1 Kings:1:37",
        "w": 28,
        "l": {},
        "c": "1Kg 1:47*9682",
        "a": "i"
    },
    {
        "o": 9672,
        "r": "csb:1 Kings:1:38",
        "w": 15,
        "l": {},
        "c": "2Sm 8:18*9093",
        "a": "j"
    },
    {
        "o": 9673,
        "r": "csb:1 Kings:1:39",
        "w": 13,
        "l": {},
        "c": "1Ch 29:22*12395",
        "a": "k"
    },
    {
        "o": 9673,
        "r": "csb:1 Kings:1:39",
        "w": 19,
        "l": {},
        "c": "2Kg 11:14*10889",
        "a": "l"
    },
    {
        "o": 9673,
        "r": "csb:1 Kings:1:39",
        "w": 28,
        "l": {},
        "c": "1Sm 10:24*8236",
        "a": "m"
    },
    {
        "o": 9674,
        "r": "csb:1 Kings:1:40",
        "w": 15,
        "l": {},
        "c": "Ezr 6:16*13537",
        "a": "n"
    },
    {
        "o": 9674,
        "r": "csb:1 Kings:1:40",
        "w": 23,
        "l": {},
        "t": "1:40*r LXX reads the land resounded with their noise",
        "a": "o"
    },
    {
        "o": 9676,
        "r": "csb:1 Kings:1:41",
        "w": 9,
        "l": {},
        "c": "1Kg 1:5,7–10*9637",
        "a": "p"
    },
    {
        "o": 9676,
        "r": "csb:1 Kings:1:41",
        "w": 34,
        "l": {},
        "c": "2Kg 11:12–13*10887",
        "a": "q"
    },
    {
        "o": 9677,
        "r": "csb:1 Kings:1:42",
        "w": 10,
        "l": {},
        "c": "2Sm 15:27,36*9302",
        "a": "r"
    },
    {
        "o": 9677,
        "r": "csb:1 Kings:1:42",
        "w": 29,
        "l": {},
        "c": "2Sm 18:26–27*9399",
        "a": "s"
    },
    {
        "o": 9680,
        "r": "csb:1 Kings:1:45",
        "w": 12,
        "l": {},
        "c": "1Kg 1:33–35*9667",
        "a": "t"
    },
    {
        "o": 9681,
        "r": "csb:1 Kings:1:46",
        "w": 9,
        "l": {},
        "c": "1Ch 29:23*12396",
        "a": "u"
    },
    {
        "o": 9682,
        "r": "csb:1 Kings:1:47",
        "w": 36,
        "l": {},
        "c": "1Kg 1:37*9671",
        "a": "v"
    },
    {
        "o": 9682,
        "r": "csb:1 Kings:1:47",
        "w": 45,
        "l": {},
        "c": "Gn 47:31*1595",
        "a": "w"
    },
    {
        "o": 9683,
        "r": "csb:1 Kings:1:48",
        "w": 24,
        "l": {},
        "c": "2Sm 7:12*9055; 1Kg 3:6*9748",
        "a": "x"
    },
    {
        "o": 9683,
        "r": "csb:1 Kings:1:48",
        "w": 29,
        "l": {},
        "t": "1:48*r Lit and my eyes are seeing",
        "a": "y"
    },
    {
        "o": 9685,
        "r": "csb:1 Kings:1:50",
        "w": 19,
        "l": {},
        "c": "Ex 21:12–14*2304; 1Kg 2:28*9721",
        "a": "z"
    },
    {
        "o": 9686,
        "r": "csb:1 Kings:1:51",
        "w": 25,
        "l": {},
        "t": "1:51*r Some Hb mss, LXX, Syr, Vg read today",
        "a": "a"
    },
    {
        "o": 9687,
        "r": "csb:1 Kings:1:52",
        "w": 20,
        "l": {},
        "c": "1Sm 14:45*8359; 2Sm 14:11*9251; Ac 27:34*31556",
        "a": "b"
    },
    {
        "o": 9687,
        "r": "csb:1 Kings:1:52",
        "w": 29,
        "l": {},
        "c": "1Kg 2:23–25*9714",
        "a": "c"
    }
]
