[
    {
        "o": 11435,
        "r": "csb:1 Chronicles:2:1",
        "w": 0,
        "l": {},
        "c": "Gn 35:22–26*1138; 46:8–25*1533",
        "a": "a"
    },
    {
        "o": 11438,
        "r": "csb:1 Chronicles:2:3",
        "w": 0,
        "l": {},
        "c": "Gn 38:6–30*1240",
        "a": "b"
    },
    {
        "o": 11438,
        "r": "csb:1 Chronicles:2:3",
        "w": 5,
        "l": {},
        "c": "Gn 38:2–5*1236; 46:12*1537; Nm 26:19–22*4961",
        "a": "c"
    },
    {
        "o": 11441,
        "r": "csb:1 Chronicles:2:6",
        "w": 7,
        "l": {},
        "t": "2:6*r Some Hb mss, LXX, Syr, Tg, Vg read Darda; 1Kg 4:31",
        "a": "d"
    },
    {
        "o": 11441,
        "r": "csb:1 Chronicles:2:6",
        "w": 7,
        "l": {},
        "c": "1Kg 4:31*9806",
        "a": "e"
    },
    {
        "o": 11442,
        "r": "csb:1 Chronicles:2:7",
        "w": 2,
        "l": {},
        "t": "2:7*r = Trouble; Achan in Jos 7:1,16–26",
        "a": "f"
    },
    {
        "o": 11442,
        "r": "csb:1 Chronicles:2:7",
        "w": 2,
        "l": {},
        "c": "Jos 7:1,16–26*6606",
        "a": "g"
    },
    {
        "o": 11444,
        "r": "csb:1 Chronicles:2:9",
        "w": 10,
        "l": {},
        "t": "2:9*r = Caleb",
        "a": "h"
    },
    {
        "o": 11456,
        "r": "csb:1 Chronicles:2:21",
        "w": 12,
        "l": {},
        "c": "Nm 26:29*4971",
        "a": "i"
    },
    {
        "o": 11458,
        "r": "csb:1 Chronicles:2:23",
        "w": 4,
        "l": {},
        "t": "2:23*r Lit took from them",
        "a": "j"
    },
    {
        "o": 11458,
        "r": "csb:1 Chronicles:2:23",
        "w": 6,
        "l": {},
        "t": "2:23*r Or captured Havvoth-jair",
        "a": "k"
    },
    {
        "o": 11459,
        "r": "csb:1 Chronicles:2:24",
        "w": 8,
        "l": {},
        "t": "2:24*r LXX, Vg read death, Caleb slept with Ephrath (Hezron’s wife was Abijah) and she bore",
        "a": "l"
    },
    {
        "o": 11477,
        "r": "csb:1 Chronicles:2:42",
        "w": 16,
        "l": {},
        "t": "2:42*r Lit and the sons of Mareshah",
        "a": "m"
    },
    {
        "o": 11487,
        "r": "csb:1 Chronicles:2:52",
        "w": 14,
        "l": {},
        "t": "2:52*r Lit Manuhoth",
        "a": "n"
    }
]
