[
    {
        "o": 11433,
        "r": "csb:1 Chronicles:2:0",
        "t": "1 Chronicles 2",
        "h": 1
    },
    {
        "o": 11434,
        "r": "csb:1 Chronicles:2:0",
        "t": "Israel’s Sons",
        "h": 2
    },
    {
        "o": 11435,
        "r": "csb:1 Chronicles:2:1",
        "t": "These*ln were Israel’s sons: Reuben,*ln Simeon, Levi, Judah,*ln Issachar, Zebulun,"
    },
    {
        "o": 11436,
        "r": "csb:1 Chronicles:2:2",
        "t": "Dan,*ln Joseph, Benjamin, Naphtali,*ln Gad, and Asher."
    },
    {
        "o": 11437,
        "r": "csb:1 Chronicles:2:2",
        "t": "Judah’s Descendants",
        "h": 2
    },
    {
        "o": 11438,
        "r": "csb:1 Chronicles:2:3",
        "t": "Judah’s*p sons: Er, Onan, and Shelah. These three were born to him by Bath-shua the Canaanite woman. Er, Judah’s firstborn, was evil in the Lord’s*s sight, so he put him to death."
    },
    {
        "o": 11439,
        "r": "csb:1 Chronicles:2:4",
        "t": "Judah’s daughter-in-law Tamar bore Perez and Zerah to him. Judah had five sons in all."
    },
    {
        "o": 11440,
        "r": "csb:1 Chronicles:2:5",
        "t": "Perez’s*ln sons: Hezron and Hamul."
    },
    {
        "o": 11441,
        "r": "csb:1 Chronicles:2:6",
        "t": "Zerah’s*ln sons: Zimri, Ethan, Heman, Calcol, and Dara- five in all."
    },
    {
        "o": 11442,
        "r": "csb:1 Chronicles:2:7",
        "t": "Carmi’s*ln son: Achar, who brought trouble on Israel when he was unfaithful by taking the things set apart for destruction."
    },
    {
        "o": 11443,
        "r": "csb:1 Chronicles:2:8",
        "t": "Ethan’s*ln son: Azariah."
    },
    {
        "o": 11444,
        "r": "csb:1 Chronicles:2:9",
        "t": "Hezron’s*ln sons, who were born to him: Jerahmeel, Ram, and Chelubai."
    },
    {
        "o": 11445,
        "r": "csb:1 Chronicles:2:10",
        "t": "Ram*ln fathered Amminadab, and Amminadab fathered Nahshon, a leader of Judah’s descendants."
    },
    {
        "o": 11446,
        "r": "csb:1 Chronicles:2:11",
        "t": "Nahshon*ln fathered Salma, and Salma fathered Boaz."
    },
    {
        "o": 11447,
        "r": "csb:1 Chronicles:2:12",
        "t": "Boaz*ln fathered Obed, and Obed fathered Jesse."
    },
    {
        "o": 11448,
        "r": "csb:1 Chronicles:2:13",
        "t": "Jesse*ln fathered Eliab, his firstborn; Abinadab was born second, Shimea third,"
    },
    {
        "o": 11449,
        "r": "csb:1 Chronicles:2:14",
        "t": "Nethanel fourth, Raddai fifth,"
    },
    {
        "o": 11450,
        "r": "csb:1 Chronicles:2:15",
        "t": "Ozem sixth, and David seventh."
    },
    {
        "o": 11451,
        "r": "csb:1 Chronicles:2:16",
        "t": "Their sisters were Zeruiah and Abigail. Zeruiah’s three sons: Abishai, Joab, and Asahel."
    },
    {
        "o": 11452,
        "r": "csb:1 Chronicles:2:17",
        "t": "Amasa’s mother was Abigail, and his father was Jether the Ishmaelite."
    },
    {
        "o": 11453,
        "r": "csb:1 Chronicles:2:18",
        "t": "Caleb*p son of Hezron had children by his wife Azubah and by Jerioth. These were Azubah’s sons: Jesher, Shobab, and Ardon."
    },
    {
        "o": 11454,
        "r": "csb:1 Chronicles:2:19",
        "t": "When Azubah died, Caleb married Ephrath, and she bore Hur to him."
    },
    {
        "o": 11455,
        "r": "csb:1 Chronicles:2:20",
        "t": "Hur fathered Uri, and Uri fathered Bezalel."
    },
    {
        "o": 11456,
        "r": "csb:1 Chronicles:2:21",
        "t": "After this, Hezron slept with the daughter of Machir the father of Gilead. Hezron had married her when he was sixty years old, and she bore Segub to him."
    },
    {
        "o": 11457,
        "r": "csb:1 Chronicles:2:22",
        "t": "Segub fathered Jair, who possessed twenty-three towns in the land of Gilead."
    },
    {
        "o": 11458,
        "r": "csb:1 Chronicles:2:23",
        "t": "But Geshur and Aram captured Jair’s Villages along with Kenath and its surrounding villages - sixty towns. All these were the descendants of Machir father of Gilead."
    },
    {
        "o": 11459,
        "r": "csb:1 Chronicles:2:24",
        "t": "After Hezron’s death in Caleb-ephrathah, his wife Abijah bore Ashhur to him. He was the father of Tekoa."
    },
    {
        "o": 11460,
        "r": "csb:1 Chronicles:2:25",
        "t": "The*ln sons of Jerahmeel, Hezron’s firstborn: Ram, his firstborn, Bunah, Oren, Ozem, and Ahijah."
    },
    {
        "o": 11461,
        "r": "csb:1 Chronicles:2:26",
        "t": "Jerahmeel had another wife named Atarah, who was the mother of Onam."
    },
    {
        "o": 11462,
        "r": "csb:1 Chronicles:2:27",
        "t": "The*ln sons of Ram, Jerahmeel’s firstborn: Maaz, Jamin, and Eker."
    },
    {
        "o": 11463,
        "r": "csb:1 Chronicles:2:28",
        "t": "Onam’s*ln sons: Shammai and Jada. Shammai’s*ln sons: Nadab and Abishur."
    },
    {
        "o": 11464,
        "r": "csb:1 Chronicles:2:29",
        "t": "Abishur’s wife was named Abihail, who bore Ahban and Molid to him."
    },
    {
        "o": 11465,
        "r": "csb:1 Chronicles:2:30",
        "t": "Nadab’s*ln sons: Seled and Appaim. Seled died without children."
    },
    {
        "o": 11466,
        "r": "csb:1 Chronicles:2:31",
        "t": "Appaim’s*ln son: Ishi. Ishi’s*ln son: Sheshan. Sheshan’s*ln descendant: Ahlai."
    },
    {
        "o": 11467,
        "r": "csb:1 Chronicles:2:32",
        "t": "The*ln sons of Jada, brother of Shammai: Jether and Jonathan. Jether died without children."
    },
    {
        "o": 11468,
        "r": "csb:1 Chronicles:2:33",
        "t": "Jonathan’s*ln sons: Peleth and Zaza. These were the descendants of Jerahmeel."
    },
    {
        "o": 11469,
        "r": "csb:1 Chronicles:2:34",
        "t": "Sheshan*ln had no sons, only daughters, but he did have an Egyptian servant whose name was Jarha."
    },
    {
        "o": 11470,
        "r": "csb:1 Chronicles:2:35",
        "t": "Sheshan gave his daughter in marriage to his servant Jarha, and she bore Attai to him."
    },
    {
        "o": 11471,
        "r": "csb:1 Chronicles:2:36",
        "t": "Attai*ln fathered Nathan, and Nathan fathered Zabad."
    },
    {
        "o": 11472,
        "r": "csb:1 Chronicles:2:37",
        "t": "Zabad*ln fathered Ephlal, and Ephlal fathered Obed."
    },
    {
        "o": 11473,
        "r": "csb:1 Chronicles:2:38",
        "t": "Obed*ln fathered Jehu, and Jehu fathered Azariah."
    },
    {
        "o": 11474,
        "r": "csb:1 Chronicles:2:39",
        "t": "Azariah*ln fathered Helez, and Helez fathered Elasah."
    },
    {
        "o": 11475,
        "r": "csb:1 Chronicles:2:40",
        "t": "Elasah*ln fathered Sismai, and Sismai fathered Shallum."
    },
    {
        "o": 11476,
        "r": "csb:1 Chronicles:2:41",
        "t": "Shallum*ln fathered Jekamiah, and Jekamiah fathered Elishama."
    },
    {
        "o": 11477,
        "r": "csb:1 Chronicles:2:42",
        "t": "The*ln sons of Caleb brother of Jerahmeel: Mesha, his firstborn, fathered Ziph, and Mareshah, his second son, fathered Hebron."
    },
    {
        "o": 11478,
        "r": "csb:1 Chronicles:2:43",
        "t": "Hebron’s*ln sons: Korah, Tappuah, Rekem, and Shema."
    },
    {
        "o": 11479,
        "r": "csb:1 Chronicles:2:44",
        "t": "Shema*ln fathered Raham, who fathered Jorkeam, and Rekem fathered Shammai."
    },
    {
        "o": 11480,
        "r": "csb:1 Chronicles:2:45",
        "t": "Shammai’s*ln son was Maon, and Maon fathered Beth-zur."
    },
    {
        "o": 11481,
        "r": "csb:1 Chronicles:2:46",
        "t": "Caleb’s*ln concubine Ephah was the mother of Haran, Moza, and Gazez. Haran fathered Gazez."
    },
    {
        "o": 11482,
        "r": "csb:1 Chronicles:2:47",
        "t": "Jahdai’s*ln sons: Regem, Jotham, Geshan, Pelet, Ephah, and Shaaph."
    },
    {
        "o": 11483,
        "r": "csb:1 Chronicles:2:48",
        "t": "Caleb’s*ln concubine Maacah was the mother of Sheber and Tirhanah."
    },
    {
        "o": 11484,
        "r": "csb:1 Chronicles:2:49",
        "t": "She was also the mother of Shaaph, Madmannah’s father, and of Sheva, the father of Machbenah and Gibea. Caleb’s daughter was Achsah."
    },
    {
        "o": 11485,
        "r": "csb:1 Chronicles:2:50",
        "t": "These*ln were Caleb’s descendants. The*ln sons of Hur, Ephrathah’s firstborn: Shobal*ln fathered Kiriath-jearim;"
    },
    {
        "o": 11486,
        "r": "csb:1 Chronicles:2:51",
        "t": "Salma*ln fathered Bethlehem, and*ln Hareph fathered Beth-gader."
    },
    {
        "o": 11487,
        "r": "csb:1 Chronicles:2:52",
        "t": "These*p were the descendants of Shobal the father of Kiriath-jearim: Haroeh, half of the Manahathites,"
    },
    {
        "o": 11488,
        "r": "csb:1 Chronicles:2:53",
        "t": "and the families of Kiriath-jearim - the Ithrites, Puthites, Shumathites, and Mishraites. The Zorathites and Eshtaolites descended from these."
    },
    {
        "o": 11489,
        "r": "csb:1 Chronicles:2:54",
        "t": "Salma’s*p descendants: Bethlehem, the Netophathites, Atroth-beth-joab, and half of the Manahathites, the Zorites,"
    },
    {
        "o": 11490,
        "r": "csb:1 Chronicles:2:55",
        "t": "and the families of scribes who lived in Jabez - the Tirathites, Shimeathites, and Sucathites. These are the Kenites who came from Hammath, the father of Rechab’s family."
    }
]
