[
    {
        "o": 12811,
        "r": "csb:2 Chronicles:18:1",
        "w": 1,
        "l": {},
        "c": "1Kg 22:1–35*10482",
        "a": "a"
    },
    {
        "o": 12811,
        "r": "csb:2 Chronicles:18:1",
        "w": 7,
        "l": {},
        "c": "2Ch 17:5*12792",
        "a": "b"
    },
    {
        "o": 12811,
        "r": "csb:2 Chronicles:18:1",
        "w": 16,
        "l": {},
        "t": "18:1*r Lit made himself a son-in-law to Ahab; 1Kg 3:1; Ezr 9:14",
        "a": "c"
    },
    {
        "o": 12811,
        "r": "csb:2 Chronicles:18:1",
        "w": 16,
        "l": {},
        "c": "1Kg 3:1*9743; 2Kg 8:18*10779; Ezr 9:14*13631",
        "a": "d"
    },
    {
        "o": 12816,
        "r": "csb:2 Chronicles:18:6",
        "w": 14,
        "l": {},
        "c": "2Kg 3:11*10601",
        "a": "e"
    },
    {
        "o": 12819,
        "r": "csb:2 Chronicles:18:9",
        "w": 33,
        "l": {},
        "c": "Ru 4:1*7960",
        "a": "f"
    },
    {
        "o": 12824,
        "r": "csb:2 Chronicles:18:13",
        "w": 13,
        "l": {},
        "t": "18:13*r LXX, Vg add to me; 1Kg 22:14",
        "a": "g"
    },
    {
        "o": 12824,
        "r": "csb:2 Chronicles:18:13",
        "w": 13,
        "l": {},
        "c": "Nm 22:35,38*4850; 24:13*4905",
        "a": "h"
    },
    {
        "o": 12825,
        "r": "csb:2 Chronicles:18:14",
        "w": 21,
        "l": {},
        "t": "18:14*r LXX reads we; 1Kg 22:15",
        "a": "i"
    },
    {
        "o": 12827,
        "r": "csb:2 Chronicles:18:16",
        "w": 15,
        "l": {},
        "c": "Nm 27:16–17*5026; Ezk 34:5–8*23984; Mt 9:36*26429; Mk 6:34*27610",
        "a": "j"
    },
    {
        "o": 12829,
        "r": "csb:2 Chronicles:18:18",
        "w": 33,
        "l": {},
        "c": "Is 6:1–5*19894; Dn 7:9–10*24686",
        "a": "k"
    },
    {
        "o": 12831,
        "r": "csb:2 Chronicles:18:20",
        "w": 0,
        "l": {},
        "c": "Dt 13:1–5*5801; 1Sm 16:14*8421; Jr 27:9–10*21994; Ezk 14:9*23349; 2Th 2:9–12*33612",
        "a": "l"
    },
    {
        "o": 12833,
        "r": "csb:2 Chronicles:18:22",
        "w": 13,
        "l": {},
        "t": "18:22*r Some Hb mss, LXX, Syr, Vg add all; 1Kg 22:23",
        "a": "m"
    },
    {
        "o": 12835,
        "r": "csb:2 Chronicles:18:24",
        "w": 17,
        "l": {},
        "c": "1Kg 20:30*10433",
        "a": "n"
    },
    {
        "o": 12836,
        "r": "csb:2 Chronicles:18:25",
        "w": 10,
        "l": {},
        "c": "2Ch 18:8*12818",
        "a": "o"
    },
    {
        "o": 12836,
        "r": "csb:2 Chronicles:18:25",
        "w": 17,
        "l": {},
        "c": "2Ch 34:8*13277",
        "a": "p"
    },
    {
        "o": 12837,
        "r": "csb:2 Chronicles:18:26",
        "w": 12,
        "l": {},
        "c": "2Ch 16:10*12781",
        "a": "q"
    },
    {
        "o": 12837,
        "r": "csb:2 Chronicles:18:26",
        "w": 21,
        "l": {},
        "t": "18:26*r Lit him on bread of oppression and water of oppression",
        "a": "r"
    },
    {
        "o": 12838,
        "r": "csb:2 Chronicles:18:27",
        "w": 21,
        "l": {},
        "c": "Mc 1:2*25432",
        "a": "s"
    },
    {
        "o": 12841,
        "r": "csb:2 Chronicles:18:29",
        "w": 33,
        "l": {},
        "c": "2Ch 35:22*13330",
        "a": "t"
    },
    {
        "o": 12842,
        "r": "csb:2 Chronicles:18:30",
        "w": 16,
        "l": {},
        "t": "18:30*r Lit with small or with great",
        "a": "u"
    },
    {
        "o": 12843,
        "r": "csb:2 Chronicles:18:31",
        "w": 24,
        "l": {},
        "c": "2Ch 13:14–15*12720",
        "a": "v"
    },
    {
        "o": 12845,
        "r": "csb:2 Chronicles:18:33",
        "w": 36,
        "l": {},
        "t": "18:33*r LXX, Vg; MT reads camp",
        "a": "w"
    },
    {
        "o": 12845,
        "r": "csb:2 Chronicles:18:33",
        "w": 41,
        "l": {},
        "c": "2Ch 35:23*13331",
        "a": "x"
    }
]
