[
    {
        "o": 10926,
        "r": "csb:2 Kings:13:1",
        "w": 7,
        "l": {},
        "c": "2Kg 12:1*10900",
        "a": "a"
    },
    {
        "o": 10926,
        "r": "csb:2 Kings:13:1",
        "w": 11,
        "l": {},
        "c": "2Kg 10:35*10871",
        "a": "b"
    },
    {
        "o": 10927,
        "r": "csb:2 Kings:13:2",
        "w": 29,
        "l": {},
        "c": "1Kg 12:26–33*10142",
        "a": "c"
    },
    {
        "o": 10928,
        "r": "csb:2 Kings:13:3",
        "w": 6,
        "l": {},
        "c": "Dt 31:17*6347; Jdg 2:14*7264",
        "a": "d"
    },
    {
        "o": 10928,
        "r": "csb:2 Kings:13:3",
        "w": 14,
        "l": {},
        "c": "2Kg 8:12*10772; 12:17*10918",
        "a": "e"
    },
    {
        "o": 10928,
        "r": "csb:2 Kings:13:3",
        "w": 21,
        "l": {},
        "c": "2Kg 13:24–25*10952",
        "a": "f"
    },
    {
        "o": 10929,
        "r": "csb:2 Kings:13:4",
        "w": 22,
        "l": {},
        "c": "Ex 3:7–9*1747; Nm 21:7–9*4782; 2Kg 14:26*10984",
        "a": "g"
    },
    {
        "o": 10930,
        "r": "csb:2 Kings:13:5",
        "w": 6,
        "l": {},
        "c": "Jdg 2:18*7268; 2Kg 13:25*10953; 14:25,27*10983",
        "a": "h"
    },
    {
        "o": 10930,
        "r": "csb:2 Kings:13:5",
        "w": 27,
        "l": {},
        "t": "13:5*r Lit Israel dwelt in their tents as formerly",
        "a": "i"
    },
    {
        "o": 10931,
        "r": "csb:2 Kings:13:6",
        "w": 20,
        "l": {},
        "c": "2Kg 13:2*10927",
        "a": "j"
    },
    {
        "o": 10932,
        "r": "csb:2 Kings:13:7",
        "w": 25,
        "l": {},
        "c": "2Kg 10:32–33*10868",
        "a": "k"
    },
    {
        "o": 10932,
        "r": "csb:2 Kings:13:7",
        "w": 31,
        "l": {},
        "c": "Am 1:3*25176",
        "a": "l"
    },
    {
        "o": 10933,
        "r": "csb:2 Kings:13:8",
        "w": 24,
        "l": {},
        "c": "2Kg 1:17–18*10557; 10:34–36*10870",
        "a": "m"
    },
    {
        "o": 10934,
        "r": "csb:2 Kings:13:9",
        "w": 13,
        "l": {},
        "t": "13:9*r Lit Joash",
        "a": "n"
    },
    {
        "o": 10937,
        "r": "csb:2 Kings:13:11",
        "w": 31,
        "l": {},
        "c": "1Kg 12:28–33*10144",
        "a": "o"
    },
    {
        "o": 10938,
        "r": "csb:2 Kings:13:12",
        "w": 24,
        "l": {},
        "c": "2Kg 14:15–16*10971",
        "a": "p"
    },
    {
        "o": 10939,
        "r": "csb:2 Kings:13:13",
        "w": 6,
        "l": {},
        "c": "2Kg 14:23*10981",
        "a": "q"
    },
    {
        "o": 10941,
        "r": "csb:2 Kings:13:14",
        "w": 32,
        "l": {},
        "c": "2Kg 2:12*10574",
        "a": "r"
    },
    {
        "o": 10942,
        "r": "csb:2 Kings:13:15",
        "w": 13,
        "l": {},
        "c": "1Sm 20:20*8572",
        "a": "s"
    },
    {
        "o": 10944,
        "r": "csb:2 Kings:13:17",
        "w": 15,
        "l": {},
        "c": "Jos 8:18*6652",
        "a": "t"
    },
    {
        "o": 10944,
        "r": "csb:2 Kings:13:17",
        "w": 39,
        "l": {},
        "c": "1Kg 20:26*10429",
        "a": "u"
    },
    {
        "o": 10946,
        "r": "csb:2 Kings:13:19",
        "w": 3,
        "l": {},
        "c": "2Kg 5:20*10692",
        "a": "v"
    },
    {
        "o": 10947,
        "r": "csb:2 Kings:13:20",
        "w": 5,
        "l": {},
        "c": "2Kg 2:1,11*10561",
        "a": "w"
    },
    {
        "o": 10947,
        "r": "csb:2 Kings:13:20",
        "w": 8,
        "l": {},
        "c": "2Kg 3:7*10597; 24:2*11318",
        "a": "x"
    },
    {
        "o": 10948,
        "r": "csb:2 Kings:13:21",
        "w": 32,
        "l": {},
        "c": "Mt 27:52*27307",
        "a": "y"
    },
    {
        "o": 10950,
        "r": "csb:2 Kings:13:22",
        "w": 1,
        "l": {},
        "c": "1Kg 19:17*10396; 2Kg 8:12–13*10772",
        "a": "z"
    },
    {
        "o": 10951,
        "r": "csb:2 Kings:13:23",
        "w": 10,
        "l": {},
        "c": "1Kg 8:28*9961",
        "a": "a"
    },
    {
        "o": 10951,
        "r": "csb:2 Kings:13:23",
        "w": 23,
        "l": {},
        "c": "Ex 2:24*1737",
        "a": "b"
    },
    {
        "o": 10951,
        "r": "csb:2 Kings:13:23",
        "w": 40,
        "l": {},
        "c": "2Kg 14:27*10985",
        "a": "c"
    },
    {
        "o": 10952,
        "r": "csb:2 Kings:13:24",
        "w": 8,
        "l": {},
        "c": "2Kg 13:3*10928",
        "a": "d"
    },
    {
        "o": 10953,
        "r": "csb:2 Kings:13:25",
        "w": 34,
        "l": {},
        "c": "2Kg 10:32*10868",
        "a": "e"
    }
]
