[
    {
        "o": 13338,
        "r": "csb:2 Chronicles:36:1",
        "w": 0,
        "l": {},
        "c": "2Kg 23:30–34*11306",
        "a": "a"
    },
    {
        "o": 13338,
        "r": "csb:2 Chronicles:36:1",
        "w": 3,
        "l": {},
        "t": "36:1*r Lit the people of the land",
        "a": "b"
    },
    {
        "o": 13339,
        "r": "csb:2 Chronicles:36:2",
        "w": 0,
        "l": {},
        "t": "36:2*r = Joahaz, also in v. 4",
        "a": "c"
    },
    {
        "o": 13340,
        "r": "csb:2 Chronicles:36:3",
        "w": 14,
        "l": {},
        "t": "36:3*r Lit 100 talents",
        "a": "d"
    },
    {
        "o": 13340,
        "r": "csb:2 Chronicles:36:3",
        "w": 19,
        "l": {},
        "t": "36:3*r Lit one talent",
        "a": "e"
    },
    {
        "o": 13342,
        "r": "csb:2 Chronicles:36:4",
        "w": 30,
        "l": {},
        "c": "Jr 22:10–12*21832",
        "a": "f"
    },
    {
        "o": 13343,
        "r": "csb:2 Chronicles:36:5",
        "w": 28,
        "l": {},
        "c": "2Kg 23:36–37*11313; Jr 22:13–18*21836",
        "a": "g"
    },
    {
        "o": 13344,
        "r": "csb:2 Chronicles:36:6",
        "w": 6,
        "l": {},
        "c": "2Kg 24:1*11317",
        "a": "h"
    },
    {
        "o": 13344,
        "r": "csb:2 Chronicles:36:6",
        "w": 11,
        "l": {},
        "c": "2Ch 33:11*13249",
        "a": "i"
    },
    {
        "o": 13344,
        "r": "csb:2 Chronicles:36:6",
        "w": 17,
        "l": {},
        "c": "Jr 22:18–19*21841",
        "a": "j"
    },
    {
        "o": 13345,
        "r": "csb:2 Chronicles:36:7",
        "w": 20,
        "l": {},
        "c": "2Kg 24:1–4*11317; Jr 22:13–19*21836; 25:1–9*21914; Dn 1:1*24453; Hab 1:6*25622",
        "a": "k"
    },
    {
        "o": 13346,
        "r": "csb:2 Chronicles:36:8",
        "w": 6,
        "l": {},
        "c": "2Kg 24:5–6*11321",
        "a": "l"
    },
    {
        "o": 13348,
        "r": "csb:2 Chronicles:36:9",
        "w": 2,
        "l": {},
        "t": "36:9*r Some Hb mss, LXX; 2Kg 24:8; other Hb mss read eight",
        "a": "m"
    },
    {
        "o": 13348,
        "r": "csb:2 Chronicles:36:9",
        "w": 4,
        "l": {},
        "c": "2Kg 24:8–17*11325",
        "a": "n"
    },
    {
        "o": 13349,
        "r": "csb:2 Chronicles:36:10",
        "w": 2,
        "l": {},
        "t": "36:10*r Lit At the return of the year",
        "a": "o"
    },
    {
        "o": 13349,
        "r": "csb:2 Chronicles:36:10",
        "w": 2,
        "l": {},
        "c": "2Sm 11:1*9132",
        "a": "p"
    },
    {
        "o": 13349,
        "r": "csb:2 Chronicles:36:10",
        "w": 31,
        "l": {},
        "c": "Jr 37:1*22301",
        "a": "q"
    },
    {
        "o": 13351,
        "r": "csb:2 Chronicles:36:11",
        "w": 4,
        "l": {},
        "c": "2Kg 24:18–20*11337; Jr 52:1–3*22753",
        "a": "r"
    },
    {
        "o": 13352,
        "r": "csb:2 Chronicles:36:12",
        "w": 17,
        "l": {},
        "c": "2Ch 33:23*13263",
        "a": "s"
    },
    {
        "o": 13352,
        "r": "csb:2 Chronicles:36:12",
        "w": 25,
        "l": {},
        "c": "Jr 21:3–7*21807",
        "a": "t"
    },
    {
        "o": 13353,
        "r": "csb:2 Chronicles:36:13",
        "w": 3,
        "l": {},
        "c": "Ezk 17:15*23456",
        "a": "u"
    },
    {
        "o": 13353,
        "r": "csb:2 Chronicles:36:13",
        "w": 16,
        "l": {},
        "t": "36:13*r Lit He stiffened his neck",
        "a": "v"
    },
    {
        "o": 13353,
        "r": "csb:2 Chronicles:36:13",
        "w": 16,
        "l": {},
        "c": "2Ch 30:8*13152",
        "a": "w"
    },
    {
        "o": 13356,
        "r": "csb:2 Chronicles:36:15",
        "w": 23,
        "l": {},
        "c": "Jr 7:13*21438; 25:3,11–12*21916",
        "a": "x"
    },
    {
        "o": 13357,
        "r": "csb:2 Chronicles:36:16",
        "w": 5,
        "l": {},
        "c": "2Ch 30:10*13154; Jr 5:12–13*21366",
        "a": "y"
    },
    {
        "o": 13357,
        "r": "csb:2 Chronicles:36:16",
        "w": 8,
        "l": {},
        "c": "Pr 1:24–32*18395",
        "a": "z"
    },
    {
        "o": 13357,
        "r": "csb:2 Chronicles:36:16",
        "w": 29,
        "l": {},
        "c": "Ezr 5:12*13512",
        "a": "a"
    },
    {
        "o": 13358,
        "r": "csb:2 Chronicles:36:17",
        "w": 10,
        "l": {},
        "c": "2Kg 25:1–7*11342; Jr 52:4–11*22756",
        "a": "b"
    },
    {
        "o": 13360,
        "r": "csb:2 Chronicles:36:19",
        "w": 5,
        "l": {},
        "c": "2Kg 25:9–11*11351; Jr 52:13–15*22765",
        "a": "c"
    },
    {
        "o": 13361,
        "r": "csb:2 Chronicles:36:20",
        "w": 24,
        "l": {},
        "t": "36:20*r LXX reads Median",
        "a": "d"
    },
    {
        "o": 13361,
        "r": "csb:2 Chronicles:36:20",
        "w": 25,
        "l": {},
        "c": "Jr 27:7*21992",
        "a": "e"
    },
    {
        "o": 13362,
        "r": "csb:2 Chronicles:36:21",
        "w": 8,
        "l": {},
        "c": "Jr 25:11–12*21924; 29:10*22042",
        "a": "f"
    },
    {
        "o": 13362,
        "r": "csb:2 Chronicles:36:21",
        "w": 21,
        "l": {},
        "c": "Lv 25:4*3838; 26:33*3924",
        "a": "g"
    },
    {
        "o": 13364,
        "r": "csb:2 Chronicles:36:22",
        "w": 8,
        "l": {},
        "c": "Ezr 1:1–3*13368",
        "a": "h"
    },
    {
        "o": 13364,
        "r": "csb:2 Chronicles:36:22",
        "w": 19,
        "l": {},
        "t": "36:22*r Lit Lord by the mouth of",
        "a": "i"
    },
    {
        "o": 13364,
        "r": "csb:2 Chronicles:36:22",
        "w": 20,
        "l": {},
        "c": "Jr 25:11–14*21924; 27:22*22008; 29:10–14*22042; 33:7–10*22195",
        "a": "j"
    },
    {
        "o": 13364,
        "r": "csb:2 Chronicles:36:22",
        "w": 28,
        "l": {},
        "c": "Is 44:28*20792; 45:1*20794",
        "a": "k"
    }
]
