[
    {
        "o": 9933,
        "r": "csb:1 Kings:8:1",
        "w": 6,
        "l": {},
        "c": "Ex 3:16*1756; Nm 11:16*4445",
        "a": "a"
    },
    {
        "o": 9933,
        "r": "csb:1 Kings:8:1",
        "w": 8,
        "l": {},
        "c": "2Ch 5:2–14*12499",
        "a": "b"
    },
    {
        "o": 9933,
        "r": "csb:1 Kings:8:1",
        "w": 12,
        "l": {},
        "c": "Nm 1:5–16*3980; 7:2*4244",
        "a": "c"
    },
    {
        "o": 9933,
        "r": "csb:1 Kings:8:1",
        "w": 38,
        "l": {},
        "c": "2Sm 5:7*8998",
        "a": "d"
    },
    {
        "o": 9933,
        "r": "csb:1 Kings:8:1",
        "w": 41,
        "l": {},
        "c": "2Sm 6:12–15,17*9030",
        "a": "e"
    },
    {
        "o": 9934,
        "r": "csb:1 Kings:8:2",
        "w": 23,
        "l": {},
        "t": "8:2*r = September–October",
        "a": "f"
    },
    {
        "o": 9934,
        "r": "csb:1 Kings:8:2",
        "w": 26,
        "l": {},
        "c": "Lv 23:34*3796; Dt 16:13–15*5897; 1Kg 8:65*9999",
        "a": "g"
    },
    {
        "o": 9935,
        "r": "csb:1 Kings:8:3",
        "w": 2,
        "l": {},
        "c": "Nm 11:16*4445",
        "a": "h"
    },
    {
        "o": 9935,
        "r": "csb:1 Kings:8:3",
        "w": 8,
        "l": {},
        "c": "Dt 31:9*6339; Jos 3:3,6*6514",
        "a": "i"
    },
    {
        "o": 9935,
        "r": "csb:1 Kings:8:3",
        "w": 12,
        "l": {},
        "c": "2Sm 6:12,17*9030",
        "a": "j"
    },
    {
        "o": 9936,
        "r": "csb:1 Kings:8:4",
        "w": 14,
        "l": {},
        "c": "2Ch 1:3*12409",
        "a": "k"
    },
    {
        "o": 9936,
        "r": "csb:1 Kings:8:4",
        "w": 23,
        "l": {},
        "c": "2Ch 5:4–5*12501",
        "a": "l"
    },
    {
        "o": 9937,
        "r": "csb:1 Kings:8:5",
        "w": 39,
        "l": {},
        "c": "2Ch 1:6*12412; 30:24*13168",
        "a": "m"
    },
    {
        "o": 9938,
        "r": "csb:1 Kings:8:6",
        "w": 23,
        "l": {},
        "c": "1Kg 6:19*9851",
        "a": "n"
    },
    {
        "o": 9939,
        "r": "csb:1 Kings:8:7",
        "w": 7,
        "l": {},
        "t": "8:7*r LXX; MT reads toward",
        "a": "o"
    },
    {
        "o": 9939,
        "r": "csb:1 Kings:8:7",
        "w": 24,
        "l": {},
        "c": "1Kg 6:23–28*9855",
        "a": "p"
    },
    {
        "o": 9940,
        "r": "csb:1 Kings:8:8",
        "w": 33,
        "l": {},
        "c": "Ex 25:13–15*2440; 37:4–5*2884",
        "a": "q"
    },
    {
        "o": 9941,
        "r": "csb:1 Kings:8:9",
        "w": 16,
        "l": {},
        "t": "8:9*r = Sinai",
        "a": "r"
    },
    {
        "o": 9941,
        "r": "csb:1 Kings:8:9",
        "w": 16,
        "l": {},
        "c": "Ex 25:21*2448; Dt 10:5*5710",
        "a": "s"
    },
    {
        "o": 9941,
        "r": "csb:1 Kings:8:9",
        "w": 34,
        "l": {},
        "c": "Ex 24:7–8*2413; Dt 4:13*5518",
        "a": "t"
    },
    {
        "o": 9942,
        "r": "csb:1 Kings:8:10",
        "w": 14,
        "l": {},
        "c": "Ex 40:34–35*3036; 2Ch 7:1*12559",
        "a": "u"
    },
    {
        "o": 9943,
        "r": "csb:1 Kings:8:11",
        "w": 15,
        "l": {},
        "c": "2Ch 7:2*12560; Ezk 10:4,18–19*23234; 43:4–5*24271",
        "a": "v"
    },
    {
        "o": 9944,
        "r": "csb:1 Kings:8:12",
        "w": 12,
        "l": {},
        "c": "Ex 20:21*2284; Lv 16:2*3544; Dt 5:22*5582",
        "a": "w"
    },
    {
        "o": 9945,
        "r": "csb:1 Kings:8:13",
        "w": 6,
        "l": {},
        "c": "2Sm 7:13*9056",
        "a": "x"
    },
    {
        "o": 9945,
        "r": "csb:1 Kings:8:13",
        "w": 14,
        "l": {},
        "c": "Ps 132:14*18086",
        "a": "y"
    },
    {
        "o": 9946,
        "r": "csb:1 Kings:8:14",
        "w": 5,
        "l": {},
        "c": "Ex 39:43*2999; 2Sm 6:18*9036; 1Kg 8:55*9989",
        "a": "z"
    },
    {
        "o": 9947,
        "r": "csb:1 Kings:8:15",
        "w": 21,
        "l": {},
        "c": "2Sm 7:15–16,25*9058",
        "a": "a"
    },
    {
        "o": 9948,
        "r": "csb:1 Kings:8:16",
        "w": 10,
        "l": {},
        "c": "2Sm 7:6*9049; 1Ch 17:5*12044",
        "a": "b"
    },
    {
        "o": 9948,
        "r": "csb:1 Kings:8:16",
        "w": 32,
        "l": {},
        "c": "Dt 12:5,11*5770",
        "a": "c"
    },
    {
        "o": 9948,
        "r": "csb:1 Kings:8:16",
        "w": 45,
        "l": {},
        "c": "1Sm 16:1*8407; 2Sm 7:8*9051",
        "a": "d"
    },
    {
        "o": 9949,
        "r": "csb:1 Kings:8:17",
        "w": 20,
        "l": {},
        "c": "2Sm 7:2–3*9045; 1Ch 22:7*12161",
        "a": "e"
    },
    {
        "o": 9950,
        "r": "csb:1 Kings:8:18",
        "w": 27,
        "l": {},
        "t": "8:18*r Lit well because it was with your heart",
        "a": "f"
    },
    {
        "o": 9950,
        "r": "csb:1 Kings:8:18",
        "w": 27,
        "l": {},
        "c": "2Ch 6:8*12521",
        "a": "g"
    },
    {
        "o": 9951,
        "r": "csb:1 Kings:8:19",
        "w": 20,
        "l": {},
        "c": "2Sm 7:12–13*9055; 1Kg 5:5*9816; Ac 7:47*30733",
        "a": "h"
    },
    {
        "o": 9952,
        "r": "csb:1 Kings:8:20",
        "w": 15,
        "l": {},
        "c": "2Sm 7:12*9055",
        "a": "i"
    },
    {
        "o": 9952,
        "r": "csb:1 Kings:8:20",
        "w": 27,
        "l": {},
        "c": "1Ch 28:5–6*12352",
        "a": "j"
    },
    {
        "o": 9953,
        "r": "csb:1 Kings:8:21",
        "w": 29,
        "l": {},
        "c": "Dt 31:26*6357; 1Kg 8:9*9941",
        "a": "k"
    },
    {
        "o": 9955,
        "r": "csb:1 Kings:8:22",
        "w": 2,
        "l": {},
        "c": "2Ch 6:12–42*12526",
        "a": "l"
    },
    {
        "o": 9955,
        "r": "csb:1 Kings:8:22",
        "w": 23,
        "l": {},
        "c": "1Kg 8:54*9988; 2Ch 6:12*12526",
        "a": "m"
    },
    {
        "o": 9956,
        "r": "csb:1 Kings:8:23",
        "w": 18,
        "l": {},
        "c": "1Sm 2:2*8017; 2Sm 7:22*9066",
        "a": "n"
    },
    {
        "o": 9956,
        "r": "csb:1 Kings:8:23",
        "w": 34,
        "l": {},
        "c": "Dt 7:16*5639; Neh 1:5*13688; Dn 9:4*24743",
        "a": "o"
    },
    {
        "o": 9957,
        "r": "csb:1 Kings:8:24",
        "w": 28,
        "l": {},
        "c": "2Sm 7:15–16*9058",
        "a": "p"
    },
    {
        "o": 9958,
        "r": "csb:1 Kings:8:25",
        "w": 31,
        "l": {},
        "c": "1Kg 2:4*9694; 9:5*10007",
        "a": "q"
    },
    {
        "o": 9958,
        "r": "csb:1 Kings:8:25",
        "w": 47,
        "l": {},
        "c": "1Kg 9:4–9*10006; 2Ch 7:17–22*12576",
        "a": "r"
    },
    {
        "o": 9959,
        "r": "csb:1 Kings:8:26",
        "w": 1,
        "l": {},
        "t": "8:26*r Some Hb mss, LXX, Syr, Tg, Vg, 2Ch 6:16; other Hb mss omit Lord",
        "a": "s"
    },
    {
        "o": 9959,
        "r": "csb:1 Kings:8:26",
        "w": 15,
        "l": {},
        "c": "2Sm 7:25*9069",
        "a": "t"
    },
    {
        "o": 9960,
        "r": "csb:1 Kings:8:27",
        "w": 21,
        "l": {},
        "c": "2Ch 2:6*12432; Ac 7:47*30733; 17:24*31174",
        "a": "u"
    },
    {
        "o": 9961,
        "r": "csb:1 Kings:8:28",
        "w": 0,
        "l": {},
        "t": "8:28*r Lit Turn",
        "a": "v"
    },
    {
        "o": 9961,
        "r": "csb:1 Kings:8:28",
        "w": 7,
        "l": {},
        "c": "Php 4:6*33350",
        "a": "w"
    },
    {
        "o": 9962,
        "r": "csb:1 Kings:8:29",
        "w": 11,
        "l": {},
        "c": "2Ch 7:15*12574; Neh 1:6*13689",
        "a": "x"
    },
    {
        "o": 9962,
        "r": "csb:1 Kings:8:29",
        "w": 22,
        "l": {},
        "c": "Dt 12:11*5776",
        "a": "y"
    },
    {
        "o": 9963,
        "r": "csb:1 Kings:8:30",
        "w": 5,
        "l": {},
        "c": "Neh 1:6*13689; Dn 9:4*24743",
        "a": "z"
    },
    {
        "o": 9963,
        "r": "csb:1 Kings:8:30",
        "w": 15,
        "l": {},
        "c": "Dn 6:10*24654",
        "a": "a"
    },
    {
        "o": 9964,
        "r": "csb:1 Kings:8:31",
        "w": 13,
        "l": {},
        "t": "8:31*r Lit and he lifts a curse against him to curse him",
        "a": "b"
    },
    {
        "o": 9964,
        "r": "csb:1 Kings:8:31",
        "w": 13,
        "l": {},
        "c": "Ex 22:11*2343; Jos 7:19*6625; Jn 9:24*29925",
        "a": "c"
    },
    {
        "o": 9965,
        "r": "csb:1 Kings:8:32",
        "w": 38,
        "l": {},
        "c": "Dt 25:1*6129",
        "a": "d"
    },
    {
        "o": 9966,
        "r": "csb:1 Kings:8:33",
        "w": 14,
        "l": {},
        "c": "Lv 26:17,25,39*3908",
        "a": "e"
    },
    {
        "o": 9967,
        "r": "csb:1 Kings:8:34",
        "w": 23,
        "l": {},
        "c": "Lv 26:40–42*3931",
        "a": "f"
    },
    {
        "o": 9968,
        "r": "csb:1 Kings:8:35",
        "w": 15,
        "l": {},
        "c": "Dt 28:23–24*6228",
        "a": "g"
    },
    {
        "o": 9968,
        "r": "csb:1 Kings:8:35",
        "w": 36,
        "l": {},
        "c": "Dt 30:1–3*6308; Am 4:7–8*25234",
        "a": "h"
    },
    {
        "o": 9969,
        "r": "csb:1 Kings:8:36",
        "w": 27,
        "l": {},
        "c": "1Sm 12:23*8282",
        "a": "i"
    },
    {
        "o": 9969,
        "r": "csb:1 Kings:8:36",
        "w": 42,
        "l": {},
        "c": "Dt 11:14*5744; Jl 2:23*25137",
        "a": "j"
    },
    {
        "o": 9970,
        "r": "csb:1 Kings:8:37",
        "w": 19,
        "l": {},
        "c": "Lv 26:16,25–26*3907",
        "a": "k"
    },
    {
        "o": 9970,
        "r": "csb:1 Kings:8:37",
        "w": 30,
        "l": {},
        "t": "8:37*r Lit land of its gates",
        "a": "l"
    },
    {
        "o": 9971,
        "r": "csb:1 Kings:8:38",
        "w": 20,
        "l": {},
        "t": "8:38*r Lit know in his heart of a plague",
        "a": "m"
    },
    {
        "o": 9971,
        "r": "csb:1 Kings:8:38",
        "w": 20,
        "l": {},
        "c": "2Ch 6:29*12543",
        "a": "n"
    },
    {
        "o": 9971,
        "r": "csb:1 Kings:8:38",
        "w": 29,
        "l": {},
        "c": "Ex 9:29*1953; 2Ch 6:29*12543",
        "a": "o"
    },
    {
        "o": 9972,
        "r": "csb:1 Kings:8:39",
        "w": 33,
        "l": {},
        "c": "1Sm 16:7*8413; 1Ch 28:9*12356",
        "a": "p"
    },
    {
        "o": 9973,
        "r": "csb:1 Kings:8:40",
        "w": 4,
        "l": {},
        "c": "Dt 6:13*5609",
        "a": "q"
    },
    {
        "o": 9973,
        "r": "csb:1 Kings:8:40",
        "w": 13,
        "l": {},
        "c": "Dt 12:1*5766",
        "a": "r"
    },
    {
        "o": 9974,
        "r": "csb:1 Kings:8:41",
        "w": 17,
        "l": {},
        "c": "Lv 24:22*3831; Dt 10:18–19*5724",
        "a": "s"
    },
    {
        "o": 9975,
        "r": "csb:1 Kings:8:42",
        "w": 9,
        "l": {},
        "c": "Dt 3:24*5498",
        "a": "t"
    },
    {
        "o": 9975,
        "r": "csb:1 Kings:8:42",
        "w": 15,
        "l": {},
        "c": "1Kg 10:1*10036",
        "a": "u"
    },
    {
        "o": 9976,
        "r": "csb:1 Kings:8:43",
        "w": 22,
        "l": {},
        "c": "Jos 4:24*6554; 1Sm 17:46*8478",
        "a": "v"
    },
    {
        "o": 9977,
        "r": "csb:1 Kings:8:44",
        "w": 9,
        "l": {},
        "t": "8:44*r Some Hb mss, some ancient versions, 2Ch 6:34; other Hb mss read enemy",
        "a": "w"
    },
    {
        "o": 9977,
        "r": "csb:1 Kings:8:44",
        "w": 28,
        "l": {},
        "c": "Dt 12:11*5776; 1Ch 5:20*11587; 2Ch 14:11*12742",
        "a": "x"
    },
    {
        "o": 9978,
        "r": "csb:1 Kings:8:45",
        "w": 12,
        "l": {},
        "c": "Ps 9:4*15572; 140:12*18217",
        "a": "y"
    },
    {
        "o": 9979,
        "r": "csb:1 Kings:8:46",
        "w": 13,
        "l": {},
        "c": "Rm 3:10,23*31688; 1Jn 1:8*34637",
        "a": "z"
    },
    {
        "o": 9979,
        "r": "csb:1 Kings:8:46",
        "w": 35,
        "l": {},
        "c": "Lv 26:33–34*3924",
        "a": "a"
    },
    {
        "o": 9980,
        "r": "csb:1 Kings:8:47",
        "w": 6,
        "l": {},
        "t": "8:47*r Lit they return to their heart",
        "a": "b"
    },
    {
        "o": 9980,
        "r": "csb:1 Kings:8:47",
        "w": 32,
        "l": {},
        "c": "Lv 26:40–42*3931; Neh 1:6*13689; Dn 9:5*24744",
        "a": "c"
    },
    {
        "o": 9981,
        "r": "csb:1 Kings:8:48",
        "w": 23,
        "l": {},
        "c": "Jr 29:10–14*22042",
        "a": "d"
    },
    {
        "o": 9981,
        "r": "csb:1 Kings:8:48",
        "w": 45,
        "l": {},
        "c": "Dn 6:10*24654",
        "a": "e"
    },
    {
        "o": 9983,
        "r": "csb:1 Kings:8:50",
        "w": 12,
        "l": {},
        "t": "8:50*r Lit rebellions that they have rebelled",
        "a": "f"
    },
    {
        "o": 9983,
        "r": "csb:1 Kings:8:50",
        "w": 30,
        "l": {},
        "c": "2Kg 25:28*11372; 2Ch 30:9*13153",
        "a": "g"
    },
    {
        "o": 9984,
        "r": "csb:1 Kings:8:51",
        "w": 7,
        "l": {},
        "c": "Ex 32:11*2710; Dt 9:26,29*5700",
        "a": "h"
    },
    {
        "o": 9984,
        "r": "csb:1 Kings:8:51",
        "w": 21,
        "l": {},
        "c": "Dt 4:20*5526",
        "a": "i"
    },
    {
        "o": 9986,
        "r": "csb:1 Kings:8:53",
        "w": 31,
        "l": {},
        "c": "Ex 19:5–6*2239; Dt 9:26–29*5700",
        "a": "j"
    },
    {
        "o": 9988,
        "r": "csb:1 Kings:8:54",
        "w": 29,
        "l": {},
        "c": "2Ch 6:12–13*12526",
        "a": "k"
    },
    {
        "o": 9989,
        "r": "csb:1 Kings:8:55",
        "w": 9,
        "l": {},
        "c": "Nm 6:23–26*4236; 2Sm 6:18*9036",
        "a": "l"
    },
    {
        "o": 9990,
        "r": "csb:1 Kings:8:56",
        "w": 7,
        "l": {},
        "c": "Dt 12:10*5775; 1Ch 22:18*12172; Heb 3:18–19*34022",
        "a": "m"
    },
    {
        "o": 9990,
        "r": "csb:1 Kings:8:56",
        "w": 32,
        "l": {},
        "c": "Jos 21:45*7112; 23:15*7168",
        "a": "n"
    },
    {
        "o": 9991,
        "r": "csb:1 Kings:8:57",
        "w": 21,
        "l": {},
        "c": "Dt 31:6*6336; Jos 1:5*6468; Heb 13:5*34285",
        "a": "o"
    },
    {
        "o": 9992,
        "r": "csb:1 Kings:8:58",
        "w": 7,
        "l": {},
        "t": "8:58*r Lit causes our hearts to be inclined",
        "a": "p"
    },
    {
        "o": 9992,
        "r": "csb:1 Kings:8:58",
        "w": 9,
        "l": {},
        "c": "Jos 24:23*7195; Jr 31:33*22133; Php 2:13*33300",
        "a": "q"
    },
    {
        "o": 9993,
        "r": "csb:1 Kings:8:59",
        "w": 38,
        "l": {},
        "c": "Pr 30:8*19280; Mt 6:11*26284",
        "a": "r"
    },
    {
        "o": 9994,
        "r": "csb:1 Kings:8:60",
        "w": 16,
        "l": {},
        "c": "Dt 6:4*5599; Jos 4:24*6554; Mk 12:32*27909",
        "a": "s"
    },
    {
        "o": 9995,
        "r": "csb:1 Kings:8:61",
        "w": 7,
        "l": {},
        "c": "Dt 6:5*5600; 1Kg 9:4*10006; 11:4*10071",
        "a": "t"
    },
    {
        "o": 9997,
        "r": "csb:1 Kings:8:63",
        "w": 20,
        "l": {},
        "c": "1Ch 29:21*12392; 2Ch 7:4–5*12562; Ezr 6:16–17*13537",
        "a": "u"
    },
    {
        "o": 9997,
        "r": "csb:1 Kings:8:63",
        "w": 30,
        "l": {},
        "c": "Dt 20:5*5989; Ezr 6:16*13537; Neh 12:27*14074",
        "a": "v"
    },
    {
        "o": 9997,
        "r": "csb:1 Kings:8:63",
        "w": 33,
        "l": {},
        "c": "2Ch 7:5*12563",
        "a": "w"
    },
    {
        "o": 9998,
        "r": "csb:1 Kings:8:64",
        "w": 38,
        "l": {},
        "c": "Lv 6–7*3156",
        "a": "x"
    },
    {
        "o": 9998,
        "r": "csb:1 Kings:8:64",
        "w": 63,
        "l": {},
        "c": "2Ch 7:7*12565",
        "a": "y"
    },
    {
        "o": 9999,
        "r": "csb:1 Kings:8:65",
        "w": 13,
        "l": {},
        "t": "8:65*r Or from Lebo-hamath",
        "a": "z"
    },
    {
        "o": 9999,
        "r": "csb:1 Kings:8:65",
        "w": 13,
        "l": {},
        "c": "Nm 13:21*4506; 34:8*5303",
        "a": "a"
    },
    {
        "o": 9999,
        "r": "csb:1 Kings:8:65",
        "w": 18,
        "l": {},
        "c": "Gn 15:18*419",
        "a": "b"
    },
    {
        "o": 9999,
        "r": "csb:1 Kings:8:65",
        "w": 24,
        "l": {},
        "c": "Lv 23:36*3798; 1Kg 8:2*9934",
        "a": "c"
    },
    {
        "o": 9999,
        "r": "csb:1 Kings:8:65",
        "w": 40,
        "l": {},
        "t": "8:65*r Temple dedication lasted seven days, and the Festival of Shelters lasted seven days.",
        "a": "d"
    },
    {
        "o": 9999,
        "r": "csb:1 Kings:8:65",
        "w": 40,
        "l": {},
        "c": "2Ch 7:9*12567",
        "a": "e"
    },
    {
        "o": 10000,
        "r": "csb:1 Kings:8:66",
        "w": 3,
        "l": {},
        "t": "8:66*r Lit the eighth day",
        "a": "f"
    },
    {
        "o": 10000,
        "r": "csb:1 Kings:8:66",
        "w": 18,
        "l": {},
        "t": "8:66*r Lit tents",
        "a": "g"
    },
    {
        "o": 10000,
        "r": "csb:1 Kings:8:66",
        "w": 41,
        "l": {},
        "c": "2Ch 7:10*12568",
        "a": "h"
    }
]
