[
    {
        "o": 11217,
        "r": "csb:2 Kings:21:1",
        "w": 0,
        "l": {},
        "c": "2Ch 33:1–9*13238",
        "a": "a"
    },
    {
        "o": 11217,
        "r": "csb:2 Kings:21:1",
        "w": 20,
        "l": {},
        "c": "Is 62:4*21127",
        "a": "b"
    },
    {
        "o": 11218,
        "r": "csb:2 Kings:21:2",
        "w": 8,
        "l": {},
        "c": "2Kg 20:16*11208; Jr 15:4*21657",
        "a": "c"
    },
    {
        "o": 11218,
        "r": "csb:2 Kings:21:2",
        "w": 23,
        "l": {},
        "c": "2Kg 16:3*11038",
        "a": "d"
    },
    {
        "o": 11219,
        "r": "csb:2 Kings:21:3",
        "w": 10,
        "l": {},
        "c": "2Kg 18:4*11110; 2Ch 31:1*13175",
        "a": "e"
    },
    {
        "o": 11219,
        "r": "csb:2 Kings:21:3",
        "w": 20,
        "l": {},
        "c": "2Kg 23:26*11300",
        "a": "f"
    },
    {
        "o": 11219,
        "r": "csb:2 Kings:21:3",
        "w": 27,
        "l": {},
        "c": "1Kg 16:32–33*10296",
        "a": "g"
    },
    {
        "o": 11219,
        "r": "csb:2 Kings:21:3",
        "w": 39,
        "l": {},
        "c": "2Kg 17:16*11077; 23:5*11277",
        "a": "h"
    },
    {
        "o": 11220,
        "r": "csb:2 Kings:21:4",
        "w": 6,
        "l": {},
        "c": "2Kg 16:10–16*11046",
        "a": "i"
    },
    {
        "o": 11220,
        "r": "csb:2 Kings:21:4",
        "w": 19,
        "l": {},
        "c": "Dt 12:11,14*5776; 1Kg 11:13*10081",
        "a": "j"
    },
    {
        "o": 11221,
        "r": "csb:2 Kings:21:5",
        "w": 9,
        "l": {},
        "c": "2Kg 23:4–5*11276",
        "a": "k"
    },
    {
        "o": 11221,
        "r": "csb:2 Kings:21:5",
        "w": 16,
        "l": {},
        "c": "1Kg 7:12*9884; 2Kg 23:12*11284",
        "a": "l"
    },
    {
        "o": 11222,
        "r": "csb:2 Kings:21:6",
        "w": 6,
        "l": {},
        "t": "21:6*r Lit He made his son pass through the fire",
        "a": "m"
    },
    {
        "o": 11222,
        "r": "csb:2 Kings:21:6",
        "w": 6,
        "l": {},
        "c": "Lv 18:21*3618; 2Kg 16:3*11038; 2Ch 28:3*13077",
        "a": "n"
    },
    {
        "o": 11222,
        "r": "csb:2 Kings:21:6",
        "w": 15,
        "l": {},
        "c": "Lv 19:26,31*3655; Dt 18:10–12*5945; 2Kg 23:24*11298",
        "a": "o"
    },
    {
        "o": 11222,
        "r": "csb:2 Kings:21:6",
        "w": 28,
        "l": {},
        "c": "2Kg 23:26*11300",
        "a": "p"
    },
    {
        "o": 11223,
        "r": "csb:2 Kings:21:7",
        "w": 48,
        "l": {},
        "c": "Dt 12:5*5770; 1Kg 11:32*10100",
        "a": "q"
    },
    {
        "o": 11224,
        "r": "csb:2 Kings:21:8",
        "w": 41,
        "l": {},
        "c": "2Sm 7:10*9053; 1Kg 9:1–9*10003",
        "a": "r"
    },
    {
        "o": 11225,
        "r": "csb:2 Kings:21:9",
        "w": 25,
        "l": {},
        "c": "1Kg 14:9*10197",
        "a": "s"
    },
    {
        "o": 11227,
        "r": "csb:2 Kings:21:11",
        "w": 10,
        "l": {},
        "c": "2Kg 21:2*11218; 24:3–4*11319",
        "a": "t"
    },
    {
        "o": 11227,
        "r": "csb:2 Kings:21:11",
        "w": 15,
        "l": {},
        "c": "Gn 15:16*417; 1Kg 21:16*10466",
        "a": "u"
    },
    {
        "o": 11228,
        "r": "csb:2 Kings:21:12",
        "w": 28,
        "l": {},
        "t": "21:12*r Lit about it, his two ears will tingle; Hb obscure",
        "a": "v"
    },
    {
        "o": 11228,
        "r": "csb:2 Kings:21:12",
        "w": 28,
        "l": {},
        "c": "1Sm 3:11*8065; Jr 19:3*21768",
        "a": "w"
    },
    {
        "o": 11229,
        "r": "csb:2 Kings:21:13",
        "w": 20,
        "l": {},
        "c": "Is 34:11*20516; Am 7:7–8*25299",
        "a": "x"
    },
    {
        "o": 11229,
        "r": "csb:2 Kings:21:13",
        "w": 24,
        "l": {},
        "c": "2Kg 23:27*11302",
        "a": "y"
    },
    {
        "o": 11230,
        "r": "csb:2 Kings:21:14",
        "w": 4,
        "l": {},
        "c": "2Kg 19:4*11152; Jr 6:9*21398",
        "a": "z"
    },
    {
        "o": 11231,
        "r": "csb:2 Kings:21:15",
        "w": 24,
        "l": {},
        "c": "Ex 32:22*2721; Jr 25:7*21920",
        "a": "a"
    },
    {
        "o": 11232,
        "r": "csb:2 Kings:21:16",
        "w": 17,
        "l": {},
        "c": "2Kg 24:4*11320",
        "a": "b"
    },
    {
        "o": 11234,
        "r": "csb:2 Kings:21:17",
        "w": 1,
        "l": {},
        "c": "2Ch 33:18–20*13257",
        "a": "c"
    },
    {
        "o": 11234,
        "r": "csb:2 Kings:21:17",
        "w": 27,
        "l": {},
        "c": "2Kg 20:20*11213",
        "a": "d"
    },
    {
        "o": 11237,
        "r": "csb:2 Kings:21:19",
        "w": 8,
        "l": {},
        "c": "2Ch 33:21–25*13261",
        "a": "e"
    },
    {
        "o": 11238,
        "r": "csb:2 Kings:21:20",
        "w": 15,
        "l": {},
        "c": "2Kg 21:2–7,11,16*11218",
        "a": "f"
    },
    {
        "o": 11239,
        "r": "csb:2 Kings:21:21",
        "w": 24,
        "l": {},
        "c": "2Kg 16:2*11037",
        "a": "g"
    },
    {
        "o": 11240,
        "r": "csb:2 Kings:21:22",
        "w": 7,
        "l": {},
        "c": "1Kg 11:33*10101",
        "a": "h"
    },
    {
        "o": 11240,
        "r": "csb:2 Kings:21:22",
        "w": 17,
        "l": {},
        "c": "2Kg 22:17*11266",
        "a": "i"
    },
    {
        "o": 11241,
        "r": "csb:2 Kings:21:23",
        "w": 14,
        "l": {},
        "c": "2Kg 12:20*10922; 14:19*10976",
        "a": "j"
    },
    {
        "o": 11242,
        "r": "csb:2 Kings:21:24",
        "w": 2,
        "l": {},
        "t": "21:24*r Lit The people of the land",
        "a": "k"
    },
    {
        "o": 11242,
        "r": "csb:2 Kings:21:24",
        "w": 3,
        "l": {},
        "c": "2Kg 14:5*10960",
        "a": "l"
    },
    {
        "o": 11242,
        "r": "csb:2 Kings:21:24",
        "w": 16,
        "l": {},
        "c": "2Kg 22:1*11247",
        "a": "m"
    }
]
