[
    {
        "o": 8812,
        "r": "csb:1 Samuel:29:1",
        "w": 1,
        "l": {},
        "c": "1Sm 28:1–2*8785",
        "a": "a"
    },
    {
        "o": 8812,
        "r": "csb:1 Samuel:29:1",
        "w": 9,
        "l": {},
        "c": "Jos 12:18*6794; 1Sm 4:1*8079",
        "a": "b"
    },
    {
        "o": 8812,
        "r": "csb:1 Samuel:29:1",
        "w": 18,
        "l": {},
        "c": "1Kg 18:19*10348; 21:1*10450; 2Kg 9:30*10825",
        "a": "c"
    },
    {
        "o": 8813,
        "r": "csb:1 Samuel:29:2",
        "w": 18,
        "l": {},
        "c": "1Sm 28:1–2*8785",
        "a": "d"
    },
    {
        "o": 8814,
        "r": "csb:1 Samuel:29:3",
        "w": 34,
        "l": {},
        "t": "29:3*r Hb obscure",
        "a": "e"
    },
    {
        "o": 8814,
        "r": "csb:1 Samuel:29:3",
        "w": 47,
        "l": {},
        "c": "1Sm 27:4–12*8774",
        "a": "f"
    },
    {
        "o": 8815,
        "r": "csb:1 Samuel:29:4",
        "w": 24,
        "l": {},
        "c": "1Sm 27:6*8776",
        "a": "g"
    },
    {
        "o": 8815,
        "r": "csb:1 Samuel:29:4",
        "w": 41,
        "l": {},
        "c": "1Sm 14:21*8333",
        "a": "h"
    },
    {
        "o": 8816,
        "r": "csb:1 Samuel:29:5",
        "w": 20,
        "l": {},
        "c": "1Sm 18:7*8499; 21:11*8608",
        "a": "i"
    },
    {
        "o": 8817,
        "r": "csb:1 Samuel:29:6",
        "w": 20,
        "l": {},
        "t": "29:6*r Lit It was good in my eyes",
        "a": "j"
    },
    {
        "o": 8817,
        "r": "csb:1 Samuel:29:6",
        "w": 24,
        "l": {},
        "t": "29:6*r Lit you going out and coming in",
        "a": "k"
    },
    {
        "o": 8817,
        "r": "csb:1 Samuel:29:6",
        "w": 46,
        "l": {},
        "c": "1Sm 27:8–12*8778; 29:3*8814",
        "a": "l"
    },
    {
        "o": 8819,
        "r": "csb:1 Samuel:29:8",
        "w": 4,
        "l": {},
        "c": "1Sm 27:10–12*8780",
        "a": "m"
    },
    {
        "o": 8820,
        "r": "csb:1 Samuel:29:9",
        "w": 14,
        "l": {},
        "c": "2Sm 14:17,20*9257; 19:27*9435",
        "a": "n"
    },
    {
        "o": 8820,
        "r": "csb:1 Samuel:29:9",
        "w": 28,
        "l": {},
        "c": "1Sm 29:4*8815",
        "a": "o"
    },
    {
        "o": 8821,
        "r": "csb:1 Samuel:29:10",
        "w": 15,
        "l": {},
        "t": "29:10*r LXX adds and go to the place I appointed you to. Don’t take this evil matter to heart, for you are good before me.",
        "a": "p"
    },
    {
        "o": 8821,
        "r": "csb:1 Samuel:29:10",
        "w": 15,
        "l": {},
        "c": "1Ch 12:19,22*11904",
        "a": "q"
    }
]
