[
    {
        "o": 12371,
        "r": "csb:1 Chronicles:29:1",
        "w": 23,
        "l": {},
        "c": "1Ch 22:5*12159",
        "a": "a"
    },
    {
        "o": 12371,
        "r": "csb:1 Chronicles:29:1",
        "w": 38,
        "l": {},
        "c": "1Ch 29:19*12390",
        "a": "b"
    },
    {
        "o": 12372,
        "r": "csb:1 Chronicles:29:2",
        "w": 15,
        "l": {},
        "c": "1Ch 22:3–5*12157",
        "a": "c"
    },
    {
        "o": 12372,
        "r": "csb:1 Chronicles:29:2",
        "w": 44,
        "l": {},
        "t": "29:2*r Or mosaic",
        "a": "d"
    },
    {
        "o": 12372,
        "r": "csb:1 Chronicles:29:2",
        "w": 45,
        "l": {},
        "t": "29:2*r In Hb, the word antimony is similar to “turquoise”; Ex 28:18.",
        "a": "e"
    },
    {
        "o": 12372,
        "r": "csb:1 Chronicles:29:2",
        "w": 45,
        "l": {},
        "c": "Ex 28:18*2555",
        "a": "f"
    },
    {
        "o": 12374,
        "r": "csb:1 Chronicles:29:4",
        "w": 1,
        "l": {},
        "t": "29:4*r Lit 3,000 talents",
        "a": "g"
    },
    {
        "o": 12374,
        "r": "csb:1 Chronicles:29:4",
        "w": 1,
        "l": {},
        "c": "1Ch 22:14*12168",
        "a": "h"
    },
    {
        "o": 12374,
        "r": "csb:1 Chronicles:29:4",
        "w": 6,
        "l": {},
        "c": "1Kg 9:28*10033",
        "a": "i"
    },
    {
        "o": 12374,
        "r": "csb:1 Chronicles:29:4",
        "w": 9,
        "l": {},
        "t": "29:4*r Lit 7,000 talents",
        "a": "j"
    },
    {
        "o": 12376,
        "r": "csb:1 Chronicles:29:6",
        "w": 19,
        "l": {},
        "c": "1Ch 27:1*12312; 28:1*12348",
        "a": "k"
    },
    {
        "o": 12376,
        "r": "csb:1 Chronicles:29:6",
        "w": 28,
        "l": {},
        "c": "1Ch 27:25–31*12336",
        "a": "l"
    },
    {
        "o": 12377,
        "r": "csb:1 Chronicles:29:7",
        "w": 9,
        "l": {},
        "t": "29:7*r Lit 5,000 talents",
        "a": "m"
    },
    {
        "o": 12377,
        "r": "csb:1 Chronicles:29:7",
        "w": 15,
        "l": {},
        "t": "29:7*r Or drachmas, or darics",
        "a": "n"
    },
    {
        "o": 12377,
        "r": "csb:1 Chronicles:29:7",
        "w": 15,
        "l": {},
        "c": "Ezr 2:69*13451; Neh 7:70*13899",
        "a": "o"
    },
    {
        "o": 12377,
        "r": "csb:1 Chronicles:29:7",
        "w": 17,
        "l": {},
        "t": "29:7*r Lit 10,000 talents",
        "a": "p"
    },
    {
        "o": 12377,
        "r": "csb:1 Chronicles:29:7",
        "w": 21,
        "l": {},
        "t": "29:7*r Lit 18,000 talents",
        "a": "q"
    },
    {
        "o": 12377,
        "r": "csb:1 Chronicles:29:7",
        "w": 26,
        "l": {},
        "t": "29:7*r Lit 100,000 talents",
        "a": "r"
    },
    {
        "o": 12378,
        "r": "csb:1 Chronicles:29:8",
        "w": 17,
        "l": {},
        "c": "1Ch 23:8*12183",
        "a": "s"
    },
    {
        "o": 12379,
        "r": "csb:1 Chronicles:29:9",
        "w": 18,
        "l": {},
        "c": "1Kg 8:61*9995; 1Ch 28:9*12356; 2Co 9:7*32796",
        "a": "t"
    },
    {
        "o": 12382,
        "r": "csb:1 Chronicles:29:11",
        "w": 40,
        "l": {},
        "c": "Mt 6:13*26286; Rv 5:13*34931",
        "a": "u"
    },
    {
        "o": 12383,
        "r": "csb:1 Chronicles:29:12",
        "w": 12,
        "l": {},
        "c": "2Ch 1:12*12418",
        "a": "v"
    },
    {
        "o": 12383,
        "r": "csb:1 Chronicles:29:12",
        "w": 34,
        "l": {},
        "c": "2Ch 20:6*12869",
        "a": "w"
    },
    {
        "o": 12385,
        "r": "csb:1 Chronicles:29:14",
        "w": 36,
        "l": {},
        "t": "29:14*r Lit and from your hand we have given to you",
        "a": "x"
    },
    {
        "o": 12386,
        "r": "csb:1 Chronicles:29:15",
        "w": 14,
        "l": {},
        "c": "Lv 25:23*3857; Heb 11:13*34218",
        "a": "y"
    },
    {
        "o": 12386,
        "r": "csb:1 Chronicles:29:15",
        "w": 24,
        "l": {},
        "c": "Jb 14:2,10–12*14658",
        "a": "z"
    },
    {
        "o": 12388,
        "r": "csb:1 Chronicles:29:17",
        "w": 8,
        "l": {},
        "c": "1Ch 28:9*12356",
        "a": "a"
    },
    {
        "o": 12388,
        "r": "csb:1 Chronicles:29:17",
        "w": 17,
        "l": {},
        "c": "Ps 15:2*15653",
        "a": "b"
    },
    {
        "o": 12388,
        "r": "csb:1 Chronicles:29:17",
        "w": 38,
        "l": {},
        "t": "29:17*r Lit found",
        "a": "c"
    },
    {
        "o": 12388,
        "r": "csb:1 Chronicles:29:17",
        "w": 42,
        "l": {},
        "t": "29:17*r Or now with joy I’ve seen your people who are present here giving",
        "a": "d"
    },
    {
        "o": 12390,
        "r": "csb:1 Chronicles:29:19",
        "w": 20,
        "l": {},
        "c": "Ps 72:1*16734",
        "a": "e"
    },
    {
        "o": 12390,
        "r": "csb:1 Chronicles:29:19",
        "w": 31,
        "l": {},
        "c": "1Ch 29:2*12372",
        "a": "f"
    },
    {
        "o": 12391,
        "r": "csb:1 Chronicles:29:20",
        "w": 23,
        "l": {},
        "c": "Jos 22:33*7150",
        "a": "g"
    },
    {
        "o": 12391,
        "r": "csb:1 Chronicles:29:20",
        "w": 35,
        "l": {},
        "c": "Ex 4:31*1797",
        "a": "h"
    },
    {
        "o": 12392,
        "r": "csb:1 Chronicles:29:21",
        "w": 36,
        "l": {},
        "c": "1Kg 8:62–63*9996",
        "a": "i"
    },
    {
        "o": 12395,
        "r": "csb:1 Chronicles:29:22",
        "w": 4,
        "l": {},
        "c": "1Ch 23:1*12176",
        "a": "j"
    },
    {
        "o": 12395,
        "r": "csb:1 Chronicles:29:22",
        "w": 13,
        "l": {},
        "t": "29:22*r LXX, Tg, Vg; MT omits him",
        "a": "k"
    },
    {
        "o": 12395,
        "r": "csb:1 Chronicles:29:22",
        "w": 17,
        "l": {},
        "c": "1Kg 1:33–39*9667",
        "a": "l"
    },
    {
        "o": 12396,
        "r": "csb:1 Chronicles:29:23",
        "w": 20,
        "l": {},
        "c": "1Kg 2:12*9703",
        "a": "m"
    },
    {
        "o": 12398,
        "r": "csb:1 Chronicles:29:25",
        "w": 10,
        "l": {},
        "c": "2Ch 1:1*12407",
        "a": "n"
    },
    {
        "o": 12398,
        "r": "csb:1 Chronicles:29:25",
        "w": 29,
        "l": {},
        "c": "1Kg 3:13*9755; 2Ch 1:12*12418",
        "a": "o"
    },
    {
        "o": 12400,
        "r": "csb:1 Chronicles:29:26",
        "w": 8,
        "l": {},
        "c": "1Ch 18:14*12083",
        "a": "p"
    },
    {
        "o": 12401,
        "r": "csb:1 Chronicles:29:27",
        "w": 21,
        "l": {},
        "c": "2Sm 5:4–5*8995; 1Kg 2:11*9701",
        "a": "q"
    },
    {
        "o": 12402,
        "r": "csb:1 Chronicles:29:28",
        "w": 6,
        "l": {},
        "c": "Gn 15:15*416; Ac 13:36*31002",
        "a": "r"
    },
    {
        "o": 12402,
        "r": "csb:1 Chronicles:29:28",
        "w": 9,
        "l": {},
        "c": "1Ch 23:1*12176",
        "a": "s"
    },
    {
        "o": 12403,
        "r": "csb:1 Chronicles:29:29",
        "w": 23,
        "l": {},
        "c": "1Sm 9:9*8192",
        "a": "t"
    },
    {
        "o": 12403,
        "r": "csb:1 Chronicles:29:29",
        "w": 29,
        "l": {},
        "c": "2Sm 7:2–4*9045; 12:1–7*9162",
        "a": "u"
    },
    {
        "o": 12403,
        "r": "csb:1 Chronicles:29:29",
        "w": 36,
        "l": {},
        "c": "1Sm 22:5*8619",
        "a": "v"
    }
]
