[
    {
        "o": 12749,
        "r": "csb:2 Chronicles:15:1",
        "w": 9,
        "l": {},
        "c": "2Ch 20:14*12878; 24:20*12992",
        "a": "a"
    },
    {
        "o": 12750,
        "r": "csb:2 Chronicles:15:2",
        "w": 23,
        "l": {},
        "c": "2Ch 20:17*12881",
        "a": "b"
    },
    {
        "o": 12750,
        "r": "csb:2 Chronicles:15:2",
        "w": 38,
        "l": {},
        "c": "Dt 4:29*5535; 2Ch 15:15*12763; Jr 29:13–14*22045",
        "a": "c"
    },
    {
        "o": 12750,
        "r": "csb:2 Chronicles:15:2",
        "w": 47,
        "l": {},
        "c": "1Ch 28:9*12356",
        "a": "d"
    },
    {
        "o": 12751,
        "r": "csb:2 Chronicles:15:3",
        "w": 9,
        "l": {},
        "c": "1Kg 12:28–33*10144",
        "a": "e"
    },
    {
        "o": 12751,
        "r": "csb:2 Chronicles:15:3",
        "w": 16,
        "l": {},
        "c": "Lv 10:8–11*3307; 2Ch 17:9*12797",
        "a": "f"
    },
    {
        "o": 12755,
        "r": "csb:2 Chronicles:15:7",
        "w": 8,
        "l": {},
        "t": "15:7*r Lit don’t let your hands drop",
        "a": "g"
    },
    {
        "o": 12755,
        "r": "csb:2 Chronicles:15:7",
        "w": 14,
        "l": {},
        "c": "Jos 1:7,9*6470",
        "a": "h"
    },
    {
        "o": 12756,
        "r": "csb:2 Chronicles:15:8",
        "w": 43,
        "l": {},
        "c": "2Ch 13:19*12725",
        "a": "i"
    },
    {
        "o": 12756,
        "r": "csb:2 Chronicles:15:8",
        "w": 61,
        "l": {},
        "c": "2Ch 4:1*12470; 8:12*12596",
        "a": "j"
    },
    {
        "o": 12757,
        "r": "csb:2 Chronicles:15:9",
        "w": 45,
        "l": {},
        "c": "2Ch 11:16*12678",
        "a": "k"
    },
    {
        "o": 12759,
        "r": "csb:2 Chronicles:15:11",
        "w": 23,
        "l": {},
        "c": "2Ch 14:13–15*12744",
        "a": "l"
    },
    {
        "o": 12760,
        "r": "csb:2 Chronicles:15:12",
        "w": 21,
        "l": {},
        "c": "2Ch 23:16*12963",
        "a": "m"
    },
    {
        "o": 12761,
        "r": "csb:2 Chronicles:15:13",
        "w": 16,
        "l": {},
        "t": "15:13*r Or insignificant or great",
        "a": "n"
    },
    {
        "o": 12761,
        "r": "csb:2 Chronicles:15:13",
        "w": 19,
        "l": {},
        "c": "Ex 22:20*2355; Dt 13:6–9*5807; 17:2–7*5912",
        "a": "o"
    },
    {
        "o": 12763,
        "r": "csb:2 Chronicles:15:15",
        "w": 24,
        "l": {},
        "c": "2Ch 15:2*12750",
        "a": "p"
    },
    {
        "o": 12763,
        "r": "csb:2 Chronicles:15:15",
        "w": 33,
        "l": {},
        "c": "2Ch 14:6–7*12736",
        "a": "q"
    },
    {
        "o": 12764,
        "r": "csb:2 Chronicles:15:16",
        "w": 1,
        "l": {},
        "c": "1Kg 15:13–15*10236",
        "a": "r"
    },
    {
        "o": 12764,
        "r": "csb:2 Chronicles:15:16",
        "w": 6,
        "l": {},
        "t": "15:16*r Lit mother; 1Kg 15:2; 2Ch 11:22",
        "a": "s"
    },
    {
        "o": 12764,
        "r": "csb:2 Chronicles:15:16",
        "w": 6,
        "l": {},
        "c": "1Kg 15:2*10224; 2Ch 11:22*12684",
        "a": "t"
    },
    {
        "o": 12764,
        "r": "csb:2 Chronicles:15:16",
        "w": 35,
        "l": {},
        "c": "2Ch 14:2–5*12732",
        "a": "u"
    },
    {
        "o": 12765,
        "r": "csb:2 Chronicles:15:17",
        "w": 16,
        "l": {},
        "t": "15:17*r Lit wholehearted all his days",
        "a": "v"
    }
]
