[
    {
        "o": 32421,
        "r": "csb:1 Corinthians:12:1",
        "w": 3,
        "l": {},
        "t": "12:1*r Or spiritual things, or spiritual people",
        "a": "a"
    },
    {
        "o": 32422,
        "r": "csb:1 Corinthians:12:2",
        "w": 16,
        "l": {},
        "c": "Ac 8:32*30786; 1Co 14:10*32479; 2Pt 2:16*34599",
        "a": "b"
    },
    {
        "o": 32422,
        "r": "csb:1 Corinthians:12:2",
        "w": 17,
        "l": {},
        "c": "1Co 8:4*32305",
        "a": "c"
    },
    {
        "o": 32424,
        "r": "csb:1 Corinthians:12:4",
        "w": 4,
        "l": {},
        "c": "Rm 12:6*31976; 1Co 14:1*32470; Eph 4:8*33157; Heb 2:4*33987; 1Pt 4:10*34529",
        "a": "d"
    },
    {
        "o": 32427,
        "r": "csb:1 Corinthians:12:7",
        "w": 9,
        "l": {},
        "c": "Jms 4:5*34394",
        "a": "e"
    },
    {
        "o": 32428,
        "r": "csb:1 Corinthians:12:8",
        "w": 1,
        "l": {},
        "c": "Rm 12:7–8*31977; Eph 4:11*33160; 1Pt 4:11*34531",
        "a": "f"
    },
    {
        "o": 32428,
        "r": "csb:1 Corinthians:12:8",
        "w": 7,
        "l": {},
        "c": "1Co 2:6–7*32152",
        "a": "g"
    },
    {
        "o": 32429,
        "r": "csb:1 Corinthians:12:9",
        "w": 11,
        "l": {},
        "c": "Lk 13:32*28897; Ac 4:22,30*30597; 10:38*30888",
        "a": "h"
    },
    {
        "o": 32430,
        "r": "csb:1 Corinthians:12:10",
        "w": 5,
        "l": {},
        "c": "Ac 19:11*31231",
        "a": "i"
    },
    {
        "o": 32430,
        "r": "csb:1 Corinthians:12:10",
        "w": 8,
        "l": {},
        "c": "1Co 13:2*32456",
        "a": "j"
    },
    {
        "o": 32430,
        "r": "csb:1 Corinthians:12:10",
        "w": 13,
        "l": {},
        "c": "1Jn 4:1–3*34704",
        "a": "k"
    },
    {
        "o": 32430,
        "r": "csb:1 Corinthians:12:10",
        "w": 19,
        "l": {},
        "t": "12:10*r languages",
        "a": "l"
    },
    {
        "o": 32433,
        "r": "csb:1 Corinthians:12:12",
        "w": 6,
        "l": {},
        "c": "Jn 11:52*30048",
        "a": "m"
    },
    {
        "o": 32433,
        "r": "csb:1 Corinthians:12:12",
        "w": 26,
        "l": {},
        "c": "Eph 4:4*33153",
        "a": "n"
    },
    {
        "o": 32434,
        "r": "csb:1 Corinthians:12:13",
        "w": 5,
        "l": {},
        "t": "12:13*r Or with, or in",
        "a": "o"
    },
    {
        "o": 32434,
        "r": "csb:1 Corinthians:12:13",
        "w": 27,
        "l": {},
        "c": "Gl 3:28*32985; Eph 2:13–18*33114; Col 3:11*33443",
        "a": "p"
    },
    {
        "o": 32439,
        "r": "csb:1 Corinthians:12:18",
        "w": 18,
        "l": {},
        "c": "Ps 143:10*18254; Pr 16:9*18853; Jn 5:30*29680; Gl 1:4*32906; Eph 1:9*33082; 1Jn 2:17*34661",
        "a": "q"
    },
    {
        "o": 32444,
        "r": "csb:1 Corinthians:12:23",
        "w": 10,
        "l": {},
        "c": "Mk 6:4*27577; 1Pt 2:7*34470",
        "a": "r"
    },
    {
        "o": 32446,
        "r": "csb:1 Corinthians:12:25",
        "w": 6,
        "l": {},
        "c": "1Co 1:10*32120",
        "a": "s"
    },
    {
        "o": 32448,
        "r": "csb:1 Corinthians:12:27",
        "w": 6,
        "l": {},
        "c": "Eph 1:23*33098; Col 1:18*33392",
        "a": "t"
    },
    {
        "o": 32449,
        "r": "csb:1 Corinthians:12:28",
        "w": 7,
        "l": {},
        "c": "Mt 16:18*26749; 1Co 14:4*32473; Rv 1:4*34824",
        "a": "u"
    },
    {
        "o": 32449,
        "r": "csb:1 Corinthians:12:28",
        "w": 13,
        "l": {},
        "c": "Eph 4:11*33160; Jms 3:1*34369",
        "a": "v"
    },
    {
        "o": 32449,
        "r": "csb:1 Corinthians:12:28",
        "w": 15,
        "l": {},
        "c": "Mk 13:22*27951",
        "a": "w"
    },
    {
        "o": 32449,
        "r": "csb:1 Corinthians:12:28",
        "w": 19,
        "l": {},
        "c": "1Co 12:9*32429",
        "a": "x"
    },
    {
        "o": 32449,
        "r": "csb:1 Corinthians:12:28",
        "w": 25,
        "l": {},
        "t": "12:28*r languages, also in v. 30",
        "a": "y"
    },
    {
        "o": 32451,
        "r": "csb:1 Corinthians:12:30",
        "w": 13,
        "l": {},
        "c": "Lk 24:27*29434",
        "a": "z"
    },
    {
        "o": 32452,
        "r": "csb:1 Corinthians:12:31",
        "w": 1,
        "l": {},
        "c": "Nm 25:13*4934; Jms 4:2*34391",
        "a": "a"
    }
]
