[
    {
        "o": 13268,
        "r": "csb:2 Chronicles:34:1",
        "w": 4,
        "l": {},
        "c": "2Kg 22:1–2*11247",
        "a": "a"
    },
    {
        "o": 13269,
        "r": "csb:2 Chronicles:34:2",
        "w": 17,
        "l": {},
        "c": "2Ch 29:2*13106",
        "a": "b"
    },
    {
        "o": 13271,
        "r": "csb:2 Chronicles:34:3",
        "w": 22,
        "l": {},
        "c": "1Ch 28:9*12356; 2Ch 11:16*12678; 14:4*12734; 15:12*12760",
        "a": "c"
    },
    {
        "o": 13271,
        "r": "csb:2 Chronicles:34:3",
        "w": 44,
        "l": {},
        "c": "2Ch 33:22*13262",
        "a": "d"
    },
    {
        "o": 13272,
        "r": "csb:2 Chronicles:34:4",
        "w": 17,
        "l": {},
        "t": "34:4*r Lit incense altars, also in v. 7",
        "a": "e"
    },
    {
        "o": 13272,
        "r": "csb:2 Chronicles:34:4",
        "w": 39,
        "l": {},
        "c": "Ex 32:20*2719",
        "a": "f"
    },
    {
        "o": 13272,
        "r": "csb:2 Chronicles:34:4",
        "w": 50,
        "l": {},
        "c": "2Kg 23:6*11278",
        "a": "g"
    },
    {
        "o": 13273,
        "r": "csb:2 Chronicles:34:5",
        "w": 9,
        "l": {},
        "c": "2Kg 23:5,8,16,20*11277",
        "a": "h"
    },
    {
        "o": 13274,
        "r": "csb:2 Chronicles:34:6",
        "w": 6,
        "l": {},
        "c": "2Kg 23:15,19*11287",
        "a": "i"
    },
    {
        "o": 13274,
        "r": "csb:2 Chronicles:34:6",
        "w": 22,
        "l": {},
        "t": "34:6*r One Hb tradition reads Naphtali with their swords; alt Hb tradition, Syr, Vg read Naphtali, the ruins all around; Hb obscure",
        "a": "j"
    },
    {
        "o": 13275,
        "r": "csb:2 Chronicles:34:7",
        "w": 31,
        "l": {},
        "c": "2Ch 31:1*13175",
        "a": "k"
    },
    {
        "o": 13277,
        "r": "csb:2 Chronicles:34:8",
        "w": 6,
        "l": {},
        "c": "2Kg 22:3–7*11250",
        "a": "l"
    },
    {
        "o": 13277,
        "r": "csb:2 Chronicles:34:8",
        "w": 26,
        "l": {},
        "c": "2Ch 18:25*12836",
        "a": "m"
    },
    {
        "o": 13278,
        "r": "csb:2 Chronicles:34:9",
        "w": 7,
        "l": {},
        "c": "2Ch 34:14*13284; 35:8*13315",
        "a": "n"
    },
    {
        "o": 13278,
        "r": "csb:2 Chronicles:34:9",
        "w": 27,
        "l": {},
        "c": "2Ch 30:10,18*13154",
        "a": "o"
    },
    {
        "o": 13281,
        "r": "csb:2 Chronicles:34:12",
        "w": 34,
        "l": {},
        "c": "1Ch 25:1*12244",
        "a": "p"
    },
    {
        "o": 13284,
        "r": "csb:2 Chronicles:34:14",
        "w": 31,
        "l": {},
        "c": "Dt 31:24–26*6355",
        "a": "q"
    },
    {
        "o": 13285,
        "r": "csb:2 Chronicles:34:15",
        "w": 0,
        "l": {},
        "c": "2Kg 22:8–23:3*11256",
        "a": "r"
    },
    {
        "o": 13288,
        "r": "csb:2 Chronicles:34:18",
        "w": 25,
        "l": {},
        "c": "Dt 17:18–20*5930",
        "a": "s"
    },
    {
        "o": 13289,
        "r": "csb:2 Chronicles:34:19",
        "w": 12,
        "l": {},
        "c": "Jos 7:6*6611",
        "a": "t"
    },
    {
        "o": 13291,
        "r": "csb:2 Chronicles:34:21",
        "w": 36,
        "l": {},
        "c": "2Ch 29:8*13112",
        "a": "u"
    },
    {
        "o": 13293,
        "r": "csb:2 Chronicles:34:22",
        "w": 7,
        "l": {},
        "t": "34:22*r LXX; MT omits designated",
        "a": "v"
    },
    {
        "o": 13295,
        "r": "csb:2 Chronicles:34:24",
        "w": 18,
        "l": {},
        "c": "2Ch 36:15–21*13356",
        "a": "w"
    },
    {
        "o": 13295,
        "r": "csb:2 Chronicles:34:24",
        "w": 19,
        "l": {},
        "t": "34:24*r fulfilling supplied for clarity",
        "a": "x"
    },
    {
        "o": 13295,
        "r": "csb:2 Chronicles:34:24",
        "w": 37,
        "l": {},
        "c": "Dt 28:15–68*6220",
        "a": "y"
    },
    {
        "o": 13296,
        "r": "csb:2 Chronicles:34:25",
        "w": 4,
        "l": {},
        "c": "2Ch 33:3*13240",
        "a": "z"
    },
    {
        "o": 13298,
        "r": "csb:2 Chronicles:34:27",
        "w": 0,
        "l": {},
        "c": "1Kg 21:29*10479; 2Ch 12:6–7*12693; 32:26*13227",
        "a": "a"
    },
    {
        "o": 13299,
        "r": "csb:2 Chronicles:34:28",
        "w": 36,
        "l": {},
        "c": "Is 57:1–2*21023",
        "a": "b"
    },
    {
        "o": 13302,
        "r": "csb:2 Chronicles:34:30",
        "w": 57,
        "l": {},
        "c": "Neh 8:1–3*13906",
        "a": "c"
    },
    {
        "o": 13303,
        "r": "csb:2 Chronicles:34:31",
        "w": 6,
        "l": {},
        "c": "2Kg 11:14*10889; 2Ch 30:16*13160",
        "a": "d"
    },
    {
        "o": 13303,
        "r": "csb:2 Chronicles:34:31",
        "w": 14,
        "l": {},
        "c": "2Ch 23:16*12963; 29:10*13114",
        "a": "e"
    },
    {
        "o": 13303,
        "r": "csb:2 Chronicles:34:31",
        "w": 37,
        "l": {},
        "c": "Dt 6:4–6*5599",
        "a": "f"
    },
    {
        "o": 13303,
        "r": "csb:2 Chronicles:34:31",
        "w": 51,
        "l": {},
        "c": "Ex 24:3–8*2409; Jos 24:14–28*7186",
        "a": "g"
    },
    {
        "o": 13304,
        "r": "csb:2 Chronicles:34:32",
        "w": 9,
        "l": {},
        "t": "34:32*r Lit take a stand.",
        "a": "h"
    },
    {
        "o": 13305,
        "r": "csb:2 Chronicles:34:33",
        "w": 14,
        "l": {},
        "c": "2Ch 34:3–7*13271",
        "a": "i"
    }
]
