[
    {
        "o": 12427,
        "r": "csb:2 Chronicles:2:1",
        "w": 17,
        "l": {},
        "c": "1Kg 5:5*9816; 2Ch 2:12*12439",
        "a": "a"
    },
    {
        "o": 12428,
        "r": "csb:2 Chronicles:2:2",
        "w": 19,
        "l": {},
        "c": "1Kg 5:15–16*9827; 9:23*10028; 2Ch 2:18*12446; 8:10*12593",
        "a": "b"
    },
    {
        "o": 12429,
        "r": "csb:2 Chronicles:2:3",
        "w": 6,
        "l": {},
        "t": "2:3*r Some Hb mss, LXX, Syr, Vg; other Hb mss read Huram; 2Sm 5:11; 1Kg 5:1–2",
        "a": "c"
    },
    {
        "o": 12429,
        "r": "csb:2 Chronicles:2:3",
        "w": 6,
        "l": {},
        "c": "2Sm 5:11*9002; 1Kg 5:1–2*9812",
        "a": "d"
    },
    {
        "o": 12429,
        "r": "csb:2 Chronicles:2:3",
        "w": 8,
        "l": {},
        "c": "1Kg 5:2–6,10–11*9813",
        "a": "e"
    },
    {
        "o": 12429,
        "r": "csb:2 Chronicles:2:3",
        "w": 30,
        "l": {},
        "c": "1Ch 14:1*11945",
        "a": "f"
    },
    {
        "o": 12430,
        "r": "csb:2 Chronicles:2:4",
        "w": 26,
        "l": {},
        "c": "Ex 30:7*2640",
        "a": "g"
    },
    {
        "o": 12430,
        "r": "csb:2 Chronicles:2:4",
        "w": 37,
        "l": {},
        "c": "Ex 25:30*2459",
        "a": "h"
    },
    {
        "o": 12430,
        "r": "csb:2 Chronicles:2:4",
        "w": 48,
        "l": {},
        "c": "Ex 29:38–42*2623",
        "a": "i"
    },
    {
        "o": 12430,
        "r": "csb:2 Chronicles:2:4",
        "w": 50,
        "l": {},
        "c": "Nm 28:9–10*5047",
        "a": "j"
    },
    {
        "o": 12431,
        "r": "csb:2 Chronicles:2:5",
        "w": 18,
        "l": {},
        "c": "Ex 15:11*2129; 1Ch 16:25*12019",
        "a": "k"
    },
    {
        "o": 12432,
        "r": "csb:2 Chronicles:2:6",
        "w": 19,
        "l": {},
        "c": "1Kg 8:27*9960; 2Ch 6:18*12532",
        "a": "l"
    },
    {
        "o": 12433,
        "r": "csb:2 Chronicles:2:7",
        "w": 38,
        "l": {},
        "c": "Ex 31:3–5*2680; 2Ch 2:13–14*12440",
        "a": "m"
    },
    {
        "o": 12433,
        "r": "csb:2 Chronicles:2:7",
        "w": 43,
        "l": {},
        "c": "1Ch 22:14–16*12168; 28:21*12368",
        "a": "n"
    },
    {
        "o": 12434,
        "r": "csb:2 Chronicles:2:8",
        "w": 6,
        "l": {},
        "t": "2:8*r = almug in 1Kg 10:11–12",
        "a": "o"
    },
    {
        "o": 12434,
        "r": "csb:2 Chronicles:2:8",
        "w": 6,
        "l": {},
        "c": "1Kg 10:11–12*10046",
        "a": "p"
    },
    {
        "o": 12434,
        "r": "csb:2 Chronicles:2:8",
        "w": 32,
        "l": {},
        "c": "2Ch 9:10–11*12615",
        "a": "q"
    },
    {
        "o": 12436,
        "r": "csb:2 Chronicles:2:10",
        "w": 15,
        "l": {},
        "t": "2:10*r Lit 20,000 cors",
        "a": "r"
    },
    {
        "o": 12436,
        "r": "csb:2 Chronicles:2:10",
        "w": 30,
        "l": {},
        "t": "2:10*r Lit 20,000 baths",
        "a": "s"
    },
    {
        "o": 12438,
        "r": "csb:2 Chronicles:2:11",
        "w": 7,
        "l": {},
        "t": "2:11*r Lit Tyre said in writing",
        "a": "t"
    },
    {
        "o": 12438,
        "r": "csb:2 Chronicles:2:11",
        "w": 25,
        "l": {},
        "c": "1Kg 10:9*10044; 2Ch 9:8*12613",
        "a": "u"
    },
    {
        "o": 12439,
        "r": "csb:2 Chronicles:2:12",
        "w": 16,
        "l": {},
        "c": "Ps 33:6*15989; 102:25*17366",
        "a": "v"
    },
    {
        "o": 12439,
        "r": "csb:2 Chronicles:2:12",
        "w": 27,
        "l": {},
        "c": "1Kg 5:7*9818",
        "a": "w"
    },
    {
        "o": 12439,
        "r": "csb:2 Chronicles:2:12",
        "w": 41,
        "l": {},
        "c": "2Ch 2:1*12427",
        "a": "x"
    },
    {
        "o": 12440,
        "r": "csb:2 Chronicles:2:13",
        "w": 4,
        "l": {},
        "t": "2:13*r Lit Huram my father",
        "a": "y"
    },
    {
        "o": 12440,
        "r": "csb:2 Chronicles:2:13",
        "w": 10,
        "l": {},
        "c": "1Kg 7:14*9887",
        "a": "z"
    },
    {
        "o": 12442,
        "r": "csb:2 Chronicles:2:15",
        "w": 15,
        "l": {},
        "c": "2Ch 2:10*12437",
        "a": "a"
    },
    {
        "o": 12443,
        "r": "csb:2 Chronicles:2:16",
        "w": 29,
        "l": {},
        "c": "1Kg 5:8–9*9819",
        "a": "b"
    },
    {
        "o": 12445,
        "r": "csb:2 Chronicles:2:17",
        "w": 23,
        "l": {},
        "c": "2Sm 24:1–9*9603; 1Ch 21:1–5*12121",
        "a": "c"
    },
    {
        "o": 12446,
        "r": "csb:2 Chronicles:2:18",
        "w": 18,
        "l": {},
        "c": "1Kg 5:15–16*9827; 2Ch 2:2*12428",
        "a": "d"
    }
]
