[
    {
        "o": 32382,
        "r": "csb:1 Corinthians:11:1",
        "w": 6,
        "l": {},
        "c": "Php 2:5*33291; 1Pt 2:21*34486",
        "a": "a"
    },
    {
        "o": 32384,
        "r": "csb:1 Corinthians:11:2",
        "w": 3,
        "l": {},
        "t": "11:2*r Other mss add brothers,",
        "a": "b"
    },
    {
        "o": 32384,
        "r": "csb:1 Corinthians:11:2",
        "w": 15,
        "l": {},
        "c": "2Th 2:15*33619; 3:6*33630",
        "a": "c"
    },
    {
        "o": 32384,
        "r": "csb:1 Corinthians:11:2",
        "w": 19,
        "l": {},
        "c": "Jd 3*34793",
        "a": "d"
    },
    {
        "o": 32385,
        "r": "csb:1 Corinthians:11:3",
        "w": 10,
        "l": {},
        "c": "Eph 1:22*33097; 4:15*33164; Col 1:18*33392; 2:10,19*33416",
        "a": "e"
    },
    {
        "o": 32385,
        "r": "csb:1 Corinthians:11:3",
        "w": 22,
        "l": {},
        "t": "11:3*r Or the husband is the head of the wife",
        "a": "f"
    },
    {
        "o": 32385,
        "r": "csb:1 Corinthians:11:3",
        "w": 22,
        "l": {},
        "c": "Gn 3:16*79; Eph 5:23*33209",
        "a": "g"
    },
    {
        "o": 32385,
        "r": "csb:1 Corinthians:11:3",
        "w": 29,
        "l": {},
        "c": "1Co 3:23*32189",
        "a": "h"
    },
    {
        "o": 32386,
        "r": "csb:1 Corinthians:11:4",
        "w": 11,
        "l": {},
        "c": "1Pt 3:16*34510",
        "a": "i"
    },
    {
        "o": 32387,
        "r": "csb:1 Corinthians:11:5",
        "w": 24,
        "l": {},
        "c": "Dt 21:11–12*6018",
        "a": "j"
    },
    {
        "o": 32389,
        "r": "csb:1 Corinthians:11:7",
        "w": 11,
        "l": {},
        "c": "Gn 1:27*29",
        "a": "k"
    },
    {
        "o": 32389,
        "r": "csb:1 Corinthians:11:7",
        "w": 15,
        "l": {},
        "c": "Mk 10:37*27818; Lk 9:32*28639; Jn 17:24*30288; 2Co 3:18*32676; 2Pt 3:18*34626",
        "a": "l"
    },
    {
        "o": 32390,
        "r": "csb:1 Corinthians:11:8",
        "w": 11,
        "l": {},
        "c": "Gn 2:21–23*56; 1Tm 2:13*33684",
        "a": "m"
    },
    {
        "o": 32394,
        "r": "csb:1 Corinthians:11:12",
        "w": 17,
        "l": {},
        "c": "Ps 104:24*17420; Rv 3:14*34894",
        "a": "n"
    },
    {
        "o": 32395,
        "r": "csb:1 Corinthians:11:13",
        "w": 0,
        "l": {},
        "c": "Jn 5:22–30*29670",
        "a": "o"
    },
    {
        "o": 32396,
        "r": "csb:1 Corinthians:11:14",
        "w": 5,
        "l": {},
        "c": "Mt 28:20*27347; Ac 4:2*30574; 2Tm 4:11*33867",
        "a": "p"
    },
    {
        "o": 32396,
        "r": "csb:1 Corinthians:11:14",
        "w": 17,
        "l": {},
        "c": "2Co 6:8*32731",
        "a": "q"
    },
    {
        "o": 32397,
        "r": "csb:1 Corinthians:11:15",
        "w": 11,
        "l": {},
        "c": "Php 3:19*33340",
        "a": "r"
    },
    {
        "o": 32397,
        "r": "csb:1 Corinthians:11:15",
        "w": 18,
        "l": {},
        "t": "11:15*r Other mss omit to her",
        "a": "s"
    },
    {
        "o": 32398,
        "r": "csb:1 Corinthians:11:16",
        "w": 10,
        "l": {},
        "t": "11:16*r Or no such",
        "a": "t"
    },
    {
        "o": 32402,
        "r": "csb:1 Corinthians:11:19",
        "w": 7,
        "l": {},
        "c": "2Pt 2:1*34584",
        "a": "u"
    },
    {
        "o": 32403,
        "r": "csb:1 Corinthians:11:20",
        "w": 12,
        "l": {},
        "c": "Mt 26:26–29*27193; Mk 14:22–25*27997; Lk 22:14–20*29276; 1Co 10:14–22*32360",
        "a": "v"
    },
    {
        "o": 32404,
        "r": "csb:1 Corinthians:11:21",
        "w": 9,
        "l": {},
        "t": "11:21*r Or eats his own supper ahead of others",
        "a": "w"
    },
    {
        "o": 32406,
        "r": "csb:1 Corinthians:11:23",
        "w": 12,
        "l": {},
        "c": "Jd 3*34793",
        "a": "x"
    },
    {
        "o": 32407,
        "r": "csb:1 Corinthians:11:24",
        "w": 9,
        "l": {},
        "t": "11:24*r Other mss add “Take, eat.",
        "a": "y"
    },
    {
        "o": 32407,
        "r": "csb:1 Corinthians:11:24",
        "w": 15,
        "l": {},
        "t": "11:24*r Other mss add broken",
        "a": "z"
    },
    {
        "o": 32407,
        "r": "csb:1 Corinthians:11:24",
        "w": 23,
        "l": {},
        "c": "Lk 22:19*29281",
        "a": "a"
    },
    {
        "o": 32408,
        "r": "csb:1 Corinthians:11:25",
        "w": 18,
        "l": {},
        "c": "Lk 22:20*29282",
        "a": "b"
    },
    {
        "o": 32408,
        "r": "csb:1 Corinthians:11:25",
        "w": 21,
        "l": {},
        "c": "Jn 6:54*29755",
        "a": "c"
    },
    {
        "o": 32409,
        "r": "csb:1 Corinthians:11:26",
        "w": 16,
        "l": {},
        "c": "Php 2:8*33294; 3:10*33330",
        "a": "d"
    },
    {
        "o": 32409,
        "r": "csb:1 Corinthians:11:26",
        "w": 19,
        "l": {},
        "c": "Mk 8:38*27719",
        "a": "e"
    },
    {
        "o": 32411,
        "r": "csb:1 Corinthians:11:27",
        "w": 24,
        "l": {},
        "t": "11:27*r Lit be guilty of the body",
        "a": "f"
    },
    {
        "o": 32413,
        "r": "csb:1 Corinthians:11:29",
        "w": 8,
        "l": {},
        "t": "11:29*r Other mss read drinks unworthily, not discerning the Lord’s body",
        "a": "g"
    },
    {
        "o": 32413,
        "r": "csb:1 Corinthians:11:29",
        "w": 12,
        "l": {},
        "c": "Mk 12:40*27920; 1Jn 5:16*34744",
        "a": "h"
    },
    {
        "o": 32414,
        "r": "csb:1 Corinthians:11:30",
        "w": 14,
        "l": {},
        "c": "Jn 11:11*30003; Ac 7:60*30748; 1Th 4:13–15*33550",
        "a": "i"
    },
    {
        "o": 32416,
        "r": "csb:1 Corinthians:11:32",
        "w": 4,
        "l": {},
        "c": "Jn 5:22–30*29670",
        "a": "j"
    },
    {
        "o": 32416,
        "r": "csb:1 Corinthians:11:32",
        "w": 17,
        "l": {},
        "c": "Mt 12:41*26561; Jn 5:22*29670",
        "a": "k"
    },
    {
        "o": 32417,
        "r": "csb:1 Corinthians:11:33",
        "w": 13,
        "l": {},
        "t": "11:33*r Or wait for one another",
        "a": "l"
    },
    {
        "o": 32418,
        "r": "csb:1 Corinthians:11:34",
        "w": 31,
        "l": {},
        "c": "1Co 4:19*32212",
        "a": "m"
    }
]
