[
    {
        "o": 33784,
        "r": "csb:2 Timothy:1:1",
        "w": 0,
        "l": {},
        "c": "Ac 13:9*30974",
        "a": "a"
    },
    {
        "o": 33784,
        "r": "csb:2 Timothy:1:1",
        "w": 8,
        "l": {},
        "c": "1Co 1:1*32109; Eph 1:1*33073; Col 1:1*33372",
        "a": "b"
    },
    {
        "o": 33784,
        "r": "csb:2 Timothy:1:1",
        "w": 16,
        "l": {},
        "c": "1Jn 2:25*34670; 5:12*34739",
        "a": "c"
    },
    {
        "o": 33785,
        "r": "csb:2 Timothy:1:2",
        "w": 9,
        "l": {},
        "c": "1Tm 1:2*33648; 2Jn 3*34756",
        "a": "d"
    },
    {
        "o": 33787,
        "r": "csb:2 Timothy:1:3",
        "w": 9,
        "l": {},
        "c": "Ac 23:1*31386; 24:16*31439; Rm 9:1*31868; 2Co 1:12*32620; 1Tm 1:19*33667; 3:9*33697; Heb 10:22*34185; 1Pt 3:21*34515",
        "a": "e"
    },
    {
        "o": 33787,
        "r": "csb:2 Timothy:1:3",
        "w": 24,
        "l": {},
        "c": "Eph 1:6*33079",
        "a": "f"
    },
    {
        "o": 33789,
        "r": "csb:2 Timothy:1:5",
        "w": 4,
        "l": {},
        "c": "1Tm 1:5*33651",
        "a": "g"
    },
    {
        "o": 33789,
        "r": "csb:2 Timothy:1:5",
        "w": 16,
        "l": {},
        "c": "Ac 16:1*31100",
        "a": "h"
    },
    {
        "o": 33790,
        "r": "csb:2 Timothy:1:6",
        "w": 20,
        "l": {},
        "c": "1Tm 4:14*33723; 5:22*33750",
        "a": "i"
    },
    {
        "o": 33791,
        "r": "csb:2 Timothy:1:7",
        "w": 9,
        "l": {},
        "c": "Jn 7:13*29789; 14:27*30188; Rm 8:15*31839",
        "a": "j"
    },
    {
        "o": 33791,
        "r": "csb:2 Timothy:1:7",
        "w": 13,
        "l": {},
        "t": "1:7*r Or For the Spirit God gave us does not make us fearful, but gives us power",
        "a": "k"
    },
    {
        "o": 33791,
        "r": "csb:2 Timothy:1:7",
        "w": 13,
        "l": {},
        "c": "Lk 1:35*28171; 4:14*28340; 24:49*29458; Ac 1:8*30469; 4:33*30609; Rm 15:13,19*32053; 1Co 2:4*32149; Eph 3:16,20*33142; 1Th 1:5*33487",
        "a": "l"
    },
    {
        "o": 33791,
        "r": "csb:2 Timothy:1:7",
        "w": 14,
        "l": {},
        "c": "1Co 13:1*32455",
        "a": "m"
    },
    {
        "o": 33793,
        "r": "csb:2 Timothy:1:8",
        "w": 3,
        "l": {},
        "c": "Mk 8:38*27719; Rm 1:16*31624; 2Tm 1:12,16*33798",
        "a": "n"
    },
    {
        "o": 33793,
        "r": "csb:2 Timothy:1:8",
        "w": 9,
        "l": {},
        "c": "Ac 4:33*30609; 1Co 1:6*32115; Rv 1:2,9*34822; 12:17*35079; 19:10*35225; 20:4*35244",
        "a": "o"
    },
    {
        "o": 33793,
        "r": "csb:2 Timothy:1:8",
        "w": 14,
        "l": {},
        "c": "Eph 3:1*33126; 4:1*33150; Phm 1,9*33936",
        "a": "p"
    },
    {
        "o": 33793,
        "r": "csb:2 Timothy:1:8",
        "w": 25,
        "l": {},
        "c": "Lk 1:35*28171; 2Co 13:4*32891",
        "a": "q"
    },
    {
        "o": 33794,
        "r": "csb:2 Timothy:1:9",
        "w": 10,
        "l": {},
        "c": "Rm 8:28*31853; 11:14,29*31944; Heb 3:1*34004",
        "a": "r"
    },
    {
        "o": 33794,
        "r": "csb:2 Timothy:1:9",
        "w": 15,
        "l": {},
        "c": "Eph 2:9*33109",
        "a": "s"
    },
    {
        "o": 33794,
        "r": "csb:2 Timothy:1:9",
        "w": 21,
        "l": {},
        "c": "Pr 19:21*18953; Is 42:6*20708; 46:10*20831; Ac 2:23*30515; 4:28*30603; 26:16*31501; Rm 8:28*31853; 9:11*31879; Eph 1:11*33084; Php 2:13*33300",
        "a": "t"
    },
    {
        "o": 33795,
        "r": "csb:2 Timothy:1:10",
        "w": 8,
        "l": {},
        "c": "Lk 21:8*29224; 2Tm 4:1*33856; 1Jn 2:28*34674",
        "a": "u"
    },
    {
        "o": 33795,
        "r": "csb:2 Timothy:1:10",
        "w": 17,
        "l": {},
        "c": "Jn 8:51*29890; Php 3:10*33330",
        "a": "v"
    },
    {
        "o": 33795,
        "r": "csb:2 Timothy:1:10",
        "w": 21,
        "l": {},
        "c": "1Jn 5:12*34739",
        "a": "w"
    },
    {
        "o": 33796,
        "r": "csb:2 Timothy:1:11",
        "w": 5,
        "l": {},
        "c": "1Tm 2:7*33678",
        "a": "x"
    },
    {
        "o": 33796,
        "r": "csb:2 Timothy:1:11",
        "w": 10,
        "l": {},
        "t": "1:11*r Other mss add of the Gentiles",
        "a": "y"
    },
    {
        "o": 33797,
        "r": "csb:2 Timothy:1:12",
        "w": 5,
        "l": {},
        "c": "Php 1:29*33282; 2Tm 2:9*33815",
        "a": "z"
    },
    {
        "o": 33797,
        "r": "csb:2 Timothy:1:12",
        "w": 34,
        "l": {},
        "t": "1:12*r Or guard what I have entrusted to him, or guard my deposit",
        "a": "a"
    },
    {
        "o": 33797,
        "r": "csb:2 Timothy:1:12",
        "w": 34,
        "l": {},
        "c": "1Tm 1:11*33658; 6:20*33780; Ti 1:3*33884",
        "a": "b"
    },
    {
        "o": 33797,
        "r": "csb:2 Timothy:1:12",
        "w": 37,
        "l": {},
        "c": "Php 1:6*33257; 2Tm 4:8*33864",
        "a": "c"
    },
    {
        "o": 33799,
        "r": "csb:2 Timothy:1:13",
        "w": 7,
        "l": {},
        "c": "1Tm 1:10*33656; 6:3*33760; Ti 1:9*33891; 2:1*33901",
        "a": "d"
    },
    {
        "o": 33799,
        "r": "csb:2 Timothy:1:13",
        "w": 13,
        "l": {},
        "c": "2Tm 2:2*33808; 3:14*33850",
        "a": "e"
    },
    {
        "o": 33801,
        "r": "csb:2 Timothy:1:15",
        "w": 9,
        "l": {},
        "c": "Ac 6:9*30674; 16:6*31106",
        "a": "f"
    },
    {
        "o": 33801,
        "r": "csb:2 Timothy:1:15",
        "w": 12,
        "l": {},
        "c": "2Tm 4:10–16*33866",
        "a": "g"
    },
    {
        "o": 33802,
        "r": "csb:2 Timothy:1:16",
        "w": 4,
        "l": {},
        "c": "Lk 1:50*28188",
        "a": "h"
    },
    {
        "o": 33802,
        "r": "csb:2 Timothy:1:16",
        "w": 9,
        "l": {},
        "c": "2Tm 4:19*33876",
        "a": "i"
    },
    {
        "o": 33802,
        "r": "csb:2 Timothy:1:16",
        "w": 14,
        "l": {},
        "c": "Phm 7,20*33944",
        "a": "j"
    },
    {
        "o": 33802,
        "r": "csb:2 Timothy:1:16",
        "w": 21,
        "l": {},
        "c": "Ac 16:26*31129; 20:23*31290; 21:33*31342; 23:29*31416; 26:29*31515; Eph 6:20*33244; Phm 10*33947",
        "a": "k"
    },
    {
        "o": 33803,
        "r": "csb:2 Timothy:1:17",
        "w": 7,
        "l": {},
        "c": "Rm 1:7*31614",
        "a": "l"
    },
    {
        "o": 33804,
        "r": "csb:2 Timothy:1:18",
        "w": 7,
        "l": {},
        "c": "Lk 1:50*28188",
        "a": "m"
    },
    {
        "o": 33804,
        "r": "csb:2 Timothy:1:18",
        "w": 22,
        "l": {},
        "c": "Eph 1:1*33073",
        "a": "n"
    },
    {
        "o": 33807,
        "r": "csb:2 Timothy:2:1",
        "w": 8,
        "l": {},
        "c": "Gl 1:6*32909; 2Pt 3:18*34626",
        "a": "a"
    },
    {
        "o": 33808,
        "r": "csb:2 Timothy:2:2",
        "w": 5,
        "l": {},
        "c": "2Tm 1:13*33799",
        "a": "b"
    },
    {
        "o": 33808,
        "r": "csb:2 Timothy:2:2",
        "w": 14,
        "l": {},
        "c": "Nm 12:7*4474",
        "a": "c"
    },
    {
        "o": 33808,
        "r": "csb:2 Timothy:2:2",
        "w": 15,
        "l": {},
        "t": "2:2*r Or faithful people",
        "a": "d"
    },
    {
        "o": 33809,
        "r": "csb:2 Timothy:2:3",
        "w": 9,
        "l": {},
        "c": "1Tm 1:18*33666",
        "a": "e"
    },
    {
        "o": 33812,
        "r": "csb:2 Timothy:2:6",
        "w": 14,
        "l": {},
        "c": "1Co 9:10*32326",
        "a": "f"
    },
    {
        "o": 33814,
        "r": "csb:2 Timothy:2:8",
        "w": 6,
        "l": {},
        "c": "Mt 17:9*26772; Jn 21:14*30444",
        "a": "g"
    },
    {
        "o": 33816,
        "r": "csb:2 Timothy:2:10",
        "w": 4,
        "l": {},
        "c": "Jms 1:12*34321",
        "a": "h"
    },
    {
        "o": 33816,
        "r": "csb:2 Timothy:2:10",
        "w": 9,
        "l": {},
        "c": "Mt 24:22*27079",
        "a": "i"
    },
    {
        "o": 33816,
        "r": "csb:2 Timothy:2:10",
        "w": 24,
        "l": {},
        "c": "Lk 9:32*28639; 24:26*29433; Jn 17:24*30288; 2Co 3:18*32676; 1Pt 5:1,4*34542; 2Pt 3:18*34626",
        "a": "j"
    },
    {
        "o": 33817,
        "r": "csb:2 Timothy:2:11",
        "w": 3,
        "l": {},
        "c": "1Tm 1:15*33662; 3:1*33689; 4:9*33717; Ti 3:8*33925",
        "a": "k"
    },
    {
        "o": 33817,
        "r": "csb:2 Timothy:2:11",
        "w": 9,
        "l": {},
        "c": "Jn 8:51*29890",
        "a": "l"
    },
    {
        "o": 33818,
        "r": "csb:2 Timothy:2:12",
        "w": 6,
        "l": {},
        "c": "Rv 20:4*35244",
        "a": "m"
    },
    {
        "o": 33821,
        "r": "csb:2 Timothy:2:14",
        "w": 9,
        "l": {},
        "t": "2:14*r Other mss read before the Lord",
        "a": "n"
    },
    {
        "o": 33821,
        "r": "csb:2 Timothy:2:14",
        "w": 14,
        "l": {},
        "c": "1Tm 6:4*33761",
        "a": "o"
    },
    {
        "o": 33822,
        "r": "csb:2 Timothy:2:15",
        "w": 23,
        "l": {},
        "c": "Eph 1:13*33086; Col 1:5*33377; Jms 1:18*34328",
        "a": "p"
    },
    {
        "o": 33823,
        "r": "csb:2 Timothy:2:16",
        "w": 15,
        "l": {},
        "c": "Jd 18*34810",
        "a": "q"
    },
    {
        "o": 33824,
        "r": "csb:2 Timothy:2:17",
        "w": 7,
        "l": {},
        "c": "1Tm 1:20*33668",
        "a": "r"
    },
    {
        "o": 33825,
        "r": "csb:2 Timothy:2:18",
        "w": 13,
        "l": {},
        "c": "Ac 17:32*31182; 1Co 15:12–17*32525; 2Th 2:1–2*33604",
        "a": "s"
    },
    {
        "o": 33825,
        "r": "csb:2 Timothy:2:18",
        "w": 20,
        "l": {},
        "c": "1Tm 1:19*33667; 6:21*33781",
        "a": "t"
    },
    {
        "o": 33826,
        "r": "csb:2 Timothy:2:19",
        "w": 8,
        "l": {},
        "c": "Jos 23:7*7160; Est 9:4*14285; Is 26:13*20323; Rm 15:20*32060; Eph 1:21*33096",
        "a": "u"
    },
    {
        "o": 33826,
        "r": "csb:2 Timothy:2:19",
        "w": 15,
        "l": {},
        "t": "2:19*r Nm 16:5",
        "a": "v"
    },
    {
        "o": 33826,
        "r": "csb:2 Timothy:2:19",
        "w": 15,
        "l": {},
        "c": "Nm 16:5*4620; Pr 2:6*18412; Jn 10:14,27*29959; 1Co 8:3*32304",
        "a": "w"
    },
    {
        "o": 33826,
        "r": "csb:2 Timothy:2:19",
        "w": 23,
        "l": {},
        "c": "Ac 15:14*31068",
        "a": "x"
    },
    {
        "o": 33826,
        "r": "csb:2 Timothy:2:19",
        "w": 24,
        "l": {},
        "t": "2:19*r Lit everyone who names the name of",
        "a": "y"
    },
    {
        "o": 33826,
        "r": "csb:2 Timothy:2:19",
        "w": 30,
        "l": {},
        "c": "Lv 24:11,16*3820; Nm 16:26–27*4641; Jos 23:7*7160; Ps 6:9*15532; 33:15*15998; Pr 3:7*18437; Is 26:13*20323; 52:11*20954; Jr 20:9*21792",
        "a": "z"
    },
    {
        "o": 33827,
        "r": "csb:2 Timothy:2:20",
        "w": 12,
        "l": {},
        "c": "Rm 9:21*31890",
        "a": "a"
    },
    {
        "o": 33827,
        "r": "csb:2 Timothy:2:20",
        "w": 22,
        "l": {},
        "t": "2:20*r Or special",
        "a": "b"
    },
    {
        "o": 33827,
        "r": "csb:2 Timothy:2:20",
        "w": 27,
        "l": {},
        "t": "2:20*r Or ordinary",
        "a": "c"
    },
    {
        "o": 33827,
        "r": "csb:2 Timothy:2:20",
        "w": 27,
        "l": {},
        "c": "Rm 9:21*31890",
        "a": "d"
    },
    {
        "o": 33828,
        "r": "csb:2 Timothy:2:21",
        "w": 7,
        "l": {},
        "t": "2:21*r Lit from these",
        "a": "e"
    },
    {
        "o": 33828,
        "r": "csb:2 Timothy:2:21",
        "w": 12,
        "l": {},
        "t": "2:21*r Or an honorable",
        "a": "f"
    },
    {
        "o": 33828,
        "r": "csb:2 Timothy:2:21",
        "w": 24,
        "l": {},
        "c": "2Co 9:8*32797; Gl 3:10*32965; 1Tm 5:10*33737",
        "a": "g"
    },
    {
        "o": 33829,
        "r": "csb:2 Timothy:2:22",
        "w": 0,
        "l": {},
        "c": "1Tm 4:12*33721; 6:11*33769; Jms 4:7*34396",
        "a": "h"
    },
    {
        "o": 33829,
        "r": "csb:2 Timothy:2:22",
        "w": 10,
        "l": {},
        "c": "Lk 12:51*28848; 2Tm 1:2*33786; Heb 12:14*34263; 3Jn 14*34786",
        "a": "i"
    },
    {
        "o": 33829,
        "r": "csb:2 Timothy:2:22",
        "w": 18,
        "l": {},
        "c": "Gn 13:4*358",
        "a": "j"
    },
    {
        "o": 33831,
        "r": "csb:2 Timothy:2:24",
        "w": 1,
        "l": {},
        "c": "Rv 11:8*35044",
        "a": "k"
    },
    {
        "o": 33831,
        "r": "csb:2 Timothy:2:24",
        "w": 5,
        "l": {},
        "c": "Jn 6:52*29753; Ac 7:26*30710; Jms 4:2*34391",
        "a": "l"
    },
    {
        "o": 33831,
        "r": "csb:2 Timothy:2:24",
        "w": 14,
        "l": {},
        "t": "2:24*r Or everyone, skillful in teaching",
        "a": "m"
    },
    {
        "o": 33832,
        "r": "csb:2 Timothy:2:25",
        "w": 4,
        "l": {},
        "c": "Jms 3:13*34382",
        "a": "n"
    },
    {
        "o": 33832,
        "r": "csb:2 Timothy:2:25",
        "w": 10,
        "l": {},
        "c": "Ac 26:20*31505; Rm 2:4*31648; 2Co 7:9–10*32753",
        "a": "o"
    },
    {
        "o": 33833,
        "r": "csb:2 Timothy:2:26",
        "w": 13,
        "l": {},
        "c": "1Tm 3:7*33695",
        "a": "p"
    },
    {
        "o": 33833,
        "r": "csb:2 Timothy:2:26",
        "w": 22,
        "l": {},
        "c": "Jn 1:13*29477",
        "a": "q"
    },
    {
        "o": 33836,
        "r": "csb:2 Timothy:3:1",
        "w": 10,
        "l": {},
        "c": "Jn 6:39*29740; Php 1:6*33257; 1Pt 1:5*34440; 2Pt 3:3*34610; Jd 18*34810",
        "a": "a"
    },
    {
        "o": 33837,
        "r": "csb:2 Timothy:3:2",
        "w": 6,
        "l": {},
        "c": "Php 2:21*33309; 1Tm 6:4*33761",
        "a": "b"
    },
    {
        "o": 33837,
        "r": "csb:2 Timothy:3:2",
        "w": 9,
        "l": {},
        "c": "Lk 16:14*28994; 1Tm 3:3*33691; 6:10*33768",
        "a": "c"
    },
    {
        "o": 33837,
        "r": "csb:2 Timothy:3:2",
        "w": 11,
        "l": {},
        "c": "Pr 16:18*18862; Lk 1:51*28189; Rm 1:30*31640",
        "a": "d"
    },
    {
        "o": 33837,
        "r": "csb:2 Timothy:3:2",
        "w": 17,
        "l": {},
        "c": "1Tm 1:9*33655",
        "a": "e"
    },
    {
        "o": 33838,
        "r": "csb:2 Timothy:3:3",
        "w": 2,
        "l": {},
        "c": "Jn 14:6*30162",
        "a": "f"
    },
    {
        "o": 33838,
        "r": "csb:2 Timothy:3:3",
        "w": 11,
        "l": {},
        "c": "Ti 1:8*33890",
        "a": "g"
    },
    {
        "o": 33839,
        "r": "csb:2 Timothy:3:4",
        "w": 0,
        "l": {},
        "c": "Lk 6:16*28438; Ac 7:52*30739",
        "a": "h"
    },
    {
        "o": 33839,
        "r": "csb:2 Timothy:3:4",
        "w": 1,
        "l": {},
        "c": "Ac 19:36*31257",
        "a": "i"
    },
    {
        "o": 33839,
        "r": "csb:2 Timothy:3:4",
        "w": 2,
        "l": {},
        "c": "1Tm 3:6*33694; 6:4*33761",
        "a": "j"
    },
    {
        "o": 33839,
        "r": "csb:2 Timothy:3:4",
        "w": 5,
        "l": {},
        "c": "Php 3:19*33340",
        "a": "k"
    },
    {
        "o": 33840,
        "r": "csb:2 Timothy:3:5",
        "w": 9,
        "l": {},
        "c": "1Co 4:20*32213; 2Co 13:4*32891; Ti 1:16*33898",
        "a": "l"
    },
    {
        "o": 33840,
        "r": "csb:2 Timothy:3:5",
        "w": 12,
        "l": {},
        "c": "Mt 7:15*26329; 2Th 3:6*33630",
        "a": "m"
    },
    {
        "o": 33841,
        "r": "csb:2 Timothy:3:6",
        "w": 25,
        "l": {},
        "c": "2Pt 1:4*34563; 2:10*34593",
        "a": "n"
    },
    {
        "o": 33842,
        "r": "csb:2 Timothy:3:7",
        "w": 12,
        "l": {},
        "c": "2Co 11:10*32836; 1Tm 2:4*33674; 2Tm 2:25*33832; Ti 1:1*33882",
        "a": "o"
    },
    {
        "o": 33843,
        "r": "csb:2 Timothy:3:8",
        "w": 4,
        "l": {},
        "c": "Ex 7:11–12*1869; 8:18*1905; 9:11*1934",
        "a": "p"
    },
    {
        "o": 33843,
        "r": "csb:2 Timothy:3:8",
        "w": 6,
        "l": {},
        "c": "Ps 77:20*16863; Mt 8:4*26351; Heb 3:2*34005",
        "a": "q"
    },
    {
        "o": 33843,
        "r": "csb:2 Timothy:3:8",
        "w": 20,
        "l": {},
        "c": "1Co 14:14*32483; Php 4:7*33351",
        "a": "r"
    },
    {
        "o": 33843,
        "r": "csb:2 Timothy:3:8",
        "w": 22,
        "l": {},
        "c": "2Co 13:5–7*32892",
        "a": "s"
    },
    {
        "o": 33846,
        "r": "csb:2 Timothy:3:10",
        "w": 7,
        "l": {},
        "c": "Pr 19:21*18953; Ac 11:23*30925",
        "a": "t"
    },
    {
        "o": 33846,
        "r": "csb:2 Timothy:3:10",
        "w": 10,
        "l": {},
        "c": "1Co 13:1*32455; 1Jn 4:16*34720",
        "a": "u"
    },
    {
        "o": 33847,
        "r": "csb:2 Timothy:3:11",
        "w": 5,
        "l": {},
        "c": "Gl 5:24*33047; Php 3:10*33330",
        "a": "v"
    },
    {
        "o": 33847,
        "r": "csb:2 Timothy:3:11",
        "w": 11,
        "l": {},
        "c": "Ac 13:14*30980; 14:19,21*31041",
        "a": "w"
    },
    {
        "o": 33847,
        "r": "csb:2 Timothy:3:11",
        "w": 12,
        "l": {},
        "c": "Ac 13:51*31018; 16:2*31101",
        "a": "x"
    },
    {
        "o": 33847,
        "r": "csb:2 Timothy:3:11",
        "w": 14,
        "l": {},
        "c": "Ac 14:6,8*31027; 27:5*31525",
        "a": "y"
    },
    {
        "o": 33848,
        "r": "csb:2 Timothy:3:12",
        "w": 15,
        "l": {},
        "c": "Jn 15:20*30216; Ac 14:22*31045; 2Co 4:9–10*32688",
        "a": "z"
    },
    {
        "o": 33849,
        "r": "csb:2 Timothy:3:13",
        "w": 7,
        "l": {},
        "c": "Rv 20:10*35252",
        "a": "a"
    },
    {
        "o": 33850,
        "r": "csb:2 Timothy:3:14",
        "w": 18,
        "l": {},
        "c": "2Tm 1:13*33799",
        "a": "b"
    },
    {
        "o": 33851,
        "r": "csb:2 Timothy:3:15",
        "w": 11,
        "l": {},
        "c": "Mt 26:54*27224; 2Pt 1:20–21*34580",
        "a": "c"
    },
    {
        "o": 33851,
        "r": "csb:2 Timothy:3:15",
        "w": 20,
        "l": {},
        "c": "Ac 4:12*30586; 2Co 7:10*32754; Heb 5:9*34053",
        "a": "d"
    },
    {
        "o": 33852,
        "r": "csb:2 Timothy:3:16",
        "w": 5,
        "l": {},
        "t": "3:16*r Lit breathed out by God",
        "a": "e"
    },
    {
        "o": 33852,
        "r": "csb:2 Timothy:3:16",
        "w": 5,
        "l": {},
        "c": "2Pt 1:20–21*34580",
        "a": "f"
    },
    {
        "o": 33853,
        "r": "csb:2 Timothy:3:17",
        "w": 13,
        "l": {},
        "c": "2Co 9:8*32797; Gl 3:10*32965; 1Tm 5:10*33737; 2Tm 2:21*33828",
        "a": "g"
    },
    {
        "o": 33856,
        "r": "csb:2 Timothy:4:1",
        "w": 13,
        "l": {},
        "c": "Jn 5:22–30*29670; Rm 5:18*31763; 1Pt 4:5*34523",
        "a": "a"
    },
    {
        "o": 33856,
        "r": "csb:2 Timothy:4:1",
        "w": 18,
        "l": {},
        "c": "Jn 5:25*29674; Rm 14:9*32021; 1Pt 4:5*34523; Rv 18:8*35195; 19:11*35226",
        "a": "b"
    },
    {
        "o": 33856,
        "r": "csb:2 Timothy:4:1",
        "w": 26,
        "l": {},
        "c": "Mk 1:15*27368; Ac 20:25*31292",
        "a": "c"
    },
    {
        "o": 33858,
        "r": "csb:2 Timothy:4:3",
        "w": 11,
        "l": {},
        "c": "Rm 15:4*32042",
        "a": "d"
    },
    {
        "o": 33859,
        "r": "csb:2 Timothy:4:4",
        "w": 13,
        "l": {},
        "c": "1Tm 1:4*33650; 4:7*33715; Ti 1:14*33896; 2Pt 1:16*34576",
        "a": "e"
    },
    {
        "o": 33860,
        "r": "csb:2 Timothy:4:5",
        "w": 15,
        "l": {},
        "c": "Ac 21:8*31315; Eph 4:11*33160",
        "a": "f"
    },
    {
        "o": 33861,
        "r": "csb:2 Timothy:4:6",
        "w": 10,
        "l": {},
        "c": "Gn 35:14*1128; Php 2:17*33304",
        "a": "g"
    },
    {
        "o": 33863,
        "r": "csb:2 Timothy:4:8",
        "w": 6,
        "l": {},
        "c": "Jn 15:17*30213; Rv 12:1*35060",
        "a": "h"
    },
    {
        "o": 33863,
        "r": "csb:2 Timothy:4:8",
        "w": 14,
        "l": {},
        "c": "Lk 18:2,6*29057; Jn 5:22–30*29670; Ac 10:42*30892; Heb 12:23*34272",
        "a": "i"
    },
    {
        "o": 33863,
        "r": "csb:2 Timothy:4:8",
        "w": 34,
        "l": {},
        "t": "4:8*r Or have longed for his appearing",
        "a": "j"
    },
    {
        "o": 33863,
        "r": "csb:2 Timothy:4:8",
        "w": 34,
        "l": {},
        "c": "Ti 2:13*33913; 1Jn 2:28*34674",
        "a": "k"
    },
    {
        "o": 33865,
        "r": "csb:2 Timothy:4:9",
        "w": 7,
        "l": {},
        "c": "Ti 3:12*33930",
        "a": "l"
    },
    {
        "o": 33866,
        "r": "csb:2 Timothy:4:10",
        "w": 1,
        "l": {},
        "c": "Col 4:14*33475; Phm 24*33962",
        "a": "m"
    },
    {
        "o": 33866,
        "r": "csb:2 Timothy:4:10",
        "w": 4,
        "l": {},
        "c": "2Tm 1:15*33801",
        "a": "n"
    },
    {
        "o": 33866,
        "r": "csb:2 Timothy:4:10",
        "w": 15,
        "l": {},
        "c": "Ac 17:1*31147",
        "a": "o"
    },
    {
        "o": 33866,
        "r": "csb:2 Timothy:4:10",
        "w": 20,
        "l": {},
        "c": "Gl 1:2*32904",
        "a": "p"
    },
    {
        "o": 33866,
        "r": "csb:2 Timothy:4:10",
        "w": 21,
        "l": {},
        "c": "Ti 1:4*33886",
        "a": "q"
    },
    {
        "o": 33867,
        "r": "csb:2 Timothy:4:11",
        "w": 1,
        "l": {},
        "c": "Col 4:14*33475; Phm 24*33962",
        "a": "r"
    },
    {
        "o": 33867,
        "r": "csb:2 Timothy:4:11",
        "w": 6,
        "l": {},
        "c": "Ac 15:37–39*31093",
        "a": "s"
    },
    {
        "o": 33868,
        "r": "csb:2 Timothy:4:12",
        "w": 3,
        "l": {},
        "c": "Ac 20:4*31268; Ti 3:12*33930",
        "a": "t"
    },
    {
        "o": 33869,
        "r": "csb:2 Timothy:4:13",
        "w": 9,
        "l": {},
        "c": "Ac 16:8*31108",
        "a": "u"
    },
    {
        "o": 33870,
        "r": "csb:2 Timothy:4:14",
        "w": 0,
        "l": {},
        "c": "1Tm 1:20*33668",
        "a": "v"
    },
    {
        "o": 33871,
        "r": "csb:2 Timothy:4:15",
        "w": 1,
        "l": {},
        "c": "2Tm 1:14*33800; 2Pt 3:17*34625",
        "a": "w"
    },
    {
        "o": 33872,
        "r": "csb:2 Timothy:4:16",
        "w": 12,
        "l": {},
        "c": "2Tm 1:15*33801",
        "a": "x"
    },
    {
        "o": 33874,
        "r": "csb:2 Timothy:4:18",
        "w": 17,
        "l": {},
        "c": "Mk 1:15*27368; Ac 20:25*31292",
        "a": "y"
    },
    {
        "o": 33876,
        "r": "csb:2 Timothy:4:19",
        "w": 3,
        "l": {},
        "c": "Ac 18:2*31188",
        "a": "z"
    },
    {
        "o": 33876,
        "r": "csb:2 Timothy:4:19",
        "w": 8,
        "l": {},
        "c": "2Tm 1:16*33802",
        "a": "a"
    },
    {
        "o": 33877,
        "r": "csb:2 Timothy:4:20",
        "w": 0,
        "l": {},
        "c": "Ac 19:22*31243; Rm 16:23*32103",
        "a": "b"
    },
    {
        "o": 33877,
        "r": "csb:2 Timothy:4:20",
        "w": 7,
        "l": {},
        "c": "Ac 20:4*31268; 21:29*31338",
        "a": "c"
    },
    {
        "o": 33877,
        "r": "csb:2 Timothy:4:20",
        "w": 10,
        "l": {},
        "c": "Ac 20:15,17*31281",
        "a": "d"
    }
]
