[
    {
        "o": 33624,
        "r": "csb:2 Thessalonians:3:1",
        "w": 25,
        "l": {},
        "c": "1Th 2:13*33508",
        "a": "a"
    },
    {
        "o": 33625,
        "r": "csb:2 Thessalonians:3:2",
        "w": 5,
        "l": {},
        "c": "Mt 27:43*27297; Rm 15:31*32072",
        "a": "b"
    },
    {
        "o": 33625,
        "r": "csb:2 Thessalonians:3:2",
        "w": 15,
        "l": {},
        "t": "3:2*r Or for the faith is not in everyone",
        "a": "c"
    },
    {
        "o": 33626,
        "r": "csb:2 Thessalonians:3:3",
        "w": 15,
        "l": {},
        "c": "Mt 5:37*26257; 6:13*26286; 13:19,38*26595; Jn 17:15*30278; Eph 6:16*33239; 1Jn 2:13–14*34655; 3:12*34689; 5:18–19*34747",
        "a": "d"
    },
    {
        "o": 33628,
        "r": "csb:2 Thessalonians:3:5",
        "w": 11,
        "l": {},
        "c": "Rm 15:5*32043; Rv 13:10*35092",
        "a": "e"
    },
    {
        "o": 33630,
        "r": "csb:2 Thessalonians:3:6",
        "w": 9,
        "l": {},
        "c": "Jn 14:13*30171; Ac 3:16*30560; 15:14*31068; Php 2:10*33296",
        "a": "f"
    },
    {
        "o": 33630,
        "r": "csb:2 Thessalonians:3:6",
        "w": 22,
        "l": {},
        "c": "Mt 18:17*26812; 1Co 5:11*32228; 2Tm 3:5*33840; 2Jn 10*34763",
        "a": "g"
    },
    {
        "o": 33630,
        "r": "csb:2 Thessalonians:3:6",
        "w": 29,
        "l": {},
        "t": "3:6*r Lit walk",
        "a": "h"
    },
    {
        "o": 33630,
        "r": "csb:2 Thessalonians:3:6",
        "w": 33,
        "l": {},
        "c": "Mk 7:3*27639",
        "a": "i"
    },
    {
        "o": 33630,
        "r": "csb:2 Thessalonians:3:6",
        "w": 34,
        "l": {},
        "c": "Jd 3*34793",
        "a": "j"
    },
    {
        "o": 33631,
        "r": "csb:2 Thessalonians:3:7",
        "w": 7,
        "l": {},
        "c": "3Jn 11*34782",
        "a": "k"
    },
    {
        "o": 33632,
        "r": "csb:2 Thessalonians:3:8",
        "w": 3,
        "l": {},
        "c": "1Co 10:25*32372",
        "a": "l"
    },
    {
        "o": 33632,
        "r": "csb:2 Thessalonians:3:8",
        "w": 8,
        "l": {},
        "c": "1Th 2:7*33501",
        "a": "m"
    },
    {
        "o": 33632,
        "r": "csb:2 Thessalonians:3:8",
        "w": 11,
        "l": {},
        "c": "Rv 14:13*35117",
        "a": "n"
    },
    {
        "o": 33632,
        "r": "csb:2 Thessalonians:3:8",
        "w": 13,
        "l": {},
        "c": "2Co 11:27*32854; 1Th 2:9*33503",
        "a": "o"
    },
    {
        "o": 33632,
        "r": "csb:2 Thessalonians:3:8",
        "w": 14,
        "l": {},
        "c": "Ac 18:3*31189; Eph 4:28*33178; 2Jn 8*34761",
        "a": "p"
    },
    {
        "o": 33632,
        "r": "csb:2 Thessalonians:3:8",
        "w": 25,
        "l": {},
        "c": "2Co 2:5*32640; 1Th 2:9*33503",
        "a": "q"
    },
    {
        "o": 33633,
        "r": "csb:2 Thessalonians:3:9",
        "w": 8,
        "l": {},
        "c": "Mk 1:22*27376; Ac 9:14*30810; Rm 13:1*31995; 1Co 9:4–14*32320",
        "a": "r"
    },
    {
        "o": 33633,
        "r": "csb:2 Thessalonians:3:9",
        "w": 26,
        "l": {},
        "c": "Heb 8:5*34120",
        "a": "s"
    },
    {
        "o": 33634,
        "r": "csb:2 Thessalonians:3:10",
        "w": 22,
        "l": {},
        "c": "1Th 4:11*33547",
        "a": "t"
    },
    {
        "o": 33635,
        "r": "csb:2 Thessalonians:3:11",
        "w": 17,
        "l": {},
        "c": "1Tm 5:13*33740",
        "a": "u"
    },
    {
        "o": 33636,
        "r": "csb:2 Thessalonians:3:12",
        "w": 18,
        "l": {},
        "t": "3:12*r Lit they may eat their own bread",
        "a": "v"
    },
    {
        "o": 33637,
        "r": "csb:2 Thessalonians:3:13",
        "w": 10,
        "l": {},
        "c": "Lk 18:1*29056; 2Co 4:1,16*32679; Gl 6:9*33060; Eph 3:13*33139",
        "a": "w"
    },
    {
        "o": 33641,
        "r": "csb:2 Thessalonians:3:16",
        "w": 4,
        "l": {},
        "c": "1Th 5:23*33581",
        "a": "x"
    },
    {
        "o": 33641,
        "r": "csb:2 Thessalonians:3:16",
        "w": 12,
        "l": {},
        "c": "Nm 6:26*4239; Eph 6:23*33247",
        "a": "y"
    },
    {
        "o": 33641,
        "r": "csb:2 Thessalonians:3:16",
        "w": 19,
        "l": {},
        "c": "Rm 15:33*32074; 1Co 16:24*32604; 2Co 13:13*32900; Ti 3:15*33933; Heb 13:25*34306",
        "a": "z"
    },
    {
        "o": 33642,
        "r": "csb:2 Thessalonians:3:17",
        "w": 9,
        "l": {},
        "c": "1Co 16:21*32601",
        "a": "a"
    }
]
