[
    {
        "o": 32455,
        "r": "csb:1 Corinthians:13:1",
        "w": 6,
        "l": {},
        "t": "13:1*r languages, also in v. 8",
        "a": "a"
    },
    {
        "o": 32455,
        "r": "csb:1 Corinthians:13:1",
        "w": 11,
        "l": {},
        "c": "Jn 13:35*30151; 1Jn 4:7–12*34711",
        "a": "b"
    },
    {
        "o": 32455,
        "r": "csb:1 Corinthians:13:1",
        "w": 16,
        "l": {},
        "c": "Mt 10:9*26442",
        "a": "c"
    },
    {
        "o": 32456,
        "r": "csb:1 Corinthians:13:2",
        "w": 6,
        "l": {},
        "c": "1Co 14:1,3–6,22–39*32470; Eph 4:11*33160; 1Th 5:20*33578",
        "a": "d"
    },
    {
        "o": 32456,
        "r": "csb:1 Corinthians:13:2",
        "w": 25,
        "l": {},
        "c": "Mt 17:20*26785",
        "a": "e"
    },
    {
        "o": 32457,
        "r": "csb:1 Corinthians:13:3",
        "w": 18,
        "l": {},
        "t": "13:3*r Other mss read body to be burned",
        "a": "f"
    },
    {
        "o": 32458,
        "r": "csb:1 Corinthians:13:4",
        "w": 2,
        "l": {},
        "c": "1Th 5:14*33572",
        "a": "g"
    },
    {
        "o": 32458,
        "r": "csb:1 Corinthians:13:4",
        "w": 9,
        "l": {},
        "c": "Nm 25:13*4934; Gl 4:17*33005",
        "a": "h"
    },
    {
        "o": 32458,
        "r": "csb:1 Corinthians:13:4",
        "w": 15,
        "l": {},
        "c": "1Co 4:6*32198",
        "a": "i"
    },
    {
        "o": 32459,
        "r": "csb:1 Corinthians:13:5",
        "w": 5,
        "l": {},
        "c": "Mk 10:45*27827; Php 2:4*33290",
        "a": "j"
    },
    {
        "o": 32459,
        "r": "csb:1 Corinthians:13:5",
        "w": 8,
        "l": {},
        "c": "Ac 17:16*31165",
        "a": "k"
    },
    {
        "o": 32460,
        "r": "csb:1 Corinthians:13:6",
        "w": 10,
        "l": {},
        "c": "Ps 119:142*17918; Jn 8:14*29850; 14:6*30162",
        "a": "l"
    },
    {
        "o": 32461,
        "r": "csb:1 Corinthians:13:7",
        "w": 10,
        "l": {},
        "c": "Jms 1:12*34321",
        "a": "m"
    },
    {
        "o": 32462,
        "r": "csb:1 Corinthians:13:8",
        "w": 2,
        "l": {},
        "c": "Mt 7:25,27*26340; Lk 6:49*28477; 11:17*28746; 13:4*28864; 16:17*28997; Ac 15:16*31070; Heb 11:30*34235; Rv 11:13*35050; 16:19*35161",
        "a": "n"
    },
    {
        "o": 32466,
        "r": "csb:1 Corinthians:13:12",
        "w": 6,
        "l": {},
        "t": "13:12*r Lit we see indirectly",
        "a": "o"
    },
    {
        "o": 32466,
        "r": "csb:1 Corinthians:13:12",
        "w": 15,
        "l": {},
        "c": "1Jn 3:2*34678",
        "a": "p"
    },
    {
        "o": 32466,
        "r": "csb:1 Corinthians:13:12",
        "w": 26,
        "l": {},
        "c": "Pr 2:6*18412; Jn 17:3*30265; 1Jn 4:8*34712",
        "a": "q"
    },
    {
        "o": 32466,
        "r": "csb:1 Corinthians:13:12",
        "w": 31,
        "l": {},
        "c": "1Co 8:3*32304; Gl 4:9*32997",
        "a": "r"
    },
    {
        "o": 32467,
        "r": "csb:1 Corinthians:13:13",
        "w": 5,
        "l": {},
        "c": "1Th 1:3*33485",
        "a": "s"
    }
]
