[
    {
        "o": 33646,
        "r": "csb:1 Timothy:1:1",
        "w": 0,
        "l": {},
        "c": "Ac 13:9*30974",
        "a": "a"
    },
    {
        "o": 33646,
        "r": "csb:1 Timothy:1:1",
        "w": 8,
        "l": {},
        "c": "Rm 16:26*32105; Ti 1:3*33884",
        "a": "b"
    },
    {
        "o": 33646,
        "r": "csb:1 Timothy:1:1",
        "w": 12,
        "l": {},
        "c": "1Tm 2:3*33673; Ti 1:3*33884; 2:10*33910; 3:4*33921; Jd 25*34818",
        "a": "c"
    },
    {
        "o": 33646,
        "r": "csb:1 Timothy:1:1",
        "w": 18,
        "l": {},
        "c": "1Co 15:19*32533; Col 1:27*33402; 1Th 1:3*33485; 1Pt 1:3,13*34438",
        "a": "d"
    },
    {
        "o": 33647,
        "r": "csb:1 Timothy:1:2",
        "w": 1,
        "l": {},
        "c": "Ac 16:1*31100; 20:4*31268; 1Co 4:17*32210; 16:10*32588",
        "a": "e"
    },
    {
        "o": 33647,
        "r": "csb:1 Timothy:1:2",
        "w": 14,
        "l": {},
        "t": "1:2*r Other mss read our",
        "a": "f"
    },
    {
        "o": 33649,
        "r": "csb:1 Timothy:1:3",
        "w": 8,
        "l": {},
        "c": "Ac 16:9*31109",
        "a": "g"
    },
    {
        "o": 33649,
        "r": "csb:1 Timothy:1:3",
        "w": 11,
        "l": {},
        "c": "Eph 1:1*33073",
        "a": "h"
    },
    {
        "o": 33649,
        "r": "csb:1 Timothy:1:3",
        "w": 18,
        "l": {},
        "c": "Jd 4*34795",
        "a": "i"
    },
    {
        "o": 33650,
        "r": "csb:1 Timothy:1:4",
        "w": 5,
        "l": {},
        "c": "1Tm 4:7*33715; 2Tm 4:4*33859; Ti 1:14*33896; 2Pt 1:16*34576",
        "a": "j"
    },
    {
        "o": 33650,
        "r": "csb:1 Timothy:1:4",
        "w": 16,
        "l": {},
        "c": "Eph 1:10*33083; 3:2,9*33127; Col 1:25*33400",
        "a": "k"
    },
    {
        "o": 33651,
        "r": "csb:1 Timothy:1:5",
        "w": 7,
        "l": {},
        "c": "Rm 13:10*32006",
        "a": "l"
    },
    {
        "o": 33651,
        "r": "csb:1 Timothy:1:5",
        "w": 13,
        "l": {},
        "c": "Ps 24:4*15836; 2Tm 2:22*33829; 1Pt 1:22*34458",
        "a": "m"
    },
    {
        "o": 33651,
        "r": "csb:1 Timothy:1:5",
        "w": 16,
        "l": {},
        "c": "Ac 23:1*31386; 24:16*31439; Rm 9:1*31868; 2Co 1:12*32620; 1Tm 1:19*33667; 3:9*33697; Heb 10:22*34185; 1Pt 3:21*34515",
        "a": "n"
    },
    {
        "o": 33651,
        "r": "csb:1 Timothy:1:5",
        "w": 20,
        "l": {},
        "c": "2Tm 1:5*33789",
        "a": "o"
    },
    {
        "o": 33654,
        "r": "csb:1 Timothy:1:8",
        "w": 7,
        "l": {},
        "c": "Rm 7:12,16*31807",
        "a": "p"
    },
    {
        "o": 33655,
        "r": "csb:1 Timothy:1:9",
        "w": 17,
        "l": {},
        "c": "Ti 1:6,10*33888; Heb 2:8*33991",
        "a": "q"
    },
    {
        "o": 33656,
        "r": "csb:1 Timothy:1:10",
        "w": 3,
        "l": {},
        "c": "1Co 5:9*32226",
        "a": "r"
    },
    {
        "o": 33656,
        "r": "csb:1 Timothy:1:10",
        "w": 10,
        "l": {},
        "c": "Gn 19:5*513; Rm 1:27*31637; 1Co 6:9*32241",
        "a": "s"
    },
    {
        "o": 33656,
        "r": "csb:1 Timothy:1:10",
        "w": 14,
        "l": {},
        "c": "Jn 8:44*29882",
        "a": "t"
    },
    {
        "o": 33656,
        "r": "csb:1 Timothy:1:10",
        "w": 25,
        "l": {},
        "c": "1Tm 6:3*33760; 2Tm 1:13*33799; Ti 1:9*33891; 2:1*33901",
        "a": "u"
    },
    {
        "o": 33657,
        "r": "csb:1 Timothy:1:11",
        "w": 4,
        "l": {},
        "c": "2Co 4:4*32682",
        "a": "v"
    },
    {
        "o": 33657,
        "r": "csb:1 Timothy:1:11",
        "w": 11,
        "l": {},
        "c": "1Tm 6:15*33773",
        "a": "w"
    },
    {
        "o": 33657,
        "r": "csb:1 Timothy:1:11",
        "w": 16,
        "l": {},
        "c": "Lv 6:4*3160; Lk 12:48*28845; 1Co 9:17*32333; Gl 2:7*32937; 1Th 2:4*33498; 1Tm 1:11*33658; 6:20*33780; 2Tm 1:12,14*33798; Ti 1:3*33884",
        "a": "x"
    },
    {
        "o": 33659,
        "r": "csb:1 Timothy:1:12",
        "w": 10,
        "l": {},
        "c": "Ac 9:22*30820; Php 4:13*33358",
        "a": "y"
    },
    {
        "o": 33660,
        "r": "csb:1 Timothy:1:13",
        "w": 6,
        "l": {},
        "c": "Ac 6:11*30676; 2Tm 3:2*33837; 2Pt 2:11*34594",
        "a": "z"
    },
    {
        "o": 33660,
        "r": "csb:1 Timothy:1:13",
        "w": 8,
        "l": {},
        "c": "Php 3:6*33326",
        "a": "a"
    },
    {
        "o": 33660,
        "r": "csb:1 Timothy:1:13",
        "w": 12,
        "l": {},
        "c": "1Co 15:8*32520",
        "a": "b"
    },
    {
        "o": 33662,
        "r": "csb:1 Timothy:1:15",
        "w": 3,
        "l": {},
        "c": "1Tm 3:1*33689; 4:9*33717; 2Tm 2:11*33817; Ti 3:8*33925",
        "a": "c"
    },
    {
        "o": 33662,
        "r": "csb:1 Timothy:1:15",
        "w": 14,
        "l": {},
        "c": "Jn 3:17*29565; 12:46*30106; 18:37*30334; 1Jn 4:9*34713",
        "a": "d"
    },
    {
        "o": 33662,
        "r": "csb:1 Timothy:1:15",
        "w": 17,
        "l": {},
        "c": "Mk 2:17*27423; Lk 19:10*29117; Rm 11:4*31933",
        "a": "e"
    },
    {
        "o": 33662,
        "r": "csb:1 Timothy:1:15",
        "w": 24,
        "l": {},
        "c": "1Co 15:9*32521",
        "a": "f"
    },
    {
        "o": 33663,
        "r": "csb:1 Timothy:1:16",
        "w": 3,
        "l": {},
        "c": "Lk 1:50*28188",
        "a": "g"
    },
    {
        "o": 33663,
        "r": "csb:1 Timothy:1:16",
        "w": 21,
        "l": {},
        "c": "Ex 34:6*2768; Rm 2:4*31648",
        "a": "h"
    },
    {
        "o": 33663,
        "r": "csb:1 Timothy:1:16",
        "w": 34,
        "l": {},
        "c": "Jn 12:25*30083; Ac 13:48*31015",
        "a": "i"
    },
    {
        "o": 33664,
        "r": "csb:1 Timothy:1:17",
        "w": 3,
        "l": {},
        "c": "Ps 47:7*16291",
        "a": "j"
    },
    {
        "o": 33664,
        "r": "csb:1 Timothy:1:17",
        "w": 4,
        "l": {},
        "c": "Ps 90:2*17171",
        "a": "k"
    },
    {
        "o": 33664,
        "r": "csb:1 Timothy:1:17",
        "w": 5,
        "l": {},
        "c": "1Co 9:25*32341",
        "a": "l"
    },
    {
        "o": 33664,
        "r": "csb:1 Timothy:1:17",
        "w": 8,
        "l": {},
        "t": "1:17*r Other mss add wise",
        "a": "m"
    },
    {
        "o": 33664,
        "r": "csb:1 Timothy:1:17",
        "w": 9,
        "l": {},
        "c": "Jn 5:44*29694; 1Co 8:6*32307; Eph 4:6*33155; 1Tm 2:5*33675; 6:15*33773; Jd 25*34818",
        "a": "n"
    },
    {
        "o": 33664,
        "r": "csb:1 Timothy:1:17",
        "w": 11,
        "l": {},
        "c": "2Pt 1:17*34577; Rv 5:12*34930",
        "a": "o"
    },
    {
        "o": 33664,
        "r": "csb:1 Timothy:1:17",
        "w": 13,
        "l": {},
        "c": "Mk 10:37*27818",
        "a": "p"
    },
    {
        "o": 33664,
        "r": "csb:1 Timothy:1:17",
        "w": 17,
        "l": {},
        "c": "Php 4:20*33366; 1Tm 6:16*33775; Rv 22:21*35311",
        "a": "q"
    },
    {
        "o": 33666,
        "r": "csb:1 Timothy:1:18",
        "w": 13,
        "l": {},
        "c": "1Co 13:2*32456; 1Tm 4:14*33723; 2Tm 1:6*33790",
        "a": "r"
    },
    {
        "o": 33667,
        "r": "csb:1 Timothy:1:19",
        "w": 1,
        "l": {},
        "c": "Eph 3:12*33137; 6:16*33239; Col 1:23*33398; 2:5*33411; 1Th 5:8*33565; 1Tm 3:13*33702; 6:12*33770; 2Tm 4:7*33862; 1Jn 5:4*34731",
        "a": "s"
    },
    {
        "o": 33667,
        "r": "csb:1 Timothy:1:19",
        "w": 5,
        "l": {},
        "c": "Heb 10:22*34185",
        "a": "t"
    },
    {
        "o": 33667,
        "r": "csb:1 Timothy:1:19",
        "w": 7,
        "l": {},
        "c": "2Tm 2:18*33825; Jd 4*34795",
        "a": "u"
    },
    {
        "o": 33668,
        "r": "csb:1 Timothy:1:20",
        "w": 3,
        "l": {},
        "c": "2Tm 2:17*33824",
        "a": "v"
    },
    {
        "o": 33668,
        "r": "csb:1 Timothy:1:20",
        "w": 5,
        "l": {},
        "c": "2Tm 4:14*33870",
        "a": "w"
    },
    {
        "o": 33668,
        "r": "csb:1 Timothy:1:20",
        "w": 11,
        "l": {},
        "c": "1Co 5:5*32221",
        "a": "x"
    },
    {
        "o": 33672,
        "r": "csb:1 Timothy:2:2",
        "w": 8,
        "l": {},
        "c": "Ezr 6:10*13530; Rm 13:1*31995; 1Co 2:1*32146",
        "a": "a"
    },
    {
        "o": 33672,
        "r": "csb:1 Timothy:2:2",
        "w": 21,
        "l": {},
        "c": "2Pt 1:3*34562",
        "a": "b"
    },
    {
        "o": 33672,
        "r": "csb:1 Timothy:2:2",
        "w": 23,
        "l": {},
        "c": "1Tm 3:4*33692; Ti 2:7*33907",
        "a": "c"
    },
    {
        "o": 33673,
        "r": "csb:1 Timothy:2:3",
        "w": 8,
        "l": {},
        "c": "1Tm 1:1*33646",
        "a": "d"
    },
    {
        "o": 33674,
        "r": "csb:1 Timothy:2:4",
        "w": 2,
        "l": {},
        "c": "Ti 2:11*33911",
        "a": "e"
    },
    {
        "o": 33674,
        "r": "csb:1 Timothy:2:4",
        "w": 5,
        "l": {},
        "c": "Ezk 18:23,32*23490; Jn 3:17*29565; 1Tm 4:10*33719; Ti 2:11*33911; 2Pt 3:9*34616",
        "a": "f"
    },
    {
        "o": 33674,
        "r": "csb:1 Timothy:2:4",
        "w": 14,
        "l": {},
        "c": "Jn 14:6,17*30162",
        "a": "g"
    },
    {
        "o": 33675,
        "r": "csb:1 Timothy:2:5",
        "w": 4,
        "l": {},
        "c": "Dt 6:4*5599; Gl 3:20*32976",
        "a": "h"
    },
    {
        "o": 33675,
        "r": "csb:1 Timothy:2:5",
        "w": 7,
        "l": {},
        "c": "Heb 8:6*34122",
        "a": "i"
    },
    {
        "o": 33675,
        "r": "csb:1 Timothy:2:5",
        "w": 13,
        "l": {},
        "c": "Jn 1:14*29478; Php 2:7*33293; 3:3*33323; 1Jn 4:2*34705; 5:20*34749",
        "a": "j"
    },
    {
        "o": 33676,
        "r": "csb:1 Timothy:2:6",
        "w": 7,
        "l": {},
        "c": "Mt 20:28*26899; Gl 1:4*32906",
        "a": "k"
    },
    {
        "o": 33677,
        "r": "csb:1 Timothy:2:7",
        "w": 8,
        "l": {},
        "c": "Eph 3:7–8*33132; 1Tm 1:11*33658; 2Tm 1:11*33796",
        "a": "l"
    },
    {
        "o": 33677,
        "r": "csb:1 Timothy:2:7",
        "w": 13,
        "l": {},
        "t": "2:7*r Other mss add in Christ",
        "a": "m"
    },
    {
        "o": 33677,
        "r": "csb:1 Timothy:2:7",
        "w": 23,
        "l": {},
        "c": "Ac 9:15*30811",
        "a": "n"
    },
    {
        "o": 33679,
        "r": "csb:1 Timothy:2:8",
        "w": 17,
        "l": {},
        "c": "Mk 7:21*27656; Lk 9:46–47*28657; 24:38*29446; Rm 14:1*32013; Php 2:14*33301",
        "a": "o"
    },
    {
        "o": 33680,
        "r": "csb:1 Timothy:2:9",
        "w": 9,
        "l": {},
        "c": "1Pt 3:3*34495",
        "a": "p"
    },
    {
        "o": 33680,
        "r": "csb:1 Timothy:2:9",
        "w": 19,
        "l": {},
        "c": "Rv 3:18*34898",
        "a": "q"
    },
    {
        "o": 33681,
        "r": "csb:1 Timothy:2:10",
        "w": 3,
        "l": {},
        "c": "2Co 9:8*32797; Gl 3:10*32965",
        "a": "r"
    },
    {
        "o": 33682,
        "r": "csb:1 Timothy:2:11",
        "w": 8,
        "l": {},
        "c": "1Co 14:34*32504; Ti 2:5*33905",
        "a": "s"
    },
    {
        "o": 33684,
        "r": "csb:1 Timothy:2:13",
        "w": 6,
        "l": {},
        "c": "Gn 2:7,22*42; 3:16*79; 1Co 11:8–12*32390",
        "a": "t"
    },
    {
        "o": 33685,
        "r": "csb:1 Timothy:2:14",
        "w": 11,
        "l": {},
        "c": "Gn 3:6,13*68; 2Co 11:3*32829",
        "a": "u"
    },
    {
        "o": 33686,
        "r": "csb:1 Timothy:2:15",
        "w": 14,
        "l": {},
        "c": "1Th 3:12–4:10*33532",
        "a": "v"
    },
    {
        "o": 33689,
        "r": "csb:1 Timothy:3:1",
        "w": 3,
        "l": {},
        "c": "1Tm 1:15*33662; 4:9*33717",
        "a": "a"
    },
    {
        "o": 33689,
        "r": "csb:1 Timothy:3:1",
        "w": 10,
        "l": {},
        "t": "3:1*r Or bishop, pastor",
        "a": "b"
    },
    {
        "o": 33689,
        "r": "csb:1 Timothy:3:1",
        "w": 10,
        "l": {},
        "c": "Ac 20:28*31295; Php 1:1*33251; Ti 1:7*33889",
        "a": "c"
    },
    {
        "o": 33690,
        "r": "csb:1 Timothy:3:2",
        "w": 1,
        "l": {},
        "c": "Ti 1:6–8*33888",
        "a": "d"
    },
    {
        "o": 33690,
        "r": "csb:1 Timothy:3:2",
        "w": 13,
        "l": {},
        "c": "Ti 2:2,5*33902",
        "a": "e"
    },
    {
        "o": 33690,
        "r": "csb:1 Timothy:3:2",
        "w": 15,
        "l": {},
        "c": "Lv 19:34*3663; 1Pt 4:9*34528; 2Jn 10*34763",
        "a": "f"
    },
    {
        "o": 33691,
        "r": "csb:1 Timothy:3:3",
        "w": 12,
        "l": {},
        "c": "1Tm 6:10*33768",
        "a": "g"
    },
    {
        "o": 33694,
        "r": "csb:1 Timothy:3:6",
        "w": 19,
        "l": {},
        "c": "1Tm 5:12*33739; 2Pt 2:3*34586; Rv 20:1–15*35240",
        "a": "h"
    },
    {
        "o": 33695,
        "r": "csb:1 Timothy:3:7",
        "w": 19,
        "l": {},
        "c": "Ac 13:10*30975",
        "a": "i"
    },
    {
        "o": 33696,
        "r": "csb:1 Timothy:3:8",
        "w": 0,
        "l": {},
        "c": "Php 1:1*33251",
        "a": "j"
    },
    {
        "o": 33697,
        "r": "csb:1 Timothy:3:9",
        "w": 5,
        "l": {},
        "c": "Php 1:27*33280; 1Tm 1:2,19*33648; Jd 3*34793",
        "a": "k"
    },
    {
        "o": 33697,
        "r": "csb:1 Timothy:3:9",
        "w": 9,
        "l": {},
        "c": "Heb 13:18*34298",
        "a": "l"
    },
    {
        "o": 33699,
        "r": "csb:1 Timothy:3:11",
        "w": 0,
        "l": {},
        "t": "3:11*r Or Women",
        "a": "m"
    },
    {
        "o": 33699,
        "r": "csb:1 Timothy:3:11",
        "w": 0,
        "l": {},
        "c": "1Pt 3:1–6*34493",
        "a": "n"
    },
    {
        "o": 33699,
        "r": "csb:1 Timothy:3:11",
        "w": 9,
        "l": {},
        "c": "Ti 2:2*33902",
        "a": "o"
    },
    {
        "o": 33703,
        "r": "csb:1 Timothy:3:14",
        "w": 8,
        "l": {},
        "c": "1Tm 4:13*33722",
        "a": "p"
    },
    {
        "o": 33704,
        "r": "csb:1 Timothy:3:15",
        "w": 22,
        "l": {},
        "c": "1Co 3:16*32181; 2Co 6:16*32740; Eph 2:21–22*33122; 1Pt 2:5*34468; 4:17*34537",
        "a": "q"
    },
    {
        "o": 33704,
        "r": "csb:1 Timothy:3:15",
        "w": 30,
        "l": {},
        "c": "Mt 16:16*26747; 1Tm 4:10*33719",
        "a": "r"
    },
    {
        "o": 33704,
        "r": "csb:1 Timothy:3:15",
        "w": 37,
        "l": {},
        "c": "Ps 119:142*17918; 2Co 11:10*32836; 2Th 2:10*33613",
        "a": "s"
    },
    {
        "o": 33705,
        "r": "csb:1 Timothy:3:16",
        "w": 6,
        "l": {},
        "c": "2Pt 1:3*34562",
        "a": "t"
    },
    {
        "o": 33705,
        "r": "csb:1 Timothy:3:16",
        "w": 9,
        "l": {},
        "t": "3:16*r Other mss read God",
        "a": "u"
    },
    {
        "o": 33705,
        "r": "csb:1 Timothy:3:16",
        "w": 14,
        "l": {},
        "c": "Jn 1:14*29478; Php 2:7*33293; 1Jn 4:2*34705; 5:20*34749",
        "a": "v"
    },
    {
        "o": 33705,
        "r": "csb:1 Timothy:3:16",
        "w": 18,
        "l": {},
        "c": "Rm 1:3–4*31609; 2:28–29*31674; 7:5–6*31799; 8:4*31827; 1Co 5:5*32221; 6:16–17*32249; Gl 3:3*32957; 4:29*33018; 5:16–24*33039; 6:8*33059; Php 3:3*33323; Col 2:5*33411; Rv 1:10*34831",
        "a": "w"
    },
    {
        "o": 33705,
        "r": "csb:1 Timothy:3:16",
        "w": 26,
        "l": {},
        "c": "Mt 11:24*26507; Jn 3:16*29564; Ac 10:43*30894; Rm 10:9*31914; 1Pt 1:8–10*34443",
        "a": "x"
    },
    {
        "o": 33705,
        "r": "csb:1 Timothy:3:16",
        "w": 34,
        "l": {},
        "c": "Mk 16:19*28131; Jn 20:17*30410; 1Pt 3:22*34516",
        "a": "y"
    },
    {
        "o": 33708,
        "r": "csb:1 Timothy:4:1",
        "w": 2,
        "l": {},
        "c": "Jn 14:17*30177; 16:13*30238; Ac 20:23*31290; 21:11*31318; 1Co 2:10–11*32156",
        "a": "a"
    },
    {
        "o": 33708,
        "r": "csb:1 Timothy:4:1",
        "w": 8,
        "l": {},
        "c": "2Th 2:3–9*33606; 2Tm 3:1*33836; 2Pt 3:3*34610; Jd 18*34810",
        "a": "b"
    },
    {
        "o": 33708,
        "r": "csb:1 Timothy:4:1",
        "w": 14,
        "l": {},
        "c": "Php 1:27*33280; 1Tm 1:2*33648; Jd 3*34793",
        "a": "c"
    },
    {
        "o": 33708,
        "r": "csb:1 Timothy:4:1",
        "w": 19,
        "l": {},
        "c": "Mt 7:15*26329; 1Jn 4:6*34710",
        "a": "d"
    },
    {
        "o": 33708,
        "r": "csb:1 Timothy:4:1",
        "w": 24,
        "l": {},
        "c": "Jms 3:15*34384",
        "a": "e"
    },
    {
        "o": 33709,
        "r": "csb:1 Timothy:4:2",
        "w": 2,
        "l": {},
        "c": "Mk 12:15*27890",
        "a": "f"
    },
    {
        "o": 33709,
        "r": "csb:1 Timothy:4:2",
        "w": 6,
        "l": {},
        "c": "Heb 13:18*34298",
        "a": "g"
    },
    {
        "o": 33710,
        "r": "csb:1 Timothy:4:3",
        "w": 2,
        "l": {},
        "c": "1Tm 5:14*33741; Heb 13:4*34284",
        "a": "h"
    },
    {
        "o": 33710,
        "r": "csb:1 Timothy:4:3",
        "w": 5,
        "l": {},
        "c": "Rm 14:6*32018; Col 2:16,23*33422; 1Th 4:3*33538; 5:22*33580; 1Pt 2:11*34475",
        "a": "i"
    },
    {
        "o": 33710,
        "r": "csb:1 Timothy:4:3",
        "w": 10,
        "l": {},
        "c": "Gn 1:29*31; 9:3*233",
        "a": "j"
    },
    {
        "o": 33711,
        "r": "csb:1 Timothy:4:4",
        "w": 6,
        "l": {},
        "c": "Gn 1:31*33",
        "a": "k"
    },
    {
        "o": 33711,
        "r": "csb:1 Timothy:4:4",
        "w": 18,
        "l": {},
        "c": "Ac 10:15*30863",
        "a": "l"
    },
    {
        "o": 33712,
        "r": "csb:1 Timothy:4:5",
        "w": 8,
        "l": {},
        "c": "Lk 8:21*28562; 1Tm 2:1*33671; Heb 4:12*34037",
        "a": "m"
    },
    {
        "o": 33714,
        "r": "csb:1 Timothy:4:6",
        "w": 26,
        "l": {},
        "c": "Php 1:27*33280; 1Tm 1:2*33648; Jd 3*34793",
        "a": "n"
    },
    {
        "o": 33714,
        "r": "csb:1 Timothy:4:6",
        "w": 34,
        "l": {},
        "c": "2Tm 3:10–15*33846",
        "a": "o"
    },
    {
        "o": 33715,
        "r": "csb:1 Timothy:4:7",
        "w": 9,
        "l": {},
        "c": "1Tm 1:4*33650; 2Tm 4:4*33859; Ti 1:14*33896; 2Pt 1:16*34576",
        "a": "p"
    },
    {
        "o": 33715,
        "r": "csb:1 Timothy:4:7",
        "w": 14,
        "l": {},
        "c": "2Pt 1:3*34562",
        "a": "q"
    },
    {
        "o": 33716,
        "r": "csb:1 Timothy:4:8",
        "w": 8,
        "l": {},
        "c": "Col 2:23*33429",
        "a": "r"
    },
    {
        "o": 33716,
        "r": "csb:1 Timothy:4:8",
        "w": 30,
        "l": {},
        "c": "Ps 37:9,11*16088; Pr 19:23*18955; 22:4*19029; Mt 6:33*26309; Mk 10:30*27809; Jn 12:25*30083; Ac 13:48*31015; 1Pt 3:9*34502",
        "a": "s"
    },
    {
        "o": 33717,
        "r": "csb:1 Timothy:4:9",
        "w": 7,
        "l": {},
        "c": "1Tm 1:15*33662; 3:1*33689; 2Tm 2:11*33817",
        "a": "t"
    },
    {
        "o": 33718,
        "r": "csb:1 Timothy:4:10",
        "w": 6,
        "l": {},
        "t": "4:10*r Other mss read and suffer reproach",
        "a": "u"
    },
    {
        "o": 33718,
        "r": "csb:1 Timothy:4:10",
        "w": 16,
        "l": {},
        "c": "Dt 5:26*5586; Jos 3:10*6521; 1Sm 17:26*8458; Ps 42:2*16203; Jr 10:10*21531; Dn 6:20*24665; Ac 14:15*31037; 1Tm 3:15*33704",
        "a": "v"
    },
    {
        "o": 33718,
        "r": "csb:1 Timothy:4:10",
        "w": 20,
        "l": {},
        "c": "1Tm 1:1*33646",
        "a": "w"
    },
    {
        "o": 33718,
        "r": "csb:1 Timothy:4:10",
        "w": 23,
        "l": {},
        "c": "1Tm 2:4*33674; Ti 2:11*33911",
        "a": "x"
    },
    {
        "o": 33721,
        "r": "csb:1 Timothy:4:12",
        "w": 14,
        "l": {},
        "c": "Pr 12:6*18725",
        "a": "y"
    },
    {
        "o": 33721,
        "r": "csb:1 Timothy:4:12",
        "w": 16,
        "l": {},
        "c": "2Pt 3:11*34618",
        "a": "z"
    },
    {
        "o": 33721,
        "r": "csb:1 Timothy:4:12",
        "w": 18,
        "l": {},
        "t": "4:12*r Other mss add in spirit,",
        "a": "a"
    },
    {
        "o": 33721,
        "r": "csb:1 Timothy:4:12",
        "w": 18,
        "l": {},
        "c": "1Co 13:1*32455",
        "a": "b"
    },
    {
        "o": 33721,
        "r": "csb:1 Timothy:4:12",
        "w": 23,
        "l": {},
        "c": "1Tm 5:2*33729",
        "a": "c"
    },
    {
        "o": 33722,
        "r": "csb:1 Timothy:4:13",
        "w": 2,
        "l": {},
        "c": "1Tm 3:14*33703",
        "a": "d"
    },
    {
        "o": 33723,
        "r": "csb:1 Timothy:4:14",
        "w": 14,
        "l": {},
        "c": "1Co 13:2*32456; 1Tm 1:18*33666; 2Tm 1:6*33790",
        "a": "e"
    },
    {
        "o": 33723,
        "r": "csb:1 Timothy:4:14",
        "w": 20,
        "l": {},
        "c": "1Tm 5:22*33750",
        "a": "f"
    },
    {
        "o": 33725,
        "r": "csb:1 Timothy:4:16",
        "w": 19,
        "l": {},
        "c": "Eph 2:8*33108; Jd 23*34816",
        "a": "g"
    },
    {
        "o": 33725,
        "r": "csb:1 Timothy:4:16",
        "w": 24,
        "l": {},
        "c": "Ezk 33:9*23951; Ac 20:28*31295; Rm 11:14*31944",
        "a": "h"
    },
    {
        "o": 33730,
        "r": "csb:1 Timothy:5:3",
        "w": 0,
        "l": {},
        "t": "5:3*r Lit Honor",
        "a": "a"
    },
    {
        "o": 33730,
        "r": "csb:1 Timothy:5:3",
        "w": 1,
        "l": {},
        "c": "Ex 22:22*2357; Jms 1:27*34337",
        "a": "b"
    },
    {
        "o": 33732,
        "r": "csb:1 Timothy:5:5",
        "w": 16,
        "l": {},
        "c": "1Co 7:34*32293",
        "a": "c"
    },
    {
        "o": 33733,
        "r": "csb:1 Timothy:5:6",
        "w": 10,
        "l": {},
        "c": "Lk 15:24*28969; Eph 2:1,5*33101; 5:14*33199; Rv 3:1*34879",
        "a": "d"
    },
    {
        "o": 33735,
        "r": "csb:1 Timothy:5:8",
        "w": 5,
        "l": {},
        "c": "Rm 12:17*31988; 2Co 8:21*32784",
        "a": "e"
    },
    {
        "o": 33735,
        "r": "csb:1 Timothy:5:8",
        "w": 19,
        "l": {},
        "c": "Mt 10:33*26469; Php 1:27*33280; 1Tm 1:2*33648; 2Pt 2:1*34584; Jd 4*34795; Rv 2:13*34859",
        "a": "f"
    },
    {
        "o": 33737,
        "r": "csb:1 Timothy:5:10",
        "w": 6,
        "l": {},
        "c": "Mk 14:6*27978; 2Co 9:8*32797; Gl 3:10*32965; Jms 2:14–26*34354",
        "a": "g"
    },
    {
        "o": 33737,
        "r": "csb:1 Timothy:5:10",
        "w": 16,
        "l": {},
        "c": "2Jn 10*34763",
        "a": "h"
    },
    {
        "o": 33737,
        "r": "csb:1 Timothy:5:10",
        "w": 20,
        "l": {},
        "c": "Lk 7:44*28527; Jn 13:5–14*30117",
        "a": "i"
    },
    {
        "o": 33737,
        "r": "csb:1 Timothy:5:10",
        "w": 23,
        "l": {},
        "c": "Heb 11:37*34242",
        "a": "j"
    },
    {
        "o": 33737,
        "r": "csb:1 Timothy:5:10",
        "w": 30,
        "l": {},
        "c": "2Co 9:8*32797",
        "a": "k"
    },
    {
        "o": 33738,
        "r": "csb:1 Timothy:5:11",
        "w": 19,
        "l": {},
        "c": "1Tm 5:14*33741",
        "a": "l"
    },
    {
        "o": 33739,
        "r": "csb:1 Timothy:5:12",
        "w": 4,
        "l": {},
        "c": "Mk 12:40*27920",
        "a": "m"
    },
    {
        "o": 33740,
        "r": "csb:1 Timothy:5:13",
        "w": 23,
        "l": {},
        "c": "Pr 17:9*18887; 3Jn 10*34781",
        "a": "n"
    },
    {
        "o": 33741,
        "r": "csb:1 Timothy:5:14",
        "w": 6,
        "l": {},
        "c": "Gn 2:18–25*53; 1Co 7:9–10*32266; 1Tm 4:3*33710; 5:11*33738",
        "a": "o"
    },
    {
        "o": 33741,
        "r": "csb:1 Timothy:5:14",
        "w": 20,
        "l": {},
        "c": "Ti 2:4–5*33904",
        "a": "p"
    },
    {
        "o": 33742,
        "r": "csb:1 Timothy:5:15",
        "w": 5,
        "l": {},
        "c": "Heb 12:13*34262",
        "a": "q"
    },
    {
        "o": 33743,
        "r": "csb:1 Timothy:5:16",
        "w": 1,
        "l": {},
        "t": "5:16*r Other mss add believing man or",
        "a": "r"
    },
    {
        "o": 33745,
        "r": "csb:1 Timothy:5:17",
        "w": 13,
        "l": {},
        "t": "5:17*r Or of respect and remuneration",
        "a": "s"
    },
    {
        "o": 33745,
        "r": "csb:1 Timothy:5:17",
        "w": 18,
        "l": {},
        "c": "1Th 5:12*33570",
        "a": "t"
    },
    {
        "o": 33746,
        "r": "csb:1 Timothy:5:18",
        "w": 15,
        "l": {},
        "t": "5:18*r Dt 25:4",
        "a": "u"
    },
    {
        "o": 33746,
        "r": "csb:1 Timothy:5:18",
        "w": 15,
        "l": {},
        "c": "Dt 25:4*6133; 1Co 9:9*32325",
        "a": "v"
    },
    {
        "o": 33746,
        "r": "csb:1 Timothy:5:18",
        "w": 23,
        "l": {},
        "c": "Lv 19:13*3642; Dt 24:14–15*6118; Mt 10:10*26443; Lk 10:7*28685; 1Co 9:4–14*32320; 2Pt 2:13*34596",
        "a": "w"
    },
    {
        "o": 33747,
        "r": "csb:1 Timothy:5:19",
        "w": 15,
        "l": {},
        "c": "Dt 19:15*5976",
        "a": "x"
    },
    {
        "o": 33749,
        "r": "csb:1 Timothy:5:21",
        "w": 14,
        "l": {},
        "c": "Lk 11:28*28760",
        "a": "y"
    },
    {
        "o": 33750,
        "r": "csb:1 Timothy:5:22",
        "w": 5,
        "l": {},
        "t": "5:22*r Lit to lay hands on",
        "a": "z"
    },
    {
        "o": 33750,
        "r": "csb:1 Timothy:5:22",
        "w": 5,
        "l": {},
        "c": "Ex 29:10*2595; Lv 4:15*3113; Lk 4:40*28369; Ac 6:6*30670; 28:8*31578; 1Tm 4:14*33723; Heb 6:2*34063",
        "a": "a"
    },
    {
        "o": 33750,
        "r": "csb:1 Timothy:5:22",
        "w": 20,
        "l": {},
        "c": "Php 4:8*33352",
        "a": "b"
    },
    {
        "o": 33752,
        "r": "csb:1 Timothy:5:24",
        "w": 8,
        "l": {},
        "c": "Mt 12:41*26561; Jn 5:22–30*29670; Heb 9:27*34159",
        "a": "c"
    },
    {
        "o": 33752,
        "r": "csb:1 Timothy:5:24",
        "w": 14,
        "l": {},
        "t": "5:24*r Lit follow",
        "a": "d"
    },
    {
        "o": 33756,
        "r": "csb:1 Timothy:6:1",
        "w": 12,
        "l": {},
        "t": "6:1*r Or owners",
        "a": "a"
    },
    {
        "o": 33756,
        "r": "csb:1 Timothy:6:1",
        "w": 21,
        "l": {},
        "c": "Jn 10:25*29971; Ac 15:14*31068; Rv 14:1*35103",
        "a": "b"
    },
    {
        "o": 33757,
        "r": "csb:1 Timothy:6:2",
        "w": 31,
        "l": {},
        "t": "6:2*r Or because, as believers who are dearly loved, they are devoted to others’ welfare",
        "a": "c"
    },
    {
        "o": 33757,
        "r": "csb:1 Timothy:6:2",
        "w": 31,
        "l": {},
        "c": "2Th 2:12*33616; 1Jn 4:16*34720",
        "a": "d"
    },
    {
        "o": 33760,
        "r": "csb:1 Timothy:6:3",
        "w": 15,
        "l": {},
        "c": "Rv 11:8*35044",
        "a": "e"
    },
    {
        "o": 33760,
        "r": "csb:1 Timothy:6:3",
        "w": 24,
        "l": {},
        "c": "2Pt 1:3*34562",
        "a": "f"
    },
    {
        "o": 33761,
        "r": "csb:1 Timothy:6:4",
        "w": 16,
        "l": {},
        "c": "2Tm 2:14,23*33821; Ti 3:9*33926",
        "a": "g"
    },
    {
        "o": 33761,
        "r": "csb:1 Timothy:6:4",
        "w": 20,
        "l": {},
        "c": "Ps 37:1*16080",
        "a": "h"
    },
    {
        "o": 33761,
        "r": "csb:1 Timothy:6:4",
        "w": 21,
        "l": {},
        "c": "Ti 3:9*33926",
        "a": "i"
    },
    {
        "o": 33761,
        "r": "csb:1 Timothy:6:4",
        "w": 22,
        "l": {},
        "c": "Rv 13:6*35087",
        "a": "j"
    },
    {
        "o": 33762,
        "r": "csb:1 Timothy:6:5",
        "w": 23,
        "l": {},
        "t": "6:5*r Other mss add From such people withdraw yourself.",
        "a": "k"
    },
    {
        "o": 33762,
        "r": "csb:1 Timothy:6:5",
        "w": 23,
        "l": {},
        "c": "Eph 4:22*33172; 2Tm 3:8*33843; Ti 1:11,15*33893",
        "a": "l"
    },
    {
        "o": 33763,
        "r": "csb:1 Timothy:6:6",
        "w": 6,
        "l": {},
        "c": "Ps 37:16*16095; Pr 15:16*18826; 16:8*18852; Php 4:11*33356; Heb 13:5*34285",
        "a": "m"
    },
    {
        "o": 33764,
        "r": "csb:1 Timothy:6:7",
        "w": 7,
        "l": {},
        "t": "6:7*r Other mss add it is clear that",
        "a": "n"
    },
    {
        "o": 33764,
        "r": "csb:1 Timothy:6:7",
        "w": 12,
        "l": {},
        "c": "Jb 1:21*14342; Ps 49:17*16330; Ec 5:15*19452",
        "a": "o"
    },
    {
        "o": 33765,
        "r": "csb:1 Timothy:6:8",
        "w": 5,
        "l": {},
        "t": "6:8*r Or food and shelter",
        "a": "p"
    },
    {
        "o": 33767,
        "r": "csb:1 Timothy:6:10",
        "w": 7,
        "l": {},
        "t": "6:10*r Or is the root",
        "a": "q"
    },
    {
        "o": 33767,
        "r": "csb:1 Timothy:6:10",
        "w": 23,
        "l": {},
        "c": "Php 1:27*33280; 1Tm 1:2*33648; Jd 3*34793",
        "a": "r"
    },
    {
        "o": 33769,
        "r": "csb:1 Timothy:6:11",
        "w": 14,
        "l": {},
        "c": "1Co 13:1*32455",
        "a": "s"
    },
    {
        "o": 33769,
        "r": "csb:1 Timothy:6:11",
        "w": 15,
        "l": {},
        "c": "Rv 13:10*35092",
        "a": "t"
    },
    {
        "o": 33770,
        "r": "csb:1 Timothy:6:12",
        "w": 3,
        "l": {},
        "c": "2Tm 4:7*33862; Jd 3*34793",
        "a": "u"
    },
    {
        "o": 33770,
        "r": "csb:1 Timothy:6:12",
        "w": 11,
        "l": {},
        "c": "1Jn 5:12*34739",
        "a": "v"
    },
    {
        "o": 33771,
        "r": "csb:1 Timothy:6:13",
        "w": 9,
        "l": {},
        "c": "Mk 13:19*27948; Rm 1:25*31635",
        "a": "w"
    },
    {
        "o": 33771,
        "r": "csb:1 Timothy:6:13",
        "w": 21,
        "l": {},
        "c": "Mt 27:11–14*27262",
        "a": "x"
    },
    {
        "o": 33772,
        "r": "csb:1 Timothy:6:14",
        "w": 10,
        "l": {},
        "c": "Ti 2:13*33913; 1Jn 2:28*34674",
        "a": "y"
    },
    {
        "o": 33772,
        "r": "csb:1 Timothy:6:14",
        "w": 13,
        "l": {},
        "c": "Rv 11:8*35044",
        "a": "z"
    },
    {
        "o": 33773,
        "r": "csb:1 Timothy:6:15",
        "w": 8,
        "l": {},
        "c": "Lk 21:8*29224",
        "a": "a"
    },
    {
        "o": 33773,
        "r": "csb:1 Timothy:6:15",
        "w": 14,
        "l": {},
        "c": "Rm 16:27*32106",
        "a": "b"
    },
    {
        "o": 33773,
        "r": "csb:1 Timothy:6:15",
        "w": 19,
        "l": {},
        "c": "Rv 17:14*35180",
        "a": "c"
    },
    {
        "o": 33773,
        "r": "csb:1 Timothy:6:15",
        "w": 24,
        "l": {},
        "c": "Dt 10:17*5723; Ps 136:2–3*18129; Rv 17:14*35180; 19:16*35232",
        "a": "d"
    },
    {
        "o": 33774,
        "r": "csb:1 Timothy:6:16",
        "w": 9,
        "l": {},
        "c": "Ps 36:9*16073; 104:2*17398; Jn 12:46*30106",
        "a": "e"
    },
    {
        "o": 33774,
        "r": "csb:1 Timothy:6:16",
        "w": 17,
        "l": {},
        "c": "Ex 33:20*2757; Jn 1:18*29483",
        "a": "f"
    },
    {
        "o": 33774,
        "r": "csb:1 Timothy:6:16",
        "w": 24,
        "l": {},
        "c": "Jd 25*34818",
        "a": "g"
    },
    {
        "o": 33774,
        "r": "csb:1 Timothy:6:16",
        "w": 25,
        "l": {},
        "c": "1Tm 1:17*33665; Rv 22:21*35311",
        "a": "h"
    },
    {
        "o": 33776,
        "r": "csb:1 Timothy:6:17",
        "w": 12,
        "l": {},
        "c": "1Sm 2:3*8018; Ec 7:8*19480; Rm 11:20*31950; 12:16*31987",
        "a": "i"
    },
    {
        "o": 33776,
        "r": "csb:1 Timothy:6:17",
        "w": 25,
        "l": {},
        "t": "6:17*r Other mss read on the living God",
        "a": "j"
    },
    {
        "o": 33776,
        "r": "csb:1 Timothy:6:17",
        "w": 32,
        "l": {},
        "c": "Ac 17:25*31175",
        "a": "k"
    },
    {
        "o": 33777,
        "r": "csb:1 Timothy:6:18",
        "w": 12,
        "l": {},
        "c": "Mk 14:6*27978; Gl 3:10*32965; Jms 2:14–26*34354; 1Pt 2:12*34476",
        "a": "l"
    },
    {
        "o": 33777,
        "r": "csb:1 Timothy:6:18",
        "w": 19,
        "l": {},
        "c": "Rm 12:8,13*31979; Eph 4:28*33178",
        "a": "m"
    },
    {
        "o": 33778,
        "r": "csb:1 Timothy:6:19",
        "w": 12,
        "l": {},
        "c": "Mt 6:20*26295",
        "a": "n"
    },
    {
        "o": 33780,
        "r": "csb:1 Timothy:6:20",
        "w": 7,
        "l": {},
        "c": "1Tm 1:11*33658; 2Tm 1:12,14*33798; Ti 1:3*33884",
        "a": "o"
    },
    {
        "o": 33780,
        "r": "csb:1 Timothy:6:20",
        "w": 8,
        "l": {},
        "c": "Heb 12:13*34262",
        "a": "p"
    },
    {
        "o": 33780,
        "r": "csb:1 Timothy:6:20",
        "w": 20,
        "l": {},
        "c": "Col 2:8*33414; 2Tm 2:16*33823; 4:4*33859; Ti 1:14*33896",
        "a": "q"
    },
    {
        "o": 33781,
        "r": "csb:1 Timothy:6:21",
        "w": 3,
        "l": {},
        "c": "2Tm 2:18*33825",
        "a": "r"
    },
    {
        "o": 33781,
        "r": "csb:1 Timothy:6:21",
        "w": 9,
        "l": {},
        "c": "Php 1:27*33280; 1Tm 1:2*33648",
        "a": "s"
    }
]
