[
    {
        "o": 9482,
        "r": "csb:2 Samuel:21:1",
        "w": 13,
        "l": {},
        "t": "21:1*r Lit sought the face of",
        "a": "a"
    },
    {
        "o": 9483,
        "r": "csb:2 Samuel:21:2",
        "w": 19,
        "l": {},
        "c": "Jos 9:3–17*6675",
        "a": "b"
    },
    {
        "o": 9484,
        "r": "csb:2 Samuel:21:3",
        "w": 22,
        "l": {},
        "t": "21:3*r Lit will bless",
        "a": "c"
    },
    {
        "o": 9485,
        "r": "csb:2 Samuel:21:4",
        "w": 17,
        "l": {},
        "c": "Nm 35:31–32*5359",
        "a": "d"
    },
    {
        "o": 9485,
        "r": "csb:2 Samuel:21:4",
        "w": 26,
        "l": {},
        "c": "Lv 24:21–22*3830",
        "a": "e"
    },
    {
        "o": 9487,
        "r": "csb:2 Samuel:21:6",
        "w": 14,
        "l": {},
        "t": "21:6*r Or impale, or expose",
        "a": "f"
    },
    {
        "o": 9487,
        "r": "csb:2 Samuel:21:6",
        "w": 21,
        "l": {},
        "c": "Nm 25:4*4924",
        "a": "g"
    },
    {
        "o": 9487,
        "r": "csb:2 Samuel:21:6",
        "w": 25,
        "l": {},
        "c": "1Sm 15:34*8403",
        "a": "h"
    },
    {
        "o": 9487,
        "r": "csb:2 Samuel:21:6",
        "w": 28,
        "l": {},
        "c": "1Sm 10:24*8236",
        "a": "i"
    },
    {
        "o": 9488,
        "r": "csb:2 Samuel:21:7",
        "w": 23,
        "l": {},
        "c": "1Sm 18:3*8495; 20:12–17*8564; 23:18*8660",
        "a": "j"
    },
    {
        "o": 9489,
        "r": "csb:2 Samuel:21:8",
        "w": 13,
        "l": {},
        "c": "2Sm 3:7*8942",
        "a": "k"
    },
    {
        "o": 9489,
        "r": "csb:2 Samuel:21:8",
        "w": 26,
        "l": {},
        "t": "21:8*r Some Hb mss, LXX, Syr, Tg; other Hb mss read Michal",
        "a": "l"
    },
    {
        "o": 9489,
        "r": "csb:2 Samuel:21:8",
        "w": 26,
        "l": {},
        "c": "1Sm 18:19*8513",
        "a": "m"
    },
    {
        "o": 9490,
        "r": "csb:2 Samuel:21:9",
        "w": 8,
        "l": {},
        "t": "21:9*r Or impaled, or exposed, also in v. 13",
        "a": "n"
    },
    {
        "o": 9490,
        "r": "csb:2 Samuel:21:9",
        "w": 41,
        "l": {},
        "t": "21:9*r = March–April",
        "a": "o"
    },
    {
        "o": 9492,
        "r": "csb:2 Samuel:21:10",
        "w": 19,
        "l": {},
        "t": "21:10*r = April to October",
        "a": "p"
    },
    {
        "o": 9494,
        "r": "csb:2 Samuel:21:12",
        "w": 41,
        "l": {},
        "c": "1Sm 31:11–13*8868",
        "a": "q"
    },
    {
        "o": 9496,
        "r": "csb:2 Samuel:21:14",
        "w": 39,
        "l": {},
        "c": "2Sm 24:25*9629",
        "a": "r"
    },
    {
        "o": 9499,
        "r": "csb:2 Samuel:21:16",
        "w": 8,
        "l": {},
        "t": "21:16*r Or Raphah, also in vv. 18,20,22",
        "a": "s"
    },
    {
        "o": 9499,
        "r": "csb:2 Samuel:21:16",
        "w": 15,
        "l": {},
        "t": "21:16*r Lit 300 (shekels)",
        "a": "t"
    },
    {
        "o": 9500,
        "r": "csb:2 Samuel:21:17",
        "w": 38,
        "l": {},
        "c": "2Sm 18:3*9375; 1Kg 11:36*10104; 15:4*10226; 2Ch 21:7*12914; Ps 132:17*18089",
        "a": "u"
    },
    {
        "o": 9501,
        "r": "csb:2 Samuel:21:18",
        "w": 1,
        "l": {},
        "c": "1Ch 20:4–8*12114",
        "a": "v"
    },
    {
        "o": 9502,
        "r": "csb:2 Samuel:21:19",
        "w": 18,
        "l": {},
        "t": "21:19*r 1Ch 20:5 adds the brother of",
        "a": "w"
    },
    {
        "o": 9502,
        "r": "csb:2 Samuel:21:19",
        "w": 31,
        "l": {},
        "c": "1Sm 17:7*8439",
        "a": "x"
    }
]
