[
    {
        "o": 8858,
        "r": "csb:1 Samuel:31:1",
        "w": 4,
        "l": {},
        "c": "2Sm 1:12*8884; 1Ch 10:1–12*11819",
        "a": "a"
    },
    {
        "o": 8858,
        "r": "csb:1 Samuel:31:1",
        "w": 16,
        "l": {},
        "c": "1Sm 28:4*8788",
        "a": "b"
    },
    {
        "o": 8860,
        "r": "csb:1 Samuel:31:3",
        "w": 5,
        "l": {},
        "c": "2Sm 1:6*8878",
        "a": "c"
    },
    {
        "o": 8860,
        "r": "csb:1 Samuel:31:3",
        "w": 13,
        "l": {},
        "t": "31:3*r LXX reads and he was wounded under the ribs",
        "a": "d"
    },
    {
        "o": 8861,
        "r": "csb:1 Samuel:31:4",
        "w": 5,
        "l": {},
        "c": "Jdg 9:54*7539",
        "a": "e"
    },
    {
        "o": 8861,
        "r": "csb:1 Samuel:31:4",
        "w": 18,
        "l": {},
        "c": "Jdg 14:3*7657",
        "a": "f"
    },
    {
        "o": 8861,
        "r": "csb:1 Samuel:31:4",
        "w": 47,
        "l": {},
        "c": "2Sm 1:6,10*8878",
        "a": "g"
    },
    {
        "o": 8866,
        "r": "csb:1 Samuel:31:9",
        "w": 22,
        "l": {},
        "c": "2Sm 1:20*8892",
        "a": "h"
    },
    {
        "o": 8866,
        "r": "csb:1 Samuel:31:9",
        "w": 28,
        "l": {},
        "c": "Jdg 16:23–24*7722",
        "a": "i"
    },
    {
        "o": 8867,
        "r": "csb:1 Samuel:31:10",
        "w": 10,
        "l": {},
        "c": "Jdg 2:13*7263; 1Sm 7:3*8143",
        "a": "j"
    },
    {
        "o": 8867,
        "r": "csb:1 Samuel:31:10",
        "w": 14,
        "l": {},
        "c": "1Sm 31:12*8869; 2Sm 21:14*9497",
        "a": "k"
    },
    {
        "o": 8867,
        "r": "csb:1 Samuel:31:10",
        "w": 19,
        "l": {},
        "c": "Jos 17:11*6950",
        "a": "l"
    },
    {
        "o": 8868,
        "r": "csb:1 Samuel:31:11",
        "w": 4,
        "l": {},
        "c": "1Sm 11:1–13*8242",
        "a": "m"
    },
    {
        "o": 8869,
        "r": "csb:1 Samuel:31:12",
        "w": 3,
        "l": {},
        "c": "2Sm 2:4–7*8905",
        "a": "n"
    },
    {
        "o": 8869,
        "r": "csb:1 Samuel:31:12",
        "w": 35,
        "l": {},
        "c": "2Ch 16:14*12785",
        "a": "o"
    },
    {
        "o": 8870,
        "r": "csb:1 Samuel:31:13",
        "w": 11,
        "l": {},
        "c": "1Sm 22:6*8620",
        "a": "p"
    },
    {
        "o": 8870,
        "r": "csb:1 Samuel:31:13",
        "w": 13,
        "l": {},
        "c": "2Sm 2:4–7*8905; 21:12–14*9494",
        "a": "q"
    }
]
