[
    {
        "o": 32827,
        "r": "csb:2 Corinthians:11:1",
        "w": 9,
        "l": {},
        "c": "Mk 7:22*27657; 2Co 11:17,21*32844",
        "a": "a"
    },
    {
        "o": 32827,
        "r": "csb:2 Corinthians:11:1",
        "w": 17,
        "l": {},
        "t": "11:1*r Or Yes, you are putting up with me",
        "a": "b"
    },
    {
        "o": 32828,
        "r": "csb:2 Corinthians:11:2",
        "w": 3,
        "l": {},
        "c": "Jms 3:16*34385",
        "a": "c"
    },
    {
        "o": 32828,
        "r": "csb:2 Corinthians:11:2",
        "w": 9,
        "l": {},
        "c": "Nm 25:13*4934; Gl 4:17*33005",
        "a": "d"
    },
    {
        "o": 32828,
        "r": "csb:2 Corinthians:11:2",
        "w": 23,
        "l": {},
        "c": "Php 4:8*33352",
        "a": "e"
    },
    {
        "o": 32829,
        "r": "csb:2 Corinthians:11:3",
        "w": 6,
        "l": {},
        "c": "Gn 3:1*63; Lk 10:19*28699",
        "a": "f"
    },
    {
        "o": 32829,
        "r": "csb:2 Corinthians:11:3",
        "w": 7,
        "l": {},
        "c": "Rm 7:11*31806; 16:18*32097; 1Co 3:18*32184; 2Th 2:3*33606; 1Tm 2:14*33685",
        "a": "g"
    },
    {
        "o": 32829,
        "r": "csb:2 Corinthians:11:3",
        "w": 8,
        "l": {},
        "c": "Gn 3:20*83",
        "a": "h"
    },
    {
        "o": 32829,
        "r": "csb:2 Corinthians:11:3",
        "w": 21,
        "l": {},
        "t": "11:3*r Other mss omit and pure",
        "a": "i"
    },
    {
        "o": 32829,
        "r": "csb:2 Corinthians:11:3",
        "w": 24,
        "l": {},
        "c": "1Th 3:5*33524",
        "a": "j"
    },
    {
        "o": 32830,
        "r": "csb:2 Corinthians:11:4",
        "w": 8,
        "l": {},
        "c": "1Co 3:11*32176",
        "a": "k"
    },
    {
        "o": 32830,
        "r": "csb:2 Corinthians:11:4",
        "w": 19,
        "l": {},
        "c": "1Jn 4:1*34704",
        "a": "l"
    },
    {
        "o": 32830,
        "r": "csb:2 Corinthians:11:4",
        "w": 28,
        "l": {},
        "c": "Gl 1:6*32909",
        "a": "m"
    },
    {
        "o": 32831,
        "r": "csb:2 Corinthians:11:5",
        "w": 10,
        "l": {},
        "c": "Jd 17*34809",
        "a": "n"
    },
    {
        "o": 32832,
        "r": "csb:2 Corinthians:11:6",
        "w": 7,
        "l": {},
        "c": "1Co 1:17*32128",
        "a": "o"
    },
    {
        "o": 32832,
        "r": "csb:2 Corinthians:11:6",
        "w": 14,
        "l": {},
        "c": "Php 3:8*33328; 1Jn 4:8*34712",
        "a": "p"
    },
    {
        "o": 32833,
        "r": "csb:2 Corinthians:11:7",
        "w": 7,
        "l": {},
        "c": "Lk 14:11*28915",
        "a": "q"
    },
    {
        "o": 32833,
        "r": "csb:2 Corinthians:11:7",
        "w": 14,
        "l": {},
        "c": "Lk 1:52*28190",
        "a": "r"
    },
    {
        "o": 32833,
        "r": "csb:2 Corinthians:11:7",
        "w": 26,
        "l": {},
        "c": "Ac 18:3*31189",
        "a": "s"
    },
    {
        "o": 32835,
        "r": "csb:2 Corinthians:11:9",
        "w": 20,
        "l": {},
        "c": "Ac 16:9*31109",
        "a": "t"
    },
    {
        "o": 32835,
        "r": "csb:2 Corinthians:11:9",
        "w": 23,
        "l": {},
        "c": "Php 4:10*33355",
        "a": "u"
    },
    {
        "o": 32836,
        "r": "csb:2 Corinthians:11:10",
        "w": 15,
        "l": {},
        "t": "11:10*r Or silenced",
        "a": "v"
    },
    {
        "o": 32836,
        "r": "csb:2 Corinthians:11:10",
        "w": 20,
        "l": {},
        "c": "Ac 18:12*31198",
        "a": "w"
    },
    {
        "o": 32838,
        "r": "csb:2 Corinthians:11:12",
        "w": 13,
        "l": {},
        "t": "11:12*r Lit cut off",
        "a": "x"
    },
    {
        "o": 32839,
        "r": "csb:2 Corinthians:11:13",
        "w": 5,
        "l": {},
        "c": "Rv 2:2*34846",
        "a": "y"
    },
    {
        "o": 32841,
        "r": "csb:2 Corinthians:11:15",
        "w": 23,
        "l": {},
        "c": "Gl 3:10*32965",
        "a": "z"
    },
    {
        "o": 32844,
        "r": "csb:2 Corinthians:11:17",
        "w": 6,
        "l": {},
        "t": "11:17*r Or business, or confidence",
        "a": "a"
    },
    {
        "o": 32846,
        "r": "csb:2 Corinthians:11:19",
        "w": 9,
        "l": {},
        "c": "Pr 3:7*18437",
        "a": "b"
    },
    {
        "o": 32847,
        "r": "csb:2 Corinthians:11:20",
        "w": 13,
        "l": {},
        "c": "Gl 5:15*33038",
        "a": "c"
    },
    {
        "o": 32847,
        "r": "csb:2 Corinthians:11:20",
        "w": 29,
        "l": {},
        "c": "Mt 5:39*26259",
        "a": "d"
    },
    {
        "o": 32849,
        "r": "csb:2 Corinthians:11:22",
        "w": 2,
        "l": {},
        "c": "Php 3:5*33325",
        "a": "e"
    },
    {
        "o": 32849,
        "r": "csb:2 Corinthians:11:22",
        "w": 17,
        "l": {},
        "c": "Gn 16:15*439; Gl 3:29*32986",
        "a": "f"
    },
    {
        "o": 32851,
        "r": "csb:2 Corinthians:11:24",
        "w": 11,
        "l": {},
        "c": "Dt 25:3*6131",
        "a": "g"
    },
    {
        "o": 32852,
        "r": "csb:2 Corinthians:11:25",
        "w": 6,
        "l": {},
        "c": "Ac 16:22*31124",
        "a": "h"
    },
    {
        "o": 32852,
        "r": "csb:2 Corinthians:11:25",
        "w": 11,
        "l": {},
        "c": "Ac 14:19*31041",
        "a": "i"
    },
    {
        "o": 32852,
        "r": "csb:2 Corinthians:11:25",
        "w": 16,
        "l": {},
        "c": "Ac 27:1–44*31521; 1Tm 1:19*33667",
        "a": "j"
    },
    {
        "o": 32853,
        "r": "csb:2 Corinthians:11:26",
        "w": 10,
        "l": {},
        "c": "Mk 14:48*28026",
        "a": "k"
    },
    {
        "o": 32853,
        "r": "csb:2 Corinthians:11:26",
        "w": 15,
        "l": {},
        "c": "Ac 9:23*30821; 13:50*31017; 14:5*31026; 17:5*31152; 18:12*31198; 20:3,19*31267; 21:27*31336; 23:10–12*31395; 25:3*31456",
        "a": "l"
    },
    {
        "o": 32854,
        "r": "csb:2 Corinthians:11:27",
        "w": 15,
        "l": {},
        "c": "Rm 8:35*31861",
        "a": "m"
    },
    {
        "o": 32855,
        "r": "csb:2 Corinthians:11:28",
        "w": 2,
        "l": {},
        "t": "11:28*r Lit Apart from",
        "a": "n"
    },
    {
        "o": 32856,
        "r": "csb:2 Corinthians:11:29",
        "w": 12,
        "l": {},
        "c": "Jn 16:1*30226",
        "a": "o"
    },
    {
        "o": 32858,
        "r": "csb:2 Corinthians:11:31",
        "w": 3,
        "l": {},
        "c": "Mt 5:16*26231; 11:27*26510; Lk 11:13*28742; Jn 8:42*29880; Eph 5:20*33205",
        "a": "p"
    },
    {
        "o": 32859,
        "r": "csb:2 Corinthians:11:32",
        "w": 1,
        "l": {},
        "c": "2Sm 8:5*9080",
        "a": "q"
    },
    {
        "o": 32859,
        "r": "csb:2 Corinthians:11:32",
        "w": 3,
        "l": {},
        "t": "11:32*r Gk ethnarches; a leader of an ethnic community",
        "a": "r"
    },
    {
        "o": 32860,
        "r": "csb:2 Corinthians:11:33",
        "w": 18,
        "l": {},
        "c": "Ac 9:19–25*30817",
        "a": "s"
    }
]
