[
    {
        "o": 32109,
        "r": "csb:1 Corinthians:1:1",
        "w": 0,
        "l": {},
        "c": "Ac 13:9*30974",
        "a": "a"
    },
    {
        "o": 32109,
        "r": "csb:1 Corinthians:1:1",
        "w": 4,
        "l": {},
        "c": "Rm 1:1*31607",
        "a": "b"
    },
    {
        "o": 32109,
        "r": "csb:1 Corinthians:1:1",
        "w": 10,
        "l": {},
        "c": "2Co 1:1*32607; Eph 1:1*33073; Col 1:1*33372; 2Tm 1:1*33784",
        "a": "c"
    },
    {
        "o": 32109,
        "r": "csb:1 Corinthians:1:1",
        "w": 14,
        "l": {},
        "c": "Ac 18:17*31204",
        "a": "d"
    },
    {
        "o": 32110,
        "r": "csb:1 Corinthians:1:2",
        "w": 6,
        "l": {},
        "c": "Ac 18:1*31187; 19:1*31219; 2Co 1:1,23*32607; 2Tm 4:20*33877",
        "a": "e"
    },
    {
        "o": 32110,
        "r": "csb:1 Corinthians:1:2",
        "w": 9,
        "l": {},
        "c": "Ac 20:32*31299; 26:18*31503; 1Co 6:11*32244; Heb 10:10*34172",
        "a": "f"
    },
    {
        "o": 32110,
        "r": "csb:1 Corinthians:1:2",
        "w": 13,
        "l": {},
        "c": "Rm 1:6–7*31612",
        "a": "g"
    },
    {
        "o": 32110,
        "r": "csb:1 Corinthians:1:2",
        "w": 26,
        "l": {},
        "c": "Gn 4:26*116; Ps 79:6*16947; Jn 10:25*29971; Ac 9:14*30810; 15:14*31068; Rv 14:1*35103",
        "a": "h"
    },
    {
        "o": 32111,
        "r": "csb:1 Corinthians:1:3",
        "w": 8,
        "l": {},
        "c": "Rm 1:7*31614; 2Co 1:2*32609; Gl 1:3*32905; Eph 1:2*33075; Php 1:2*33253; 2Th 1:2*33591; Ti 1:4*33886",
        "a": "i"
    },
    {
        "o": 32113,
        "r": "csb:1 Corinthians:1:4",
        "w": 2,
        "l": {},
        "c": "Rm 1:8*31615; Php 1:3*33254; Col 1:3*33375; 1Th 1:2*33484; 2Th 1:3*33592; 2Tm 1:3*33787; Phm 4*33940",
        "a": "j"
    },
    {
        "o": 32114,
        "r": "csb:1 Corinthians:1:5",
        "w": 5,
        "l": {},
        "c": "2Co 8:9*32771; 9:11*32800",
        "a": "k"
    },
    {
        "o": 32114,
        "r": "csb:1 Corinthians:1:5",
        "w": 14,
        "l": {},
        "c": "Rm 15:14*32054; 1Co 12:8*32428; 2Co 8:7*32769; 1Jn 2:20*34664",
        "a": "l"
    },
    {
        "o": 32115,
        "r": "csb:1 Corinthians:1:6",
        "w": 10,
        "l": {},
        "c": "2Th 1:10*33599; 1Tm 2:6*33676; 2Tm 1:8*33793; Rv 1:2*34822",
        "a": "m"
    },
    {
        "o": 32116,
        "r": "csb:1 Corinthians:1:7",
        "w": 12,
        "l": {},
        "c": "Lk 17:30*29047; Rm 8:19*31844; Php 3:20*33341; Heb 9:28*34160; 2Pt 3:12*34619",
        "a": "n"
    },
    {
        "o": 32116,
        "r": "csb:1 Corinthians:1:7",
        "w": 15,
        "l": {},
        "c": "1Pt 4:13*34533",
        "a": "o"
    },
    {
        "o": 32117,
        "r": "csb:1 Corinthians:1:8",
        "w": 7,
        "l": {},
        "c": "Php 1:6*33257; 1Th 3:13*33533",
        "a": "p"
    },
    {
        "o": 32117,
        "r": "csb:1 Corinthians:1:8",
        "w": 21,
        "l": {},
        "c": "Lk 17:24*29041; 1Co 5:5*32221; 2Co 1:14*32623; Php 2:16*33303; Col 1:22*33396",
        "a": "q"
    },
    {
        "o": 32118,
        "r": "csb:1 Corinthians:1:9",
        "w": 2,
        "l": {},
        "c": "Dt 7:9*5632; Is 49:7*20884; 1Co 10:13*32359; 2Co 1:18*32627",
        "a": "r"
    },
    {
        "o": 32118,
        "r": "csb:1 Corinthians:1:9",
        "w": 7,
        "l": {},
        "c": "Rm 8:28*31853",
        "a": "s"
    },
    {
        "o": 32118,
        "r": "csb:1 Corinthians:1:9",
        "w": 12,
        "l": {},
        "c": "Jn 5:19*29667; Heb 1:2*33967; 1Jn 1:3*34631",
        "a": "t"
    },
    {
        "o": 32121,
        "r": "csb:1 Corinthians:1:11",
        "w": 21,
        "l": {},
        "c": "Ti 3:9*33926",
        "a": "u"
    },
    {
        "o": 32122,
        "r": "csb:1 Corinthians:1:12",
        "w": 18,
        "l": {},
        "c": "Ti 3:13*33931",
        "a": "v"
    },
    {
        "o": 32122,
        "r": "csb:1 Corinthians:1:12",
        "w": 23,
        "l": {},
        "c": "Jn 1:42*29509",
        "a": "w"
    },
    {
        "o": 32122,
        "r": "csb:1 Corinthians:1:12",
        "w": 28,
        "l": {},
        "c": "Mt 23:9–10*27022",
        "a": "x"
    },
    {
        "o": 32123,
        "r": "csb:1 Corinthians:1:13",
        "w": 2,
        "l": {},
        "c": "1Co 12:5*32425; 2Co 11:4*32830; Eph 4:5*33154",
        "a": "y"
    },
    {
        "o": 32124,
        "r": "csb:1 Corinthians:1:14",
        "w": 2,
        "l": {},
        "t": "1:14*r Other mss omit God",
        "a": "z"
    },
    {
        "o": 32124,
        "r": "csb:1 Corinthians:1:14",
        "w": 2,
        "l": {},
        "t": "1:14*r Or I am thankful",
        "a": "a"
    },
    {
        "o": 32124,
        "r": "csb:1 Corinthians:1:14",
        "w": 10,
        "l": {},
        "c": "Ac 18:8*31194",
        "a": "b"
    },
    {
        "o": 32124,
        "r": "csb:1 Corinthians:1:14",
        "w": 12,
        "l": {},
        "c": "Rm 16:23*32103",
        "a": "c"
    },
    {
        "o": 32126,
        "r": "csb:1 Corinthians:1:16",
        "w": 6,
        "l": {},
        "c": "Rm 16:5*32082",
        "a": "d"
    },
    {
        "o": 32126,
        "r": "csb:1 Corinthians:1:16",
        "w": 8,
        "l": {},
        "c": "1Co 16:15,17*32594",
        "a": "e"
    },
    {
        "o": 32127,
        "r": "csb:1 Corinthians:1:17",
        "w": 20,
        "l": {},
        "c": "Lk 23:26*29371; Php 3:18*33339",
        "a": "f"
    },
    {
        "o": 32129,
        "r": "csb:1 Corinthians:1:18",
        "w": 25,
        "l": {},
        "c": "Ac 19:11*31231; Rm 1:16*31624; 2Co 13:4*32891",
        "a": "g"
    },
    {
        "o": 32130,
        "r": "csb:1 Corinthians:1:19",
        "w": 21,
        "l": {},
        "t": "1:19*r Is 29:14",
        "a": "h"
    },
    {
        "o": 32130,
        "r": "csb:1 Corinthians:1:19",
        "w": 21,
        "l": {},
        "c": "Is 29:14*20396",
        "a": "i"
    },
    {
        "o": 32131,
        "r": "csb:1 Corinthians:1:20",
        "w": 13,
        "l": {},
        "t": "1:20*r Or scholar",
        "a": "j"
    },
    {
        "o": 32131,
        "r": "csb:1 Corinthians:1:20",
        "w": 20,
        "l": {},
        "c": "Lk 16:8*28987",
        "a": "k"
    },
    {
        "o": 32133,
        "r": "csb:1 Corinthians:1:22",
        "w": 5,
        "l": {},
        "c": "Mt 12:38*26558",
        "a": "l"
    },
    {
        "o": 32134,
        "r": "csb:1 Corinthians:1:23",
        "w": 4,
        "l": {},
        "c": "Lk 23:26*29371; 1Co 2:2*32147; Gl 3:1*32955; 5:11*33033",
        "a": "m"
    },
    {
        "o": 32134,
        "r": "csb:1 Corinthians:1:23",
        "w": 15,
        "l": {},
        "t": "1:23*r Other mss read Greeks",
        "a": "n"
    },
    {
        "o": 32135,
        "r": "csb:1 Corinthians:1:24",
        "w": 5,
        "l": {},
        "c": "Rm 1:6*31612",
        "a": "o"
    },
    {
        "o": 32138,
        "r": "csb:1 Corinthians:1:26",
        "w": 13,
        "l": {},
        "t": "1:26*r Lit wise according to the flesh",
        "a": "p"
    },
    {
        "o": 32138,
        "r": "csb:1 Corinthians:1:26",
        "w": 16,
        "l": {},
        "c": "Ac 25:5*31458",
        "a": "q"
    },
    {
        "o": 32139,
        "r": "csb:1 Corinthians:1:27",
        "w": 3,
        "l": {},
        "c": "Mt 24:22*27079; Eph 1:4*33077",
        "a": "r"
    },
    {
        "o": 32140,
        "r": "csb:1 Corinthians:1:28",
        "w": 10,
        "l": {},
        "c": "Lk 18:9*29065",
        "a": "s"
    },
    {
        "o": 32141,
        "r": "csb:1 Corinthians:1:29",
        "w": 3,
        "l": {},
        "t": "1:29*r Lit that not all flesh",
        "a": "t"
    },
    {
        "o": 32141,
        "r": "csb:1 Corinthians:1:29",
        "w": 8,
        "l": {},
        "c": "Ac 7:46*30732",
        "a": "u"
    },
    {
        "o": 32142,
        "r": "csb:1 Corinthians:1:30",
        "w": 18,
        "l": {},
        "c": "Mt 6:33*26309; Rm 1:17*31626; 2Pt 1:1*34559",
        "a": "v"
    },
    {
        "o": 32142,
        "r": "csb:1 Corinthians:1:30",
        "w": 19,
        "l": {},
        "c": "1Th 4:3*33538",
        "a": "w"
    },
    {
        "o": 32142,
        "r": "csb:1 Corinthians:1:30",
        "w": 21,
        "l": {},
        "c": "Eph 1:7*33080",
        "a": "x"
    },
    {
        "o": 32143,
        "r": "csb:1 Corinthians:1:31",
        "w": 6,
        "l": {},
        "c": "Mk 1:2*27351",
        "a": "y"
    },
    {
        "o": 32143,
        "r": "csb:1 Corinthians:1:31",
        "w": 15,
        "l": {},
        "t": "1:31*r Jr 9:24",
        "a": "z"
    },
    {
        "o": 32143,
        "r": "csb:1 Corinthians:1:31",
        "w": 15,
        "l": {},
        "c": "Jr 9:23–24*21516",
        "a": "a"
    }
]
