[
    {
        "o": 32791,
        "r": "csb:2 Corinthians:9:2",
        "w": 12,
        "l": {},
        "c": "Ac 16:9*31109",
        "a": "a"
    },
    {
        "o": 32791,
        "r": "csb:2 Corinthians:9:2",
        "w": 13,
        "l": {},
        "c": "Ac 18:12*31198",
        "a": "b"
    },
    {
        "o": 32791,
        "r": "csb:2 Corinthians:9:2",
        "w": 22,
        "l": {},
        "c": "Nm 25:13*4934",
        "a": "c"
    },
    {
        "o": 32791,
        "r": "csb:2 Corinthians:9:2",
        "w": 28,
        "l": {},
        "c": "2Co 8:18*32781; 12:18*32882",
        "a": "d"
    },
    {
        "o": 32793,
        "r": "csb:2 Corinthians:9:4",
        "w": 23,
        "l": {},
        "t": "9:4*r Or in this confidence",
        "a": "e"
    },
    {
        "o": 32794,
        "r": "csb:2 Corinthians:9:5",
        "w": 21,
        "l": {},
        "c": "Ac 11:30*30933",
        "a": "f"
    },
    {
        "o": 32794,
        "r": "csb:2 Corinthians:9:5",
        "w": 37,
        "l": {},
        "c": "Eph 5:3*33186",
        "a": "g"
    },
    {
        "o": 32795,
        "r": "csb:2 Corinthians:9:6",
        "w": 3,
        "l": {},
        "t": "9:6*r Lit And this",
        "a": "h"
    },
    {
        "o": 32796,
        "r": "csb:2 Corinthians:9:7",
        "w": 19,
        "l": {},
        "c": "Lk 6:35*28460; Jn 3:16*29564; 12:43*30103; 2Th 2:13*33617; Rv 12:11*35071",
        "a": "i"
    },
    {
        "o": 32797,
        "r": "csb:2 Corinthians:9:8",
        "w": 3,
        "l": {},
        "c": "Eph 3:20*33146",
        "a": "j"
    },
    {
        "o": 32798,
        "r": "csb:2 Corinthians:9:9",
        "w": 6,
        "l": {},
        "c": "Jn 16:32*30259",
        "a": "k"
    },
    {
        "o": 32798,
        "r": "csb:2 Corinthians:9:9",
        "w": 15,
        "l": {},
        "t": "9:9*r Ps 112:9",
        "a": "l"
    },
    {
        "o": 32798,
        "r": "csb:2 Corinthians:9:9",
        "w": 15,
        "l": {},
        "c": "Ps 112:9*17658; 1Jn 2:17*34661",
        "a": "m"
    },
    {
        "o": 32799,
        "r": "csb:2 Corinthians:9:10",
        "w": 26,
        "l": {},
        "c": "Is 55:10–11*21003; Hs 10:12*25022",
        "a": "n"
    },
    {
        "o": 32800,
        "r": "csb:2 Corinthians:9:11",
        "w": 3,
        "l": {},
        "c": "1Co 1:5*32114; 2Co 6:10*32733",
        "a": "o"
    },
    {
        "o": 32801,
        "r": "csb:2 Corinthians:9:12",
        "w": 5,
        "l": {},
        "c": "Heb 8:6*34122",
        "a": "p"
    },
    {
        "o": 32802,
        "r": "csb:2 Corinthians:9:13",
        "w": 24,
        "l": {},
        "c": "Php 4:10*33355",
        "a": "q"
    }
]
