[
    {
        "o": 34608,
        "r": "csb:2 Peter:3:1",
        "w": 7,
        "l": {},
        "c": "1Pt 1:1*34435",
        "a": "a"
    },
    {
        "o": 34608,
        "r": "csb:2 Peter:3:1",
        "w": 22,
        "l": {},
        "c": "Php 1:10*33261",
        "a": "b"
    },
    {
        "o": 34610,
        "r": "csb:2 Peter:3:3",
        "w": 12,
        "l": {},
        "c": "2Tm 3:1*33836; Heb 1:2*33967; Jms 5:3*34412; 1Pt 1:20*34456",
        "a": "c"
    },
    {
        "o": 34611,
        "r": "csb:2 Peter:3:4",
        "w": 7,
        "l": {},
        "c": "1Th 2:19*33515; 2Pt 3:12*34619",
        "a": "d"
    },
    {
        "o": 34611,
        "r": "csb:2 Peter:3:4",
        "w": 13,
        "l": {},
        "c": "Ac 7:60*30748",
        "a": "e"
    },
    {
        "o": 34612,
        "r": "csb:2 Peter:3:5",
        "w": 8,
        "l": {},
        "c": "Gn 1:3–30*5; Ps 148:5*18339; Jn 1:1–3*29465; Heb 4:12*34037; 11:3*34208",
        "a": "f"
    },
    {
        "o": 34612,
        "r": "csb:2 Peter:3:5",
        "w": 26,
        "l": {},
        "c": "Ps 24:1–2*15833; 33:6–7*15989; 136:5–6*18132; Pr 8:24–29*18620",
        "a": "g"
    },
    {
        "o": 34613,
        "r": "csb:2 Peter:3:6",
        "w": 11,
        "l": {},
        "c": "2Pt 2:5*34588",
        "a": "h"
    },
    {
        "o": 34614,
        "r": "csb:2 Peter:3:7",
        "w": 3,
        "l": {},
        "c": "Is 66:15–16*21216; Ezk 38:22*24123; Am 7:4*25295; Zph 1:18*25700; Mal 4:1*26094",
        "a": "i"
    },
    {
        "o": 34614,
        "r": "csb:2 Peter:3:7",
        "w": 20,
        "l": {},
        "c": "Php 1:6*33257; 2Th 1:5*33594; 1Jn 4:17*34721",
        "a": "j"
    },
    {
        "o": 34615,
        "r": "csb:2 Peter:3:8",
        "w": 23,
        "l": {},
        "c": "Ps 90:4*17173",
        "a": "k"
    },
    {
        "o": 34616,
        "r": "csb:2 Peter:3:9",
        "w": 6,
        "l": {},
        "c": "Hab 2:3*25640",
        "a": "l"
    },
    {
        "o": 34616,
        "r": "csb:2 Peter:3:9",
        "w": 18,
        "l": {},
        "c": "Ti 2:11*33911",
        "a": "m"
    },
    {
        "o": 34616,
        "r": "csb:2 Peter:3:9",
        "w": 20,
        "l": {},
        "c": "Ezk 18:23,32*23490; 33:11*23953; 1Tm 2:4*33674",
        "a": "n"
    },
    {
        "o": 34616,
        "r": "csb:2 Peter:3:9",
        "w": 26,
        "l": {},
        "c": "Jl 2:12–13*25125; Jnh 3:10*25415; 4:2*25419; Ac 17:31*31181; Rm 2:4*31648",
        "a": "o"
    },
    {
        "o": 34617,
        "r": "csb:2 Peter:3:10",
        "w": 5,
        "l": {},
        "c": "Php 1:6*33257",
        "a": "p"
    },
    {
        "o": 34617,
        "r": "csb:2 Peter:3:10",
        "w": 10,
        "l": {},
        "t": "3:10*r Other mss add in the night",
        "a": "q"
    },
    {
        "o": 34617,
        "r": "csb:2 Peter:3:10",
        "w": 10,
        "l": {},
        "c": "Mt 24:43*27103; Lk 12:39*28834; 1Th 5:2*33559",
        "a": "r"
    },
    {
        "o": 34617,
        "r": "csb:2 Peter:3:10",
        "w": 18,
        "l": {},
        "c": "Mt 5:18*26233; 24:35*27095; Rv 21:1*35260",
        "a": "s"
    },
    {
        "o": 34617,
        "r": "csb:2 Peter:3:10",
        "w": 29,
        "l": {},
        "c": "Is 24:19*20289; Mc 1:4*25434",
        "a": "t"
    },
    {
        "o": 34617,
        "r": "csb:2 Peter:3:10",
        "w": 40,
        "l": {},
        "t": "3:10*r Other mss read will be burned up",
        "a": "u"
    },
    {
        "o": 34617,
        "r": "csb:2 Peter:3:10",
        "w": 40,
        "l": {},
        "t": "3:10*r Some Syriac and Coptic mss read will not be found",
        "a": "v"
    },
    {
        "o": 34619,
        "r": "csb:2 Peter:3:12",
        "w": 11,
        "l": {},
        "t": "3:12*r Or and speed the coming",
        "a": "w"
    },
    {
        "o": 34619,
        "r": "csb:2 Peter:3:12",
        "w": 11,
        "l": {},
        "c": "Lk 12:36*28831; 1Co 1:7*32116; 1Th 1:10*33492; Ti 2:13*33913; Jd 21*34814",
        "a": "x"
    },
    {
        "o": 34620,
        "r": "csb:2 Peter:3:13",
        "w": 13,
        "l": {},
        "c": "Is 65:17*21191; 66:22*21223; Mt 19:28*26864; Rm 8:21*31846; Rv 21:1*35260",
        "a": "y"
    },
    {
        "o": 34620,
        "r": "csb:2 Peter:3:13",
        "w": 16,
        "l": {},
        "c": "Is 32:16*20472; Rm 14:17*32030",
        "a": "z"
    },
    {
        "o": 34622,
        "r": "csb:2 Peter:3:14",
        "w": 23,
        "l": {},
        "c": "Php 2:15*33302; 1Th 5:23*33581; 1Tm 6:14*33772; Jms 1:27*34337",
        "a": "a"
    },
    {
        "o": 34623,
        "r": "csb:2 Peter:3:15",
        "w": 25,
        "l": {},
        "c": "Ac 9:17*30813; 15:25*31080; 2Pt 3:2*34609",
        "a": "b"
    },
    {
        "o": 34624,
        "r": "csb:2 Peter:3:16",
        "w": 28,
        "l": {},
        "c": "Heb 5:11*34056; 2Pt 2:14*34597",
        "a": "c"
    },
    {
        "o": 34625,
        "r": "csb:2 Peter:3:17",
        "w": 12,
        "l": {},
        "c": "Lk 12:15*28808; 2Tm 1:14*33800; 4:15*33871",
        "a": "d"
    },
    {
        "o": 34626,
        "r": "csb:2 Peter:3:18",
        "w": 6,
        "l": {},
        "c": "2Pt 1:2*34561",
        "a": "e"
    },
    {
        "o": 34626,
        "r": "csb:2 Peter:3:18",
        "w": 26,
        "l": {},
        "t": "3:18*r Other mss add Amen.",
        "a": "f"
    },
    {
        "o": 34626,
        "r": "csb:2 Peter:3:18",
        "w": 26,
        "l": {},
        "c": "Rm 11:36*31967; 2Tm 4:18*33875; Rv 1:6*34826",
        "a": "g"
    }
]
