[
    {
        "o": 34606,
        "r": "csb:2 Peter:3:0",
        "t": "2 Peter 3",
        "h": 1
    },
    {
        "o": 34607,
        "r": "csb:2 Peter:3:0",
        "t": "The Day of the Lord",
        "h": 2
    },
    {
        "o": 34608,
        "r": "csb:2 Peter:3:1",
        "t": "Dear*p friends, this is now the second letter I have written to you; in both letters, I want to stir up your sincere understanding by way of reminder,"
    },
    {
        "o": 34609,
        "r": "csb:2 Peter:3:2",
        "t": "so that you recall the words previously spoken by the holy prophets and the command of our Lord and Savior given through your apostles."
    },
    {
        "o": 34610,
        "r": "csb:2 Peter:3:3",
        "t": "Above all, be aware of this: Scoffers will come in the last days scoffing and following their own evil desires,"
    },
    {
        "o": 34611,
        "r": "csb:2 Peter:3:4",
        "t": "saying, “Where is his ‘coming’ that he promised? Ever since our ancestors fell asleep, all things continue as they have been since the beginning of creation.”"
    },
    {
        "o": 34612,
        "r": "csb:2 Peter:3:5",
        "t": "They deliberately overlook this: By the word of God the heavens came into being long ago and the earth was brought about from water and through water."
    },
    {
        "o": 34613,
        "r": "csb:2 Peter:3:6",
        "t": "Through these the world of that time perished when it was flooded."
    },
    {
        "o": 34614,
        "r": "csb:2 Peter:3:7",
        "t": "By the same word, the present heavens and earth are stored up for fire, being kept for the day of judgment and destruction of the ungodly."
    },
    {
        "o": 34615,
        "r": "csb:2 Peter:3:8",
        "t": "Dear*p friends, don’t overlook this one fact: With the Lord one day is like a thousand years, and a thousand years like one day."
    },
    {
        "o": 34616,
        "r": "csb:2 Peter:3:9",
        "t": "The Lord does not delay his promise, as some understand delay, but is patient with you, not wanting any to perish but all to come to repentance."
    },
    {
        "o": 34617,
        "r": "csb:2 Peter:3:10",
        "t": "But*p the day of the Lord will come like a thief; on that day the heavens will pass away with a loud noise, the elements will burn and be dissolved, and the earth and the works on it will be disclosed."
    },
    {
        "o": 34618,
        "r": "csb:2 Peter:3:11",
        "t": "Since all these things are to be dissolved in this way, it is clear what sort of people you should be in holy conduct and godliness"
    },
    {
        "o": 34619,
        "r": "csb:2 Peter:3:12",
        "t": "as you wait for the day of God and hasten its coming. Because of that day, the heavens will be dissolved with fire and the elements will melt with heat."
    },
    {
        "o": 34620,
        "r": "csb:2 Peter:3:13",
        "t": "But based on his promise, we wait for new heavens and a new earth, where righteousness dwells."
    },
    {
        "o": 34621,
        "r": "csb:2 Peter:3:13",
        "t": "Conclusion",
        "h": 2
    },
    {
        "o": 34622,
        "r": "csb:2 Peter:3:14",
        "t": "Therefore,*p dear friends, while you wait for these things, make every effort to be found without spot or blemish in his sight, at peace."
    },
    {
        "o": 34623,
        "r": "csb:2 Peter:3:15",
        "t": "Also, regard the patience of our Lord as salvation, just as our dear brother Paul has written to you according to the wisdom given to him."
    },
    {
        "o": 34624,
        "r": "csb:2 Peter:3:16",
        "t": "He speaks about these things in all his letters. There are some things hard to understand in them. The untaught and unstable will twist them to their own destruction, as they also do with the rest of the Scriptures."
    },
    {
        "o": 34625,
        "r": "csb:2 Peter:3:17",
        "t": "Therefore,*p dear friends, since you know this in advance, be on your guard, so that you are not led away by the error of lawless people and fall from your own stable position."
    },
    {
        "o": 34626,
        "r": "csb:2 Peter:3:18",
        "t": "But grow in the grace and knowledge of our Lord and Savior Jesus Christ. To him be the glory both now and to the day of eternity."
    }
]
