[
    {
        "o": 11819,
        "r": "csb:1 Chronicles:10:1",
        "w": 1,
        "l": {},
        "c": "1Sm 31:1–13*8858",
        "a": "a"
    },
    {
        "o": 11828,
        "r": "csb:1 Chronicles:10:10",
        "w": 19,
        "l": {},
        "c": "1Sm 5:1–4*8104; 17:54*8486",
        "a": "b"
    },
    {
        "o": 11830,
        "r": "csb:1 Chronicles:10:12",
        "w": 29,
        "l": {},
        "t": "10:12*r Or terebinth, or large tree",
        "a": "c"
    },
    {
        "o": 11830,
        "r": "csb:1 Chronicles:10:12",
        "w": 31,
        "l": {},
        "c": "2Sm 21:12–14*9494",
        "a": "d"
    },
    {
        "o": 11831,
        "r": "csb:1 Chronicles:10:13",
        "w": 15,
        "l": {},
        "c": "1Sm 13:13–14*8299; 15:23*8392",
        "a": "e"
    },
    {
        "o": 11831,
        "r": "csb:1 Chronicles:10:13",
        "w": 22,
        "l": {},
        "c": "1Sm 28:7*8791",
        "a": "f"
    },
    {
        "o": 11832,
        "r": "csb:1 Chronicles:10:14",
        "w": 24,
        "l": {},
        "c": "1Sm 15:28*8397; 1Ch 12:23*11909",
        "a": "g"
    }
]
