[
    {
        "o": 9873,
        "r": "csb:1 Kings:7:1",
        "w": 10,
        "l": {},
        "c": "1Kg 9:10*10013; 2Ch 8:1*12584",
        "a": "a"
    },
    {
        "o": 9874,
        "r": "csb:1 Kings:7:2",
        "w": 8,
        "l": {},
        "c": "1Kg 10:21*10057; 2Ch 9:16*12622",
        "a": "b"
    },
    {
        "o": 9874,
        "r": "csb:1 Kings:7:2",
        "w": 14,
        "l": {},
        "t": "7:2*r Lit 100 cubits",
        "a": "c"
    },
    {
        "o": 9874,
        "r": "csb:1 Kings:7:2",
        "w": 17,
        "l": {},
        "t": "7:2*r Lit 50 cubits, also in v. 6",
        "a": "d"
    },
    {
        "o": 9874,
        "r": "csb:1 Kings:7:2",
        "w": 21,
        "l": {},
        "t": "7:2*r Lit 30 cubits, also in vv. 6,23",
        "a": "e"
    },
    {
        "o": 9876,
        "r": "csb:1 Kings:7:4",
        "w": 9,
        "l": {},
        "t": "7:4*r Lit frames, window to window",
        "a": "f"
    },
    {
        "o": 9876,
        "r": "csb:1 Kings:7:4",
        "w": 12,
        "l": {},
        "t": "7:4*r Lit three times; = at 3 different places, also in v. 5",
        "a": "g"
    },
    {
        "o": 9876,
        "r": "csb:1 Kings:7:4",
        "w": 12,
        "l": {},
        "c": "1Kg 10:16–17*10052",
        "a": "h"
    },
    {
        "o": 9877,
        "r": "csb:1 Kings:7:5",
        "w": 12,
        "l": {},
        "t": "7:5*r Lit frames, opposing window to window",
        "a": "i"
    },
    {
        "o": 9878,
        "r": "csb:1 Kings:7:6",
        "w": 25,
        "l": {},
        "t": "7:6*r Hb obscure",
        "a": "j"
    },
    {
        "o": 9879,
        "r": "csb:1 Kings:7:7",
        "w": 10,
        "l": {},
        "c": "1Kg 3:16–28*9759",
        "a": "k"
    },
    {
        "o": 9879,
        "r": "csb:1 Kings:7:7",
        "w": 25,
        "l": {},
        "t": "7:7*r Syr, Vg; MT reads floor",
        "a": "l"
    },
    {
        "o": 9880,
        "r": "csb:1 Kings:7:8",
        "w": 30,
        "l": {},
        "t": "7:8*r Lit daughter he had taken",
        "a": "m"
    },
    {
        "o": 9880,
        "r": "csb:1 Kings:7:8",
        "w": 30,
        "l": {},
        "c": "1Kg 3:1*9743; 9:24*10029; 2Ch 8:11*12595",
        "a": "n"
    },
    {
        "o": 9882,
        "r": "csb:1 Kings:7:10",
        "w": 11,
        "l": {},
        "t": "7:10*r Lit ten cubits and eight cubits",
        "a": "o"
    },
    {
        "o": 9884,
        "r": "csb:1 Kings:7:12",
        "w": 32,
        "l": {},
        "c": "1Kg 6:36*9868",
        "a": "p"
    },
    {
        "o": 9885,
        "r": "csb:1 Kings:7:13",
        "w": 3,
        "l": {},
        "t": "7:13*r = Huram in 2Ch 4:11",
        "a": "q"
    },
    {
        "o": 9885,
        "r": "csb:1 Kings:7:13",
        "w": 3,
        "l": {},
        "c": "1Kg 5:1–11*9812; 2Ch 2:13–14*12440",
        "a": "r"
    },
    {
        "o": 9886,
        "r": "csb:1 Kings:7:14",
        "w": 24,
        "l": {},
        "c": "Ex 31:2–5*2679",
        "a": "s"
    },
    {
        "o": 9886,
        "r": "csb:1 Kings:7:14",
        "w": 46,
        "l": {},
        "c": "2Ch 4:11*12483",
        "a": "t"
    },
    {
        "o": 9888,
        "r": "csb:1 Kings:7:15",
        "w": 4,
        "l": {},
        "c": "2Kg 25:16–17*11358; 2Ch 3:15*12465",
        "a": "u"
    },
    {
        "o": 9888,
        "r": "csb:1 Kings:7:15",
        "w": 7,
        "l": {},
        "t": "7:15*r Lit 18 cubits",
        "a": "v"
    },
    {
        "o": 9888,
        "r": "csb:1 Kings:7:15",
        "w": 11,
        "l": {},
        "t": "7:15*r Lit 12 cubits",
        "a": "w"
    },
    {
        "o": 9888,
        "r": "csb:1 Kings:7:15",
        "w": 13,
        "l": {},
        "t": "7:15*r LXX adds and the thickness of the pillar was four fingers hollowed and similarly the second pillar",
        "a": "x"
    },
    {
        "o": 9888,
        "r": "csb:1 Kings:7:15",
        "w": 13,
        "l": {},
        "c": "1Kg 7:41*9919",
        "a": "y"
    },
    {
        "o": 9889,
        "r": "csb:1 Kings:7:16",
        "w": 4,
        "l": {},
        "c": "1Kg 7:42*9920; 2Kg 25:17*11359",
        "a": "z"
    },
    {
        "o": 9889,
        "r": "csb:1 Kings:7:16",
        "w": 16,
        "l": {},
        "t": "7:16*r Lit five cubits, also in v. 23",
        "a": "a"
    },
    {
        "o": 9890,
        "r": "csb:1 Kings:7:17",
        "w": 11,
        "l": {},
        "t": "7:17*r Lit tassels",
        "a": "b"
    },
    {
        "o": 9892,
        "r": "csb:1 Kings:7:19",
        "w": 16,
        "l": {},
        "t": "7:19*r Lit four cubits, also in vv. 27,38",
        "a": "c"
    },
    {
        "o": 9893,
        "r": "csb:1 Kings:7:20",
        "w": 20,
        "l": {},
        "c": "2Ch 3:16*12466; 4:13*12485",
        "a": "d"
    },
    {
        "o": 9893,
        "r": "csb:1 Kings:7:20",
        "w": 25,
        "l": {},
        "t": "7:20*r Lit encircling the second",
        "a": "e"
    },
    {
        "o": 9894,
        "r": "csb:1 Kings:7:21",
        "w": 7,
        "l": {},
        "c": "1Kg 6:3*9835",
        "a": "f"
    },
    {
        "o": 9894,
        "r": "csb:1 Kings:7:21",
        "w": 20,
        "l": {},
        "t": "7:21*r = He Will Establish",
        "a": "g"
    },
    {
        "o": 9894,
        "r": "csb:1 Kings:7:21",
        "w": 31,
        "l": {},
        "t": "7:21*r = In Him Is Strength",
        "a": "h"
    },
    {
        "o": 9894,
        "r": "csb:1 Kings:7:21",
        "w": 31,
        "l": {},
        "c": "2Ch 3:17*12467",
        "a": "i"
    },
    {
        "o": 9895,
        "r": "csb:1 Kings:7:22",
        "w": 16,
        "l": {},
        "c": "2Kg 25:17*11359",
        "a": "j"
    },
    {
        "o": 9897,
        "r": "csb:1 Kings:7:23",
        "w": 5,
        "l": {},
        "t": "7:23*r Lit sea",
        "a": "k"
    },
    {
        "o": 9897,
        "r": "csb:1 Kings:7:23",
        "w": 5,
        "l": {},
        "c": "2Kg 25:13*11355; 1Ch 18:8*12077; 2Ch 4:6*12476",
        "a": "l"
    },
    {
        "o": 9897,
        "r": "csb:1 Kings:7:23",
        "w": 7,
        "l": {},
        "t": "7:23*r Lit 10 cubits",
        "a": "m"
    },
    {
        "o": 9898,
        "r": "csb:1 Kings:7:24",
        "w": 1,
        "l": {},
        "c": "1Kg 6:18*9850",
        "a": "n"
    },
    {
        "o": 9898,
        "r": "csb:1 Kings:7:24",
        "w": 10,
        "l": {},
        "t": "7:24*r Lit 10 per cubit",
        "a": "o"
    },
    {
        "o": 9898,
        "r": "csb:1 Kings:7:24",
        "w": 14,
        "l": {},
        "c": "2Ch 4:3*12472",
        "a": "p"
    },
    {
        "o": 9899,
        "r": "csb:1 Kings:7:25",
        "w": 4,
        "l": {},
        "c": "2Kg 16:17*11053; 2Ch 4:4–5*12473; Jr 52:20*22772",
        "a": "q"
    },
    {
        "o": 9900,
        "r": "csb:1 Kings:7:26",
        "w": 4,
        "l": {},
        "t": "7:26*r Lit a handbreadth",
        "a": "r"
    },
    {
        "o": 9900,
        "r": "csb:1 Kings:7:26",
        "w": 26,
        "l": {},
        "t": "7:26*r Lit 2,000 baths",
        "a": "s"
    },
    {
        "o": 9902,
        "r": "csb:1 Kings:7:27",
        "w": 6,
        "l": {},
        "t": "7:27*r Lit bronze stands",
        "a": "t"
    },
    {
        "o": 9902,
        "r": "csb:1 Kings:7:27",
        "w": 6,
        "l": {},
        "c": "2Kg 25:13*11355; 2Ch 4:14*12486",
        "a": "u"
    },
    {
        "o": 9902,
        "r": "csb:1 Kings:7:27",
        "w": 19,
        "l": {},
        "t": "7:27*r Lit three cubits",
        "a": "v"
    },
    {
        "o": 9904,
        "r": "csb:1 Kings:7:29",
        "w": 11,
        "l": {},
        "c": "1Kg 6:29,32*9861",
        "a": "w"
    },
    {
        "o": 9904,
        "r": "csb:1 Kings:7:29",
        "w": 29,
        "l": {},
        "t": "7:29*r Or hammered-down",
        "a": "x"
    },
    {
        "o": 9905,
        "r": "csb:1 Kings:7:30",
        "w": 1,
        "l": {},
        "c": "2Kg 16:17*11053",
        "a": "y"
    },
    {
        "o": 9906,
        "r": "csb:1 Kings:7:31",
        "w": 12,
        "l": {},
        "t": "7:31*r Lit a cubit",
        "a": "z"
    },
    {
        "o": 9906,
        "r": "csb:1 Kings:7:31",
        "w": 23,
        "l": {},
        "t": "7:31*r Lit one and a half cubits",
        "a": "a"
    },
    {
        "o": 9907,
        "r": "csb:1 Kings:7:32",
        "w": 21,
        "l": {},
        "t": "7:32*r Lit was one and a half cubits",
        "a": "b"
    },
    {
        "o": 9910,
        "r": "csb:1 Kings:7:35",
        "w": 10,
        "l": {},
        "t": "7:35*r Lit half a cubit",
        "a": "c"
    },
    {
        "o": 9911,
        "r": "csb:1 Kings:7:36",
        "w": 6,
        "l": {},
        "c": "1Kg 6:29*9861",
        "a": "d"
    },
    {
        "o": 9914,
        "r": "csb:1 Kings:7:38",
        "w": 5,
        "l": {},
        "c": "Ex 30:18*2653; 2Ch 4:6*12476",
        "a": "e"
    },
    {
        "o": 9914,
        "r": "csb:1 Kings:7:38",
        "w": 10,
        "l": {},
        "t": "7:38*r Lit 40 baths",
        "a": "f"
    },
    {
        "o": 9915,
        "r": "csb:1 Kings:7:39",
        "w": 31,
        "l": {},
        "c": "2Ch 4:10*12480",
        "a": "g"
    },
    {
        "o": 9916,
        "r": "csb:1 Kings:7:40",
        "w": 2,
        "l": {},
        "c": "2Ch 4:11–5:1*12483",
        "a": "h"
    },
    {
        "o": 9919,
        "r": "csb:1 Kings:7:41",
        "w": 1,
        "l": {},
        "c": "1Kg 7:15*9888",
        "a": "i"
    },
    {
        "o": 9919,
        "r": "csb:1 Kings:7:41",
        "w": 30,
        "l": {},
        "c": "1Kg 7:17*9890",
        "a": "j"
    },
    {
        "o": 9920,
        "r": "csb:1 Kings:7:42",
        "w": 23,
        "l": {},
        "c": "1Kg 7:20*9893",
        "a": "k"
    },
    {
        "o": 9921,
        "r": "csb:1 Kings:7:43",
        "w": 3,
        "l": {},
        "c": "1Kg 7:27*9902",
        "a": "l"
    },
    {
        "o": 9921,
        "r": "csb:1 Kings:7:43",
        "w": 10,
        "l": {},
        "c": "1Kg 7:38*9914",
        "a": "m"
    },
    {
        "o": 9922,
        "r": "csb:1 Kings:7:44",
        "w": 1,
        "l": {},
        "c": "1Kg 7:23*9897",
        "a": "n"
    },
    {
        "o": 9922,
        "r": "csb:1 Kings:7:44",
        "w": 7,
        "l": {},
        "c": "1Kg 7:25*9899",
        "a": "o"
    },
    {
        "o": 9923,
        "r": "csb:1 Kings:7:45",
        "w": 6,
        "l": {},
        "c": "Ex 27:3*2513",
        "a": "p"
    },
    {
        "o": 9924,
        "r": "csb:1 Kings:7:46",
        "w": 13,
        "l": {},
        "c": "Gn 33:17*1076",
        "a": "q"
    },
    {
        "o": 9924,
        "r": "csb:1 Kings:7:46",
        "w": 15,
        "l": {},
        "c": "Jos 3:16*6527; 1Kg 4:12*9785",
        "a": "r"
    },
    {
        "o": 9925,
        "r": "csb:1 Kings:7:47",
        "w": 18,
        "l": {},
        "c": "1Ch 22:3,14*12157",
        "a": "s"
    },
    {
        "o": 9927,
        "r": "csb:1 Kings:7:48",
        "w": 24,
        "l": {},
        "c": "Ex 25:30*2459; 30:1–3*2634; 2Ch 29:18*13123",
        "a": "t"
    },
    {
        "o": 9928,
        "r": "csb:1 Kings:7:49",
        "w": 18,
        "l": {},
        "c": "Ex 25:31–36*2460",
        "a": "u"
    },
    {
        "o": 9929,
        "r": "csb:1 Kings:7:50",
        "w": 9,
        "l": {},
        "t": "7:50*r Or dishes, or spoons; lit palms",
        "a": "v"
    },
    {
        "o": 9929,
        "r": "csb:1 Kings:7:50",
        "w": 11,
        "l": {},
        "c": "2Kg 25:15*11357",
        "a": "w"
    },
    {
        "o": 9930,
        "r": "csb:1 Kings:7:51",
        "w": 12,
        "l": {},
        "c": "1Kg 6:37–38*9869",
        "a": "x"
    },
    {
        "o": 9930,
        "r": "csb:1 Kings:7:51",
        "w": 23,
        "l": {},
        "c": "2Sm 8:9–12*9084; 2Ch 5:1*12498",
        "a": "y"
    },
    {
        "o": 9930,
        "r": "csb:1 Kings:7:51",
        "w": 40,
        "l": {},
        "c": "2Ch 36:18*13359",
        "a": "z"
    }
]
