[
    {
        "o": 33536,
        "r": "csb:1 Thessalonians:4:1",
        "w": 33,
        "l": {},
        "t": "4:1*r Lit walking",
        "a": "a"
    },
    {
        "o": 33538,
        "r": "csb:1 Thessalonians:4:3",
        "w": 4,
        "l": {},
        "c": "1Th 5:18*33576",
        "a": "b"
    },
    {
        "o": 33538,
        "r": "csb:1 Thessalonians:4:3",
        "w": 6,
        "l": {},
        "c": "Rm 6:19,22*31788; 1Co 1:30*32142; 2Th 2:13*33617; 1Tm 2:15*33686; Heb 12:14*34263; 1Pt 1:2*34437",
        "a": "c"
    },
    {
        "o": 33538,
        "r": "csb:1 Thessalonians:4:3",
        "w": 10,
        "l": {},
        "c": "1Tm 4:3*33710",
        "a": "d"
    },
    {
        "o": 33539,
        "r": "csb:1 Thessalonians:4:4",
        "w": 10,
        "l": {},
        "t": "4:4*r Or to acquire his own wife; lit to possess his own vessel",
        "a": "e"
    },
    {
        "o": 33540,
        "r": "csb:1 Thessalonians:4:5",
        "w": 3,
        "l": {},
        "c": "2Pt 1:4*34563; 2:10*34593",
        "a": "f"
    },
    {
        "o": 33541,
        "r": "csb:1 Thessalonians:4:6",
        "w": 9,
        "l": {},
        "c": "2Co 12:17*32881",
        "a": "g"
    },
    {
        "o": 33542,
        "r": "csb:1 Thessalonians:4:7",
        "w": 7,
        "l": {},
        "c": "Mt 23:27*27039; 2Co 12:21*32885; Gl 5:19*33042; Eph 4:19*33169; 5:3*33186; Col 3:5*33436; 1Th 2:3*33497",
        "a": "h"
    },
    {
        "o": 33543,
        "r": "csb:1 Thessalonians:4:8",
        "w": 16,
        "l": {},
        "c": "Ps 51:11*16373; Jn 1:33*29499; Ac 2:4*30495; Rm 8:9*31832; Gl 5:25*33048; Ti 3:5*33922; 1Jn 5:8*34735; Rv 3:22*34902",
        "a": "i"
    },
    {
        "o": 33545,
        "r": "csb:1 Thessalonians:4:9",
        "w": 16,
        "l": {},
        "c": "Jn 6:45*29746",
        "a": "j"
    },
    {
        "o": 33545,
        "r": "csb:1 Thessalonians:4:9",
        "w": 20,
        "l": {},
        "c": "1Jn 3:11*34688",
        "a": "k"
    },
    {
        "o": 33546,
        "r": "csb:1 Thessalonians:4:10",
        "w": 17,
        "l": {},
        "c": "Ac 16:9*31109",
        "a": "l"
    },
    {
        "o": 33547,
        "r": "csb:1 Thessalonians:4:11",
        "w": 6,
        "l": {},
        "c": "Lk 14:4*28907; 23:56*29404; Ac 11:18*30920; 21:14*31322",
        "a": "m"
    },
    {
        "o": 33547,
        "r": "csb:1 Thessalonians:4:11",
        "w": 11,
        "l": {},
        "t": "4:11*r Lit to practice one’s own things",
        "a": "n"
    },
    {
        "o": 33547,
        "r": "csb:1 Thessalonians:4:11",
        "w": 14,
        "l": {},
        "c": "2Th 3:12*33636; 2Jn 8*34761",
        "a": "o"
    },
    {
        "o": 33548,
        "r": "csb:1 Thessalonians:4:12",
        "w": 5,
        "l": {},
        "c": "Rm 13:13*32009; 1Co 14:40*32510",
        "a": "p"
    },
    {
        "o": 33548,
        "r": "csb:1 Thessalonians:4:12",
        "w": 16,
        "l": {},
        "t": "4:12*r Or not need anything, or not be in need",
        "a": "q"
    },
    {
        "o": 33548,
        "r": "csb:1 Thessalonians:4:12",
        "w": 16,
        "l": {},
        "c": "Eph 4:28*33178",
        "a": "r"
    },
    {
        "o": 33550,
        "r": "csb:1 Thessalonians:4:13",
        "w": 28,
        "l": {},
        "c": "Jr 14:19*21648; Eph 2:12*33113; 1Th 1:3*33485",
        "a": "s"
    },
    {
        "o": 33551,
        "r": "csb:1 Thessalonians:4:14",
        "w": 8,
        "l": {},
        "c": "Lk 18:33*29093",
        "a": "t"
    },
    {
        "o": 33551,
        "r": "csb:1 Thessalonians:4:14",
        "w": 9,
        "l": {},
        "c": "Rm 14:9,15*32021; 1Co 8:11*32312; 15:3–4*32515; 2Co 5:15*32715",
        "a": "u"
    },
    {
        "o": 33551,
        "r": "csb:1 Thessalonians:4:14",
        "w": 15,
        "l": {},
        "c": "Jn 14:19*30179; Rm 8:11*31835; 1Co 6:14*32247; 15:18–20*32531; 2Co 4:14*32693; Php 1:23*33276",
        "a": "v"
    },
    {
        "o": 33552,
        "r": "csb:1 Thessalonians:4:15",
        "w": 11,
        "l": {},
        "c": "2Pt 1:21*34581; Rv 11:8*35044",
        "a": "w"
    },
    {
        "o": 33552,
        "r": "csb:1 Thessalonians:4:15",
        "w": 20,
        "l": {},
        "c": "1Jn 2:28*34674",
        "a": "x"
    },
    {
        "o": 33552,
        "r": "csb:1 Thessalonians:4:15",
        "w": 29,
        "l": {},
        "c": "1Co 15:51*32568",
        "a": "y"
    },
    {
        "o": 33553,
        "r": "csb:1 Thessalonians:4:16",
        "w": 10,
        "l": {},
        "t": "4:16*r Or command",
        "a": "z"
    },
    {
        "o": 33553,
        "r": "csb:1 Thessalonians:4:16",
        "w": 10,
        "l": {},
        "c": "Jn 5:25*29674",
        "a": "a"
    },
    {
        "o": 33553,
        "r": "csb:1 Thessalonians:4:16",
        "w": 13,
        "l": {},
        "c": "Jd 9*34800",
        "a": "b"
    },
    {
        "o": 33553,
        "r": "csb:1 Thessalonians:4:16",
        "w": 25,
        "l": {},
        "c": "Rm 16:7*32084; 1Co 15:18*32531; 1Pt 5:14*34556; Rv 14:13*35117; 20:5*35245",
        "a": "c"
    },
    {
        "o": 33554,
        "r": "csb:1 Thessalonians:4:17",
        "w": 0,
        "l": {},
        "c": "1Co 15:23,51–52*32537",
        "a": "d"
    },
    {
        "o": 33554,
        "r": "csb:1 Thessalonians:4:17",
        "w": 18,
        "l": {},
        "c": "Mt 26:64*27235",
        "a": "e"
    },
    {
        "o": 33555,
        "r": "csb:1 Thessalonians:4:18",
        "w": 1,
        "l": {},
        "t": "4:18*r Or comfort",
        "a": "f"
    }
]
