[
    {
        "o": 32302,
        "r": "csb:1 Corinthians:8:1",
        "w": 5,
        "l": {},
        "c": "Ac 15:29*31085; 21:25*31334; 1Co 10:19*32365; Rv 2:14,20*34860",
        "a": "a"
    },
    {
        "o": 32302,
        "r": "csb:1 Corinthians:8:1",
        "w": 15,
        "l": {},
        "c": "1Co 4:6*32198",
        "a": "b"
    },
    {
        "o": 32302,
        "r": "csb:1 Corinthians:8:1",
        "w": 17,
        "l": {},
        "c": "1Co 13:1–13*32455",
        "a": "c"
    },
    {
        "o": 32303,
        "r": "csb:1 Corinthians:8:2",
        "w": 17,
        "l": {},
        "c": "1Co 3:18*32184; 13:8–12*32462; 1Tm 6:4*33761",
        "a": "d"
    },
    {
        "o": 32304,
        "r": "csb:1 Corinthians:8:3",
        "w": 4,
        "l": {},
        "c": "Dt 6:5*5600; Lk 10:27*28709",
        "a": "e"
    },
    {
        "o": 32304,
        "r": "csb:1 Corinthians:8:3",
        "w": 7,
        "l": {},
        "c": "Pr 2:6*18412",
        "a": "f"
    },
    {
        "o": 32305,
        "r": "csb:1 Corinthians:8:4",
        "w": 16,
        "l": {},
        "t": "8:4*r Or an idol has no real existence",
        "a": "g"
    },
    {
        "o": 32305,
        "r": "csb:1 Corinthians:8:4",
        "w": 24,
        "l": {},
        "c": "Dt 6:4*5599",
        "a": "h"
    },
    {
        "o": 32306,
        "r": "csb:1 Corinthians:8:5",
        "w": 6,
        "l": {},
        "c": "2Th 2:4*33607",
        "a": "i"
    },
    {
        "o": 32307,
        "r": "csb:1 Corinthians:8:6",
        "w": 8,
        "l": {},
        "c": "Mt 5:16*26231; 11:27*26510; Lk 11:13*28742; Jn 8:42*29880; Eph 5:20*33205",
        "a": "j"
    },
    {
        "o": 32307,
        "r": "csb:1 Corinthians:8:6",
        "w": 13,
        "l": {},
        "c": "Ps 104:24*17420; Col 1:16*33390; Rv 3:14*34894",
        "a": "k"
    },
    {
        "o": 32307,
        "r": "csb:1 Corinthians:8:6",
        "w": 35,
        "l": {},
        "c": "Jn 1:3*29467",
        "a": "l"
    },
    {
        "o": 32309,
        "r": "csb:1 Corinthians:8:8",
        "w": 7,
        "l": {},
        "t": "8:8*r Or bring us before (the judgment seat of) God",
        "a": "m"
    },
    {
        "o": 32309,
        "r": "csb:1 Corinthians:8:8",
        "w": 25,
        "l": {},
        "c": "Rm 14:17*32030",
        "a": "n"
    },
    {
        "o": 32310,
        "r": "csb:1 Corinthians:8:9",
        "w": 14,
        "l": {},
        "c": "Ex 23:33*2404; Rm 14:20*32033",
        "a": "o"
    },
    {
        "o": 32311,
        "r": "csb:1 Corinthians:8:10",
        "w": 20,
        "l": {},
        "t": "8:10*r Or built up",
        "a": "p"
    },
    {
        "o": 32312,
        "r": "csb:1 Corinthians:8:11",
        "w": 11,
        "l": {},
        "c": "Jn 11:51*30047; Rm 5:6,8*31750; 8:34*31860; 14:9,15*32021; 1Co 15:3*32515; Gl 2:21*32952; Eph 5:2*33185; 1Th 5:10*33567",
        "a": "q"
    },
    {
        "o": 32312,
        "r": "csb:1 Corinthians:8:11",
        "w": 13,
        "l": {},
        "t": "8:11*r Or destroyed",
        "a": "r"
    },
    {
        "o": 32312,
        "r": "csb:1 Corinthians:8:11",
        "w": 13,
        "l": {},
        "c": "Heb 6:8*34069",
        "a": "s"
    },
    {
        "o": 32312,
        "r": "csb:1 Corinthians:8:11",
        "w": 16,
        "l": {},
        "c": "Mt 25:45*27161",
        "a": "t"
    },
    {
        "o": 32314,
        "r": "csb:1 Corinthians:8:13",
        "w": 15,
        "l": {},
        "c": "Dt 12:15*5781",
        "a": "u"
    }
]
