[
    {
        "o": 9199,
        "r": "csb:2 Samuel:13:1",
        "w": 5,
        "l": {},
        "c": "2Sm 3:3*8938",
        "a": "a"
    },
    {
        "o": 9199,
        "r": "csb:2 Samuel:13:1",
        "w": 11,
        "l": {},
        "c": "2Sm 14:27*9267; 1Ch 3:9*11502",
        "a": "b"
    },
    {
        "o": 9199,
        "r": "csb:2 Samuel:13:1",
        "w": 15,
        "l": {},
        "c": "2Sm 3:2*8937",
        "a": "c"
    },
    {
        "o": 9201,
        "r": "csb:2 Samuel:13:3",
        "w": 11,
        "l": {},
        "c": "1Sm 16:9*8415; 17:13*8445; 1Ch 2:13*11448",
        "a": "d"
    },
    {
        "o": 9202,
        "r": "csb:2 Samuel:13:4",
        "w": 11,
        "l": {},
        "c": "Gn 41:19*1336; 2Sm 3:1*8936",
        "a": "e"
    },
    {
        "o": 9203,
        "r": "csb:2 Samuel:13:5",
        "w": 42,
        "l": {},
        "c": "Jr 7:18*21444",
        "a": "f"
    },
    {
        "o": 9209,
        "r": "csb:2 Samuel:13:11",
        "w": 12,
        "l": {},
        "t": "13:11*r Lit said to her",
        "a": "g"
    },
    {
        "o": 9210,
        "r": "csb:2 Samuel:13:12",
        "w": 6,
        "l": {},
        "c": "Dt 21:14*6022; Ru 2:15*7929; 2Sm 19:3*9411; Jb 19:3*14785; Ps 35:4*16037; 44:9*16230; 136:23*18150; Pr 28:7*19221; Jr 14:3*21630; 50:12*22645; Ezk 36:32*24062; 2Co 12:21*32885",
        "a": "h"
    },
    {
        "o": 9210,
        "r": "csb:2 Samuel:13:12",
        "w": 17,
        "l": {},
        "c": "Gn 20:9*558; 34:7*1088; Lv 18:9*3606; 20:17*3686",
        "a": "i"
    },
    {
        "o": 9210,
        "r": "csb:2 Samuel:13:12",
        "w": 21,
        "l": {},
        "c": "Dt 22:21*6058; Jos 7:15*6621; Jdg 19:23–24*7803; 20:6*7818; Jr 29:23*22055",
        "a": "j"
    },
    {
        "o": 9214,
        "r": "csb:2 Samuel:13:16",
        "w": 2,
        "l": {},
        "t": "13:16*r Lit she said to him",
        "a": "k"
    },
    {
        "o": 9216,
        "r": "csb:2 Samuel:13:18",
        "w": 16,
        "l": {},
        "t": "13:18*r Or ornate; Gn 37:3",
        "a": "l"
    },
    {
        "o": 9217,
        "r": "csb:2 Samuel:13:19",
        "w": 20,
        "l": {},
        "c": "Jr 2:37*21288",
        "a": "m"
    },
    {
        "o": 9218,
        "r": "csb:2 Samuel:13:20",
        "w": 35,
        "l": {},
        "c": "Is 54:1*20975; 62:4*21127",
        "a": "n"
    },
    {
        "o": 9220,
        "r": "csb:2 Samuel:13:21",
        "w": 10,
        "l": {},
        "t": "13:21*r LXX, DSS add but he did not grieve the spirit of Amnon his son, for he loved him because he was his firstborn; 1Kg 1:6",
        "a": "o"
    },
    {
        "o": 9226,
        "r": "csb:2 Samuel:13:27",
        "w": 12,
        "l": {},
        "t": "13:27*r LXX adds And Absalom prepared a feast like a royal feast.",
        "a": "p"
    },
    {
        "o": 9227,
        "r": "csb:2 Samuel:13:28",
        "w": 43,
        "l": {},
        "c": "Jos 1:9*6473",
        "a": "q"
    },
    {
        "o": 9230,
        "r": "csb:2 Samuel:13:31",
        "w": 24,
        "l": {},
        "c": "2Sm 1:11*8883",
        "a": "r"
    },
    {
        "o": 9231,
        "r": "csb:2 Samuel:13:32",
        "w": 6,
        "l": {},
        "c": "2Sm 13:3–5*9201",
        "a": "s"
    },
    {
        "o": 9231,
        "r": "csb:2 Samuel:13:32",
        "w": 34,
        "l": {},
        "t": "13:32*r Lit In fact, it was established on the mouth of Absalom",
        "a": "t"
    },
    {
        "o": 9233,
        "r": "csb:2 Samuel:13:34",
        "w": 30,
        "l": {},
        "t": "13:34*r LXX adds And the watchman came and reported to the king saying, “I see men on the Horonaim road on the side of the mountain.”",
        "a": "u"
    },
    {
        "o": 9236,
        "r": "csb:2 Samuel:13:37",
        "w": 12,
        "l": {},
        "c": "2Sm 3:3*8938; 1Ch 3:2*11494",
        "a": "v"
    },
    {
        "o": 9236,
        "r": "csb:2 Samuel:13:37",
        "w": 18,
        "l": {},
        "t": "13:37*r Probably Amnon",
        "a": "w"
    },
    {
        "o": 9238,
        "r": "csb:2 Samuel:13:39",
        "w": 1,
        "l": {},
        "t": "13:39*r DSS, LXX, Tg read David’s spirit",
        "a": "x"
    }
]
