[
    {
        "o": 9096,
        "r": "csb:2 Samuel:9:1",
        "w": 14,
        "l": {},
        "c": "Gn 19:19*527; 24:12*668; 40:14*1306; 47:29*1593; Jos 2:12*6497; Jdg 8:35*7481; 2Sm 2:6*8907",
        "a": "a"
    },
    {
        "o": 9096,
        "r": "csb:2 Samuel:9:1",
        "w": 18,
        "l": {},
        "c": "1Sm 18:3*8495; 20:14–17,42*8566",
        "a": "b"
    },
    {
        "o": 9097,
        "r": "csb:2 Samuel:9:2",
        "w": 8,
        "l": {},
        "c": "2Sm 16:1–4*9315",
        "a": "c"
    },
    {
        "o": 9098,
        "r": "csb:2 Samuel:9:3",
        "w": 35,
        "l": {},
        "c": "2Sm 4:4*8981",
        "a": "d"
    },
    {
        "o": 9102,
        "r": "csb:2 Samuel:9:7",
        "w": 39,
        "l": {},
        "c": "1Kg 2:7*9697",
        "a": "e"
    },
    {
        "o": 9103,
        "r": "csb:2 Samuel:9:8",
        "w": 17,
        "l": {},
        "c": "1Sm 24:14*8687; 2Sm 16:9*9324",
        "a": "f"
    },
    {
        "o": 9106,
        "r": "csb:2 Samuel:9:11",
        "w": 19,
        "l": {},
        "t": "9:11*r LXX; Syr reads the king’s; Vg reads your; MT reads my",
        "a": "g"
    },
    {
        "o": 9107,
        "r": "csb:2 Samuel:9:12",
        "w": 8,
        "l": {},
        "c": "1Ch 8:34*11763",
        "a": "h"
    }
]
