[
    {
        "o": 9044,
        "r": "csb:2 Samuel:7:1",
        "w": 7,
        "l": {},
        "c": "2Sm 5:11*9002",
        "a": "a"
    },
    {
        "o": 9045,
        "r": "csb:2 Samuel:7:2",
        "w": 6,
        "l": {},
        "c": "2Sm 12:1–7*9162; 1Kg 1:8–11,34–45*9640; 2Ch 9:29*12636; 29:25*13131",
        "a": "b"
    },
    {
        "o": 9045,
        "r": "csb:2 Samuel:7:2",
        "w": 23,
        "l": {},
        "c": "Ex 26:1*2472; 1Ch 17:1*12040",
        "a": "c"
    },
    {
        "o": 9048,
        "r": "csb:2 Samuel:7:5",
        "w": 22,
        "l": {},
        "c": "1Kg 5:3*9814; 8:19*9951; 1Ch 22:8*12162; 28:3*12350",
        "a": "d"
    },
    {
        "o": 9049,
        "r": "csb:2 Samuel:7:6",
        "w": 30,
        "l": {},
        "c": "Ex 25:8–9*2434; 26:1*2472",
        "a": "e"
    },
    {
        "o": 9051,
        "r": "csb:2 Samuel:7:8",
        "w": 37,
        "l": {},
        "c": "1Sm 16:11–13*8417",
        "a": "f"
    },
    {
        "o": 9052,
        "r": "csb:2 Samuel:7:9",
        "w": 23,
        "l": {},
        "c": "Gn 11:4*300; 12:2*333; 2Sm 7:23*9067; Neh 9:10*13936; Is 55:13*21006; 63:14*21153; Jr 32:20*22162",
        "a": "g"
    },
    {
        "o": 9052,
        "r": "csb:2 Samuel:7:9",
        "w": 33,
        "l": {},
        "c": "1Sm 18:14*8507; 2Sm 5:10*9001; 8:6*9081",
        "a": "h"
    },
    {
        "o": 9053,
        "r": "csb:2 Samuel:7:10",
        "w": 4,
        "l": {},
        "c": "1Kg 8:21*9954",
        "a": "i"
    },
    {
        "o": 9053,
        "r": "csb:2 Samuel:7:10",
        "w": 11,
        "l": {},
        "c": "Ex 15:17*2135; Ps 44:2*16223; 80:8,16*16965; Is 5:2*19862; Jr 1:10*21238; 2:21*21271; 11:17*21567; 12:2*21577; 18:9*21747; 24:6*21907; 31:28*22127; 32:41*22183; 42:10*22428; 45:4*22495; Am 9:15*25345",
        "a": "j"
    },
    {
        "o": 9054,
        "r": "csb:2 Samuel:7:11",
        "w": 12,
        "l": {},
        "c": "Jdg 2:14–16*7264; 1Sm 12:9–11*8268",
        "a": "k"
    },
    {
        "o": 9055,
        "r": "csb:2 Samuel:7:12",
        "w": 29,
        "l": {},
        "c": "Ac 13:23*30989",
        "a": "l"
    },
    {
        "o": 9056,
        "r": "csb:2 Samuel:7:13",
        "w": 11,
        "l": {},
        "c": "1Kg 5:2–5*9813; 6:12*9844; 8:18–19*9950; Ac 7:47*30733",
        "a": "m"
    },
    {
        "o": 9056,
        "r": "csb:2 Samuel:7:13",
        "w": 21,
        "l": {},
        "c": "Lk 1:32–33*28168",
        "a": "n"
    },
    {
        "o": 9057,
        "r": "csb:2 Samuel:7:14",
        "w": 10,
        "l": {},
        "c": "Ps 2:7*15478; Heb 1:5*33971; Rv 21:7*35266",
        "a": "o"
    },
    {
        "o": 9058,
        "r": "csb:2 Samuel:7:15",
        "w": 7,
        "l": {},
        "c": "Ps 89:21,28,33*17133",
        "a": "p"
    },
    {
        "o": 9058,
        "r": "csb:2 Samuel:7:15",
        "w": 22,
        "l": {},
        "c": "1Sm 15:24–28*8393",
        "a": "q"
    },
    {
        "o": 9059,
        "r": "csb:2 Samuel:7:16",
        "w": 7,
        "l": {},
        "t": "7:16*r Some Hb mss, LXX, Syr; other Hb mss read you",
        "a": "r"
    },
    {
        "o": 9059,
        "r": "csb:2 Samuel:7:16",
        "w": 8,
        "l": {},
        "c": "Lk 1:32–33*28168",
        "a": "s"
    },
    {
        "o": 9059,
        "r": "csb:2 Samuel:7:16",
        "w": 15,
        "l": {},
        "c": "Ps 89:3–4,26–37*17115; Ezk 34:23–24*24002; Rv 11:15*35053",
        "a": "t"
    },
    {
        "o": 9062,
        "r": "csb:2 Samuel:7:18",
        "w": 4,
        "l": {},
        "c": "1Ch 17:16–27*12056",
        "a": "u"
    },
    {
        "o": 9063,
        "r": "csb:2 Samuel:7:19",
        "w": 5,
        "l": {},
        "t": "7:19*r Lit Yet this",
        "a": "v"
    },
    {
        "o": 9063,
        "r": "csb:2 Samuel:7:19",
        "w": 31,
        "l": {},
        "t": "7:19*r Or custom, or instruction",
        "a": "w"
    },
    {
        "o": 9064,
        "r": "csb:2 Samuel:7:20",
        "w": 10,
        "l": {},
        "c": "Ps 139:1–4*18179",
        "a": "x"
    },
    {
        "o": 9066,
        "r": "csb:2 Samuel:7:22",
        "w": 5,
        "l": {},
        "c": "1Ch 16:25*12019; 2Ch 2:5*12431",
        "a": "y"
    },
    {
        "o": 9066,
        "r": "csb:2 Samuel:7:22",
        "w": 20,
        "l": {},
        "c": "Mk 12:32*27909",
        "a": "z"
    },
    {
        "o": 9067,
        "r": "csb:2 Samuel:7:23",
        "w": 32,
        "l": {},
        "t": "7:23*r Some Hb mss, Tg, Vg, Syr; other Hb mss read you",
        "a": "a"
    },
    {
        "o": 9067,
        "r": "csb:2 Samuel:7:23",
        "w": 36,
        "l": {},
        "t": "7:23*r LXX; MT reads acts for your land",
        "a": "b"
    },
    {
        "o": 9067,
        "r": "csb:2 Samuel:7:23",
        "w": 51,
        "l": {},
        "c": "Dt 4:32–38*5538",
        "a": "c"
    },
    {
        "o": 9068,
        "r": "csb:2 Samuel:7:24",
        "w": 17,
        "l": {},
        "c": "Ex 6:7*1832; Dt 26:18*6172",
        "a": "d"
    },
    {
        "o": 9070,
        "r": "csb:2 Samuel:7:26",
        "w": 25,
        "l": {},
        "c": "Lk 1:69*28209",
        "a": "e"
    },
    {
        "o": 9073,
        "r": "csb:2 Samuel:7:29",
        "w": 30,
        "l": {},
        "c": "2Sm 22:51*9558; Ps 89:28–29*17140",
        "a": "f"
    }
]
