[
    {
        "o": 32700,
        "r": "csb:2 Corinthians:5:1",
        "w": 10,
        "l": {},
        "c": "2Pt 1:13*34572",
        "a": "a"
    },
    {
        "o": 32700,
        "r": "csb:2 Corinthians:5:1",
        "w": 24,
        "l": {},
        "c": "Eph 6:9*33232; Php 2:10*33296",
        "a": "b"
    },
    {
        "o": 32700,
        "r": "csb:2 Corinthians:5:1",
        "w": 28,
        "l": {},
        "c": "Col 2:11*33417",
        "a": "c"
    },
    {
        "o": 32701,
        "r": "csb:2 Corinthians:5:2",
        "w": 6,
        "l": {},
        "c": "1Pt 2:2*34465",
        "a": "d"
    },
    {
        "o": 32702,
        "r": "csb:2 Corinthians:5:3",
        "w": 4,
        "l": {},
        "t": "5:3*r Other mss read when we have taken it off",
        "a": "e"
    },
    {
        "o": 32702,
        "r": "csb:2 Corinthians:5:3",
        "w": 10,
        "l": {},
        "c": "Mt 25:36*27152; Lk 10:30*28712",
        "a": "f"
    },
    {
        "o": 32703,
        "r": "csb:2 Corinthians:5:4",
        "w": 25,
        "l": {},
        "c": "Rm 7:24*31820; 8:23*31848; 1Co 15:26*32540",
        "a": "g"
    },
    {
        "o": 32706,
        "r": "csb:2 Corinthians:5:7",
        "w": 4,
        "l": {},
        "c": "Mt 8:10*26357; Ac 3:16*30560; Rm 1:8*31615; 1Co 2:5*32151; Gl 2:16*32947; 1Tm 1:2*33648; Heb 4:2*34027",
        "a": "h"
    },
    {
        "o": 32706,
        "r": "csb:2 Corinthians:5:7",
        "w": 7,
        "l": {},
        "c": "Lk 3:22*28307",
        "a": "i"
    },
    {
        "o": 32707,
        "r": "csb:2 Corinthians:5:8",
        "w": 20,
        "l": {},
        "c": "Php 1:23*33276",
        "a": "j"
    },
    {
        "o": 32708,
        "r": "csb:2 Corinthians:5:9",
        "w": 15,
        "l": {},
        "c": "Heb 13:21*34302",
        "a": "k"
    },
    {
        "o": 32709,
        "r": "csb:2 Corinthians:5:10",
        "w": 8,
        "l": {},
        "c": "Jn 5:22–30*29670",
        "a": "l"
    },
    {
        "o": 32709,
        "r": "csb:2 Corinthians:5:10",
        "w": 10,
        "l": {},
        "c": "Mt 25:31–46*27147; Php 1:6*33257; Heb 10:31*34195",
        "a": "m"
    },
    {
        "o": 32709,
        "r": "csb:2 Corinthians:5:10",
        "w": 16,
        "l": {},
        "c": "Mt 16:27*26760",
        "a": "n"
    },
    {
        "o": 32710,
        "r": "csb:2 Corinthians:5:11",
        "w": 8,
        "l": {},
        "c": "Ps 147:11*18323; Pr 1:7*18377; 1Pt 1:17*34453; Rv 14:7*35110",
        "a": "o"
    },
    {
        "o": 32712,
        "r": "csb:2 Corinthians:5:13",
        "w": 7,
        "l": {},
        "c": "Ac 10:45*30896",
        "a": "p"
    },
    {
        "o": 32712,
        "r": "csb:2 Corinthians:5:13",
        "w": 18,
        "l": {},
        "c": "1Pt 4:7*34526",
        "a": "q"
    },
    {
        "o": 32713,
        "r": "csb:2 Corinthians:5:14",
        "w": 17,
        "l": {},
        "c": "Jn 11:51*30047; 2Co 4:10*32689",
        "a": "r"
    },
    {
        "o": 32714,
        "r": "csb:2 Corinthians:5:15",
        "w": 4,
        "l": {},
        "c": "Lk 20:38*29201; Heb 2:9*33992",
        "a": "s"
    },
    {
        "o": 32714,
        "r": "csb:2 Corinthians:5:15",
        "w": 15,
        "l": {},
        "c": "Rm 14:7*32019",
        "a": "t"
    },
    {
        "o": 32714,
        "r": "csb:2 Corinthians:5:15",
        "w": 19,
        "l": {},
        "c": "Lk 20:38*29201",
        "a": "u"
    },
    {
        "o": 32716,
        "r": "csb:2 Corinthians:5:16",
        "w": 12,
        "l": {},
        "t": "5:16*r Lit anyone according to the flesh",
        "a": "v"
    },
    {
        "o": 32716,
        "r": "csb:2 Corinthians:5:16",
        "w": 22,
        "l": {},
        "t": "5:16*r Lit Christ according to the flesh",
        "a": "w"
    },
    {
        "o": 32717,
        "r": "csb:2 Corinthians:5:17",
        "w": 10,
        "l": {},
        "c": "Jn 1:3*29467; Rv 3:14*34894",
        "a": "x"
    },
    {
        "o": 32717,
        "r": "csb:2 Corinthians:5:17",
        "w": 17,
        "l": {},
        "c": "Rm 8:24*31849",
        "a": "y"
    },
    {
        "o": 32717,
        "r": "csb:2 Corinthians:5:17",
        "w": 20,
        "l": {},
        "t": "5:17*r Other mss read look, all new things have",
        "a": "z"
    },
    {
        "o": 32717,
        "r": "csb:2 Corinthians:5:17",
        "w": 21,
        "l": {},
        "c": "Is 43:19*20751; 65:17*21191; Rm 6:4*31772; Eph 4:24*33174; Rv 21:5*35264",
        "a": "a"
    },
    {
        "o": 32718,
        "r": "csb:2 Corinthians:5:18",
        "w": 19,
        "l": {},
        "c": "Rm 5:11*31756",
        "a": "b"
    },
    {
        "o": 32719,
        "r": "csb:2 Corinthians:5:19",
        "w": 8,
        "l": {},
        "c": "2Pt 2:20*34603",
        "a": "c"
    },
    {
        "o": 32719,
        "r": "csb:2 Corinthians:5:19",
        "w": 10,
        "l": {},
        "c": "Ti 2:11*33911",
        "a": "d"
    },
    {
        "o": 32720,
        "r": "csb:2 Corinthians:5:20",
        "w": 3,
        "l": {},
        "c": "Eph 6:20*33244",
        "a": "e"
    },
    {
        "o": 32720,
        "r": "csb:2 Corinthians:5:20",
        "w": 18,
        "l": {},
        "c": "2Co 12:10*32873; Php 1:29*33282",
        "a": "f"
    },
    {
        "o": 32721,
        "r": "csb:2 Corinthians:5:21",
        "w": 8,
        "l": {},
        "c": "1Jn 3:5*34681",
        "a": "g"
    },
    {
        "o": 32721,
        "r": "csb:2 Corinthians:5:21",
        "w": 11,
        "l": {},
        "t": "5:21*r Or be a sin offering",
        "a": "h"
    },
    {
        "o": 32721,
        "r": "csb:2 Corinthians:5:21",
        "w": 13,
        "l": {},
        "c": "Rm 8:3*31826; Gl 3:13*32968; 1Pt 2:24*34489",
        "a": "i"
    }
]
