[
    {
        "o": 32698,
        "r": "csb:2 Corinthians:5:0",
        "t": "2 Corinthians 5",
        "h": 1
    },
    {
        "o": 32699,
        "r": "csb:2 Corinthians:5:0",
        "t": "Our Future after Death",
        "h": 2
    },
    {
        "o": 32700,
        "r": "csb:2 Corinthians:5:1",
        "t": "For*p we know that if our earthly tent we live in is destroyed, we have a building from God, an eternal dwelling in the heavens, not made with hands."
    },
    {
        "o": 32701,
        "r": "csb:2 Corinthians:5:2",
        "t": "Indeed, we groan in this tent, desiring to put on our heavenly dwelling,"
    },
    {
        "o": 32702,
        "r": "csb:2 Corinthians:5:3",
        "t": "since, when we are clothed, we will not be found naked."
    },
    {
        "o": 32703,
        "r": "csb:2 Corinthians:5:4",
        "t": "Indeed, we groan while we are in this tent, burdened as we are, because we do not want to be unclothed but clothed, so that mortality may be swallowed up by life."
    },
    {
        "o": 32704,
        "r": "csb:2 Corinthians:5:5",
        "t": "Now the one who prepared us for this very purpose is God, who gave us the Spirit as a down payment."
    },
    {
        "o": 32705,
        "r": "csb:2 Corinthians:5:6",
        "t": "So*p we are always confident and know that while we are at home in the body we are away from the Lord."
    },
    {
        "o": 32706,
        "r": "csb:2 Corinthians:5:7",
        "t": "For we walk by faith, not by sight."
    },
    {
        "o": 32707,
        "r": "csb:2 Corinthians:5:8",
        "t": "In fact, we are confident, and we would prefer to be away from the body and at home with the Lord."
    },
    {
        "o": 32708,
        "r": "csb:2 Corinthians:5:9",
        "t": "Therefore, whether we are at home or away, we make it our aim to be pleasing to him."
    },
    {
        "o": 32709,
        "r": "csb:2 Corinthians:5:10",
        "t": "For we must all appear before the judgment seat of Christ, so that each may be repaid for what he has done in the body, whether good or evil."
    },
    {
        "o": 32710,
        "r": "csb:2 Corinthians:5:11",
        "t": "Therefore,*p since we know the fear of the Lord, we try to persuade people. What we are is plain to God, and I hope it is also plain to your consciences."
    },
    {
        "o": 32711,
        "r": "csb:2 Corinthians:5:12",
        "t": "We are not commending ourselves to you again, but giving you an opportunity to be proud of us, so that you may have a reply for those who take pride in outward appearance rather than in the heart."
    },
    {
        "o": 32712,
        "r": "csb:2 Corinthians:5:13",
        "t": "For if we are out of our mind, it is for God; if we are in our right mind, it is for you."
    },
    {
        "o": 32713,
        "r": "csb:2 Corinthians:5:14",
        "t": "For the love of Christ compels us, since we have reached this conclusion, that one died for all, and therefore all died."
    },
    {
        "o": 32714,
        "r": "csb:2 Corinthians:5:15",
        "t": "And he died for all so that those who live should no longer live for themselves, but for the one who died for them and was raised."
    },
    {
        "o": 32715,
        "r": "csb:2 Corinthians:5:15",
        "t": "The Ministry of Reconciliation",
        "h": 2
    },
    {
        "o": 32716,
        "r": "csb:2 Corinthians:5:16",
        "t": "From*p now on, then, we do not know anyone from a worldly perspective. Even if we have known Christ from a worldly perspective, yet now we no longer know him in this way."
    },
    {
        "o": 32717,
        "r": "csb:2 Corinthians:5:17",
        "t": "Therefore, if anyone is in Christ, he is a new creation; the old has passed away, and see, the new has come!"
    },
    {
        "o": 32718,
        "r": "csb:2 Corinthians:5:18",
        "t": "Everything is from God, who has reconciled us to himself through Christ and has given us the ministry of reconciliation."
    },
    {
        "o": 32719,
        "r": "csb:2 Corinthians:5:19",
        "t": "That is, in Christ, God was reconciling the world to himself, not counting their trespasses against them, and he has committed the message of reconciliation to us."
    },
    {
        "o": 32720,
        "r": "csb:2 Corinthians:5:20",
        "t": "Therefore,*p we are ambassadors for Christ, since God is making his appeal through us. We plead on Christ’s behalf, “Be reconciled to God.”"
    },
    {
        "o": 32721,
        "r": "csb:2 Corinthians:5:21",
        "t": "He made the one who did not know sin to be sin for us, so that in him we might become the righteousness of God."
    }
]
