[
    {
        "o": 11036,
        "r": "csb:2 Kings:16:1",
        "w": 8,
        "l": {},
        "c": "2Ch 28:1–4*13075",
        "a": "a"
    },
    {
        "o": 11036,
        "r": "csb:2 Kings:16:1",
        "w": 9,
        "l": {},
        "c": "Is 1:1*19765; 7:1*19909",
        "a": "b"
    },
    {
        "o": 11037,
        "r": "csb:2 Kings:16:2",
        "w": 34,
        "l": {},
        "c": "1Kg 14:8*10196",
        "a": "c"
    },
    {
        "o": 11038,
        "r": "csb:2 Kings:16:3",
        "w": 9,
        "l": {},
        "c": "2Kg 17:9–10*11070",
        "a": "d"
    },
    {
        "o": 11038,
        "r": "csb:2 Kings:16:3",
        "w": 17,
        "l": {},
        "t": "16:3*r Lit even made his son pass through the fire",
        "a": "e"
    },
    {
        "o": 11038,
        "r": "csb:2 Kings:16:3",
        "w": 31,
        "l": {},
        "c": "Dt 18:10*5945; 2Kg 21:6*11222; 2Ch 33:6*13243",
        "a": "f"
    },
    {
        "o": 11039,
        "r": "csb:2 Kings:16:4",
        "w": 4,
        "l": {},
        "c": "1Kg 22:17*10499",
        "a": "g"
    },
    {
        "o": 11039,
        "r": "csb:2 Kings:16:4",
        "w": 16,
        "l": {},
        "c": "Dt 12:2*5767",
        "a": "h"
    },
    {
        "o": 11040,
        "r": "csb:2 Kings:16:5",
        "w": 0,
        "l": {},
        "c": "2Ch 28:5–6*13079; Is 7:1–9*19909",
        "a": "i"
    },
    {
        "o": 11040,
        "r": "csb:2 Kings:16:5",
        "w": 26,
        "l": {},
        "c": "2Kg 15:37*11032; Is 7:1*19909",
        "a": "j"
    },
    {
        "o": 11041,
        "r": "csb:2 Kings:16:6",
        "w": 15,
        "l": {},
        "c": "1Kg 9:26*10031",
        "a": "k"
    },
    {
        "o": 11041,
        "r": "csb:2 Kings:16:6",
        "w": 27,
        "l": {},
        "c": "2Ch 26:2*13038",
        "a": "l"
    },
    {
        "o": 11042,
        "r": "csb:2 Kings:16:7",
        "w": 3,
        "l": {},
        "c": "2Ch 28:16*13090",
        "a": "m"
    },
    {
        "o": 11042,
        "r": "csb:2 Kings:16:7",
        "w": 6,
        "l": {},
        "c": "2Kg 15:29*11023; 1Ch 5:26*11594",
        "a": "n"
    },
    {
        "o": 11043,
        "r": "csb:2 Kings:16:8",
        "w": 30,
        "l": {},
        "c": "1Kg 15:19*10242; 2Kg 12:17–18*10918; 18:15*11123",
        "a": "o"
    },
    {
        "o": 11044,
        "r": "csb:2 Kings:16:9",
        "w": 7,
        "l": {},
        "c": "2Ch 28:21*13095",
        "a": "p"
    },
    {
        "o": 11044,
        "r": "csb:2 Kings:16:9",
        "w": 15,
        "l": {},
        "c": "Am 1:3–5*25176",
        "a": "q"
    },
    {
        "o": 11044,
        "r": "csb:2 Kings:16:9",
        "w": 21,
        "l": {},
        "c": "Is 22:6*20228; Am 9:7*25336",
        "a": "r"
    },
    {
        "o": 11046,
        "r": "csb:2 Kings:16:10",
        "w": 8,
        "l": {},
        "c": "2Kg 15:29*11023",
        "a": "s"
    },
    {
        "o": 11046,
        "r": "csb:2 Kings:16:10",
        "w": 37,
        "l": {},
        "c": "Is 8:2*19938",
        "a": "t"
    },
    {
        "o": 11048,
        "r": "csb:2 Kings:16:12",
        "w": 15,
        "l": {},
        "c": "2Ch 26:16*13054",
        "a": "u"
    },
    {
        "o": 11048,
        "r": "csb:2 Kings:16:12",
        "w": 18,
        "l": {},
        "t": "16:12*r Or and offered on it:",
        "a": "v"
    },
    {
        "o": 11049,
        "r": "csb:2 Kings:16:13",
        "w": 4,
        "l": {},
        "c": "Ex 29:40*2625",
        "a": "w"
    },
    {
        "o": 11049,
        "r": "csb:2 Kings:16:13",
        "w": 21,
        "l": {},
        "c": "Lv 7:11–21*3203",
        "a": "x"
    },
    {
        "o": 11050,
        "r": "csb:2 Kings:16:14",
        "w": 4,
        "l": {},
        "c": "Ex 40:24*3025",
        "a": "y"
    },
    {
        "o": 11051,
        "r": "csb:2 Kings:16:15",
        "w": 74,
        "l": {},
        "t": "16:15*r Hb obscure",
        "a": "z"
    },
    {
        "o": 11053,
        "r": "csb:2 Kings:16:17",
        "w": 10,
        "l": {},
        "t": "16:17*r Lit the stands",
        "a": "a"
    },
    {
        "o": 11053,
        "r": "csb:2 Kings:16:17",
        "w": 10,
        "l": {},
        "c": "1Kg 7:27–28*9902",
        "a": "b"
    },
    {
        "o": 11053,
        "r": "csb:2 Kings:16:17",
        "w": 23,
        "l": {},
        "t": "16:17*r Lit sea",
        "a": "c"
    },
    {
        "o": 11053,
        "r": "csb:2 Kings:16:17",
        "w": 23,
        "l": {},
        "c": "1Kg 7:23–25*9897",
        "a": "d"
    },
    {
        "o": 11056,
        "r": "csb:2 Kings:16:19",
        "w": 1,
        "l": {},
        "c": "2Ch 28:26–27*13101",
        "a": "e"
    },
    {
        "o": 11056,
        "r": "csb:2 Kings:16:19",
        "w": 20,
        "l": {},
        "c": "2Kg 15:36*11031",
        "a": "f"
    },
    {
        "o": 11057,
        "r": "csb:2 Kings:16:20",
        "w": 4,
        "l": {},
        "c": "Is 14:28*20106",
        "a": "g"
    }
]
