[
    {
        "o": 34627,
        "r": "csb:1 John:1:0",
        "t": "1 John 1",
        "h": 1
    },
    {
        "o": 34628,
        "r": "csb:1 John:1:0",
        "t": "Prologue: Our Declaration",
        "h": 2
    },
    {
        "o": 34629,
        "r": "csb:1 John:1:1",
        "t": "What*p was from the beginning, what we have heard, what we have seen with our eyes, what we have observed and have touched with our hands, concerning the word of life -"
    },
    {
        "o": 34630,
        "r": "csb:1 John:1:2",
        "t": "that life was revealed, and we have seen it and we testify and declare to you the eternal life that was with the Father and was revealed to us-"
    },
    {
        "o": 34631,
        "r": "csb:1 John:1:3",
        "t": "what we have seen and heard we also declare to you, so that you may also have fellowship with us; and indeed our fellowship is with the Father and with his Son, Jesus Christ."
    },
    {
        "o": 34632,
        "r": "csb:1 John:1:4",
        "t": "We are writing these things so that our joy may be complete."
    },
    {
        "o": 34633,
        "r": "csb:1 John:1:4",
        "t": "Fellowship with God",
        "h": 2
    },
    {
        "o": 34634,
        "r": "csb:1 John:1:5",
        "t": "This*p is the message we have heard from him and declare to you: God is light, and there is absolutely no darkness in him."
    },
    {
        "o": 34635,
        "r": "csb:1 John:1:6",
        "t": "If we say, “We have fellowship with him,” and yet we walk in darkness, we are lying and are not practicing the truth."
    },
    {
        "o": 34636,
        "r": "csb:1 John:1:7",
        "t": "If we walk in the light as he himself is in the light, we have fellowship with one another, and the blood of Jesus his Son cleanses us from all sin."
    },
    {
        "o": 34637,
        "r": "csb:1 John:1:8",
        "t": "If we say, “We have no sin,” we are deceiving ourselves, and the truth is not in us."
    },
    {
        "o": 34638,
        "r": "csb:1 John:1:9",
        "t": "If we confess our sins, he is faithful and righteous to forgive us our sins and to cleanse us from all unrighteousness."
    },
    {
        "o": 34639,
        "r": "csb:1 John:1:10",
        "t": "If we say, “We have not sinned,” we make him a liar, and his word is not in us."
    },
    {
        "o": 34640,
        "r": "csb:1 John:2:0",
        "t": "1 John 2",
        "h": 1
    },
    {
        "o": 34641,
        "r": "csb:1 John:2:1",
        "t": "My*p little children, I am writing you these things so that you may not sin. But if anyone does sin, we have an advocate with the Father - Jesus Christ the righteous one."
    },
    {
        "o": 34642,
        "r": "csb:1 John:2:2",
        "t": "He himself is the atoning sacrifice for our sins, and not only for ours, but also for those of the whole world."
    },
    {
        "o": 34643,
        "r": "csb:1 John:2:2",
        "t": "God’s Commands",
        "h": 2
    },
    {
        "o": 34644,
        "r": "csb:1 John:2:3",
        "t": "This*p is how we know that we know him: if we keep his commands."
    },
    {
        "o": 34645,
        "r": "csb:1 John:2:4",
        "t": "The one who says, “I have come to know him,” and yet doesn’t keep his commands, is a liar, and the truth is not in him."
    },
    {
        "o": 34646,
        "r": "csb:1 John:2:5",
        "t": "But whoever keeps his word, truly in him the love of God is made complete. This is how we know we are in him:"
    },
    {
        "o": 34647,
        "r": "csb:1 John:2:6",
        "t": "The one who says he remains in him should walk just as he walked."
    },
    {
        "o": 34648,
        "r": "csb:1 John:2:7",
        "t": "Dear*p friends, I am not writing you a new command but an old command that you have had from the beginning. The old command is the word you have heard."
    },
    {
        "o": 34649,
        "r": "csb:1 John:2:8",
        "t": "Yet I am writing you a new command, which is true in him and in you, because the darkness is passing away and the true light is already shining."
    },
    {
        "o": 34650,
        "r": "csb:1 John:2:9",
        "t": "The one who says he is in the light but hates his brother or sister is in the darkness until now."
    },
    {
        "o": 34651,
        "r": "csb:1 John:2:10",
        "t": "The one who loves his brother or sister remains in the light, and there is no cause for stumbling in him."
    },
    {
        "o": 34652,
        "r": "csb:1 John:2:11",
        "t": "But the one who hates his brother or sister is in the darkness, walks in the darkness, and doesn’t know where he’s going, because the darkness has blinded his eyes."
    },
    {
        "o": 34653,
        "r": "csb:1 John:2:11",
        "t": "Reasons for Writing",
        "h": 2
    },
    {
        "o": 34654,
        "r": "csb:1 John:2:12",
        "t": "I*pn am writing to you, little children, since*ln your sins have been forgiven on*ln account of his name."
    },
    {
        "o": 34655,
        "r": "csb:1 John:2:13",
        "t": "I*ln am writing to you, fathers, because*ln you have come to know the*ln one who is from the beginning. I*ln am writing to you, young men, because*ln you have conquered the evil one."
    },
    {
        "o": 34656,
        "r": "csb:1 John:2:14",
        "t": "I*ln have written to you, children, because*ln you have come to know the Father. I*ln have written to you, fathers, because*ln you have come to know the*ln one who is from the beginning. I*ln have written to you, young men, because*ln you are strong, God’s*ln word remains in you, and*ln you have conquered the evil one."
    },
    {
        "o": 34657,
        "r": "csb:1 John:2:14",
        "t": "A Warning about the World",
        "h": 2
    },
    {
        "o": 34658,
        "r": "csb:1 John:2:15",
        "t": "Do*p not love the world or the things in the world. If anyone loves the world, the love of the Father is not in him."
    },
    {
        "o": 34659,
        "r": "csb:1 John:2:16",
        "t": "For everything in the world - the lust of the flesh, the lust of the eyes, and the pride in one’s possessions - is not from the Father, but is from the world."
    },
    {
        "o": 34660,
        "r": "csb:1 John:2:17",
        "t": "And the world with its lust is passing away, but the one who does the will of God remains forever."
    },
    {
        "o": 34661,
        "r": "csb:1 John:2:17",
        "t": "The Last Hour",
        "h": 2
    },
    {
        "o": 34662,
        "r": "csb:1 John:2:18",
        "t": "Children,*p it is the last hour. And as you have heard that antichrist is coming, even now many antichrists have come. By this we know that it is the last hour."
    },
    {
        "o": 34663,
        "r": "csb:1 John:2:19",
        "t": "They went out from us, but they did not belong to us; for if they had belonged to us, they would have remained with us. However, they went out so that it might be made clear that none of them belongs to us."
    },
    {
        "o": 34664,
        "r": "csb:1 John:2:20",
        "t": "But*p you have an anointing from the Holy One, and all of you know the truth."
    },
    {
        "o": 34665,
        "r": "csb:1 John:2:21",
        "t": "I have not written to you because you don’t know the truth, but because you do know it, and because no lie comes from the truth."
    },
    {
        "o": 34666,
        "r": "csb:1 John:2:22",
        "t": "Who is the liar, if not the one who denies that Jesus is the Christ? This one is the antichrist: the one who denies the Father and the Son."
    },
    {
        "o": 34667,
        "r": "csb:1 John:2:23",
        "t": "No one who denies the Son has the Father; he who confesses the Son has the Father as well."
    },
    {
        "o": 34668,
        "r": "csb:1 John:2:23",
        "t": "Remaining with God",
        "h": 2
    },
    {
        "o": 34669,
        "r": "csb:1 John:2:24",
        "t": "What*p you have heard from the beginning is to remain in you. If what you have heard from the beginning remains in you, then you will remain in the Son and in the Father."
    },
    {
        "o": 34670,
        "r": "csb:1 John:2:25",
        "t": "And this is the promise that he himself made to us: eternal life."
    },
    {
        "o": 34671,
        "r": "csb:1 John:2:26",
        "t": "I*p have written these things to you concerning those who are trying to deceive you."
    },
    {
        "o": 34672,
        "r": "csb:1 John:2:27",
        "t": "As for you, the anointing you received from him remains in you, and you don’t need anyone to teach you. Instead, his anointing teaches you about all things and is true and is not a lie; just as it has taught you, remain in him."
    },
    {
        "o": 34673,
        "r": "csb:1 John:2:27",
        "t": "God’s Children",
        "h": 2
    },
    {
        "o": 34674,
        "r": "csb:1 John:2:28",
        "t": "So*p now, little children, remain in him so that when he appears we may have confidence and not be ashamed before him at his coming."
    },
    {
        "o": 34675,
        "r": "csb:1 John:2:29",
        "t": "If you know that he is righteous, you know this as well: Everyone who does what is right has been born of him."
    },
    {
        "o": 34676,
        "r": "csb:1 John:3:0",
        "t": "1 John 3",
        "h": 1
    },
    {
        "o": 34677,
        "r": "csb:1 John:3:1",
        "t": "See*p what great love the Father has given us that we should be called God’s children - and we are! The reason the world does not know us is that it didn’t know him."
    },
    {
        "o": 34678,
        "r": "csb:1 John:3:2",
        "t": "Dear friends, we are God’s children now, and what we will be has not yet been revealed. We know that when he appears, we will be like him because we will see him as he is."
    },
    {
        "o": 34679,
        "r": "csb:1 John:3:3",
        "t": "And everyone who has this hope in him purifies himself just as he is pure."
    },
    {
        "o": 34680,
        "r": "csb:1 John:3:4",
        "t": "Everyone*p who commits sin practices lawlessness; and sin is lawlessness."
    },
    {
        "o": 34681,
        "r": "csb:1 John:3:5",
        "t": "You know that he was revealed so that he might take away sins, and there is no sin in him."
    },
    {
        "o": 34682,
        "r": "csb:1 John:3:6",
        "t": "Everyone who remains in him does not sin; everyone who sins has not seen him or known him."
    },
    {
        "o": 34683,
        "r": "csb:1 John:3:7",
        "t": "Little*p children, let no one deceive you. The one who does what is right is righteous, just as he is righteous."
    },
    {
        "o": 34684,
        "r": "csb:1 John:3:8",
        "t": "The one who commits sin is of the devil, for the devil has sinned from the beginning. The Son of God was revealed for this purpose: to destroy the devil’s works."
    },
    {
        "o": 34685,
        "r": "csb:1 John:3:9",
        "t": "Everyone who has been born of God does not sin, because his seed remains in him; he is not able to sin, because he has been born of God."
    },
    {
        "o": 34686,
        "r": "csb:1 John:3:10",
        "t": "This is how God’s children and the devil’s children become obvious. Whoever does not do what is right is not of God, especially the one who does not love his brother or sister."
    },
    {
        "o": 34687,
        "r": "csb:1 John:3:10",
        "t": "Love in Action",
        "h": 2
    },
    {
        "o": 34688,
        "r": "csb:1 John:3:11",
        "t": "For*p this is the message you have heard from the beginning: We should love one another,"
    },
    {
        "o": 34689,
        "r": "csb:1 John:3:12",
        "t": "unlike Cain, who was of the evil one and murdered his brother. And why did he murder him? Because his deeds were evil, and his brother’s were righteous."
    },
    {
        "o": 34690,
        "r": "csb:1 John:3:13",
        "t": "Do*p not be surprised, brothers and sisters, if the world hates you."
    },
    {
        "o": 34691,
        "r": "csb:1 John:3:14",
        "t": "We know that we have passed from death to life because we love our brothers and sisters. The one who does not love remains in death."
    },
    {
        "o": 34692,
        "r": "csb:1 John:3:15",
        "t": "Everyone who hates his brother or sister is a murderer, and you know that no murderer has eternal life residing in him."
    },
    {
        "o": 34693,
        "r": "csb:1 John:3:16",
        "t": "This is how we have come to know love: He laid down his life for us. We should also lay down our lives for our brothers and sisters."
    },
    {
        "o": 34694,
        "r": "csb:1 John:3:17",
        "t": "If anyone has this world’s goods and sees a fellow believer in need but withholds compassion from him - how does God’s love reside in him?"
    },
    {
        "o": 34695,
        "r": "csb:1 John:3:18",
        "t": "Little children, let us not love in word or speech, but in action and in truth."
    },
    {
        "o": 34696,
        "r": "csb:1 John:3:19",
        "t": "This*p is how we will know that we belong to the truth and will reassure our hearts before him"
    },
    {
        "o": 34697,
        "r": "csb:1 John:3:20",
        "t": "whenever our hearts condemn us; for God is greater than our hearts, and he knows all things."
    },
    {
        "o": 34698,
        "r": "csb:1 John:3:21",
        "t": "Dear*p friends, if our hearts don’t condemn us, we have confidence before God"
    },
    {
        "o": 34699,
        "r": "csb:1 John:3:22",
        "t": "and receive whatever we ask from him because we keep his commands and do what is pleasing in his sight."
    },
    {
        "o": 34700,
        "r": "csb:1 John:3:23",
        "t": "Now this is his command: that we believe in the name of his Son, Jesus Christ, and love one another as he commanded us."
    },
    {
        "o": 34701,
        "r": "csb:1 John:3:24",
        "t": "The one who keeps his commands remains in him, and he in him. And the way we know that he remains in us is from the Spirit he has given us."
    },
    {
        "o": 34702,
        "r": "csb:1 John:4:0",
        "t": "1 John 4",
        "h": 1
    },
    {
        "o": 34703,
        "r": "csb:1 John:4:0",
        "t": "The Spirit of Truth and the Spirit of Error",
        "h": 2
    },
    {
        "o": 34704,
        "r": "csb:1 John:4:1",
        "t": "Dear*p friends, do not believe every spirit, but test the spirits to see if they are from God, because many false prophets have gone out into the world."
    },
    {
        "o": 34705,
        "r": "csb:1 John:4:2",
        "t": "This*p is how you know the Spirit of God: Every spirit that confesses that Jesus Christ has come in the flesh is from God,"
    },
    {
        "o": 34706,
        "r": "csb:1 John:4:3",
        "t": "but every spirit that does not confess Jesus is not from God. This is the spirit of the antichrist, which you have heard is coming; even now it is already in the world."
    },
    {
        "o": 34707,
        "r": "csb:1 John:4:4",
        "t": "You*p are from God, little children, and you have conquered them, because the one who is in you is greater than the one who is in the world."
    },
    {
        "o": 34708,
        "r": "csb:1 John:4:5",
        "t": "They are from the world. Therefore what they say is from the world, and the world listens to them."
    },
    {
        "o": 34709,
        "r": "csb:1 John:4:6",
        "t": "We are from God. Anyone who knows God listens to us; anyone who is not from God does not listen to us. This is how we know the Spirit of truth and the spirit of deception."
    },
    {
        "o": 34710,
        "r": "csb:1 John:4:6",
        "t": "Knowing God through Love",
        "h": 2
    },
    {
        "o": 34711,
        "r": "csb:1 John:4:7",
        "t": "Dear*p friends, let us love one another, because love is from God, and everyone who loves has been born of God and knows God."
    },
    {
        "o": 34712,
        "r": "csb:1 John:4:8",
        "t": "The one who does not love does not know God, because God is love."
    },
    {
        "o": 34713,
        "r": "csb:1 John:4:9",
        "t": "God’s love was revealed among us in this way: God sent his one and only Son into the world so that we might live through him."
    },
    {
        "o": 34714,
        "r": "csb:1 John:4:10",
        "t": "Love consists in this: not that we loved God, but that he loved us and sent his Son to be the atoning sacrifice for our sins."
    },
    {
        "o": 34715,
        "r": "csb:1 John:4:11",
        "t": "Dear friends, if God loved us in this way, we also must love one another."
    },
    {
        "o": 34716,
        "r": "csb:1 John:4:12",
        "t": "No one has ever seen God. If we love one another, God remains in us and his love is made complete in us."
    },
    {
        "o": 34717,
        "r": "csb:1 John:4:13",
        "t": "This is how we know that we remain in him and he in us: He has given us of his Spirit."
    },
    {
        "o": 34718,
        "r": "csb:1 John:4:14",
        "t": "And we have seen and we testify that the Father has sent his Son as the world’s Savior."
    },
    {
        "o": 34719,
        "r": "csb:1 John:4:15",
        "t": "Whoever confesses that Jesus is the Son of God - God remains in him and he in God."
    },
    {
        "o": 34720,
        "r": "csb:1 John:4:16",
        "t": "And we have come to know and to believe the love that God has for us. God*p is love, and the one who remains in love remains in God, and God remains in him."
    },
    {
        "o": 34721,
        "r": "csb:1 John:4:17",
        "t": "In this, love is made complete with us so that we may have confidence in the day of judgment, because as he is, so also are we in this world."
    },
    {
        "o": 34722,
        "r": "csb:1 John:4:18",
        "t": "There is no fear in love; instead, perfect love drives out fear, because fear involves punishment. So the one who fears is not complete in love."
    },
    {
        "o": 34723,
        "r": "csb:1 John:4:19",
        "t": "We love because he first loved us."
    },
    {
        "o": 34724,
        "r": "csb:1 John:4:20",
        "t": "If anyone says, “I love God,” and yet hates his brother or sister, he is a liar. For the person who does not love his brother or sister whom he has seen cannot love God whom he has not seen."
    },
    {
        "o": 34725,
        "r": "csb:1 John:4:21",
        "t": "And we have this command from him: The one who loves God must also love his brother and sister."
    },
    {
        "o": 34726,
        "r": "csb:1 John:5:0",
        "t": "1 John 5",
        "h": 1
    },
    {
        "o": 34727,
        "r": "csb:1 John:5:1",
        "t": "Everyone*p who believes that Jesus is the Christ has been born of God, and everyone who loves the Father also loves the one born of him."
    },
    {
        "o": 34728,
        "r": "csb:1 John:5:2",
        "t": "This is how we know that we love God’s children: when we love God and obey his commands."
    },
    {
        "o": 34729,
        "r": "csb:1 John:5:3",
        "t": "For this is what love for God is: to keep his commands. And his commands are not a burden,"
    },
    {
        "o": 34730,
        "r": "csb:1 John:5:4",
        "t": "because everyone who has been born of God conquers the world. This is the victory that has conquered the world: our faith."
    },
    {
        "o": 34731,
        "r": "csb:1 John:5:4",
        "t": "The Certainty of God’s Testimony",
        "h": 2
    },
    {
        "o": 34732,
        "r": "csb:1 John:5:5",
        "t": "Who*p is the one who conquers the world but the one who believes that Jesus is the Son of God?"
    },
    {
        "o": 34733,
        "r": "csb:1 John:5:6",
        "t": "Jesus Christ - he is the one who came by water and blood, not by water only, but by water and by blood. And the Spirit is the one who testifies, because the Spirit is the truth."
    },
    {
        "o": 34734,
        "r": "csb:1 John:5:7",
        "t": "For there are three that testify:"
    },
    {
        "o": 34735,
        "r": "csb:1 John:5:8",
        "t": "the Spirit, the water, and the blood- and these three are in agreement."
    },
    {
        "o": 34736,
        "r": "csb:1 John:5:9",
        "t": "If we accept human testimony, God’s testimony is greater, because it is God’s testimony that he has given about his Son."
    },
    {
        "o": 34737,
        "r": "csb:1 John:5:10",
        "t": "The one who believes in the Son of God has this testimony within himself. The one who does not believe God has made him a liar, because he has not believed in the testimony God has given about his Son."
    },
    {
        "o": 34738,
        "r": "csb:1 John:5:11",
        "t": "And this is the testimony: God has given us eternal life, and this life is in his Son."
    },
    {
        "o": 34739,
        "r": "csb:1 John:5:12",
        "t": "The one who has the Son has life. The one who does not have the Son of God does not have life."
    },
    {
        "o": 34740,
        "r": "csb:1 John:5:13",
        "t": "I have written these things to you who believe in the name of the Son of God so that you may know that you have eternal life."
    },
    {
        "o": 34741,
        "r": "csb:1 John:5:13",
        "t": "Effective Prayer",
        "h": 2
    },
    {
        "o": 34742,
        "r": "csb:1 John:5:14",
        "t": "This*p is the confidence we have before him: If we ask anything according to his will, he hears us."
    },
    {
        "o": 34743,
        "r": "csb:1 John:5:15",
        "t": "And if we know that he hears whatever we ask, we know that we have what we have asked of him."
    },
    {
        "o": 34744,
        "r": "csb:1 John:5:16",
        "t": "If*p anyone sees a fellow believer committing a sin that doesn’t lead to death, he should ask, and God will give life to him - to those who commit sin that doesn’t lead to death. There is sin that leads to death. I am not saying he should pray about that."
    },
    {
        "o": 34745,
        "r": "csb:1 John:5:17",
        "t": "All unrighteousness is sin, and there is sin that doesn’t lead to death."
    },
    {
        "o": 34746,
        "r": "csb:1 John:5:17",
        "t": "Conclusion",
        "h": 2
    },
    {
        "o": 34747,
        "r": "csb:1 John:5:18",
        "t": "We*p know that everyone who has been born of God does not sin, but the one who is born of God keeps him, and the evil one does not touch him."
    },
    {
        "o": 34748,
        "r": "csb:1 John:5:19",
        "t": "We know that we are of God, and the whole world is under the sway of the evil one."
    },
    {
        "o": 34749,
        "r": "csb:1 John:5:20",
        "t": "And we know that the Son of God has come and has given us understanding so that we may know the true one. We are in the true one - that is, in his Son, Jesus Christ. He is the true God and eternal life."
    },
    {
        "o": 34750,
        "r": "csb:1 John:5:21",
        "t": "Little*p children, guard yourselves from idols."
    }
]
