[
    {
        "o": 34629,
        "r": "csb:1 John:1:1",
        "w": 4,
        "l": {},
        "c": "Jn 1:1*29465; 1Jn 2:13–14*34655",
        "a": "a"
    },
    {
        "o": 34629,
        "r": "csb:1 John:1:1",
        "w": 28,
        "l": {},
        "c": "Ps 119:25*17787; Jn 1:1,4*29465; 5:24*29673; Php 2:16*33303",
        "a": "b"
    },
    {
        "o": 34630,
        "r": "csb:1 John:1:2",
        "w": 3,
        "l": {},
        "c": "Jn 1:31*29497; 21:1,14*30430; Col 3:4*33435; 1Pt 5:4*34545; 1Jn 2:28*34674; 3:5,8*34681",
        "a": "c"
    },
    {
        "o": 34630,
        "r": "csb:1 John:1:2",
        "w": 28,
        "l": {},
        "c": "1Jn 5:20*34749",
        "a": "d"
    },
    {
        "o": 34631,
        "r": "csb:1 John:1:3",
        "w": 17,
        "l": {},
        "c": "Php 3:10*33330",
        "a": "e"
    },
    {
        "o": 34631,
        "r": "csb:1 John:1:3",
        "w": 27,
        "l": {},
        "c": "Mt 11:27*26510",
        "a": "f"
    },
    {
        "o": 34632,
        "r": "csb:1 John:1:4",
        "w": 4,
        "l": {},
        "t": "1:4*r Other mss add to you",
        "a": "g"
    },
    {
        "o": 34632,
        "r": "csb:1 John:1:4",
        "w": 7,
        "l": {},
        "t": "1:4*r Other mss read your",
        "a": "h"
    },
    {
        "o": 34632,
        "r": "csb:1 John:1:4",
        "w": 8,
        "l": {},
        "c": "2Co 2:3*32637; Php 1:4,25*33255; 2:18*33306",
        "a": "i"
    },
    {
        "o": 34634,
        "r": "csb:1 John:1:5",
        "w": 15,
        "l": {},
        "c": "Ps 27:1*15886; 36:9*16073; Jn 12:46*30106; 1Tm 6:16*33775",
        "a": "j"
    },
    {
        "o": 34634,
        "r": "csb:1 John:1:5",
        "w": 23,
        "l": {},
        "c": "1Jn 2:5*34646",
        "a": "k"
    },
    {
        "o": 34635,
        "r": "csb:1 John:1:6",
        "w": 5,
        "l": {},
        "c": "2Co 8:4*32766",
        "a": "l"
    },
    {
        "o": 34635,
        "r": "csb:1 John:1:6",
        "w": 13,
        "l": {},
        "c": "Pr 2:13*18419; Is 9:2*19963; 50:10*20916; Jn 8:12*29848; 12:35*30093; 1Jn 2:11*34653",
        "a": "m"
    },
    {
        "o": 34635,
        "r": "csb:1 John:1:6",
        "w": 22,
        "l": {},
        "c": "Jn 14:6*30162; 2Co 11:10*32836; 3Jn 3*34772",
        "a": "n"
    },
    {
        "o": 34636,
        "r": "csb:1 John:1:7",
        "w": 5,
        "l": {},
        "c": "Eph 5:8–14*33192; Php 2:15*33302; Col 1:12–14*33385; 1Th 5:5*33562",
        "a": "o"
    },
    {
        "o": 34636,
        "r": "csb:1 John:1:7",
        "w": 23,
        "l": {},
        "c": "Heb 10:19*34182; 12:24*34273; 1Pt 1:2,19*34437; Rv 1:5*34825",
        "a": "p"
    },
    {
        "o": 34637,
        "r": "csb:1 John:1:8",
        "w": 6,
        "l": {},
        "c": "Pr 20:9*18971; Jr 2:35*21286; Rm 3:9–23*31687; Jms 3:2*34370",
        "a": "q"
    },
    {
        "o": 34638,
        "r": "csb:1 John:1:9",
        "w": 11,
        "l": {},
        "c": "Ps 103:3*17375; Jr 31:34*22134; Mt 9:6*26393; 26:28*27195; Col 1:14*33388; Jms 5:15*34427",
        "a": "r"
    },
    {
        "o": 34639,
        "r": "csb:1 John:1:10",
        "w": 14,
        "l": {},
        "c": "Lk 8:21*28562; Heb 4:12*34037",
        "a": "s"
    },
    {
        "o": 34639,
        "r": "csb:1 John:1:10",
        "w": 18,
        "l": {},
        "c": "Jn 8:37*29875",
        "a": "t"
    },
    {
        "o": 34641,
        "r": "csb:1 John:2:1",
        "w": 23,
        "l": {},
        "c": "Jn 14:26*30187",
        "a": "a"
    },
    {
        "o": 34642,
        "r": "csb:1 John:2:2",
        "w": 5,
        "l": {},
        "t": "2:2*r Or the propitiation",
        "a": "b"
    },
    {
        "o": 34642,
        "r": "csb:1 John:2:2",
        "w": 5,
        "l": {},
        "c": "Rm 3:25*31704; 2Co 5:21*32721; Heb 2:17*34000; 1Jn 4:10*34714",
        "a": "c"
    },
    {
        "o": 34642,
        "r": "csb:1 John:2:2",
        "w": 21,
        "l": {},
        "c": "Mt 26:13*27178; 28:19–20*27346; Mk 14:9*27981; Rm 1:8*31615",
        "a": "d"
    },
    {
        "o": 34644,
        "r": "csb:1 John:2:3",
        "w": 4,
        "l": {},
        "c": "Jn 13:35*30151; 1Jn 2:5*34646; 3:19,24*34696; 4:2,6,13*34705; 5:2*34728",
        "a": "e"
    },
    {
        "o": 34644,
        "r": "csb:1 John:2:3",
        "w": 13,
        "l": {},
        "c": "Jn 14:15*30174; 15:10*30205",
        "a": "f"
    },
    {
        "o": 34646,
        "r": "csb:1 John:2:5",
        "w": 4,
        "l": {},
        "c": "Jn 14:23*30183",
        "a": "g"
    },
    {
        "o": 34646,
        "r": "csb:1 John:2:5",
        "w": 23,
        "l": {},
        "c": "Jn 6:56*29757; 14:20*30180; 15:1–7*30195; Rm 8:1*31824; 2Co 5:17*32717; Eph 2:10*33111; Php 1:1*33251",
        "a": "h"
    },
    {
        "o": 34647,
        "r": "csb:1 John:2:6",
        "w": 7,
        "l": {},
        "c": "Jn 15:4–7*30198; 1Jn 2:24,27–28*34669; 3:6,24*34682; 4:13,15–16*34717",
        "a": "i"
    },
    {
        "o": 34648,
        "r": "csb:1 John:2:7",
        "w": 9,
        "l": {},
        "c": "Mk 7:8*27644; Jn 13:34*30149; 2Jn 5*34758",
        "a": "j"
    },
    {
        "o": 34648,
        "r": "csb:1 John:2:7",
        "w": 26,
        "l": {},
        "c": "Lk 6:47*28475; Jn 1:1*29465",
        "a": "k"
    },
    {
        "o": 34649,
        "r": "csb:1 John:2:8",
        "w": 21,
        "l": {},
        "c": "Rm 13:12*32008; 1Co 7:31*32290; 1Jn 2:17*34661",
        "a": "l"
    },
    {
        "o": 34649,
        "r": "csb:1 John:2:8",
        "w": 25,
        "l": {},
        "c": "Jn 1:9*29473; 3:19–21*29567; 8:12*29848; 12:46*30106",
        "a": "m"
    },
    {
        "o": 34649,
        "r": "csb:1 John:2:8",
        "w": 28,
        "l": {},
        "c": "Jn 1:5*29469; 12:35–36*30093; Rv 22:5*35295",
        "a": "n"
    },
    {
        "o": 34650,
        "r": "csb:1 John:2:9",
        "w": 14,
        "l": {},
        "c": "1Jn 2:11*34653; 3:15*34692; 4:20*34724",
        "a": "o"
    },
    {
        "o": 34651,
        "r": "csb:1 John:2:10",
        "w": 7,
        "l": {},
        "c": "Rm 12:10*31981; 1Th 4:9*33545; Heb 13:1*34281; 1Pt 1:22*34458; 1Jn 3:10,14–17*34687; 4:20–21*34724",
        "a": "p"
    },
    {
        "o": 34651,
        "r": "csb:1 John:2:10",
        "w": 20,
        "l": {},
        "t": "2:10*r Or it",
        "a": "q"
    },
    {
        "o": 34652,
        "r": "csb:1 John:2:11",
        "w": 8,
        "l": {},
        "c": "Lv 19:17*3646; 1Jn 3:15*34692; 4:20*34724",
        "a": "r"
    },
    {
        "o": 34652,
        "r": "csb:1 John:2:11",
        "w": 16,
        "l": {},
        "c": "1Jn 1:6*34635",
        "a": "s"
    },
    {
        "o": 34652,
        "r": "csb:1 John:2:11",
        "w": 22,
        "l": {},
        "c": "Jn 14:6*30162",
        "a": "t"
    },
    {
        "o": 34654,
        "r": "csb:1 John:2:12",
        "w": 17,
        "l": {},
        "c": "Ps 25:11*15856; Lk 24:47*29455; Ac 2:38*30531; 10:43*30894",
        "a": "u"
    },
    {
        "o": 34655,
        "r": "csb:1 John:2:13",
        "w": 18,
        "l": {},
        "c": "1Jn 1:1*34629",
        "a": "v"
    },
    {
        "o": 34655,
        "r": "csb:1 John:2:13",
        "w": 32,
        "l": {},
        "c": "Jn 16:33*30260; 17:15*30278; Eph 6:10*33233; 1Jn 2:14*34657; 4:4*34707; 5:4–5*34731; Rv 2:7*34852",
        "a": "w"
    },
    {
        "o": 34656,
        "r": "csb:1 John:2:14",
        "w": 45,
        "l": {},
        "c": "1Jn 1:10*34639",
        "a": "x"
    },
    {
        "o": 34658,
        "r": "csb:1 John:2:15",
        "w": 4,
        "l": {},
        "c": "Jn 15:19*30215; 17:16*30279; Rm 12:2*31972; Jms 1:27*34337; 4:4*34393",
        "a": "y"
    },
    {
        "o": 34659,
        "r": "csb:1 John:2:16",
        "w": 9,
        "l": {},
        "c": "Rm 13:14*32010; Eph 2:3*33103; 1Pt 4:2*34520; 2Pt 2:18*34601",
        "a": "z"
    },
    {
        "o": 34659,
        "r": "csb:1 John:2:16",
        "w": 14,
        "l": {},
        "c": "Gn 3:6*68; Pr 27:20*19206",
        "a": "a"
    },
    {
        "o": 34659,
        "r": "csb:1 John:2:16",
        "w": 17,
        "l": {},
        "c": "Jms 4:16*34406",
        "a": "b"
    },
    {
        "o": 34660,
        "r": "csb:1 John:2:17",
        "w": 8,
        "l": {},
        "c": "1Jn 2:8*34649",
        "a": "c"
    },
    {
        "o": 34660,
        "r": "csb:1 John:2:17",
        "w": 17,
        "l": {},
        "c": "Mk 3:35*27475; Eph 6:6*33228; 1Th 4:3*33538; 1Pt 2:15*34479",
        "a": "d"
    },
    {
        "o": 34660,
        "r": "csb:1 John:2:17",
        "w": 19,
        "l": {},
        "c": "Jn 8:35*29873; 12:34*30092; 2Co 9:9*32798; 1Pt 1:25*34461",
        "a": "e"
    },
    {
        "o": 34662,
        "r": "csb:1 John:2:18",
        "w": 5,
        "l": {},
        "c": "Jn 2:4*29524; 1Pt 4:7*34526",
        "a": "f"
    },
    {
        "o": 34662,
        "r": "csb:1 John:2:18",
        "w": 12,
        "l": {},
        "c": "Mt 24:5,24*27060; 1Jn 2:22*34666; 4:3*34706; 2Jn 7*34760",
        "a": "g"
    },
    {
        "o": 34664,
        "r": "csb:1 John:2:20",
        "w": 4,
        "l": {},
        "c": "2Co 1:21*32630",
        "a": "h"
    },
    {
        "o": 34664,
        "r": "csb:1 John:2:20",
        "w": 8,
        "l": {},
        "c": "Ps 89:18*17130; Mk 1:24*27378; Ac 10:38*30888",
        "a": "i"
    },
    {
        "o": 34664,
        "r": "csb:1 John:2:20",
        "w": 15,
        "l": {},
        "t": "2:20*r Other mss read and you know all things",
        "a": "j"
    },
    {
        "o": 34666,
        "r": "csb:1 John:2:22",
        "w": 14,
        "l": {},
        "c": "Jn 20:31*30427; Ac 18:5*31191; Eph 5:2*33185; 1Jn 5:1*34727",
        "a": "k"
    },
    {
        "o": 34667,
        "r": "csb:1 John:2:23",
        "w": 8,
        "l": {},
        "c": "Jn 5:23*29672",
        "a": "l"
    },
    {
        "o": 34667,
        "r": "csb:1 John:2:23",
        "w": 18,
        "l": {},
        "c": "Jn 8:19*29855; 16:3*30228; 17:3*30265; 1Jn 4:15*34719; 5:1*34727; 2Jn 9*34762",
        "a": "m"
    },
    {
        "o": 34669,
        "r": "csb:1 John:2:24",
        "w": 29,
        "l": {},
        "c": "Jn 15:4–7*30198; 1Jn 2:6,27–28*34647; 3:6,24*34682; 4:13,15–16*34717",
        "a": "n"
    },
    {
        "o": 34669,
        "r": "csb:1 John:2:24",
        "w": 33,
        "l": {},
        "c": "Jn 10:38*29985; Col 3:3*33434; 1Th 1:1*33483; 1Jn 4:15–16*34719",
        "a": "o"
    },
    {
        "o": 34670,
        "r": "csb:1 John:2:25",
        "w": 12,
        "l": {},
        "c": "Jn 4:14*29602; 1Tm 4:8*33716; 2Tm 1:1*33784; Ti 1:2*33883",
        "a": "p"
    },
    {
        "o": 34672,
        "r": "csb:1 John:2:27",
        "w": 27,
        "l": {},
        "c": "Jn 14:26*30187",
        "a": "q"
    },
    {
        "o": 34672,
        "r": "csb:1 John:2:27",
        "w": 41,
        "l": {},
        "t": "2:27*r Or as he has taught you",
        "a": "r"
    },
    {
        "o": 34672,
        "r": "csb:1 John:2:27",
        "w": 44,
        "l": {},
        "c": "Jn 15:4–7*30198; 1Jn 2:6*34647; 3:6,24*34682; 4:13,15–16*34717",
        "a": "s"
    },
    {
        "o": 34674,
        "r": "csb:1 John:2:28",
        "w": 11,
        "l": {},
        "c": "Lk 17:30*29047; Col 3:4*33435; 1Jn 3:2*34678",
        "a": "t"
    },
    {
        "o": 34674,
        "r": "csb:1 John:2:28",
        "w": 24,
        "l": {},
        "c": "1Th 2:19*33515",
        "a": "u"
    },
    {
        "o": 34675,
        "r": "csb:1 John:2:29",
        "w": 17,
        "l": {},
        "c": "Gn 18:19*492; Dt 6:18*5614; 1Jn 3:7,10*34683",
        "a": "v"
    },
    {
        "o": 34675,
        "r": "csb:1 John:2:29",
        "w": 22,
        "l": {},
        "c": "Jn 1:12–13*29476; 3:3–7*29551; 8:41*29879; 1Jn 3:9*34685; 4:7*34711; 5:1,4,18*34727",
        "a": "w"
    },
    {
        "o": 34677,
        "r": "csb:1 John:3:1",
        "w": 3,
        "l": {},
        "t": "3:1*r Or what sort of love",
        "a": "a"
    },
    {
        "o": 34678,
        "r": "csb:1 John:3:2",
        "w": 16,
        "l": {},
        "c": "2Co 4:11*32690; 1Pt 5:4*34545; 1Jn 2:28*34674",
        "a": "b"
    },
    {
        "o": 34678,
        "r": "csb:1 John:3:2",
        "w": 22,
        "l": {},
        "t": "3:2*r Or when it appears",
        "a": "c"
    },
    {
        "o": 34678,
        "r": "csb:1 John:3:2",
        "w": 27,
        "l": {},
        "c": "Rm 8:29*31854; 1Co 15:49*32566; 2Co 3:18*32676; Php 3:21*33342; 2Pt 1:4*34563",
        "a": "d"
    },
    {
        "o": 34678,
        "r": "csb:1 John:3:2",
        "w": 35,
        "l": {},
        "c": "1Co 13:12*32466; Heb 12:14*34263; Rv 22:4*35293",
        "a": "e"
    },
    {
        "o": 34679,
        "r": "csb:1 John:3:3",
        "w": 5,
        "l": {},
        "c": "Ac 23:6*31391; 1Th 1:3*33485",
        "a": "f"
    },
    {
        "o": 34679,
        "r": "csb:1 John:3:3",
        "w": 14,
        "l": {},
        "c": "Php 4:8*33352",
        "a": "g"
    },
    {
        "o": 34681,
        "r": "csb:1 John:3:5",
        "w": 12,
        "l": {},
        "t": "3:5*r Other mss read our sins",
        "a": "h"
    },
    {
        "o": 34681,
        "r": "csb:1 John:3:5",
        "w": 12,
        "l": {},
        "c": "Jn 1:29*29495; 1Co 15:3*32515; Heb 10:4*34166; 1Pt 2:24*34489",
        "a": "i"
    },
    {
        "o": 34681,
        "r": "csb:1 John:3:5",
        "w": 19,
        "l": {},
        "c": "2Co 5:21*32721; Heb 4:15*34041; 7:26*34111; 1Pt 2:21–22*34486; 3:18*34512; 1Jn 2:29*34675",
        "a": "j"
    },
    {
        "o": 34682,
        "r": "csb:1 John:3:6",
        "w": 4,
        "l": {},
        "c": "Jn 15:4–7*30198; 1Jn 2:6,24,27–28*34647; 3:24*34701; 4:13,15–16*34717",
        "a": "k"
    },
    {
        "o": 34682,
        "r": "csb:1 John:3:6",
        "w": 7,
        "l": {},
        "t": "3:6*r Or not keep on sinning",
        "a": "l"
    },
    {
        "o": 34682,
        "r": "csb:1 John:3:6",
        "w": 7,
        "l": {},
        "c": "Rm 6:11–12*31779; 1Jn 2:29*34675; 5:18*34747",
        "a": "m"
    },
    {
        "o": 34682,
        "r": "csb:1 John:3:6",
        "w": 10,
        "l": {},
        "t": "3:6*r Or who keeps on sinning",
        "a": "n"
    },
    {
        "o": 34684,
        "r": "csb:1 John:3:8",
        "w": 3,
        "l": {},
        "t": "3:8*r Or practices",
        "a": "o"
    },
    {
        "o": 34684,
        "r": "csb:1 John:3:8",
        "w": 20,
        "l": {},
        "c": "Mk 1:11*27362",
        "a": "p"
    },
    {
        "o": 34684,
        "r": "csb:1 John:3:8",
        "w": 22,
        "l": {},
        "c": "Jn 21:1*30430; 2Co 4:11*32690; 1Pt 5:4*34545; 1Jn 5:20*34749",
        "a": "q"
    },
    {
        "o": 34685,
        "r": "csb:1 John:3:9",
        "w": 6,
        "l": {},
        "c": "1Jn 2:29*34675",
        "a": "r"
    },
    {
        "o": 34685,
        "r": "csb:1 John:3:9",
        "w": 9,
        "l": {},
        "t": "3:9*r Or not practice sin",
        "a": "s"
    },
    {
        "o": 34685,
        "r": "csb:1 John:3:9",
        "w": 12,
        "l": {},
        "c": "1Pt 1:23*34459",
        "a": "t"
    },
    {
        "o": 34685,
        "r": "csb:1 John:3:9",
        "w": 21,
        "l": {},
        "t": "3:9*r Or to keep on sinning",
        "a": "u"
    },
    {
        "o": 34686,
        "r": "csb:1 John:3:10",
        "w": 32,
        "l": {},
        "c": "1Jn 2:10*34651; 3:14–17*34691; 4:20–21*34724",
        "a": "v"
    },
    {
        "o": 34689,
        "r": "csb:1 John:3:12",
        "w": 1,
        "l": {},
        "c": "Gn 4:1*90; Jd 11*34803",
        "a": "w"
    },
    {
        "o": 34689,
        "r": "csb:1 John:3:12",
        "w": 7,
        "l": {},
        "c": "2Th 3:3*33626",
        "a": "x"
    },
    {
        "o": 34690,
        "r": "csb:1 John:3:13",
        "w": 10,
        "l": {},
        "c": "Jn 17:14*30277",
        "a": "y"
    },
    {
        "o": 34691,
        "r": "csb:1 John:3:14",
        "w": 25,
        "l": {},
        "c": "Jn 8:51*29890",
        "a": "z"
    },
    {
        "o": 34692,
        "r": "csb:1 John:3:15",
        "w": 6,
        "l": {},
        "c": "1Jn 2:9,11*34650; 4:20*34724",
        "a": "a"
    },
    {
        "o": 34692,
        "r": "csb:1 John:3:15",
        "w": 9,
        "l": {},
        "c": "Mt 5:21–22*26237; Jn 8:44*29882",
        "a": "b"
    },
    {
        "o": 34693,
        "r": "csb:1 John:3:16",
        "w": 13,
        "l": {},
        "c": "Jn 10:11,14,17–18*29956; 13:37–38*30153; 15:13*30208",
        "a": "c"
    },
    {
        "o": 34693,
        "r": "csb:1 John:3:16",
        "w": 15,
        "l": {},
        "c": "Is 53:10*20970; Mk 10:45*27827",
        "a": "d"
    },
    {
        "o": 34693,
        "r": "csb:1 John:3:16",
        "w": 27,
        "l": {},
        "c": "Mk 8:34–35*27715; 1Co 11:1*32383; Php 2:5–8*33291",
        "a": "e"
    },
    {
        "o": 34694,
        "r": "csb:1 John:3:17",
        "w": 5,
        "l": {},
        "c": "Mk 12:44*27924; Lk 15:12*28957; 1Jn 2:16*34659",
        "a": "f"
    },
    {
        "o": 34694,
        "r": "csb:1 John:3:17",
        "w": 10,
        "l": {},
        "t": "3:17*r Lit sees his brother or sister",
        "a": "g"
    },
    {
        "o": 34694,
        "r": "csb:1 John:3:17",
        "w": 12,
        "l": {},
        "c": "Ac 2:45*30539",
        "a": "h"
    },
    {
        "o": 34694,
        "r": "csb:1 John:3:17",
        "w": 15,
        "l": {},
        "c": "2Co 7:15*32759",
        "a": "i"
    },
    {
        "o": 34694,
        "r": "csb:1 John:3:17",
        "w": 24,
        "l": {},
        "c": "Jms 2:15–16*34355; 1Jn 2:5*34646",
        "a": "j"
    },
    {
        "o": 34695,
        "r": "csb:1 John:3:18",
        "w": 15,
        "l": {},
        "c": "Mt 7:21*26335; Jn 13:34–35*30149; 15:12–17*30207; Jms 1:22–25*34332; 2:14–17*34354",
        "a": "k"
    },
    {
        "o": 34696,
        "r": "csb:1 John:3:19",
        "w": 11,
        "l": {},
        "c": "Jn 14:6*30162; 2Co 11:10*32836; 3Jn 3*34772",
        "a": "l"
    },
    {
        "o": 34697,
        "r": "csb:1 John:3:20",
        "w": 16,
        "l": {},
        "c": "Ps 139:6*18184; Pr 2:6*18412; Jn 14:28*30189",
        "a": "m"
    },
    {
        "o": 34699,
        "r": "csb:1 John:3:22",
        "w": 11,
        "l": {},
        "c": "Mk 7:8*27644; Jn 14:15*30174; 1Jn 2:3*34644; 5:2*34728",
        "a": "n"
    },
    {
        "o": 34700,
        "r": "csb:1 John:3:23",
        "w": 10,
        "l": {},
        "c": "Ps 33:21*16004; Is 50:10*20916; Jn 1:12*29476; 3:18*29566; 1Jn 5:13*34741",
        "a": "o"
    },
    {
        "o": 34701,
        "r": "csb:1 John:3:24",
        "w": 8,
        "l": {},
        "c": "Lk 11:13*28742; Jn 15:4–7*30198; Ac 5:32*30652; 15:8*31062",
        "a": "p"
    },
    {
        "o": 34701,
        "r": "csb:1 John:3:24",
        "w": 22,
        "l": {},
        "c": "Jn 6:56*29757",
        "a": "q"
    },
    {
        "o": 34701,
        "r": "csb:1 John:3:24",
        "w": 26,
        "l": {},
        "c": "Rm 8:9–16*31832",
        "a": "r"
    },
    {
        "o": 34704,
        "r": "csb:1 John:4:1",
        "w": 10,
        "l": {},
        "c": "1Th 5:21*33579",
        "a": "a"
    },
    {
        "o": 34705,
        "r": "csb:1 John:4:2",
        "w": 20,
        "l": {},
        "c": "Jn 1:14*29478; Php 2:7*33293; 3:3*33323",
        "a": "b"
    },
    {
        "o": 34705,
        "r": "csb:1 John:4:2",
        "w": 23,
        "l": {},
        "c": "1Co 12:3*32423",
        "a": "c"
    },
    {
        "o": 34706,
        "r": "csb:1 John:4:3",
        "w": 7,
        "l": {},
        "t": "4:3*r Other mss read confess that Jesus has come in the flesh",
        "a": "d"
    },
    {
        "o": 34706,
        "r": "csb:1 John:4:3",
        "w": 18,
        "l": {},
        "c": "1Jn 2:18,22*34662; 2Jn 7*34760",
        "a": "e"
    },
    {
        "o": 34707,
        "r": "csb:1 John:4:4",
        "w": 17,
        "l": {},
        "c": "Rm 8:31*31857; Col 1:27*33402; 1Jn 3:20*34697",
        "a": "f"
    },
    {
        "o": 34707,
        "r": "csb:1 John:4:4",
        "w": 27,
        "l": {},
        "c": "Jn 12:31*30089",
        "a": "g"
    },
    {
        "o": 34708,
        "r": "csb:1 John:4:5",
        "w": 4,
        "l": {},
        "c": "Jn 17:6*30269; 2Pt 2:20*34603",
        "a": "h"
    },
    {
        "o": 34709,
        "r": "csb:1 John:4:6",
        "w": 10,
        "l": {},
        "c": "Jn 8:47*29886",
        "a": "i"
    },
    {
        "o": 34709,
        "r": "csb:1 John:4:6",
        "w": 35,
        "l": {},
        "c": "Mk 13:5–6*27932; 1Co 2:12*32158; 1Tm 4:1*33708",
        "a": "j"
    },
    {
        "o": 34711,
        "r": "csb:1 John:4:7",
        "w": 20,
        "l": {},
        "c": "1Jn 2:29*34675",
        "a": "k"
    },
    {
        "o": 34713,
        "r": "csb:1 John:4:9",
        "w": 5,
        "l": {},
        "t": "4:9*r Or in us",
        "a": "l"
    },
    {
        "o": 34713,
        "r": "csb:1 John:4:9",
        "w": 10,
        "l": {},
        "c": "Mk 9:37*27762",
        "a": "m"
    },
    {
        "o": 34713,
        "r": "csb:1 John:4:9",
        "w": 15,
        "l": {},
        "c": "Jn 1:14,18*29478; 3:16,18*29564",
        "a": "n"
    },
    {
        "o": 34713,
        "r": "csb:1 John:4:9",
        "w": 23,
        "l": {},
        "c": "Jn 10:28*29974",
        "a": "o"
    },
    {
        "o": 34714,
        "r": "csb:1 John:4:10",
        "w": 13,
        "l": {},
        "c": "Jn 3:16*29564",
        "a": "p"
    },
    {
        "o": 34714,
        "r": "csb:1 John:4:10",
        "w": 22,
        "l": {},
        "t": "4:10*r Or the propitiation",
        "a": "q"
    },
    {
        "o": 34714,
        "r": "csb:1 John:4:10",
        "w": 22,
        "l": {},
        "c": "2Co 5:21*32721; 1Jn 2:2*34643",
        "a": "r"
    },
    {
        "o": 34715,
        "r": "csb:1 John:4:11",
        "w": 14,
        "l": {},
        "c": "Jn 13:14*30127; 15:12*30207; Rm 13:8*32003; 1Th 4:9*33545; 1Pt 1:22*34458",
        "a": "s"
    },
    {
        "o": 34716,
        "r": "csb:1 John:4:12",
        "w": 5,
        "l": {},
        "c": "Ex 33:20*2757",
        "a": "t"
    },
    {
        "o": 34716,
        "r": "csb:1 John:4:12",
        "w": 13,
        "l": {},
        "t": "4:12*r Or remains among",
        "a": "u"
    },
    {
        "o": 34717,
        "r": "csb:1 John:4:13",
        "w": 9,
        "l": {},
        "c": "Jn 15:4–7*30198; 1Jn 2:6,24,27–28*34647; 3:6,24*34682; 4:15–16*34719",
        "a": "v"
    },
    {
        "o": 34717,
        "r": "csb:1 John:4:13",
        "w": 20,
        "l": {},
        "c": "Rv 3:22*34902",
        "a": "w"
    },
    {
        "o": 34718,
        "r": "csb:1 John:4:14",
        "w": 13,
        "l": {},
        "c": "Rm 1:3*31609",
        "a": "x"
    },
    {
        "o": 34719,
        "r": "csb:1 John:4:15",
        "w": 1,
        "l": {},
        "c": "Jn 9:22*29923; Php 2:6*33292",
        "a": "y"
    },
    {
        "o": 34721,
        "r": "csb:1 John:4:17",
        "w": 18,
        "l": {},
        "c": "Mt 10:15*26449; 11:22,24*26504; 12:36*26555; 2Pt 2:9*34592; 3:7*34614; Jd 6*34797",
        "a": "z"
    },
    {
        "o": 34721,
        "r": "csb:1 John:4:17",
        "w": 29,
        "l": {},
        "c": "Jn 14:10–11*30167; 15:9–10*30204; 17:11,15,18*30274",
        "a": "a"
    },
    {
        "o": 34722,
        "r": "csb:1 John:4:18",
        "w": 11,
        "l": {},
        "c": "Rm 8:15*31839",
        "a": "b"
    },
    {
        "o": 34722,
        "r": "csb:1 John:4:18",
        "w": 15,
        "l": {},
        "t": "4:18*r Or fear has its own punishment or torment",
        "a": "c"
    },
    {
        "o": 34722,
        "r": "csb:1 John:4:18",
        "w": 25,
        "l": {},
        "c": "Eph 4:11–16*33160",
        "a": "d"
    },
    {
        "o": 34723,
        "r": "csb:1 John:4:19",
        "w": 1,
        "l": {},
        "t": "4:19*r Other mss add him",
        "a": "e"
    },
    {
        "o": 34723,
        "r": "csb:1 John:4:19",
        "w": 6,
        "l": {},
        "c": "2Th 2:13*33617",
        "a": "f"
    },
    {
        "o": 34724,
        "r": "csb:1 John:4:20",
        "w": 12,
        "l": {},
        "c": "1Jn 2:9,11*34650; 3:15*34692",
        "a": "g"
    },
    {
        "o": 34724,
        "r": "csb:1 John:4:20",
        "w": 16,
        "l": {},
        "c": "1Jn 1:10*34639",
        "a": "h"
    },
    {
        "o": 34724,
        "r": "csb:1 John:4:20",
        "w": 27,
        "l": {},
        "c": "1Jn 2:10*34651; 3:10,14–17*34687",
        "a": "i"
    },
    {
        "o": 34724,
        "r": "csb:1 John:4:20",
        "w": 39,
        "l": {},
        "t": "4:20*r Other mss read has seen, how is he able to love ... seen? (as a question)",
        "a": "j"
    },
    {
        "o": 34727,
        "r": "csb:1 John:5:1",
        "w": 12,
        "l": {},
        "c": "1Jn 2:29*34675",
        "a": "a"
    },
    {
        "o": 34727,
        "r": "csb:1 John:5:1",
        "w": 18,
        "l": {},
        "t": "5:1*r Or loves the one who has given birth",
        "a": "b"
    },
    {
        "o": 34728,
        "r": "csb:1 John:5:2",
        "w": 15,
        "l": {},
        "t": "5:2*r Other mss read keep",
        "a": "c"
    },
    {
        "o": 34729,
        "r": "csb:1 John:5:3",
        "w": 18,
        "l": {},
        "c": "Dt 30:11*6319; Mt 11:30*26513; 23:4,23*27017",
        "a": "d"
    },
    {
        "o": 34732,
        "r": "csb:1 John:5:5",
        "w": 7,
        "l": {},
        "c": "1Co 15:57*32574; 2Pt 2:20*34603",
        "a": "e"
    },
    {
        "o": 34732,
        "r": "csb:1 John:5:5",
        "w": 19,
        "l": {},
        "c": "Jn 5:19*29667; 14:1*30157; Heb 1:2*33967",
        "a": "f"
    },
    {
        "o": 34733,
        "r": "csb:1 John:5:6",
        "w": 18,
        "l": {},
        "c": "Mk 1:11*27362; Jn 1:34*29500",
        "a": "g"
    },
    {
        "o": 34733,
        "r": "csb:1 John:5:6",
        "w": 21,
        "l": {},
        "c": "Jn 17:1*30263; 1Jn 1:7*34636; 4:10*34714",
        "a": "h"
    },
    {
        "o": 34733,
        "r": "csb:1 John:5:6",
        "w": 29,
        "l": {},
        "c": "Jn 15:26*30223; Ac 26:5*31489",
        "a": "i"
    },
    {
        "o": 34734,
        "r": "csb:1 John:5:7",
        "w": 5,
        "l": {},
        "t": "5:7–8*r A few late Gk mss and some late Vg mss add testify in heaven: the Father, the Word, and the Holy Spirit, and these three are one. 8 And there are three who bear witness on earth:",
        "a": "j"
    },
    {
        "o": 34734,
        "r": "csb:1 John:5:7",
        "w": 5,
        "l": {},
        "c": "Dt 19:15*5976; Mt 18:16*26811; Jn 8:17–18*29853",
        "a": "k"
    },
    {
        "o": 34735,
        "r": "csb:1 John:5:8",
        "w": 1,
        "l": {},
        "c": "Jn 1:32*29498; 19:30*30377; 20:22*30416",
        "a": "l"
    },
    {
        "o": 34735,
        "r": "csb:1 John:5:8",
        "w": 6,
        "l": {},
        "c": "Jn 19:34*30381",
        "a": "m"
    },
    {
        "o": 34736,
        "r": "csb:1 John:5:9",
        "w": 6,
        "l": {},
        "c": "Jn 5:36–37*29686; 8:18*29854",
        "a": "n"
    },
    {
        "o": 34737,
        "r": "csb:1 John:5:10",
        "w": 25,
        "l": {},
        "c": "Gn 3:4*66",
        "a": "o"
    },
    {
        "o": 34739,
        "r": "csb:1 John:5:12",
        "w": 7,
        "l": {},
        "c": "Jn 3:15,36*29563; 5:24*29673; 6:40,47*29741",
        "a": "p"
    },
    {
        "o": 34740,
        "r": "csb:1 John:5:13",
        "w": 11,
        "l": {},
        "c": "1Jn 3:23*34700",
        "a": "q"
    },
    {
        "o": 34742,
        "r": "csb:1 John:5:14",
        "w": 10,
        "l": {},
        "c": "Mt 7:7*26320; Jn 14:13*30171; 1Jn 3:22*34699",
        "a": "r"
    },
    {
        "o": 34742,
        "r": "csb:1 John:5:14",
        "w": 18,
        "l": {},
        "c": "Mt 7:8*26321; Jn 9:31*29932; 11:22*30015",
        "a": "s"
    },
    {
        "o": 34743,
        "r": "csb:1 John:5:15",
        "w": 9,
        "l": {},
        "c": "Jms 1:5*34314",
        "a": "t"
    },
    {
        "o": 34743,
        "r": "csb:1 John:5:15",
        "w": 20,
        "l": {},
        "c": "Jn 11:22*30015; 16:24*30251",
        "a": "u"
    },
    {
        "o": 34744,
        "r": "csb:1 John:5:16",
        "w": 5,
        "l": {},
        "t": "5:16*r Lit sees his brother or sister",
        "a": "v"
    },
    {
        "o": 34744,
        "r": "csb:1 John:5:16",
        "w": 36,
        "l": {},
        "t": "5:16*r Or is a sin",
        "a": "w"
    },
    {
        "o": 34747,
        "r": "csb:1 John:5:18",
        "w": 22,
        "l": {},
        "t": "5:18*r Other mss read himself",
        "a": "x"
    },
    {
        "o": 34747,
        "r": "csb:1 John:5:18",
        "w": 22,
        "l": {},
        "c": "Jn 17:12*30275; 1Pt 1:5*34440; Jd 24*34817; Rv 3:10*34889",
        "a": "y"
    },
    {
        "o": 34749,
        "r": "csb:1 John:5:20",
        "w": 9,
        "l": {},
        "c": "Jn 1:14*29478; 8:42*29880; 1Jn 1:2*34630; 3:5,8*34681",
        "a": "z"
    },
    {
        "o": 34749,
        "r": "csb:1 John:5:20",
        "w": 22,
        "l": {},
        "t": "5:20*r Other mss read the true God",
        "a": "a"
    },
    {
        "o": 34749,
        "r": "csb:1 John:5:20",
        "w": 35,
        "l": {},
        "c": "Jn 10:38*29985; 15:9*30204; 17:21*30285; 1Th 1:1*33483; 1Jn 2:23–24*34668",
        "a": "b"
    }
]
