[
    {
        "o": 12707,
        "r": "csb:2 Chronicles:13:1",
        "w": 3,
        "l": {},
        "c": "1Kg 15:1–2,7*10223",
        "a": "a"
    },
    {
        "o": 12707,
        "r": "csb:2 Chronicles:13:1",
        "w": 8,
        "l": {},
        "t": "13:1*r = Abijam in 1Kg 14:31–15:8",
        "a": "b"
    },
    {
        "o": 12708,
        "r": "csb:2 Chronicles:13:2",
        "w": 11,
        "l": {},
        "t": "13:2*r LXX, Syr, Arabic read Maacah; 1Kg 15:2; 2Ch 11:22",
        "a": "c"
    },
    {
        "o": 12708,
        "r": "csb:2 Chronicles:13:2",
        "w": 11,
        "l": {},
        "c": "1Kg 15:2*10224; 2Ch 11:20,22*12682",
        "a": "d"
    },
    {
        "o": 12710,
        "r": "csb:2 Chronicles:13:4",
        "w": 5,
        "l": {},
        "c": "Jos 18:22*6984",
        "a": "e"
    },
    {
        "o": 12711,
        "r": "csb:2 Chronicles:13:5",
        "w": 19,
        "l": {},
        "c": "2Sm 7:12–16*9055",
        "a": "f"
    },
    {
        "o": 12711,
        "r": "csb:2 Chronicles:13:5",
        "w": 24,
        "l": {},
        "c": "Lv 2:13*3074; Nm 18:19*4702",
        "a": "g"
    },
    {
        "o": 12712,
        "r": "csb:2 Chronicles:13:6",
        "w": 18,
        "l": {},
        "c": "1Kg 11:26*10094",
        "a": "h"
    },
    {
        "o": 12714,
        "r": "csb:2 Chronicles:13:8",
        "w": 41,
        "l": {},
        "t": "13:8*r Or God; 1Kg 12:28",
        "a": "i"
    },
    {
        "o": 12714,
        "r": "csb:2 Chronicles:13:8",
        "w": 41,
        "l": {},
        "c": "1Kg 12:28*10144",
        "a": "j"
    },
    {
        "o": 12715,
        "r": "csb:2 Chronicles:13:9",
        "w": 26,
        "l": {},
        "c": "2Ch 11:14*12676",
        "a": "k"
    },
    {
        "o": 12715,
        "r": "csb:2 Chronicles:13:9",
        "w": 31,
        "l": {},
        "c": "Ex 29:29–33*2614",
        "a": "l"
    },
    {
        "o": 12715,
        "r": "csb:2 Chronicles:13:9",
        "w": 42,
        "l": {},
        "c": "1Kg 13:33*10185",
        "a": "m"
    },
    {
        "o": 12715,
        "r": "csb:2 Chronicles:13:9",
        "w": 47,
        "l": {},
        "c": "Jr 2:11*21260; 5:7*21361",
        "a": "n"
    },
    {
        "o": 12717,
        "r": "csb:2 Chronicles:13:11",
        "w": 15,
        "l": {},
        "c": "Ex 29:38*2623; 2Ch 2:4*12430",
        "a": "o"
    },
    {
        "o": 12717,
        "r": "csb:2 Chronicles:13:11",
        "w": 31,
        "l": {},
        "c": "Ex 25:30*2459; Lv 24:5–9*3813",
        "a": "p"
    },
    {
        "o": 12717,
        "r": "csb:2 Chronicles:13:11",
        "w": 57,
        "l": {},
        "c": "Ex 25:31–40*2460",
        "a": "q"
    },
    {
        "o": 12718,
        "r": "csb:2 Chronicles:13:12",
        "w": 35,
        "l": {},
        "c": "Nm 10:8–9*4396",
        "a": "r"
    },
    {
        "o": 12719,
        "r": "csb:2 Chronicles:13:13",
        "w": 5,
        "l": {},
        "c": "Jos 8:4–9*6638",
        "a": "s"
    },
    {
        "o": 12720,
        "r": "csb:2 Chronicles:13:14",
        "w": 21,
        "l": {},
        "c": "2Ch 14:11*12742",
        "a": "t"
    },
    {
        "o": 12721,
        "r": "csb:2 Chronicles:13:15",
        "w": 27,
        "l": {},
        "c": "2Ch 14:12*12743",
        "a": "u"
    },
    {
        "o": 12722,
        "r": "csb:2 Chronicles:13:16",
        "w": 12,
        "l": {},
        "c": "2Ch 16:8*12778",
        "a": "v"
    },
    {
        "o": 12725,
        "r": "csb:2 Chronicles:13:19",
        "w": 12,
        "l": {},
        "t": "13:19*r Alt Hb tradition reads Ephrain",
        "a": "w"
    },
    {
        "o": 12726,
        "r": "csb:2 Chronicles:13:20",
        "w": 5,
        "l": {},
        "t": "13:20*r Lit He did not restrain the power of Jeroboam",
        "a": "x"
    },
    {
        "o": 12726,
        "r": "csb:2 Chronicles:13:20",
        "w": 13,
        "l": {},
        "c": "1Sm 25:38*8735",
        "a": "y"
    },
    {
        "o": 12726,
        "r": "csb:2 Chronicles:13:20",
        "w": 16,
        "l": {},
        "c": "1Kg 14:20*10209",
        "a": "z"
    },
    {
        "o": 12728,
        "r": "csb:2 Chronicles:13:22",
        "w": 19,
        "l": {},
        "c": "2Ch 24:27*13001",
        "a": "a"
    },
    {
        "o": 12728,
        "r": "csb:2 Chronicles:13:22",
        "w": 23,
        "l": {},
        "c": "1Kg 15:7*10229; 2Ch 9:29*12636; 12:15*12703",
        "a": "b"
    }
]
