[
    {
        "o": 12584,
        "r": "csb:2 Chronicles:8:1",
        "w": 5,
        "l": {},
        "c": "1Kg 9:10–23*10013",
        "a": "a"
    },
    {
        "o": 12585,
        "r": "csb:2 Chronicles:8:2",
        "w": 5,
        "l": {},
        "t": "8:2*r = the king of Tyre",
        "a": "b"
    },
    {
        "o": 12588,
        "r": "csb:2 Chronicles:8:5",
        "w": 6,
        "l": {},
        "c": "1Ch 7:24*11710",
        "a": "c"
    },
    {
        "o": 12588,
        "r": "csb:2 Chronicles:8:5",
        "w": 13,
        "l": {},
        "c": "2Ch 14:7*12738",
        "a": "d"
    },
    {
        "o": 12590,
        "r": "csb:2 Chronicles:8:7",
        "w": 19,
        "l": {},
        "c": "Gn 15:18–21*419",
        "a": "e"
    },
    {
        "o": 12591,
        "r": "csb:2 Chronicles:8:8",
        "w": 26,
        "l": {},
        "c": "1Kg 4:6*9779; 9:21*10025",
        "a": "f"
    },
    {
        "o": 12594,
        "r": "csb:2 Chronicles:8:11",
        "w": 18,
        "l": {},
        "c": "1Kg 3:1*9743; 7:8*9880; 9:24*10029",
        "a": "g"
    },
    {
        "o": 12594,
        "r": "csb:2 Chronicles:8:11",
        "w": 29,
        "l": {},
        "t": "8:11*r LXX reads city",
        "a": "h"
    },
    {
        "o": 12596,
        "r": "csb:2 Chronicles:8:12",
        "w": 2,
        "l": {},
        "c": "1Kg 9:25*10030",
        "a": "i"
    },
    {
        "o": 12596,
        "r": "csb:2 Chronicles:8:12",
        "w": 21,
        "l": {},
        "c": "2Ch 4:1*12470",
        "a": "j"
    },
    {
        "o": 12597,
        "r": "csb:2 Chronicles:8:13",
        "w": 4,
        "l": {},
        "c": "Ex 29:38–42*2623",
        "a": "k"
    },
    {
        "o": 12597,
        "r": "csb:2 Chronicles:8:13",
        "w": 12,
        "l": {},
        "c": "Nm 28:3*5040",
        "a": "l"
    },
    {
        "o": 12597,
        "r": "csb:2 Chronicles:8:13",
        "w": 36,
        "l": {},
        "c": "Ex 23:14–17*2384",
        "a": "m"
    },
    {
        "o": 12598,
        "r": "csb:2 Chronicles:8:14",
        "w": 17,
        "l": {},
        "c": "1Ch 24:1–3*12210",
        "a": "n"
    },
    {
        "o": 12598,
        "r": "csb:2 Chronicles:8:14",
        "w": 36,
        "l": {},
        "c": "1Ch 25:1*12244",
        "a": "o"
    },
    {
        "o": 12598,
        "r": "csb:2 Chronicles:8:14",
        "w": 49,
        "l": {},
        "c": "1Ch 26:1,13*12277",
        "a": "p"
    },
    {
        "o": 12598,
        "r": "csb:2 Chronicles:8:14",
        "w": 61,
        "l": {},
        "c": "Neh 12:24,36*14070",
        "a": "q"
    },
    {
        "o": 12599,
        "r": "csb:2 Chronicles:8:15",
        "w": 21,
        "l": {},
        "c": "1Ch 26:20–28*12297",
        "a": "r"
    },
    {
        "o": 12602,
        "r": "csb:2 Chronicles:8:17",
        "w": 2,
        "l": {},
        "c": "1Kg 9:26–28*10031",
        "a": "s"
    },
    {
        "o": 12602,
        "r": "csb:2 Chronicles:8:17",
        "w": 9,
        "l": {},
        "c": "2Kg 14:22*10980",
        "a": "t"
    },
    {
        "o": 12603,
        "r": "csb:2 Chronicles:8:18",
        "w": 1,
        "l": {},
        "t": "8:18*r Lit Huram",
        "a": "u"
    },
    {
        "o": 12603,
        "r": "csb:2 Chronicles:8:18",
        "w": 26,
        "l": {},
        "t": "8:18*r Lit 450 talents",
        "a": "v"
    },
    {
        "o": 12603,
        "r": "csb:2 Chronicles:8:18",
        "w": 34,
        "l": {},
        "c": "2Ch 9:10,13*12615",
        "a": "w"
    }
]
