[
    {
        "o": 32578,
        "r": "csb:1 Corinthians:16:1",
        "w": 3,
        "l": {},
        "c": "Ac 11:30*30933; 2Co 8:4*32766",
        "a": "a"
    },
    {
        "o": 32578,
        "r": "csb:1 Corinthians:16:1",
        "w": 14,
        "l": {},
        "c": "Gl 1:2*32904",
        "a": "b"
    },
    {
        "o": 32579,
        "r": "csb:1 Corinthians:16:2",
        "w": 6,
        "l": {},
        "c": "Mt 28:1*27326; Mk 16:9*28119; Lk 24:1*29407; Jn 20:1,19*30393; Ac 20:7*31272",
        "a": "c"
    },
    {
        "o": 32579,
        "r": "csb:1 Corinthians:16:2",
        "w": 35,
        "l": {},
        "c": "2Co 9:1–5*32790",
        "a": "d"
    },
    {
        "o": 32580,
        "r": "csb:1 Corinthians:16:3",
        "w": 7,
        "l": {},
        "c": "2Co 8:16–22*32779",
        "a": "e"
    },
    {
        "o": 32580,
        "r": "csb:1 Corinthians:16:3",
        "w": 16,
        "l": {},
        "c": "Mt 23:37*27050; Ac 8:1*30751",
        "a": "f"
    },
    {
        "o": 32583,
        "r": "csb:1 Corinthians:16:5",
        "w": 9,
        "l": {},
        "c": "Ac 16:9*31109",
        "a": "g"
    },
    {
        "o": 32585,
        "r": "csb:1 Corinthians:16:7",
        "w": 22,
        "l": {},
        "c": "Ps 143:10*18254; Pr 16:9*18853; Jn 5:30*29680; Gl 1:4*32906; Eph 1:9*33082; 1Jn 2:17*34661",
        "a": "h"
    },
    {
        "o": 32586,
        "r": "csb:1 Corinthians:16:8",
        "w": 5,
        "l": {},
        "c": "Eph 1:1*33073",
        "a": "i"
    },
    {
        "o": 32586,
        "r": "csb:1 Corinthians:16:8",
        "w": 7,
        "l": {},
        "c": "Ex 34:22*2785",
        "a": "j"
    },
    {
        "o": 32587,
        "r": "csb:1 Corinthians:16:9",
        "w": 3,
        "l": {},
        "c": "Col 4:3*33463",
        "a": "k"
    },
    {
        "o": 32587,
        "r": "csb:1 Corinthians:16:9",
        "w": 10,
        "l": {},
        "t": "16:9*r Lit door has opened to me, great and effective",
        "a": "l"
    },
    {
        "o": 32588,
        "r": "csb:1 Corinthians:16:10",
        "w": 19,
        "l": {},
        "c": "Jn 5:17*29665; 2Jn 8*34761",
        "a": "m"
    },
    {
        "o": 32589,
        "r": "csb:1 Corinthians:16:11",
        "w": 5,
        "l": {},
        "c": "Lk 18:9*29065",
        "a": "n"
    },
    {
        "o": 32590,
        "r": "csb:1 Corinthians:16:12",
        "w": 4,
        "l": {},
        "c": "Ti 3:13*33931",
        "a": "o"
    },
    {
        "o": 32592,
        "r": "csb:1 Corinthians:16:13",
        "w": 6,
        "l": {},
        "c": "Jd 3*34793",
        "a": "p"
    },
    {
        "o": 32592,
        "r": "csb:1 Corinthians:16:13",
        "w": 8,
        "l": {},
        "t": "16:13*r Lit act like men",
        "a": "q"
    },
    {
        "o": 32593,
        "r": "csb:1 Corinthians:16:14",
        "w": 3,
        "l": {},
        "c": "1Co 13:1*32455",
        "a": "r"
    },
    {
        "o": 32594,
        "r": "csb:1 Corinthians:16:15",
        "w": 12,
        "l": {},
        "c": "Lv 2:12*3073",
        "a": "s"
    },
    {
        "o": 32594,
        "r": "csb:1 Corinthians:16:15",
        "w": 14,
        "l": {},
        "c": "Ac 18:12*31198",
        "a": "t"
    },
    {
        "o": 32597,
        "r": "csb:1 Corinthians:16:18",
        "w": 5,
        "l": {},
        "c": "Ps 51:12*16374",
        "a": "u"
    },
    {
        "o": 32597,
        "r": "csb:1 Corinthians:16:18",
        "w": 9,
        "l": {},
        "c": "1Th 5:12*33570",
        "a": "v"
    },
    {
        "o": 32599,
        "r": "csb:1 Corinthians:16:19",
        "w": 3,
        "l": {},
        "c": "Ac 6:9*30674",
        "a": "w"
    },
    {
        "o": 32599,
        "r": "csb:1 Corinthians:16:19",
        "w": 6,
        "l": {},
        "c": "Rm 16:3–23*32080; 2Co 13:12*32899; Php 4:21–22*33367; Col 4:10–15*33471; 1Th 5:26*33584; Phm 23–24*33961",
        "a": "x"
    },
    {
        "o": 32599,
        "r": "csb:1 Corinthians:16:19",
        "w": 9,
        "l": {},
        "c": "Ac 18:2*31188",
        "a": "y"
    },
    {
        "o": 32599,
        "r": "csb:1 Corinthians:16:19",
        "w": 25,
        "l": {},
        "c": "Rm 16:5*32082",
        "a": "z"
    },
    {
        "o": 32600,
        "r": "csb:1 Corinthians:16:20",
        "w": 14,
        "l": {},
        "c": "2Co 13:12*32899",
        "a": "a"
    },
    {
        "o": 32601,
        "r": "csb:1 Corinthians:16:21",
        "w": 6,
        "l": {},
        "c": "2Th 3:17*33642",
        "a": "b"
    },
    {
        "o": 32602,
        "r": "csb:1 Corinthians:16:22",
        "w": 14,
        "l": {},
        "t": "16:22*r Aramaic Marana tha",
        "a": "c"
    },
    {
        "o": 32603,
        "r": "csb:1 Corinthians:16:23",
        "w": 8,
        "l": {},
        "c": "2Co 13:13*32900; Gl 6:18*33070; Eph 6:23–24*33247; Php 4:23*33369; Col 4:18*33479; 1Th 5:28*33586; 2Th 3:18*33643",
        "a": "d"
    }
]
