[
    {
        "o": 32346,
        "r": "csb:1 Corinthians:10:1",
        "w": 14,
        "l": {},
        "c": "Ps 44:1*16222; Ac 7:11*30694",
        "a": "a"
    },
    {
        "o": 32346,
        "r": "csb:1 Corinthians:10:1",
        "w": 19,
        "l": {},
        "c": "Ex 13:21*2081",
        "a": "b"
    },
    {
        "o": 32346,
        "r": "csb:1 Corinthians:10:1",
        "w": 24,
        "l": {},
        "c": "Ex 14:29*2114",
        "a": "c"
    },
    {
        "o": 32347,
        "r": "csb:1 Corinthians:10:2",
        "w": 3,
        "l": {},
        "c": "Ac 22:16*31368",
        "a": "d"
    },
    {
        "o": 32347,
        "r": "csb:1 Corinthians:10:2",
        "w": 5,
        "l": {},
        "c": "Ps 77:20*16863; Mt 8:4*26351; Heb 3:2*34005",
        "a": "e"
    },
    {
        "o": 32348,
        "r": "csb:1 Corinthians:10:3",
        "w": 6,
        "l": {},
        "c": "Ex 16:31*2179",
        "a": "f"
    },
    {
        "o": 32349,
        "r": "csb:1 Corinthians:10:4",
        "w": 13,
        "l": {},
        "c": "Ex 17:6*2192; Nm 20:7–13*4748",
        "a": "g"
    },
    {
        "o": 32349,
        "r": "csb:1 Corinthians:10:4",
        "w": 21,
        "l": {},
        "c": "Jn 4:14*29602; 6:30–35*29731",
        "a": "h"
    },
    {
        "o": 32350,
        "r": "csb:1 Corinthians:10:5",
        "w": 16,
        "l": {},
        "c": "Jd 5*34796",
        "a": "i"
    },
    {
        "o": 32351,
        "r": "csb:1 Corinthians:10:6",
        "w": 14,
        "l": {},
        "c": "Mt 27:23*27275; Jms 4:2*34391",
        "a": "j"
    },
    {
        "o": 32351,
        "r": "csb:1 Corinthians:10:6",
        "w": 19,
        "l": {},
        "t": "10:6*r Lit they desired",
        "a": "k"
    },
    {
        "o": 32351,
        "r": "csb:1 Corinthians:10:6",
        "w": 19,
        "l": {},
        "c": "Nm 11:4,33–34*4432; Ps 78:18*16884; 106:14*17494",
        "a": "l"
    },
    {
        "o": 32352,
        "r": "csb:1 Corinthians:10:7",
        "w": 2,
        "l": {},
        "c": "Eph 5:5*33189",
        "a": "m"
    },
    {
        "o": 32352,
        "r": "csb:1 Corinthians:10:7",
        "w": 24,
        "l": {},
        "t": "10:7*r Or to dance",
        "a": "n"
    },
    {
        "o": 32352,
        "r": "csb:1 Corinthians:10:7",
        "w": 24,
        "l": {},
        "t": "10:7*r Ex 32:6",
        "a": "o"
    },
    {
        "o": 32352,
        "r": "csb:1 Corinthians:10:7",
        "w": 24,
        "l": {},
        "c": "Ex 32:6*2705",
        "a": "p"
    },
    {
        "o": 32353,
        "r": "csb:1 Corinthians:10:8",
        "w": 5,
        "l": {},
        "c": "1Co 6:18*32251; Rv 2:14,20*34860; 17:2*35167; 18:3,9*35189",
        "a": "q"
    },
    {
        "o": 32353,
        "r": "csb:1 Corinthians:10:8",
        "w": 10,
        "l": {},
        "t": "10:8*r Lit them committed sexual immorality",
        "a": "r"
    },
    {
        "o": 32353,
        "r": "csb:1 Corinthians:10:8",
        "w": 19,
        "l": {},
        "c": "Nm 25:1–18*4921; Ps 106:29*17509",
        "a": "s"
    },
    {
        "o": 32354,
        "r": "csb:1 Corinthians:10:9",
        "w": 9,
        "l": {},
        "t": "10:9*r Lit them tested",
        "a": "t"
    },
    {
        "o": 32354,
        "r": "csb:1 Corinthians:10:9",
        "w": 14,
        "l": {},
        "c": "Nm 21:6*4781",
        "a": "u"
    },
    {
        "o": 32355,
        "r": "csb:1 Corinthians:10:10",
        "w": 2,
        "l": {},
        "c": "Jn 6:41*29742; Jd 16*34808",
        "a": "v"
    },
    {
        "o": 32355,
        "r": "csb:1 Corinthians:10:10",
        "w": 7,
        "l": {},
        "t": "10:10*r Lit them grumbled",
        "a": "w"
    },
    {
        "o": 32355,
        "r": "csb:1 Corinthians:10:10",
        "w": 7,
        "l": {},
        "c": "Nm 16:41–50*4656",
        "a": "x"
    },
    {
        "o": 32355,
        "r": "csb:1 Corinthians:10:10",
        "w": 13,
        "l": {},
        "t": "10:10*r Or the destroying angel",
        "a": "y"
    },
    {
        "o": 32355,
        "r": "csb:1 Corinthians:10:10",
        "w": 13,
        "l": {},
        "c": "Ex 12:23*2028; 2Sm 24:16*9619; 1Ch 21:15*12136; Ps 78:49*16915",
        "a": "z"
    },
    {
        "o": 32356,
        "r": "csb:1 Corinthians:10:11",
        "w": 13,
        "l": {},
        "c": "Ps 102:18*17359",
        "a": "a"
    },
    {
        "o": 32356,
        "r": "csb:1 Corinthians:10:11",
        "w": 20,
        "l": {},
        "t": "10:11*r Or goals of the ages, or culmination of the ages",
        "a": "b"
    },
    {
        "o": 32356,
        "r": "csb:1 Corinthians:10:11",
        "w": 20,
        "l": {},
        "c": "Mk 13:7*27934",
        "a": "c"
    },
    {
        "o": 32356,
        "r": "csb:1 Corinthians:10:11",
        "w": 22,
        "l": {},
        "c": "Mk 10:30*27809",
        "a": "d"
    },
    {
        "o": 32357,
        "r": "csb:1 Corinthians:10:12",
        "w": 10,
        "l": {},
        "c": "Pr 24:16*19108; Heb 6:8*34069",
        "a": "e"
    },
    {
        "o": 32358,
        "r": "csb:1 Corinthians:10:13",
        "w": 15,
        "l": {},
        "c": "Nm 12:7*4474",
        "a": "f"
    },
    {
        "o": 32358,
        "r": "csb:1 Corinthians:10:13",
        "w": 39,
        "l": {},
        "c": "2Pt 2:9*34592",
        "a": "g"
    },
    {
        "o": 32362,
        "r": "csb:1 Corinthians:10:16",
        "w": 1,
        "l": {},
        "c": "Mt 26:27*27194; Mk 14:23*27998; Lk 22:17,20*29279; 1Co 11:25–26*32408",
        "a": "h"
    },
    {
        "o": 32362,
        "r": "csb:1 Corinthians:10:16",
        "w": 3,
        "l": {},
        "c": "Mk 6:41*27617; Gl 3:14*32969",
        "a": "i"
    },
    {
        "o": 32362,
        "r": "csb:1 Corinthians:10:16",
        "w": 18,
        "l": {},
        "c": "Mt 26:26*27193; Mk 14:22*27997; Lk 22:19*29281; Ac 2:42,46*30536; 20:7*31272",
        "a": "j"
    },
    {
        "o": 32363,
        "r": "csb:1 Corinthians:10:17",
        "w": 10,
        "l": {},
        "c": "Jn 11:52*30048; Eph 4:4*33153",
        "a": "k"
    },
    {
        "o": 32364,
        "r": "csb:1 Corinthians:10:18",
        "w": 4,
        "l": {},
        "t": "10:18*r Lit Look at Israel according to the flesh",
        "a": "l"
    },
    {
        "o": 32364,
        "r": "csb:1 Corinthians:10:18",
        "w": 15,
        "l": {},
        "c": "Gn 8:20*226; Lv 1:5*3047; Nm 3:26*4095; Dt 12:27*5793; 1Sm 2:28*8044; 1Ch 6:49*11647; Ps 26:6*15876; Ezk 8:15*23212; Heb 7:13*34098",
        "a": "m"
    },
    {
        "o": 32366,
        "r": "csb:1 Corinthians:10:20",
        "w": 7,
        "l": {},
        "t": "10:20*r Other mss read Gentiles",
        "a": "n"
    },
    {
        "o": 32368,
        "r": "csb:1 Corinthians:10:22",
        "w": 12,
        "l": {},
        "c": "Ec 6:10*19468",
        "a": "o"
    },
    {
        "o": 32370,
        "r": "csb:1 Corinthians:10:23",
        "w": 2,
        "l": {},
        "t": "10:23*r Other mss add for me",
        "a": "p"
    },
    {
        "o": 32370,
        "r": "csb:1 Corinthians:10:23",
        "w": 10,
        "l": {},
        "t": "10:23*r Other mss add for me",
        "a": "q"
    },
    {
        "o": 32371,
        "r": "csb:1 Corinthians:10:24",
        "w": 14,
        "l": {},
        "c": "Mk 10:45*27827; Php 2:4*33290",
        "a": "r"
    },
    {
        "o": 32373,
        "r": "csb:1 Corinthians:10:26",
        "w": 5,
        "l": {},
        "c": "Mk 13:19*27948",
        "a": "s"
    },
    {
        "o": 32373,
        "r": "csb:1 Corinthians:10:26",
        "w": 11,
        "l": {},
        "t": "10:26*r Ps 24:1",
        "a": "t"
    },
    {
        "o": 32373,
        "r": "csb:1 Corinthians:10:26",
        "w": 11,
        "l": {},
        "c": "Ps 24:1*15833",
        "a": "u"
    },
    {
        "o": 32375,
        "r": "csb:1 Corinthians:10:28",
        "w": 15,
        "l": {},
        "c": "Lk 10:8*28686",
        "a": "v"
    },
    {
        "o": 32375,
        "r": "csb:1 Corinthians:10:28",
        "w": 30,
        "l": {},
        "t": "10:28*r Other mss add “For the earth is the Lord’s and all that is in it.”",
        "a": "w"
    },
    {
        "o": 32376,
        "r": "csb:1 Corinthians:10:29",
        "w": 16,
        "l": {},
        "c": "Lk 6:37*28463",
        "a": "x"
    },
    {
        "o": 32377,
        "r": "csb:1 Corinthians:10:30",
        "w": 4,
        "l": {},
        "c": "Mk 8:6*27682; Rm 1:8*31615",
        "a": "y"
    },
    {
        "o": 32378,
        "r": "csb:1 Corinthians:10:31",
        "w": 16,
        "l": {},
        "c": "Mk 10:37*27818; Lk 9:32*28639; Jn 17:24*30288; 2Co 3:18*32676; 2Pt 3:18*34626",
        "a": "z"
    },
    {
        "o": 32379,
        "r": "csb:1 Corinthians:10:32",
        "w": 2,
        "l": {},
        "c": "Ac 24:16*31439; Php 1:10*33261",
        "a": "a"
    },
    {
        "o": 32380,
        "r": "csb:1 Corinthians:10:33",
        "w": 19,
        "l": {},
        "c": "Mk 10:45*27827",
        "a": "b"
    }
]
