[
    {
        "o": 10115,
        "r": "csb:1 Kings:12:1",
        "w": 1,
        "l": {},
        "c": "2Ch 10:1–19*12641",
        "a": "a"
    },
    {
        "o": 10115,
        "r": "csb:1 Kings:12:1",
        "w": 4,
        "l": {},
        "c": "Jos 12:1*6776; 1Kg 12:25*10141",
        "a": "b"
    },
    {
        "o": 10115,
        "r": "csb:1 Kings:12:1",
        "w": 7,
        "l": {},
        "c": "2Sm 20:1–2*9454; 1Kg 12:16–17*10130",
        "a": "c"
    },
    {
        "o": 10115,
        "r": "csb:1 Kings:12:1",
        "w": 15,
        "l": {},
        "c": "Jdg 9:6*7490",
        "a": "d"
    },
    {
        "o": 10116,
        "r": "csb:1 Kings:12:2",
        "w": 19,
        "l": {},
        "c": "1Kg 11:40*10109",
        "a": "e"
    },
    {
        "o": 10116,
        "r": "csb:1 Kings:12:2",
        "w": 23,
        "l": {},
        "t": "12:2*r LXX, Vg read Jeroboam returned from Egypt; 2Ch 10:2",
        "a": "f"
    },
    {
        "o": 10118,
        "r": "csb:1 Kings:12:4",
        "w": 5,
        "l": {},
        "c": "1Sm 8:11–18*8170",
        "a": "g"
    },
    {
        "o": 10118,
        "r": "csb:1 Kings:12:4",
        "w": 20,
        "l": {},
        "c": "1Kg 4:20*9794",
        "a": "h"
    },
    {
        "o": 10120,
        "r": "csb:1 Kings:12:6",
        "w": 6,
        "l": {},
        "c": "1Kg 4:2–19*9775",
        "a": "i"
    },
    {
        "o": 10121,
        "r": "csb:1 Kings:12:7",
        "w": 32,
        "l": {},
        "c": "2Ch 10:7*12647; Pr 15:1*18811",
        "a": "j"
    },
    {
        "o": 10122,
        "r": "csb:1 Kings:12:8",
        "w": 11,
        "l": {},
        "c": "Lv 19:32*3661",
        "a": "k"
    },
    {
        "o": 10125,
        "r": "csb:1 Kings:12:11",
        "w": 28,
        "l": {},
        "t": "12:11*r Lit with scorpions, also in v. 14",
        "a": "l"
    },
    {
        "o": 10125,
        "r": "csb:1 Kings:12:11",
        "w": 28,
        "l": {},
        "c": "Ex 1:13–14*1701; 5:6–9*1806; 2Ch 10:10–11*12650",
        "a": "m"
    },
    {
        "o": 10129,
        "r": "csb:1 Kings:12:15",
        "w": 16,
        "l": {},
        "c": "Dt 2:30*5463; 1Kg 12:24*10140",
        "a": "n"
    },
    {
        "o": 10129,
        "r": "csb:1 Kings:12:15",
        "w": 35,
        "l": {},
        "c": "1Kg 11:29–39*10097",
        "a": "o"
    },
    {
        "o": 10130,
        "r": "csb:1 Kings:12:16",
        "w": 31,
        "l": {},
        "c": "2Sm 5:3,5*8994",
        "a": "p"
    },
    {
        "o": 10130,
        "r": "csb:1 Kings:12:16",
        "w": 43,
        "l": {},
        "c": "2Sm 20:1*9454",
        "a": "q"
    },
    {
        "o": 10131,
        "r": "csb:1 Kings:12:17",
        "w": 11,
        "l": {},
        "c": "1Kg 11:13,36*10081",
        "a": "r"
    },
    {
        "o": 10132,
        "r": "csb:1 Kings:12:18",
        "w": 4,
        "l": {},
        "t": "12:18*r LXX reads Adoniram; 1Kg 4:6; 5:14",
        "a": "s"
    },
    {
        "o": 10132,
        "r": "csb:1 Kings:12:18",
        "w": 4,
        "l": {},
        "c": "2Sm 20:24*9477; 1Kg 4:6*9779; 5:14*9826",
        "a": "t"
    },
    {
        "o": 10133,
        "r": "csb:1 Kings:12:19",
        "w": 10,
        "l": {},
        "c": "2Kg 21:17*11234",
        "a": "u"
    },
    {
        "o": 10135,
        "r": "csb:1 Kings:12:20",
        "w": 8,
        "l": {},
        "c": "1Kg 12:3*10117",
        "a": "v"
    },
    {
        "o": 10135,
        "r": "csb:1 Kings:12:20",
        "w": 21,
        "l": {},
        "c": "1Kg 11:11*10078",
        "a": "w"
    },
    {
        "o": 10135,
        "r": "csb:1 Kings:12:20",
        "w": 34,
        "l": {},
        "c": "1Kg 11:13,36*10081",
        "a": "x"
    },
    {
        "o": 10136,
        "r": "csb:1 Kings:12:21",
        "w": 4,
        "l": {},
        "c": "2Ch 11:1–4*12662",
        "a": "y"
    },
    {
        "o": 10136,
        "r": "csb:1 Kings:12:21",
        "w": 24,
        "l": {},
        "c": "2Sm 19:17*9425",
        "a": "z"
    },
    {
        "o": 10137,
        "r": "csb:1 Kings:12:22",
        "w": 7,
        "l": {},
        "c": "2Ch 12:5,7*12692",
        "a": "a"
    },
    {
        "o": 10139,
        "r": "csb:1 Kings:12:24",
        "w": 29,
        "l": {},
        "c": "1Kg 12:15*10129",
        "a": "b"
    },
    {
        "o": 10141,
        "r": "csb:1 Kings:12:25",
        "w": 2,
        "l": {},
        "c": "Gn 12:6*337; Jdg 9:6*7490; 1Kg 12:1*10115",
        "a": "c"
    },
    {
        "o": 10141,
        "r": "csb:1 Kings:12:25",
        "w": 19,
        "l": {},
        "c": "Jdg 8:8–9,17*7453",
        "a": "d"
    },
    {
        "o": 10142,
        "r": "csb:1 Kings:12:26",
        "w": 13,
        "l": {},
        "c": "1Kg 11:38*10106",
        "a": "e"
    },
    {
        "o": 10143,
        "r": "csb:1 Kings:12:27",
        "w": 13,
        "l": {},
        "c": "Dt 12:5–7,14*5770",
        "a": "f"
    },
    {
        "o": 10144,
        "r": "csb:1 Kings:12:28",
        "w": 29,
        "l": {},
        "t": "12:28*r Or here is your God, or here is your god",
        "a": "g"
    },
    {
        "o": 10144,
        "r": "csb:1 Kings:12:28",
        "w": 38,
        "l": {},
        "c": "Ex 32:4,8*2703",
        "a": "h"
    },
    {
        "o": 10145,
        "r": "csb:1 Kings:12:29",
        "w": 5,
        "l": {},
        "c": "Gn 12:8*339; 28:19*876",
        "a": "i"
    },
    {
        "o": 10145,
        "r": "csb:1 Kings:12:29",
        "w": 11,
        "l": {},
        "c": "Jdg 18:29*7776",
        "a": "j"
    },
    {
        "o": 10146,
        "r": "csb:1 Kings:12:30",
        "w": 3,
        "l": {},
        "c": "1Kg 13:34*10186; 2Kg 17:21*11083",
        "a": "k"
    },
    {
        "o": 10146,
        "r": "csb:1 Kings:12:30",
        "w": 18,
        "l": {},
        "t": "12:30*r Some LXX mss read calves to Bethel and the other to Dan",
        "a": "l"
    },
    {
        "o": 10146,
        "r": "csb:1 Kings:12:30",
        "w": 18,
        "l": {},
        "c": "Ex 20:4–6*2265; Dt 5:8–10*5567",
        "a": "m"
    },
    {
        "o": 10147,
        "r": "csb:1 Kings:12:31",
        "w": 3,
        "l": {},
        "t": "12:31*r Lit a house",
        "a": "n"
    },
    {
        "o": 10147,
        "r": "csb:1 Kings:12:31",
        "w": 7,
        "l": {},
        "c": "1Kg 3:3*9745; 11:7*10074",
        "a": "o"
    },
    {
        "o": 10147,
        "r": "csb:1 Kings:12:31",
        "w": 20,
        "l": {},
        "c": "2Kg 17:32*11095",
        "a": "p"
    },
    {
        "o": 10148,
        "r": "csb:1 Kings:12:32",
        "w": 19,
        "l": {},
        "c": "Lv 23:33–34*3795; Nm 29:12*5088",
        "a": "q"
    },
    {
        "o": 10148,
        "r": "csb:1 Kings:12:32",
        "w": 53,
        "l": {},
        "c": "2Ch 11:15*12677",
        "a": "r"
    },
    {
        "o": 10149,
        "r": "csb:1 Kings:12:33",
        "w": 3,
        "l": {},
        "t": "12:33*r Or He went up to",
        "a": "s"
    },
    {
        "o": 10149,
        "r": "csb:1 Kings:12:33",
        "w": 26,
        "l": {},
        "c": "Nm 15:39*4611",
        "a": "t"
    },
    {
        "o": 10149,
        "r": "csb:1 Kings:12:33",
        "w": 41,
        "l": {},
        "c": "2Kg 23:15*11287",
        "a": "u"
    }
]
