[
    {
        "o": 12282,
        "r": "csb:1 Chronicles:26:6",
        "w": 12,
        "l": {},
        "t": "26:6*r Lit the house of their fathers, also in v. 13",
        "a": "a"
    },
    {
        "o": 12286,
        "r": "csb:1 Chronicles:26:10",
        "w": 0,
        "l": {},
        "c": "1Ch 16:38*12032",
        "a": "b"
    },
    {
        "o": 12289,
        "r": "csb:1 Chronicles:26:13",
        "w": 15,
        "l": {},
        "c": "1Ch 24:5,31*12214; 25:8*12251",
        "a": "c"
    },
    {
        "o": 12290,
        "r": "csb:1 Chronicles:26:14",
        "w": 8,
        "l": {},
        "t": "26:14*r Variant of Meshelemiah",
        "a": "d"
    },
    {
        "o": 12293,
        "r": "csb:1 Chronicles:26:17",
        "w": 5,
        "l": {},
        "t": "26:17*r LXX; MT omits each day",
        "a": "e"
    },
    {
        "o": 12297,
        "r": "csb:1 Chronicles:26:20",
        "w": 20,
        "l": {},
        "c": "1Ch 26:24,26*12301; 28:12*12359; Ezr 2:69*13451",
        "a": "f"
    },
    {
        "o": 12302,
        "r": "csb:1 Chronicles:26:25",
        "w": 19,
        "l": {},
        "t": "26:25*r Or Shelomoth, also in vv. 26,28",
        "a": "g"
    },
    {
        "o": 12303,
        "r": "csb:1 Chronicles:26:26",
        "w": 19,
        "l": {},
        "c": "2Sm 8:11*9086; 1Ch 18:7–11*12076",
        "a": "h"
    },
    {
        "o": 12306,
        "r": "csb:1 Chronicles:26:29",
        "w": 11,
        "l": {},
        "t": "26:29*r the temple added for clarity",
        "a": "i"
    },
    {
        "o": 12306,
        "r": "csb:1 Chronicles:26:29",
        "w": 11,
        "l": {},
        "c": "Neh 11:16*14024",
        "a": "j"
    },
    {
        "o": 12306,
        "r": "csb:1 Chronicles:26:29",
        "w": 15,
        "l": {},
        "c": "1Ch 23:4*12179",
        "a": "k"
    },
    {
        "o": 12307,
        "r": "csb:1 Chronicles:26:30",
        "w": 3,
        "l": {},
        "c": "1Ch 27:17*12328",
        "a": "l"
    },
    {
        "o": 12308,
        "r": "csb:1 Chronicles:26:31",
        "w": 3,
        "l": {},
        "c": "1Ch 23:19*12194",
        "a": "m"
    },
    {
        "o": 12308,
        "r": "csb:1 Chronicles:26:31",
        "w": 38,
        "l": {},
        "c": "1Ch 6:81*11680",
        "a": "n"
    },
    {
        "o": 12309,
        "r": "csb:1 Chronicles:26:32",
        "w": 37,
        "l": {},
        "c": "2Ch 19:11*12860",
        "a": "o"
    }
]
