[
    {
        "o": 33784,
        "r": "csb:2 Timothy:1:1",
        "w": 0,
        "l": {},
        "c": "Ac 13:9*30974",
        "a": "a"
    },
    {
        "o": 33784,
        "r": "csb:2 Timothy:1:1",
        "w": 8,
        "l": {},
        "c": "1Co 1:1*32109; Eph 1:1*33073; Col 1:1*33372",
        "a": "b"
    },
    {
        "o": 33784,
        "r": "csb:2 Timothy:1:1",
        "w": 16,
        "l": {},
        "c": "1Jn 2:25*34670; 5:12*34739",
        "a": "c"
    },
    {
        "o": 33785,
        "r": "csb:2 Timothy:1:2",
        "w": 9,
        "l": {},
        "c": "1Tm 1:2*33648; 2Jn 3*34756",
        "a": "d"
    },
    {
        "o": 33787,
        "r": "csb:2 Timothy:1:3",
        "w": 9,
        "l": {},
        "c": "Ac 23:1*31386; 24:16*31439; Rm 9:1*31868; 2Co 1:12*32620; 1Tm 1:19*33667; 3:9*33697; Heb 10:22*34185; 1Pt 3:21*34515",
        "a": "e"
    },
    {
        "o": 33787,
        "r": "csb:2 Timothy:1:3",
        "w": 24,
        "l": {},
        "c": "Eph 1:6*33079",
        "a": "f"
    },
    {
        "o": 33789,
        "r": "csb:2 Timothy:1:5",
        "w": 4,
        "l": {},
        "c": "1Tm 1:5*33651",
        "a": "g"
    },
    {
        "o": 33789,
        "r": "csb:2 Timothy:1:5",
        "w": 16,
        "l": {},
        "c": "Ac 16:1*31100",
        "a": "h"
    },
    {
        "o": 33790,
        "r": "csb:2 Timothy:1:6",
        "w": 20,
        "l": {},
        "c": "1Tm 4:14*33723; 5:22*33750",
        "a": "i"
    },
    {
        "o": 33791,
        "r": "csb:2 Timothy:1:7",
        "w": 9,
        "l": {},
        "c": "Jn 7:13*29789; 14:27*30188; Rm 8:15*31839",
        "a": "j"
    },
    {
        "o": 33791,
        "r": "csb:2 Timothy:1:7",
        "w": 13,
        "l": {},
        "t": "1:7*r Or For the Spirit God gave us does not make us fearful, but gives us power",
        "a": "k"
    },
    {
        "o": 33791,
        "r": "csb:2 Timothy:1:7",
        "w": 13,
        "l": {},
        "c": "Lk 1:35*28171; 4:14*28340; 24:49*29458; Ac 1:8*30469; 4:33*30609; Rm 15:13,19*32053; 1Co 2:4*32149; Eph 3:16,20*33142; 1Th 1:5*33487",
        "a": "l"
    },
    {
        "o": 33791,
        "r": "csb:2 Timothy:1:7",
        "w": 14,
        "l": {},
        "c": "1Co 13:1*32455",
        "a": "m"
    },
    {
        "o": 33793,
        "r": "csb:2 Timothy:1:8",
        "w": 3,
        "l": {},
        "c": "Mk 8:38*27719; Rm 1:16*31624; 2Tm 1:12,16*33798",
        "a": "n"
    },
    {
        "o": 33793,
        "r": "csb:2 Timothy:1:8",
        "w": 9,
        "l": {},
        "c": "Ac 4:33*30609; 1Co 1:6*32115; Rv 1:2,9*34822; 12:17*35079; 19:10*35225; 20:4*35244",
        "a": "o"
    },
    {
        "o": 33793,
        "r": "csb:2 Timothy:1:8",
        "w": 14,
        "l": {},
        "c": "Eph 3:1*33126; 4:1*33150; Phm 1,9*33936",
        "a": "p"
    },
    {
        "o": 33793,
        "r": "csb:2 Timothy:1:8",
        "w": 25,
        "l": {},
        "c": "Lk 1:35*28171; 2Co 13:4*32891",
        "a": "q"
    },
    {
        "o": 33794,
        "r": "csb:2 Timothy:1:9",
        "w": 10,
        "l": {},
        "c": "Rm 8:28*31853; 11:14,29*31944; Heb 3:1*34004",
        "a": "r"
    },
    {
        "o": 33794,
        "r": "csb:2 Timothy:1:9",
        "w": 15,
        "l": {},
        "c": "Eph 2:9*33109",
        "a": "s"
    },
    {
        "o": 33794,
        "r": "csb:2 Timothy:1:9",
        "w": 21,
        "l": {},
        "c": "Pr 19:21*18953; Is 42:6*20708; 46:10*20831; Ac 2:23*30515; 4:28*30603; 26:16*31501; Rm 8:28*31853; 9:11*31879; Eph 1:11*33084; Php 2:13*33300",
        "a": "t"
    },
    {
        "o": 33795,
        "r": "csb:2 Timothy:1:10",
        "w": 8,
        "l": {},
        "c": "Lk 21:8*29224; 2Tm 4:1*33856; 1Jn 2:28*34674",
        "a": "u"
    },
    {
        "o": 33795,
        "r": "csb:2 Timothy:1:10",
        "w": 17,
        "l": {},
        "c": "Jn 8:51*29890; Php 3:10*33330",
        "a": "v"
    },
    {
        "o": 33795,
        "r": "csb:2 Timothy:1:10",
        "w": 21,
        "l": {},
        "c": "1Jn 5:12*34739",
        "a": "w"
    },
    {
        "o": 33796,
        "r": "csb:2 Timothy:1:11",
        "w": 5,
        "l": {},
        "c": "1Tm 2:7*33678",
        "a": "x"
    },
    {
        "o": 33796,
        "r": "csb:2 Timothy:1:11",
        "w": 10,
        "l": {},
        "t": "1:11*r Other mss add of the Gentiles",
        "a": "y"
    },
    {
        "o": 33797,
        "r": "csb:2 Timothy:1:12",
        "w": 5,
        "l": {},
        "c": "Php 1:29*33282; 2Tm 2:9*33815",
        "a": "z"
    },
    {
        "o": 33797,
        "r": "csb:2 Timothy:1:12",
        "w": 34,
        "l": {},
        "t": "1:12*r Or guard what I have entrusted to him, or guard my deposit",
        "a": "a"
    },
    {
        "o": 33797,
        "r": "csb:2 Timothy:1:12",
        "w": 34,
        "l": {},
        "c": "1Tm 1:11*33658; 6:20*33780; Ti 1:3*33884",
        "a": "b"
    },
    {
        "o": 33797,
        "r": "csb:2 Timothy:1:12",
        "w": 37,
        "l": {},
        "c": "Php 1:6*33257; 2Tm 4:8*33864",
        "a": "c"
    },
    {
        "o": 33799,
        "r": "csb:2 Timothy:1:13",
        "w": 7,
        "l": {},
        "c": "1Tm 1:10*33656; 6:3*33760; Ti 1:9*33891; 2:1*33901",
        "a": "d"
    },
    {
        "o": 33799,
        "r": "csb:2 Timothy:1:13",
        "w": 13,
        "l": {},
        "c": "2Tm 2:2*33808; 3:14*33850",
        "a": "e"
    },
    {
        "o": 33801,
        "r": "csb:2 Timothy:1:15",
        "w": 9,
        "l": {},
        "c": "Ac 6:9*30674; 16:6*31106",
        "a": "f"
    },
    {
        "o": 33801,
        "r": "csb:2 Timothy:1:15",
        "w": 12,
        "l": {},
        "c": "2Tm 4:10–16*33866",
        "a": "g"
    },
    {
        "o": 33802,
        "r": "csb:2 Timothy:1:16",
        "w": 4,
        "l": {},
        "c": "Lk 1:50*28188",
        "a": "h"
    },
    {
        "o": 33802,
        "r": "csb:2 Timothy:1:16",
        "w": 9,
        "l": {},
        "c": "2Tm 4:19*33876",
        "a": "i"
    },
    {
        "o": 33802,
        "r": "csb:2 Timothy:1:16",
        "w": 14,
        "l": {},
        "c": "Phm 7,20*33944",
        "a": "j"
    },
    {
        "o": 33802,
        "r": "csb:2 Timothy:1:16",
        "w": 21,
        "l": {},
        "c": "Ac 16:26*31129; 20:23*31290; 21:33*31342; 23:29*31416; 26:29*31515; Eph 6:20*33244; Phm 10*33947",
        "a": "k"
    },
    {
        "o": 33803,
        "r": "csb:2 Timothy:1:17",
        "w": 7,
        "l": {},
        "c": "Rm 1:7*31614",
        "a": "l"
    },
    {
        "o": 33804,
        "r": "csb:2 Timothy:1:18",
        "w": 7,
        "l": {},
        "c": "Lk 1:50*28188",
        "a": "m"
    },
    {
        "o": 33804,
        "r": "csb:2 Timothy:1:18",
        "w": 22,
        "l": {},
        "c": "Eph 1:1*33073",
        "a": "n"
    }
]
