[
    {
        "o": 8902,
        "r": "csb:2 Samuel:2:1",
        "w": 7,
        "l": {},
        "c": "1Sm 23:1–12*8641",
        "a": "a"
    },
    {
        "o": 8902,
        "r": "csb:2 Samuel:2:1",
        "w": 31,
        "l": {},
        "c": "1Sm 30:26–31*8850; 2Sm 2:11*8912; 5:5*8996; 1Kg 2:11*9701; 1Ch 3:4*11496; 29:27*12401",
        "a": "b"
    },
    {
        "o": 8903,
        "r": "csb:2 Samuel:2:2",
        "w": 18,
        "l": {},
        "c": "1Sm 25:42–43*8739",
        "a": "c"
    },
    {
        "o": 8904,
        "r": "csb:2 Samuel:2:3",
        "w": 22,
        "l": {},
        "c": "1Sm 27:2–3*8772; 30:9*8833; 1Ch 12:1,23–37*11886",
        "a": "d"
    },
    {
        "o": 8905,
        "r": "csb:2 Samuel:2:4",
        "w": 16,
        "l": {},
        "c": "1Sm 16:13*8420; 2Sm 5:3–5*8994",
        "a": "e"
    },
    {
        "o": 8905,
        "r": "csb:2 Samuel:2:4",
        "w": 28,
        "l": {},
        "c": "1Sm 31:11–13*8868",
        "a": "f"
    },
    {
        "o": 8908,
        "r": "csb:2 Samuel:2:7",
        "w": 2,
        "l": {},
        "t": "2:7*r Lit Therefore, strengthen your hands",
        "a": "g"
    },
    {
        "o": 8909,
        "r": "csb:2 Samuel:2:8",
        "w": 7,
        "l": {},
        "c": "1Sm 14:50*8365",
        "a": "h"
    },
    {
        "o": 8909,
        "r": "csb:2 Samuel:2:8",
        "w": 11,
        "l": {},
        "t": "2:8*r Some LXX mss read Ishbaal; 1Ch 8:33; 9:39",
        "a": "i"
    },
    {
        "o": 8909,
        "r": "csb:2 Samuel:2:8",
        "w": 11,
        "l": {},
        "t": "2:8*r = Man of Shame",
        "a": "j"
    },
    {
        "o": 8912,
        "r": "csb:2 Samuel:2:11",
        "w": 20,
        "l": {},
        "c": "2Sm 5:5*8996; 1Kg 2:11*9701",
        "a": "k"
    },
    {
        "o": 8914,
        "r": "csb:2 Samuel:2:13",
        "w": 17,
        "l": {},
        "c": "Jr 41:11–12*22408",
        "a": "l"
    },
    {
        "o": 8917,
        "r": "csb:2 Samuel:2:16",
        "w": 34,
        "l": {},
        "t": "2:16*r Or Helkath-hazzurim",
        "a": "m"
    },
    {
        "o": 8919,
        "r": "csb:2 Samuel:2:18",
        "w": 10,
        "l": {},
        "c": "1Ch 2:16*11451",
        "a": "n"
    },
    {
        "o": 8919,
        "r": "csb:2 Samuel:2:18",
        "w": 21,
        "l": {},
        "c": "1Ch 12:8*11893; Sg 8:14*19762",
        "a": "o"
    },
    {
        "o": 8923,
        "r": "csb:2 Samuel:2:22",
        "w": 26,
        "l": {},
        "c": "2Sm 3:27*8963",
        "a": "p"
    },
    {
        "o": 8924,
        "r": "csb:2 Samuel:2:23",
        "w": 46,
        "l": {},
        "c": "2Sm 20:12*9465",
        "a": "q"
    },
    {
        "o": 8928,
        "r": "csb:2 Samuel:2:27",
        "w": 20,
        "l": {},
        "c": "2Sm 2:14*8915",
        "a": "r"
    },
    {
        "o": 8930,
        "r": "csb:2 Samuel:2:29",
        "w": 18,
        "l": {},
        "t": "2:29*r Or marched through the Bithron",
        "a": "s"
    },
    {
        "o": 8930,
        "r": "csb:2 Samuel:2:29",
        "w": 22,
        "l": {},
        "c": "2Sm 2:8*8909",
        "a": "t"
    }
]
