[
    {
        "o": 8900,
        "r": "csb:2 Samuel:2:0",
        "t": "2 Samuel 2",
        "h": 1
    },
    {
        "o": 8901,
        "r": "csb:2 Samuel:2:0",
        "t": "David, King of Judah",
        "h": 2
    },
    {
        "o": 8902,
        "r": "csb:2 Samuel:2:1",
        "t": "Some*p time later, David inquired of the Lord:*s “Should I go to one of the towns of Judah?” The*p Lord*s answered him, “Go.” Then*p David asked, “Where should I go?” “To*p Hebron,” the Lord*s replied."
    },
    {
        "o": 8903,
        "r": "csb:2 Samuel:2:2",
        "t": "So*p David went there with his two wives, Ahinoam the Jezreelite and Abigail, the widow of Nabal the Carmelite."
    },
    {
        "o": 8904,
        "r": "csb:2 Samuel:2:3",
        "t": "In addition, David brought the men who were with him, each one with his family, and they settled in the towns near Hebron."
    },
    {
        "o": 8905,
        "r": "csb:2 Samuel:2:4",
        "t": "Then the men of Judah came, and there they anointed David king over the house of Judah. They told David, “It was the men of Jabesh-gilead who buried Saul.”"
    },
    {
        "o": 8906,
        "r": "csb:2 Samuel:2:5",
        "t": "David*p sent messengers to the men of Jabesh-gilead and said to them, “The Lord*s bless you because you have shown this kindness to Saul your lord when you buried him."
    },
    {
        "o": 8907,
        "r": "csb:2 Samuel:2:6",
        "t": "Now, may the Lord*s show kindness and faithfulness to you, and I will also show the same goodness to you because you have done this deed."
    },
    {
        "o": 8908,
        "r": "csb:2 Samuel:2:7",
        "t": "Therefore, be strong and valiant, for though Saul your lord is dead, the house of Judah has anointed me king over them.”"
    },
    {
        "o": 8909,
        "r": "csb:2 Samuel:2:8",
        "t": "Abner*p son of Ner, commander of Saul’s army, took Saul’s son Ish-bosheth and moved him to Mahanaim."
    },
    {
        "o": 8910,
        "r": "csb:2 Samuel:2:9",
        "t": "He made him king over Gilead, Asher, Jezreel, Ephraim, Benjamin - over all Israel."
    },
    {
        "o": 8911,
        "r": "csb:2 Samuel:2:10",
        "t": "Saul’s son Ish-bosheth was forty years old when he became king over Israel; he reigned for two years. The house of Judah, however, followed David."
    },
    {
        "o": 8912,
        "r": "csb:2 Samuel:2:11",
        "t": "The length of time that David was king in Hebron over the house of Judah was seven years and six months."
    },
    {
        "o": 8913,
        "r": "csb:2 Samuel:2:12",
        "t": "Abner*p son of Ner and soldiers of Ish-bosheth son of Saul marched out from Mahanaim to Gibeon."
    },
    {
        "o": 8914,
        "r": "csb:2 Samuel:2:13",
        "t": "So Joab son of Zeruiah and David’s soldiers marched out and met them by the pool of Gibeon. The two groups took up positions on opposite sides of the pool."
    },
    {
        "o": 8915,
        "r": "csb:2 Samuel:2:14",
        "t": "Then*p Abner said to Joab, “Let’s have the young men get up and compete in front of us.” “Let*p them get up,” Joab replied."
    },
    {
        "o": 8916,
        "r": "csb:2 Samuel:2:15",
        "t": "So*p they got up and were counted off - twelve for Benjamin and Ish-bosheth son of Saul, and twelve from David’s soldiers."
    },
    {
        "o": 8917,
        "r": "csb:2 Samuel:2:16",
        "t": "Then each man grabbed his opponent by the head and thrust his sword into his opponent’s side so that they all died together. So this place, which is in Gibeon, is named Field of Blades."
    },
    {
        "o": 8918,
        "r": "csb:2 Samuel:2:17",
        "t": "The*p battle that day was extremely fierce, and Abner and the men of Israel were defeated by David’s soldiers."
    },
    {
        "o": 8919,
        "r": "csb:2 Samuel:2:18",
        "t": "The three sons of Zeruiah were there: Joab, Abishai, and Asahel. Asahel was a fast runner, like one of the wild gazelles."
    },
    {
        "o": 8920,
        "r": "csb:2 Samuel:2:19",
        "t": "He chased Abner and did not turn to the right or the left in his pursuit of him."
    },
    {
        "o": 8921,
        "r": "csb:2 Samuel:2:20",
        "t": "Abner glanced back and said, “Is that you, Asahel?” “Yes*p it is,” Asahel replied."
    },
    {
        "o": 8922,
        "r": "csb:2 Samuel:2:21",
        "t": "Abner*p said to him, “Turn to your right or left, seize one of the young soldiers, and take whatever you can get from him.” But Asahel would not stop chasing him."
    },
    {
        "o": 8923,
        "r": "csb:2 Samuel:2:22",
        "t": "Once again, Abner warned Asahel, “Stop chasing me. Why should I strike you to the ground? How could I ever look your brother Joab in the face?”"
    },
    {
        "o": 8924,
        "r": "csb:2 Samuel:2:23",
        "t": "But*p Asahel refused to turn away, so Abner hit him in the stomach with the butt of his spear. The spear went through his body, and he fell and died right there. As they all came to the place where Asahel had fallen and died, they stopped,"
    },
    {
        "o": 8925,
        "r": "csb:2 Samuel:2:24",
        "t": "but Joab and Abishai pursued Abner. By sunset, they had gone as far as the hill of Ammah, which is opposite Giah on the way to the wilderness of Gibeon."
    },
    {
        "o": 8926,
        "r": "csb:2 Samuel:2:25",
        "t": "The*p Benjaminites rallied to Abner; they formed a unit and took their stand on top of a hill."
    },
    {
        "o": 8927,
        "r": "csb:2 Samuel:2:26",
        "t": "Then Abner called out to Joab, “Must the sword devour forever? Don’t you realize this will only end in bitterness? How long before you tell the troops to stop pursuing their brothers?”"
    },
    {
        "o": 8928,
        "r": "csb:2 Samuel:2:27",
        "t": "“As*p God lives,” Joab replied, “if you had not spoken up, the troops wouldn’t have stopped pursuing their brothers until morning.”"
    },
    {
        "o": 8929,
        "r": "csb:2 Samuel:2:28",
        "t": "Then Joab blew the ram’s horn, and all the troops stopped; they no longer pursued Israel or continued to fight."
    },
    {
        "o": 8930,
        "r": "csb:2 Samuel:2:29",
        "t": "So Abner and his men marched through the Arabah all that night. They crossed the Jordan, marched all morning, and arrived at Mahanaim."
    },
    {
        "o": 8931,
        "r": "csb:2 Samuel:2:30",
        "t": "When*p Joab had turned back from pursuing Abner, he gathered all the troops. In addition to Asahel, nineteen of David’s soldiers were missing,"
    },
    {
        "o": 8932,
        "r": "csb:2 Samuel:2:31",
        "t": "but they had killed 360 of the Benjaminites and Abner’s men."
    },
    {
        "o": 8933,
        "r": "csb:2 Samuel:2:32",
        "t": "Afterward, they carried Asahel to his father’s tomb in Bethlehem and buried him. Then Joab and his men marched all night and reached Hebron at dawn."
    }
]
