[
    {
        "o": 32471,
        "r": "csb:1 Corinthians:14:2",
        "w": 7,
        "l": {},
        "t": "14:2*r Or another language, also in vv. 4,​13,​14,​19,​26,27",
        "a": "a"
    },
    {
        "o": 32471,
        "r": "csb:1 Corinthians:14:2",
        "w": 7,
        "l": {},
        "c": "1Co 12:10*32430",
        "a": "b"
    },
    {
        "o": 32471,
        "r": "csb:1 Corinthians:14:2",
        "w": 26,
        "l": {},
        "t": "14:2*r Or in spirit, or in his spirit",
        "a": "c"
    },
    {
        "o": 32472,
        "r": "csb:1 Corinthians:14:3",
        "w": 13,
        "l": {},
        "t": "14:3*r Lit building up",
        "a": "d"
    },
    {
        "o": 32474,
        "r": "csb:1 Corinthians:14:5",
        "w": 7,
        "l": {},
        "t": "14:5*r Or other languages, also in vv. 6,​18,21,​22,​23,​39",
        "a": "e"
    },
    {
        "o": 32475,
        "r": "csb:1 Corinthians:14:6",
        "w": 25,
        "l": {},
        "c": "1Pt 4:13*34533",
        "a": "f"
    },
    {
        "o": 32476,
        "r": "csb:1 Corinthians:14:7",
        "w": 9,
        "l": {},
        "c": "Rv 5:8*34926; 14:2*35104; 15:2*35128",
        "a": "g"
    },
    {
        "o": 32477,
        "r": "csb:1 Corinthians:14:8",
        "w": 13,
        "l": {},
        "c": "Nm 10:9*4397; Is 58:1*21048; Jr 4:19*21340; Ezk 33:3–6*23945; Jl 2:1*25113",
        "a": "h"
    },
    {
        "o": 32480,
        "r": "csb:1 Corinthians:14:11",
        "w": 15,
        "l": {},
        "t": "14:11*r Gk barbaros, or barbarian",
        "a": "i"
    },
    {
        "o": 32481,
        "r": "csb:1 Corinthians:14:12",
        "w": 6,
        "l": {},
        "c": "Nm 25:13*4934; Gl 1:14*32918",
        "a": "j"
    },
    {
        "o": 32481,
        "r": "csb:1 Corinthians:14:12",
        "w": 9,
        "l": {},
        "t": "14:12*r Lit zealous of spirits",
        "a": "k"
    },
    {
        "o": 32481,
        "r": "csb:1 Corinthians:14:12",
        "w": 9,
        "l": {},
        "c": "Ps 51:11*16373; Lk 11:34*28767; Jn 1:33*29499; Ac 2:4*30495; Rm 8:9*31832; Gl 5:25*33048; Ti 3:5*33922; 1Jn 4:1*34704; Rv 3:22*34902",
        "a": "l"
    },
    {
        "o": 32483,
        "r": "csb:1 Corinthians:14:14",
        "w": 8,
        "l": {},
        "c": "Ps 51:12*16374",
        "a": "m"
    },
    {
        "o": 32483,
        "r": "csb:1 Corinthians:14:14",
        "w": 14,
        "l": {},
        "c": "Gl 5:22*33045; Ti 3:14*33932",
        "a": "n"
    },
    {
        "o": 32485,
        "r": "csb:1 Corinthians:14:16",
        "w": 6,
        "l": {},
        "t": "14:16*r Or praise by the Spirit",
        "a": "o"
    },
    {
        "o": 32485,
        "r": "csb:1 Corinthians:14:16",
        "w": 10,
        "l": {},
        "t": "14:16*r Lit the one filling the place of the uninformed",
        "a": "p"
    },
    {
        "o": 32485,
        "r": "csb:1 Corinthians:14:16",
        "w": 12,
        "l": {},
        "c": "Ps 72:19*16752; Rv 22:21*35311",
        "a": "q"
    },
    {
        "o": 32487,
        "r": "csb:1 Corinthians:14:18",
        "w": 1,
        "l": {},
        "c": "Rm 1:8*31615",
        "a": "r"
    },
    {
        "o": 32488,
        "r": "csb:1 Corinthians:14:19",
        "w": 9,
        "l": {},
        "c": "Mt 12:37*26557",
        "a": "s"
    },
    {
        "o": 32489,
        "r": "csb:1 Corinthians:14:20",
        "w": 20,
        "l": {},
        "c": "Ps 131:2*18068; Is 28:9*20358; Mt 18:3*26797; Rm 16:19*32098; Eph 4:14*33163; Heb 5:12–13*34057",
        "a": "t"
    },
    {
        "o": 32490,
        "r": "csb:1 Corinthians:14:21",
        "w": 31,
        "l": {},
        "t": "14:21*r Is 28:11–12",
        "a": "u"
    },
    {
        "o": 32490,
        "r": "csb:1 Corinthians:14:21",
        "w": 31,
        "l": {},
        "c": "Is 28:11–12*20360",
        "a": "v"
    },
    {
        "o": 32494,
        "r": "csb:1 Corinthians:14:25",
        "w": 24,
        "l": {},
        "c": "Is 45:14*20808; Zch 8:23*25928",
        "a": "w"
    },
    {
        "o": 32496,
        "r": "csb:1 Corinthians:14:26",
        "w": 10,
        "l": {},
        "t": "14:26*r Other mss add of you",
        "a": "x"
    },
    {
        "o": 32496,
        "r": "csb:1 Corinthians:14:26",
        "w": 22,
        "l": {},
        "c": "1Co 12:10*32430",
        "a": "y"
    },
    {
        "o": 32499,
        "r": "csb:1 Corinthians:14:29",
        "w": 10,
        "l": {},
        "c": "1Jn 4:1*34704",
        "a": "z"
    },
    {
        "o": 32501,
        "r": "csb:1 Corinthians:14:31",
        "w": 17,
        "l": {},
        "c": "Lk 16:25*29006",
        "a": "a"
    },
    {
        "o": 32503,
        "r": "csb:1 Corinthians:14:33",
        "w": 18,
        "l": {},
        "c": "Eph 6:18*33241",
        "a": "b"
    },
    {
        "o": 32504,
        "r": "csb:1 Corinthians:14:34",
        "w": 1,
        "l": {},
        "t": "14:34*r Other mss read your women",
        "a": "c"
    },
    {
        "o": 32504,
        "r": "csb:1 Corinthians:14:34",
        "w": 7,
        "l": {},
        "c": "1Tm 2:11–12*33682; 1Pt 3:1*34493",
        "a": "d"
    },
    {
        "o": 32505,
        "r": "csb:1 Corinthians:14:35",
        "w": 11,
        "l": {},
        "c": "Mt 1:19*26126; 1Pt 3:1*34493",
        "a": "e"
    },
    {
        "o": 32508,
        "r": "csb:1 Corinthians:14:38",
        "w": 7,
        "l": {},
        "t": "14:38*r Other mss read he should be ignored",
        "a": "f"
    },
    {
        "o": 32509,
        "r": "csb:1 Corinthians:14:39",
        "w": 7,
        "l": {},
        "c": "Nm 25:13*4934; Gl 4:17*33005",
        "a": "g"
    },
    {
        "o": 32510,
        "r": "csb:1 Corinthians:14:40",
        "w": 6,
        "l": {},
        "c": "Rm 13:13*32009",
        "a": "h"
    }
]
