[
    {
        "o": 11772,
        "r": "csb:1 Chronicles:9:1",
        "w": 21,
        "l": {},
        "c": "1Ch 6:15*11611",
        "a": "a"
    },
    {
        "o": 11773,
        "r": "csb:1 Chronicles:9:2",
        "w": 1,
        "l": {},
        "c": "Neh 11:3–9*14011",
        "a": "b"
    },
    {
        "o": 11773,
        "r": "csb:1 Chronicles:9:2",
        "w": 18,
        "l": {},
        "c": "Ezr 2:43,58*13424; 8:20*13597",
        "a": "c"
    },
    {
        "o": 11775,
        "r": "csb:1 Chronicles:9:4",
        "w": 14,
        "l": {},
        "t": "9:4*r Lit Bani, from the sons",
        "a": "d"
    },
    {
        "o": 11780,
        "r": "csb:1 Chronicles:9:9",
        "w": 8,
        "l": {},
        "c": "Neh 11:8*14016",
        "a": "e"
    },
    {
        "o": 11780,
        "r": "csb:1 Chronicles:9:9",
        "w": 19,
        "l": {},
        "t": "9:9*r Lit the house of their fathers, also in vv. 13,19",
        "a": "f"
    },
    {
        "o": 11781,
        "r": "csb:1 Chronicles:9:10",
        "w": 1,
        "l": {},
        "c": "Neh 11:10–18*14018",
        "a": "g"
    },
    {
        "o": 11782,
        "r": "csb:1 Chronicles:9:11",
        "w": 18,
        "l": {},
        "c": "Jr 20:1*21783",
        "a": "h"
    },
    {
        "o": 11788,
        "r": "csb:1 Chronicles:9:17",
        "w": 1,
        "l": {},
        "c": "1Ch 26:1–19*12277; Ezr 2:42*13423; Neh 7:45*13874; 11:19*14027",
        "a": "i"
    },
    {
        "o": 11789,
        "r": "csb:1 Chronicles:9:18",
        "w": 11,
        "l": {},
        "c": "Ezk 46:1–2*24361",
        "a": "j"
    },
    {
        "o": 11790,
        "r": "csb:1 Chronicles:9:19",
        "w": 27,
        "l": {},
        "t": "9:19*r = the temple",
        "a": "k"
    },
    {
        "o": 11790,
        "r": "csb:1 Chronicles:9:19",
        "w": 41,
        "l": {},
        "c": "Nm 4:1–20*4124; 26:11*4953; 1Ch 6:22*11618",
        "a": "l"
    },
    {
        "o": 11791,
        "r": "csb:1 Chronicles:9:20",
        "w": 16,
        "l": {},
        "c": "Nm 25:7–13*4928",
        "a": "m"
    },
    {
        "o": 11792,
        "r": "csb:1 Chronicles:9:21",
        "w": 14,
        "l": {},
        "c": "1Ch 26:2,14*12278",
        "a": "n"
    },
    {
        "o": 11793,
        "r": "csb:1 Chronicles:9:22",
        "w": 29,
        "l": {},
        "c": "1Ch 26:1*12277",
        "a": "o"
    },
    {
        "o": 11796,
        "r": "csb:1 Chronicles:9:25",
        "w": 5,
        "l": {},
        "c": "1Ch 9:16*11787",
        "a": "p"
    },
    {
        "o": 11796,
        "r": "csb:1 Chronicles:9:25",
        "w": 14,
        "l": {},
        "c": "2Kg 11:5,7*10880; 2Ch 23:8*12954",
        "a": "q"
    },
    {
        "o": 11797,
        "r": "csb:1 Chronicles:9:26",
        "w": 18,
        "l": {},
        "c": "Neh 12:25*14071",
        "a": "r"
    },
    {
        "o": 11798,
        "r": "csb:1 Chronicles:9:27",
        "w": 23,
        "l": {},
        "c": "1Sm 3:3,15*8057; 1Ch 23:30–32*12205",
        "a": "s"
    },
    {
        "o": 11800,
        "r": "csb:1 Chronicles:9:29",
        "w": 14,
        "l": {},
        "c": "Nm 3:31*4100",
        "a": "t"
    },
    {
        "o": 11800,
        "r": "csb:1 Chronicles:9:29",
        "w": 20,
        "l": {},
        "c": "1Ch 23:29*12204",
        "a": "u"
    },
    {
        "o": 11801,
        "r": "csb:1 Chronicles:9:30",
        "w": 7,
        "l": {},
        "c": "Ex 30:23–25*2659",
        "a": "v"
    },
    {
        "o": 11802,
        "r": "csb:1 Chronicles:9:31",
        "w": 15,
        "l": {},
        "t": "9:31*r Lit with things prepared in pans",
        "a": "w"
    },
    {
        "o": 11803,
        "r": "csb:1 Chronicles:9:32",
        "w": 16,
        "l": {},
        "c": "Lv 24:5–9*3813",
        "a": "x"
    },
    {
        "o": 11804,
        "r": "csb:1 Chronicles:9:33",
        "w": 1,
        "l": {},
        "c": "1Ch 6:31–47*11628; 25:1*12244",
        "a": "y"
    },
    {
        "o": 11804,
        "r": "csb:1 Chronicles:9:33",
        "w": 26,
        "l": {},
        "c": "Ps 134:1*18100",
        "a": "z"
    },
    {
        "o": 11805,
        "r": "csb:1 Chronicles:9:34",
        "w": 0,
        "l": {},
        "c": "1Ch 8:28–38*11757",
        "a": "a"
    },
    {
        "o": 11813,
        "r": "csb:1 Chronicles:9:41",
        "w": 6,
        "l": {},
        "t": "9:41*r LXX, Syr, Tg, Vg, Arabic; MT omits and Ahaz; 1Ch 8:35",
        "a": "b"
    }
]
