[
    {
        "o": 9019,
        "r": "csb:2 Samuel:6:1",
        "w": 9,
        "l": {},
        "c": "2Sm 10:9*9119; 1Ch 19:10*12098",
        "a": "a"
    },
    {
        "o": 9020,
        "r": "csb:2 Samuel:6:2",
        "w": 6,
        "l": {},
        "c": "1Ch 13:6–14*11934",
        "a": "b"
    },
    {
        "o": 9020,
        "r": "csb:2 Samuel:6:2",
        "w": 14,
        "l": {},
        "t": "6:2*r = Kiriath-jearim in 1Sm 7:1; 1Ch 13:6; 2Ch 1:4",
        "a": "c"
    },
    {
        "o": 9020,
        "r": "csb:2 Samuel:6:2",
        "w": 32,
        "l": {},
        "c": "Ex 25:22*2450; 1Sm 4:4*8082",
        "a": "d"
    },
    {
        "o": 9021,
        "r": "csb:2 Samuel:6:3",
        "w": 23,
        "l": {},
        "t": "6:3*r Or And his brothers",
        "a": "e"
    },
    {
        "o": 9021,
        "r": "csb:2 Samuel:6:3",
        "w": 30,
        "l": {},
        "c": "1Ch 15:2,12–15*11965",
        "a": "f"
    },
    {
        "o": 9023,
        "r": "csb:2 Samuel:6:5",
        "w": 18,
        "l": {},
        "t": "6:5*r DSS, LXX read with tuned instruments with strength, with songs; 1Ch 13:8",
        "a": "g"
    },
    {
        "o": 9023,
        "r": "csb:2 Samuel:6:5",
        "w": 22,
        "l": {},
        "t": "6:5*r = an Egyptian percussion instrument",
        "a": "h"
    },
    {
        "o": 9023,
        "r": "csb:2 Samuel:6:5",
        "w": 24,
        "l": {},
        "c": "Ps 150:3–5*18364",
        "a": "i"
    },
    {
        "o": 9025,
        "r": "csb:2 Samuel:6:7",
        "w": 6,
        "l": {},
        "c": "Ex 25:14*2441; Nm 4:5,15,20*4128",
        "a": "j"
    },
    {
        "o": 9025,
        "r": "csb:2 Samuel:6:7",
        "w": 17,
        "l": {},
        "c": "1Sm 6:19–20*8136",
        "a": "k"
    },
    {
        "o": 9026,
        "r": "csb:2 Samuel:6:8",
        "w": 17,
        "l": {},
        "t": "6:8*r Or Perez-uzzah; 2Sm 5:20",
        "a": "l"
    },
    {
        "o": 9028,
        "r": "csb:2 Samuel:6:10",
        "w": 16,
        "l": {},
        "c": "Lk 2:4*28226",
        "a": "m"
    },
    {
        "o": 9029,
        "r": "csb:2 Samuel:6:11",
        "w": 15,
        "l": {},
        "c": "1Ch 26:4–8*12280",
        "a": "n"
    },
    {
        "o": 9030,
        "r": "csb:2 Samuel:6:12",
        "w": 44,
        "l": {},
        "c": "1Ch 15:25*11988",
        "a": "o"
    },
    {
        "o": 9031,
        "r": "csb:2 Samuel:6:13",
        "w": 18,
        "l": {},
        "c": "1Kg 8:1–5*9933",
        "a": "p"
    },
    {
        "o": 9032,
        "r": "csb:2 Samuel:6:14",
        "w": 2,
        "l": {},
        "t": "6:14*r Or whirling",
        "a": "q"
    },
    {
        "o": 9032,
        "r": "csb:2 Samuel:6:14",
        "w": 13,
        "l": {},
        "c": "Ex 28:4–28*2539; 1Sm 2:18*8034",
        "a": "r"
    },
    {
        "o": 9034,
        "r": "csb:2 Samuel:6:16",
        "w": 11,
        "l": {},
        "c": "Lk 2:4*28226",
        "a": "s"
    },
    {
        "o": 9035,
        "r": "csb:2 Samuel:6:17",
        "w": 20,
        "l": {},
        "c": "1Ch 15:1*11964; 2Ch 1:4*12410",
        "a": "t"
    },
    {
        "o": 9037,
        "r": "csb:2 Samuel:6:19",
        "w": 25,
        "l": {},
        "c": "1Ch 15:25–16:3*11988",
        "a": "u"
    },
    {
        "o": 9038,
        "r": "csb:2 Samuel:6:20",
        "w": 7,
        "l": {},
        "c": "1Ch 16:43*12037",
        "a": "v"
    },
    {
        "o": 9039,
        "r": "csb:2 Samuel:6:21",
        "w": 27,
        "l": {},
        "c": "1Sm 13:14*8300; 15:28*8397",
        "a": "w"
    },
    {
        "o": 9040,
        "r": "csb:2 Samuel:6:22",
        "w": 9,
        "l": {},
        "t": "6:22*r LXX reads more and I will be humble in your eyes",
        "a": "x"
    },
    {
        "o": 9040,
        "r": "csb:2 Samuel:6:22",
        "w": 9,
        "l": {},
        "t": "6:22*r Lit more and I will be humble in my own eyes",
        "a": "y"
    }
]
