[
    {
        "o": 33519,
        "r": "csb:1 Thessalonians:3:1",
        "w": 18,
        "l": {},
        "c": "Ac 17:15*31164",
        "a": "a"
    },
    {
        "o": 33520,
        "r": "csb:1 Thessalonians:3:2",
        "w": 3,
        "l": {},
        "c": "Ac 16:1*31100; 1Tm 1:2*33648",
        "a": "b"
    },
    {
        "o": 33520,
        "r": "csb:1 Thessalonians:3:2",
        "w": 8,
        "l": {},
        "t": "3:2*r Other mss read servant",
        "a": "c"
    },
    {
        "o": 33520,
        "r": "csb:1 Thessalonians:3:2",
        "w": 13,
        "l": {},
        "c": "Php 1:27*33280",
        "a": "d"
    },
    {
        "o": 33525,
        "r": "csb:1 Thessalonians:3:6",
        "w": 6,
        "l": {},
        "c": "Ac 18:5*31191",
        "a": "e"
    },
    {
        "o": 33525,
        "r": "csb:1 Thessalonians:3:6",
        "w": 42,
        "l": {},
        "c": "1Co 11:2*32384; Php 1:8*33259",
        "a": "f"
    },
    {
        "o": 33527,
        "r": "csb:1 Thessalonians:3:8",
        "w": 7,
        "l": {},
        "c": "Rm 14:4*32016; 1Co 16:13*32592; Php 1:27*33280",
        "a": "g"
    },
    {
        "o": 33528,
        "r": "csb:1 Thessalonians:3:9",
        "w": 12,
        "l": {},
        "c": "Jn 15:11*30206; 2Co 6:10*32733; Php 1:18*33270",
        "a": "h"
    },
    {
        "o": 33529,
        "r": "csb:1 Thessalonians:3:10",
        "w": 13,
        "l": {},
        "c": "1Th 2:17*33513",
        "a": "i"
    },
    {
        "o": 33529,
        "r": "csb:1 Thessalonians:3:10",
        "w": 22,
        "l": {},
        "c": "Col 1:24*33399",
        "a": "j"
    },
    {
        "o": 33531,
        "r": "csb:1 Thessalonians:3:11",
        "w": 5,
        "l": {},
        "c": "Jn 8:42*29880; Php 4:20*33366",
        "a": "k"
    },
    {
        "o": 33531,
        "r": "csb:1 Thessalonians:3:11",
        "w": 10,
        "l": {},
        "c": "Ac 20:21*31288",
        "a": "l"
    },
    {
        "o": 33532,
        "r": "csb:1 Thessalonians:3:12",
        "w": 11,
        "l": {},
        "c": "Lk 7:42*28525",
        "a": "m"
    },
    {
        "o": 33532,
        "r": "csb:1 Thessalonians:3:12",
        "w": 14,
        "l": {},
        "c": "Rm 13:8*32003",
        "a": "n"
    },
    {
        "o": 33533,
        "r": "csb:1 Thessalonians:3:13",
        "w": 5,
        "l": {},
        "c": "Lk 1:6*28141",
        "a": "o"
    },
    {
        "o": 33533,
        "r": "csb:1 Thessalonians:3:13",
        "w": 7,
        "l": {},
        "c": "Rm 1:4*31610; 1Co 7:14*32271; 2Co 7:1*32745",
        "a": "p"
    },
    {
        "o": 33533,
        "r": "csb:1 Thessalonians:3:13",
        "w": 15,
        "l": {},
        "c": "1Th 1:10*33492; 1Jn 2:28*34674",
        "a": "q"
    },
    {
        "o": 33533,
        "r": "csb:1 Thessalonians:3:13",
        "w": 18,
        "l": {},
        "c": "Rv 11:8*35044",
        "a": "r"
    },
    {
        "o": 33533,
        "r": "csb:1 Thessalonians:3:13",
        "w": 24,
        "l": {},
        "t": "3:13*r Other mss omit Amen.",
        "a": "s"
    }
]
