[
    {
        "o": 9111,
        "r": "csb:2 Samuel:10:1",
        "w": 17,
        "l": {},
        "c": "1Ch 19:1–19*12089",
        "a": "a"
    },
    {
        "o": 9113,
        "r": "csb:2 Samuel:10:3",
        "w": 46,
        "l": {},
        "c": "1Sm 11:1–10*8242",
        "a": "b"
    },
    {
        "o": 9114,
        "r": "csb:2 Samuel:10:4",
        "w": 9,
        "l": {},
        "c": "Is 50:6*20912",
        "a": "c"
    },
    {
        "o": 9114,
        "r": "csb:2 Samuel:10:4",
        "w": 21,
        "l": {},
        "c": "Is 7:20*19929; 20:4*20197",
        "a": "d"
    },
    {
        "o": 9122,
        "r": "csb:2 Samuel:10:12",
        "w": 15,
        "l": {},
        "c": "Dt 31:6*6336; Jos 1:6*6469",
        "a": "e"
    },
    {
        "o": 9122,
        "r": "csb:2 Samuel:10:12",
        "w": 21,
        "l": {},
        "t": "10:12*r Lit the Lord do what is good in his eyes",
        "a": "f"
    },
    {
        "o": 9122,
        "r": "csb:2 Samuel:10:12",
        "w": 21,
        "l": {},
        "c": "Ac 21:14*31322",
        "a": "g"
    },
    {
        "o": 9128,
        "r": "csb:2 Samuel:10:18",
        "w": 18,
        "l": {},
        "t": "10:18*r Some LXX mss; MT reads horsemen; 1Ch 19:18",
        "a": "h"
    }
]
