[
    {
        "o": 32724,
        "r": "csb:2 Corinthians:6:2",
        "w": 19,
        "l": {},
        "t": "6:2*r Is 49:8",
        "a": "a"
    },
    {
        "o": 32724,
        "r": "csb:2 Corinthians:6:2",
        "w": 19,
        "l": {},
        "c": "Is 49:8*20885",
        "a": "b"
    },
    {
        "o": 32724,
        "r": "csb:2 Corinthians:6:2",
        "w": 31,
        "l": {},
        "c": "Is 49:8*20885; 55:6*20999; Lk 4:19*28346; Heb 3:13*34017",
        "a": "c"
    },
    {
        "o": 32728,
        "r": "csb:2 Corinthians:6:5",
        "w": 3,
        "l": {},
        "c": "Jdg 16:21*7720",
        "a": "d"
    },
    {
        "o": 32729,
        "r": "csb:2 Corinthians:6:6",
        "w": 1,
        "l": {},
        "c": "2Co 11:3*32829",
        "a": "e"
    },
    {
        "o": 32729,
        "r": "csb:2 Corinthians:6:6",
        "w": 3,
        "l": {},
        "c": "Php 3:8*33328; 1Jn 4:8*34712",
        "a": "f"
    },
    {
        "o": 32729,
        "r": "csb:2 Corinthians:6:6",
        "w": 5,
        "l": {},
        "c": "Ex 34:6*2768; 2Tm 3:10*33846",
        "a": "g"
    },
    {
        "o": 32729,
        "r": "csb:2 Corinthians:6:6",
        "w": 7,
        "l": {},
        "c": "Rm 2:4*31648; 3:12*31690; 11:22*31952; Gl 5:22*33045; Eph 2:7*33107; Col 3:12*33444; Ti 3:4*33921",
        "a": "h"
    },
    {
        "o": 32729,
        "r": "csb:2 Corinthians:6:6",
        "w": 14,
        "l": {},
        "c": "1Co 13:1*32455",
        "a": "i"
    },
    {
        "o": 32730,
        "r": "csb:2 Corinthians:6:7",
        "w": 4,
        "l": {},
        "t": "6:7*r Or by truthful speech",
        "a": "j"
    },
    {
        "o": 32730,
        "r": "csb:2 Corinthians:6:7",
        "w": 4,
        "l": {},
        "c": "2Th 2:10*33613",
        "a": "k"
    },
    {
        "o": 32730,
        "r": "csb:2 Corinthians:6:7",
        "w": 9,
        "l": {},
        "c": "Mk 5:30*27558; Lk 1:35*28171; 6:19*28442; Ac 19:11*31231; 2Co 13:4*32891; Rv 11:17*35055",
        "a": "l"
    },
    {
        "o": 32731,
        "r": "csb:2 Corinthians:6:8",
        "w": 1,
        "l": {},
        "c": "1Pt 5:4*34545",
        "a": "m"
    },
    {
        "o": 32733,
        "r": "csb:2 Corinthians:6:10",
        "w": 4,
        "l": {},
        "c": "Mt 5:4*26217; Jn 16:22*30248; 2Co 7:4*32748; Php 1:4,25*33255; 2:17–18*33304; 3:1*33321; 4:1,4*33345; Col 1:24*33399; 1Th 1:6*33488; 1Pt 1:6–8*34441",
        "a": "n"
    },
    {
        "o": 32738,
        "r": "csb:2 Corinthians:6:14",
        "w": 19,
        "l": {},
        "c": "Mt 13:41*26621",
        "a": "o"
    },
    {
        "o": 32738,
        "r": "csb:2 Corinthians:6:14",
        "w": 24,
        "l": {},
        "c": "Jn 12:46*30106",
        "a": "p"
    },
    {
        "o": 32738,
        "r": "csb:2 Corinthians:6:14",
        "w": 27,
        "l": {},
        "c": "Mt 6:23*26298",
        "a": "q"
    },
    {
        "o": 32739,
        "r": "csb:2 Corinthians:6:15",
        "w": 6,
        "l": {},
        "t": "6:15*r Or Beliar",
        "a": "r"
    },
    {
        "o": 32740,
        "r": "csb:2 Corinthians:6:16",
        "w": 10,
        "l": {},
        "c": "Gn 31:19*984; 1Co 8:4*32305",
        "a": "s"
    },
    {
        "o": 32740,
        "r": "csb:2 Corinthians:6:16",
        "w": 12,
        "l": {},
        "t": "6:16*r Other mss read you",
        "a": "t"
    },
    {
        "o": 32740,
        "r": "csb:2 Corinthians:6:16",
        "w": 25,
        "l": {},
        "c": "Jms 4:5*34394",
        "a": "u"
    },
    {
        "o": 32740,
        "r": "csb:2 Corinthians:6:16",
        "w": 35,
        "l": {},
        "c": "Heb 3:6*34010",
        "a": "v"
    },
    {
        "o": 32740,
        "r": "csb:2 Corinthians:6:16",
        "w": 41,
        "l": {},
        "t": "6:16*r Lv 26:12; Jr 31:33; 32:38; Ezk 37:26",
        "a": "w"
    },
    {
        "o": 32740,
        "r": "csb:2 Corinthians:6:16",
        "w": 41,
        "l": {},
        "c": "Lv 26:12*3903",
        "a": "x"
    },
    {
        "o": 32741,
        "r": "csb:2 Corinthians:6:17",
        "w": 22,
        "l": {},
        "t": "6:17*r Is 52:11",
        "a": "y"
    },
    {
        "o": 32741,
        "r": "csb:2 Corinthians:6:17",
        "w": 22,
        "l": {},
        "c": "Is 52:11*20954",
        "a": "z"
    },
    {
        "o": 32742,
        "r": "csb:2 Corinthians:6:18",
        "w": 5,
        "l": {},
        "c": "Mt 5:16*26231; 11:27*26510; Lk 11:13*28742; Jn 8:42*29880; Eph 5:20*33205",
        "a": "a"
    },
    {
        "o": 32742,
        "r": "csb:2 Corinthians:6:18",
        "w": 12,
        "l": {},
        "c": "Mt 5:9*26222",
        "a": "b"
    },
    {
        "o": 32742,
        "r": "csb:2 Corinthians:6:18",
        "w": 20,
        "l": {},
        "t": "6:18*r 2Sm 7:14; Is 43:6; 49:22; 60:4; Hs 1:10",
        "a": "c"
    },
    {
        "o": 32742,
        "r": "csb:2 Corinthians:6:18",
        "w": 20,
        "l": {},
        "c": "2Sm 7:14*9057; Rv 1:8*34829",
        "a": "d"
    }
]
