[
    {
        "o": 32722,
        "r": "csb:2 Corinthians:6:0",
        "t": "2 Corinthians 6",
        "h": 1
    },
    {
        "o": 32723,
        "r": "csb:2 Corinthians:6:1",
        "t": "Working*p together with him, we also appeal to you, “Don’t receive the grace of God in vain.”"
    },
    {
        "o": 32724,
        "r": "csb:2 Corinthians:6:2",
        "t": "For he says: At*ipn an*i acceptable*i time*i I*i listened*i to*i you,*i and*iln in*i the*i day*i of*i salvation*i I*i helped*i you.*i See,*p now is the acceptable time; now is the day of salvation!"
    },
    {
        "o": 32725,
        "r": "csb:2 Corinthians:6:2",
        "t": "The Character of Paul’s Ministry",
        "h": 2
    },
    {
        "o": 32726,
        "r": "csb:2 Corinthians:6:3",
        "t": "We*p are not giving anyone an occasion for offense, so that the ministry will not be blamed."
    },
    {
        "o": 32727,
        "r": "csb:2 Corinthians:6:4",
        "t": "Instead, as God’s ministers, we commend ourselves in everything: by great endurance, by afflictions, by hardships, by difficulties,"
    },
    {
        "o": 32728,
        "r": "csb:2 Corinthians:6:5",
        "t": "by beatings, by imprisonments, by riots, by labors, by sleepless nights, by times of hunger,"
    },
    {
        "o": 32729,
        "r": "csb:2 Corinthians:6:6",
        "t": "by purity, by knowledge, by patience, by kindness, by the Holy Spirit, by sincere love,"
    },
    {
        "o": 32730,
        "r": "csb:2 Corinthians:6:7",
        "t": "by the word of truth, by the power of God; through weapons of righteousness for the right hand and the left,"
    },
    {
        "o": 32731,
        "r": "csb:2 Corinthians:6:8",
        "t": "through glory and dishonor, through slander and good report; regarded as deceivers, yet true;"
    },
    {
        "o": 32732,
        "r": "csb:2 Corinthians:6:9",
        "t": "as unknown, yet recognized; as dying, yet see - we live; as being disciplined, yet not killed;"
    },
    {
        "o": 32733,
        "r": "csb:2 Corinthians:6:10",
        "t": "as grieving, yet always rejoicing; as poor, yet enriching many; as having nothing, yet possessing everything."
    },
    {
        "o": 32734,
        "r": "csb:2 Corinthians:6:11",
        "t": "We have spoken openly to you, Corinthians; our heart has been opened wide."
    },
    {
        "o": 32735,
        "r": "csb:2 Corinthians:6:12",
        "t": "We are not withholding our affection from you, but you are withholding yours from us."
    },
    {
        "o": 32736,
        "r": "csb:2 Corinthians:6:13",
        "t": "I speak as to my children; as a proper response, open your heart to us."
    },
    {
        "o": 32737,
        "r": "csb:2 Corinthians:6:13",
        "t": "Separation to God",
        "h": 2
    },
    {
        "o": 32738,
        "r": "csb:2 Corinthians:6:14",
        "t": "Do*p not be yoked together with those who do not believe. For what partnership is there between righteousness and lawlessness? Or what fellowship does light have with darkness?"
    },
    {
        "o": 32739,
        "r": "csb:2 Corinthians:6:15",
        "t": "What agreement does Christ have with Belial? Or what does a believer have in common with an unbeliever?"
    },
    {
        "o": 32740,
        "r": "csb:2 Corinthians:6:16",
        "t": "And what agreement does the temple of God have with idols? For we are the temple of the living God, as God said: I*ipn will*i dwell*i and*iln walk*i among*i them,*i and*iln I*i will*i be*i their*i God,*i and*iln they*i will*i be*i my*i people.*i"
    },
    {
        "o": 32741,
        "r": "csb:2 Corinthians:6:17",
        "t": "Therefore,*iln come*i out*i from*i among*i them*i and*iln be*i separate,*i says*i the*i Lord;*i do*iln not*i touch*i any*i unclean*i thing,*i and*iln I*i will*i welcome*i you.*i"
    },
    {
        "o": 32742,
        "r": "csb:2 Corinthians:6:18",
        "t": "And*iln I*i will*i be*i a*i Father*i to*i you,*i and*iln you*i will*i be*i sons*i and*i daughters*i to*i me,*i says*iln the*i Lord*i Almighty.*i"
    }
]
