[
    {
        "o": 8016,
        "r": "csb:1 Samuel:2:1",
        "w": 1,
        "l": {},
        "c": "Ps 72:20*16755; Hab 3:1*25661; Lk 1:46–55*28184",
        "a": "a"
    },
    {
        "o": 8016,
        "r": "csb:1 Samuel:2:1",
        "w": 7,
        "l": {},
        "c": "Ps 75:4–5,10*16819; 92:10*17217",
        "a": "b"
    },
    {
        "o": 8016,
        "r": "csb:1 Samuel:2:1",
        "w": 27,
        "l": {},
        "c": "Is 12:2–3*20045",
        "a": "c"
    },
    {
        "o": 8017,
        "r": "csb:1 Samuel:2:2",
        "w": 7,
        "l": {},
        "c": "Ex 15:11*2129",
        "a": "d"
    },
    {
        "o": 8017,
        "r": "csb:1 Samuel:2:2",
        "w": 13,
        "l": {},
        "c": "2Sm 22:32*9539",
        "a": "e"
    },
    {
        "o": 8017,
        "r": "csb:1 Samuel:2:2",
        "w": 21,
        "l": {},
        "c": "2Sm 7:22*9066; Ps 18:31*15722",
        "a": "f"
    },
    {
        "o": 8018,
        "r": "csb:1 Samuel:2:3",
        "w": 27,
        "l": {},
        "c": "Pr 16:2*18846; 24:12*19104",
        "a": "g"
    },
    {
        "o": 8019,
        "r": "csb:1 Samuel:2:4",
        "w": 6,
        "l": {},
        "c": "Ps 37:15*16094; 46:9*16279",
        "a": "h"
    },
    {
        "o": 8019,
        "r": "csb:1 Samuel:2:4",
        "w": 13,
        "l": {},
        "c": "Ps 18:39*15730; Heb 11:32–34*34237",
        "a": "i"
    },
    {
        "o": 8020,
        "r": "csb:1 Samuel:2:5",
        "w": 25,
        "l": {},
        "c": "Ru 4:15*7974; Ps 113:9*17670",
        "a": "j"
    },
    {
        "o": 8020,
        "r": "csb:1 Samuel:2:5",
        "w": 33,
        "l": {},
        "c": "Jr 15:9*21663",
        "a": "k"
    },
    {
        "o": 8021,
        "r": "csb:1 Samuel:2:6",
        "w": 6,
        "l": {},
        "c": "Dt 32:39*6402",
        "a": "l"
    },
    {
        "o": 8021,
        "r": "csb:1 Samuel:2:6",
        "w": 17,
        "l": {},
        "c": "Is 26:19*20329",
        "a": "m"
    },
    {
        "o": 8022,
        "r": "csb:1 Samuel:2:7",
        "w": 6,
        "l": {},
        "c": "Dt 8:17–18*5668",
        "a": "n"
    },
    {
        "o": 8022,
        "r": "csb:1 Samuel:2:7",
        "w": 11,
        "l": {},
        "c": "Jb 15:11*14692; Jms 4:10*34399",
        "a": "o"
    },
    {
        "o": 8023,
        "r": "csb:1 Samuel:2:8",
        "w": 6,
        "l": {},
        "c": "Jb 42:10–12*15454; Ps 75:7*16822",
        "a": "p"
    },
    {
        "o": 8023,
        "r": "csb:1 Samuel:2:8",
        "w": 14,
        "l": {},
        "c": "2Sm 7:8*9051; Dn 2:48*24527; Jms 2:5*34344",
        "a": "q"
    },
    {
        "o": 8023,
        "r": "csb:1 Samuel:2:8",
        "w": 19,
        "l": {},
        "c": "Jb 36:7*15256",
        "a": "r"
    },
    {
        "o": 8023,
        "r": "csb:1 Samuel:2:8",
        "w": 26,
        "l": {},
        "t": "2:8*r DSS, LXX add He gives the vow of the one who makes a vow and he blesses the years of the just.",
        "a": "s"
    },
    {
        "o": 8023,
        "r": "csb:1 Samuel:2:8",
        "w": 35,
        "l": {},
        "c": "Jb 38:4–6*15313; Ps 75:3*16818",
        "a": "t"
    },
    {
        "o": 8023,
        "r": "csb:1 Samuel:2:8",
        "w": 42,
        "l": {},
        "c": "Ps 113:7–8*17668",
        "a": "u"
    },
    {
        "o": 8024,
        "r": "csb:1 Samuel:2:9",
        "w": 3,
        "l": {},
        "t": "2:9*r Lit feet",
        "a": "v"
    },
    {
        "o": 8024,
        "r": "csb:1 Samuel:2:9",
        "w": 7,
        "l": {},
        "c": "Ps 91:11–12*17199; 1Pt 1:5*34440",
        "a": "w"
    },
    {
        "o": 8024,
        "r": "csb:1 Samuel:2:9",
        "w": 13,
        "l": {},
        "c": "Mt 8:12*26359",
        "a": "x"
    },
    {
        "o": 8024,
        "r": "csb:1 Samuel:2:9",
        "w": 23,
        "l": {},
        "c": "Ps 33:16–17*15999",
        "a": "y"
    },
    {
        "o": 8025,
        "r": "csb:1 Samuel:2:10",
        "w": 7,
        "l": {},
        "t": "2:10*r DSS, LXX read The Lord shatters those who dispute with him",
        "a": "z"
    },
    {
        "o": 8025,
        "r": "csb:1 Samuel:2:10",
        "w": 7,
        "l": {},
        "c": "Ps 2:9*15480",
        "a": "a"
    },
    {
        "o": 8025,
        "r": "csb:1 Samuel:2:10",
        "w": 15,
        "l": {},
        "c": "1Sm 7:10*8150; Ps 18:13–14*15704",
        "a": "b"
    },
    {
        "o": 8025,
        "r": "csb:1 Samuel:2:10",
        "w": 24,
        "l": {},
        "c": "Ps 96:13*17282; 98:9*17308",
        "a": "c"
    },
    {
        "o": 8025,
        "r": "csb:1 Samuel:2:10",
        "w": 40,
        "l": {},
        "t": "2:10*r Or Messiah",
        "a": "d"
    },
    {
        "o": 8025,
        "r": "csb:1 Samuel:2:10",
        "w": 40,
        "l": {},
        "c": "1Sm 2:35*8051; 12:3*8262; 16:6*8412; Ps 89:24*17136",
        "a": "e"
    },
    {
        "o": 8026,
        "r": "csb:1 Samuel:2:11",
        "w": 4,
        "l": {},
        "c": "1Sm 1:1,19*7985",
        "a": "f"
    },
    {
        "o": 8026,
        "r": "csb:1 Samuel:2:11",
        "w": 17,
        "l": {},
        "c": "1Sm 1:28*8013; 2:18*8034; 3:1*8055",
        "a": "g"
    },
    {
        "o": 8028,
        "r": "csb:1 Samuel:2:12",
        "w": 4,
        "l": {},
        "c": "1Sm 1:15*7999",
        "a": "h"
    },
    {
        "o": 8028,
        "r": "csb:1 Samuel:2:12",
        "w": 10,
        "l": {},
        "c": "Jr 2:8*21257; 9:3,6*21494",
        "a": "i"
    },
    {
        "o": 8030,
        "r": "csb:1 Samuel:2:14",
        "w": 10,
        "l": {},
        "c": "Lv 7:29–34*3223",
        "a": "j"
    },
    {
        "o": 8031,
        "r": "csb:1 Samuel:2:15",
        "w": 5,
        "l": {},
        "c": "Lv 3:3–5,16*3082",
        "a": "k"
    },
    {
        "o": 8032,
        "r": "csb:1 Samuel:2:16",
        "w": 20,
        "l": {},
        "c": "Lv 7:25*3218",
        "a": "l"
    },
    {
        "o": 8033,
        "r": "csb:1 Samuel:2:17",
        "w": 21,
        "l": {},
        "c": "Mal 2:7–9*26058",
        "a": "m"
    },
    {
        "o": 8034,
        "r": "csb:1 Samuel:2:18",
        "w": 5,
        "l": {},
        "c": "1Sm 2:11*8027; 3:1*8055",
        "a": "n"
    },
    {
        "o": 8034,
        "r": "csb:1 Samuel:2:18",
        "w": 14,
        "l": {},
        "c": "1Sm 2:28*8044",
        "a": "o"
    },
    {
        "o": 8035,
        "r": "csb:1 Samuel:2:19",
        "w": 8,
        "l": {},
        "c": "Ex 28:31*2569",
        "a": "p"
    },
    {
        "o": 8035,
        "r": "csb:1 Samuel:2:19",
        "w": 24,
        "l": {},
        "c": "1Sm 1:3,21*7987",
        "a": "q"
    },
    {
        "o": 8036,
        "r": "csb:1 Samuel:2:20",
        "w": 6,
        "l": {},
        "c": "Lk 2:34*28259",
        "a": "r"
    },
    {
        "o": 8036,
        "r": "csb:1 Samuel:2:20",
        "w": 21,
        "l": {},
        "t": "2:20*r DSS; MT reads he",
        "a": "s"
    },
    {
        "o": 8036,
        "r": "csb:1 Samuel:2:20",
        "w": 26,
        "l": {},
        "c": "1Sm 1:11,22,28*7995",
        "a": "t"
    },
    {
        "o": 8037,
        "r": "csb:1 Samuel:2:21",
        "w": 6,
        "l": {},
        "c": "Gn 21:1*570",
        "a": "u"
    },
    {
        "o": 8037,
        "r": "csb:1 Samuel:2:21",
        "w": 30,
        "l": {},
        "c": "1Sm 2:26*8042; 3:19–21*8073; Lk 2:40*28268",
        "a": "v"
    },
    {
        "o": 8038,
        "r": "csb:1 Samuel:2:22",
        "w": 15,
        "l": {},
        "c": "1Sm 2:13–17*8029",
        "a": "w"
    },
    {
        "o": 8038,
        "r": "csb:1 Samuel:2:22",
        "w": 33,
        "l": {},
        "c": "Ex 38:8*2924",
        "a": "x"
    },
    {
        "o": 8041,
        "r": "csb:1 Samuel:2:25",
        "w": 23,
        "l": {},
        "c": "Nm 15:30–31*4600; Heb 10:26–27*34190",
        "a": "y"
    },
    {
        "o": 8041,
        "r": "csb:1 Samuel:2:25",
        "w": 38,
        "l": {},
        "c": "Ex 5:2*1801; 14:17–18*2102; Jos 11:18–20*6768",
        "a": "z"
    },
    {
        "o": 8042,
        "r": "csb:1 Samuel:2:26",
        "w": 16,
        "l": {},
        "c": "Lk 2:52*28281",
        "a": "a"
    },
    {
        "o": 8043,
        "r": "csb:1 Samuel:2:27",
        "w": 10,
        "l": {},
        "c": "Dt 33:1*6419; Jdg 13:6*7633",
        "a": "b"
    },
    {
        "o": 8043,
        "r": "csb:1 Samuel:2:27",
        "w": 24,
        "l": {},
        "t": "2:27*r Lit the house of your father",
        "a": "c"
    },
    {
        "o": 8043,
        "r": "csb:1 Samuel:2:27",
        "w": 34,
        "l": {},
        "c": "Ex 4:14–16*1778; 12:1,43*2006",
        "a": "d"
    },
    {
        "o": 8044,
        "r": "csb:1 Samuel:2:28",
        "w": 10,
        "l": {},
        "t": "2:28*r Lit selected him",
        "a": "e"
    },
    {
        "o": 8044,
        "r": "csb:1 Samuel:2:28",
        "w": 31,
        "l": {},
        "c": "Ex 28:1–4*2536",
        "a": "f"
    },
    {
        "o": 8045,
        "r": "csb:1 Samuel:2:29",
        "w": 18,
        "l": {},
        "c": "Dt 12:5–7*5770",
        "a": "g"
    },
    {
        "o": 8045,
        "r": "csb:1 Samuel:2:29",
        "w": 26,
        "l": {},
        "c": "Mt 10:37*26473",
        "a": "h"
    },
    {
        "o": 8046,
        "r": "csb:1 Samuel:2:30",
        "w": 26,
        "l": {},
        "c": "Ex 29:9*2594; 40:12–15*3013; Nm 25:10–13*4931",
        "a": "i"
    },
    {
        "o": 8046,
        "r": "csb:1 Samuel:2:30",
        "w": 43,
        "l": {},
        "c": "Ps 50:23*16359",
        "a": "j"
    },
    {
        "o": 8046,
        "r": "csb:1 Samuel:2:30",
        "w": 51,
        "l": {},
        "c": "1Kg 2:26–27*9718",
        "a": "k"
    },
    {
        "o": 8047,
        "r": "csb:1 Samuel:2:31",
        "w": 28,
        "l": {},
        "c": "1Sm 4:11–18*8090; 22:17–20*8632",
        "a": "l"
    },
    {
        "o": 8048,
        "r": "csb:1 Samuel:2:32",
        "w": 8,
        "l": {},
        "c": "1Kg 2:26–27*9718",
        "a": "m"
    },
    {
        "o": 8048,
        "r": "csb:1 Samuel:2:32",
        "w": 29,
        "l": {},
        "c": "Zch 8:4*25909",
        "a": "n"
    },
    {
        "o": 8049,
        "r": "csb:1 Samuel:2:33",
        "w": 15,
        "l": {},
        "t": "2:33*r Lit grief to your eyes",
        "a": "o"
    },
    {
        "o": 8049,
        "r": "csb:1 Samuel:2:33",
        "w": 25,
        "l": {},
        "t": "2:33*r DSS, LXX read die by the sword of men",
        "a": "p"
    },
    {
        "o": 8049,
        "r": "csb:1 Samuel:2:33",
        "w": 25,
        "l": {},
        "t": "2:33*r Lit die men",
        "a": "q"
    },
    {
        "o": 8050,
        "r": "csb:1 Samuel:2:34",
        "w": 16,
        "l": {},
        "c": "1Sm 10:7–9*8218; 1Kg 13:3*10154",
        "a": "r"
    },
    {
        "o": 8050,
        "r": "csb:1 Samuel:2:34",
        "w": 25,
        "l": {},
        "c": "1Sm 4:11*8090",
        "a": "s"
    },
    {
        "o": 8051,
        "r": "csb:1 Samuel:2:35",
        "w": 7,
        "l": {},
        "c": "1Sm 3:20*8074",
        "a": "t"
    },
    {
        "o": 8051,
        "r": "csb:1 Samuel:2:35",
        "w": 27,
        "l": {},
        "c": "1Sm 8:3–5*8162; 1Kg 11:38*10106",
        "a": "u"
    },
    {
        "o": 8051,
        "r": "csb:1 Samuel:2:35",
        "w": 38,
        "l": {},
        "c": "1Sm 10:9–10*8220; 12:3*8262; 16:13*8420",
        "a": "v"
    }
]
