[
    {
        "o": 9342,
        "r": "csb:2 Samuel:17:2",
        "w": 9,
        "l": {},
        "t": "17:2*r Lit and weak of hands",
        "a": "a"
    },
    {
        "o": 9342,
        "r": "csb:2 Samuel:17:2",
        "w": 29,
        "l": {},
        "c": "1Kg 22:31*10514",
        "a": "b"
    },
    {
        "o": 9343,
        "r": "csb:2 Samuel:17:3",
        "w": 17,
        "l": {},
        "t": "17:3*r LXX reads to you as a bride returns to her husband. You seek the life of only one man, and all",
        "a": "c"
    },
    {
        "o": 9348,
        "r": "csb:2 Samuel:17:8",
        "w": 22,
        "l": {},
        "c": "Pr 17:12*18890; Hs 13:8*25067",
        "a": "d"
    },
    {
        "o": 9349,
        "r": "csb:2 Samuel:17:9",
        "w": 8,
        "l": {},
        "t": "17:9*r Or pits, or ravines",
        "a": "e"
    },
    {
        "o": 9349,
        "r": "csb:2 Samuel:17:9",
        "w": 18,
        "l": {},
        "t": "17:9*r Lit And it will be when a falling on them at",
        "a": "f"
    },
    {
        "o": 9350,
        "r": "csb:2 Samuel:17:10",
        "w": 10,
        "l": {},
        "c": "Am 3:8*25217",
        "a": "g"
    },
    {
        "o": 9350,
        "r": "csb:2 Samuel:17:10",
        "w": 13,
        "l": {},
        "t": "17:10*r Lit melt",
        "a": "h"
    },
    {
        "o": 9351,
        "r": "csb:2 Samuel:17:11",
        "w": 17,
        "l": {},
        "c": "Gn 22:17*624",
        "a": "i"
    },
    {
        "o": 9353,
        "r": "csb:2 Samuel:17:13",
        "w": 19,
        "l": {},
        "t": "17:13*r Lit drag it",
        "a": "j"
    },
    {
        "o": 9354,
        "r": "csb:2 Samuel:17:14",
        "w": 4,
        "l": {},
        "c": "Pr 21:30*19023; 1Co 1:19*32130",
        "a": "k"
    },
    {
        "o": 9354,
        "r": "csb:2 Samuel:17:14",
        "w": 10,
        "l": {},
        "c": "2Sm 15:31–34*9306",
        "a": "l"
    },
    {
        "o": 9356,
        "r": "csb:2 Samuel:17:15",
        "w": 10,
        "l": {},
        "t": "17:15*r Lit “Like this and like this",
        "a": "m"
    },
    {
        "o": 9356,
        "r": "csb:2 Samuel:17:15",
        "w": 22,
        "l": {},
        "t": "17:15*r Lit and like this and like this",
        "a": "n"
    },
    {
        "o": 9357,
        "r": "csb:2 Samuel:17:16",
        "w": 14,
        "l": {},
        "t": "17:16*r Some Hb mss; MT reads plains",
        "a": "o"
    },
    {
        "o": 9357,
        "r": "csb:2 Samuel:17:16",
        "w": 22,
        "l": {},
        "t": "17:16*r the Jordan supplied for clarity",
        "a": "p"
    },
    {
        "o": 9357,
        "r": "csb:2 Samuel:17:16",
        "w": 22,
        "l": {},
        "c": "2Sm 15:28*9303",
        "a": "q"
    },
    {
        "o": 9361,
        "r": "csb:2 Samuel:17:20",
        "w": 21,
        "l": {},
        "t": "17:20*r Or brook; Hb obscure",
        "a": "r"
    },
    {
        "o": 9364,
        "r": "csb:2 Samuel:17:23",
        "w": 31,
        "l": {},
        "c": "Mt 27:5*27255",
        "a": "s"
    },
    {
        "o": 9366,
        "r": "csb:2 Samuel:17:25",
        "w": 4,
        "l": {},
        "c": "2Sm 19:13*9421; 20:9–12*9462; 1Kg 2:5,32*9695",
        "a": "t"
    },
    {
        "o": 9366,
        "r": "csb:2 Samuel:17:25",
        "w": 19,
        "l": {},
        "t": "17:25*r Or Jether",
        "a": "u"
    },
    {
        "o": 9366,
        "r": "csb:2 Samuel:17:25",
        "w": 21,
        "l": {},
        "t": "17:25*r Some LXX mss read Ishmaelite",
        "a": "v"
    },
    {
        "o": 9366,
        "r": "csb:2 Samuel:17:25",
        "w": 21,
        "l": {},
        "c": "1Ch 2:13–17*11448",
        "a": "w"
    },
    {
        "o": 9366,
        "r": "csb:2 Samuel:17:25",
        "w": 28,
        "l": {},
        "t": "17:25*r Some LXX mss read Jesse",
        "a": "x"
    },
    {
        "o": 9368,
        "r": "csb:2 Samuel:17:27",
        "w": 8,
        "l": {},
        "c": "2Sm 10:1–2*9111",
        "a": "y"
    },
    {
        "o": 9368,
        "r": "csb:2 Samuel:17:27",
        "w": 10,
        "l": {},
        "c": "2Sm 12:26–29*9191",
        "a": "z"
    },
    {
        "o": 9368,
        "r": "csb:2 Samuel:17:27",
        "w": 19,
        "l": {},
        "c": "2Sm 9:4*9099",
        "a": "a"
    },
    {
        "o": 9368,
        "r": "csb:2 Samuel:17:27",
        "w": 25,
        "l": {},
        "c": "2Sm 19:31–32*9439; 1Kg 2:7*9697; Ezr 2:61*13442",
        "a": "b"
    },
    {
        "o": 9369,
        "r": "csb:2 Samuel:17:28",
        "w": 2,
        "l": {},
        "t": "17:28*r LXX reads brought 10 embroidered beds with double coverings, 10 vessels",
        "a": "c"
    },
    {
        "o": 9369,
        "r": "csb:2 Samuel:17:28",
        "w": 15,
        "l": {},
        "t": "17:28*r LXX, Syr; MT adds roasted grain",
        "a": "d"
    },
    {
        "o": 9370,
        "r": "csb:2 Samuel:17:29",
        "w": 5,
        "l": {},
        "t": "17:29*r Hb obscure",
        "a": "e"
    }
]
