[
    {
        "o": 33856,
        "r": "csb:2 Timothy:4:1",
        "w": 13,
        "l": {},
        "c": "Jn 5:22–30*29670; Rm 5:18*31763; 1Pt 4:5*34523",
        "a": "a"
    },
    {
        "o": 33856,
        "r": "csb:2 Timothy:4:1",
        "w": 18,
        "l": {},
        "c": "Jn 5:25*29674; Rm 14:9*32021; 1Pt 4:5*34523; Rv 18:8*35195; 19:11*35226",
        "a": "b"
    },
    {
        "o": 33856,
        "r": "csb:2 Timothy:4:1",
        "w": 26,
        "l": {},
        "c": "Mk 1:15*27368; Ac 20:25*31292",
        "a": "c"
    },
    {
        "o": 33858,
        "r": "csb:2 Timothy:4:3",
        "w": 11,
        "l": {},
        "c": "Rm 15:4*32042",
        "a": "d"
    },
    {
        "o": 33859,
        "r": "csb:2 Timothy:4:4",
        "w": 13,
        "l": {},
        "c": "1Tm 1:4*33650; 4:7*33715; Ti 1:14*33896; 2Pt 1:16*34576",
        "a": "e"
    },
    {
        "o": 33860,
        "r": "csb:2 Timothy:4:5",
        "w": 15,
        "l": {},
        "c": "Ac 21:8*31315; Eph 4:11*33160",
        "a": "f"
    },
    {
        "o": 33861,
        "r": "csb:2 Timothy:4:6",
        "w": 10,
        "l": {},
        "c": "Gn 35:14*1128; Php 2:17*33304",
        "a": "g"
    },
    {
        "o": 33863,
        "r": "csb:2 Timothy:4:8",
        "w": 6,
        "l": {},
        "c": "Jn 15:17*30213; Rv 12:1*35060",
        "a": "h"
    },
    {
        "o": 33863,
        "r": "csb:2 Timothy:4:8",
        "w": 14,
        "l": {},
        "c": "Lk 18:2,6*29057; Jn 5:22–30*29670; Ac 10:42*30892; Heb 12:23*34272",
        "a": "i"
    },
    {
        "o": 33863,
        "r": "csb:2 Timothy:4:8",
        "w": 34,
        "l": {},
        "t": "4:8*r Or have longed for his appearing",
        "a": "j"
    },
    {
        "o": 33863,
        "r": "csb:2 Timothy:4:8",
        "w": 34,
        "l": {},
        "c": "Ti 2:13*33913; 1Jn 2:28*34674",
        "a": "k"
    },
    {
        "o": 33865,
        "r": "csb:2 Timothy:4:9",
        "w": 7,
        "l": {},
        "c": "Ti 3:12*33930",
        "a": "l"
    },
    {
        "o": 33866,
        "r": "csb:2 Timothy:4:10",
        "w": 1,
        "l": {},
        "c": "Col 4:14*33475; Phm 24*33962",
        "a": "m"
    },
    {
        "o": 33866,
        "r": "csb:2 Timothy:4:10",
        "w": 4,
        "l": {},
        "c": "2Tm 1:15*33801",
        "a": "n"
    },
    {
        "o": 33866,
        "r": "csb:2 Timothy:4:10",
        "w": 15,
        "l": {},
        "c": "Ac 17:1*31147",
        "a": "o"
    },
    {
        "o": 33866,
        "r": "csb:2 Timothy:4:10",
        "w": 20,
        "l": {},
        "c": "Gl 1:2*32904",
        "a": "p"
    },
    {
        "o": 33866,
        "r": "csb:2 Timothy:4:10",
        "w": 21,
        "l": {},
        "c": "Ti 1:4*33886",
        "a": "q"
    },
    {
        "o": 33867,
        "r": "csb:2 Timothy:4:11",
        "w": 1,
        "l": {},
        "c": "Col 4:14*33475; Phm 24*33962",
        "a": "r"
    },
    {
        "o": 33867,
        "r": "csb:2 Timothy:4:11",
        "w": 6,
        "l": {},
        "c": "Ac 15:37–39*31093",
        "a": "s"
    },
    {
        "o": 33868,
        "r": "csb:2 Timothy:4:12",
        "w": 3,
        "l": {},
        "c": "Ac 20:4*31268; Ti 3:12*33930",
        "a": "t"
    },
    {
        "o": 33869,
        "r": "csb:2 Timothy:4:13",
        "w": 9,
        "l": {},
        "c": "Ac 16:8*31108",
        "a": "u"
    },
    {
        "o": 33870,
        "r": "csb:2 Timothy:4:14",
        "w": 0,
        "l": {},
        "c": "1Tm 1:20*33668",
        "a": "v"
    },
    {
        "o": 33871,
        "r": "csb:2 Timothy:4:15",
        "w": 1,
        "l": {},
        "c": "2Tm 1:14*33800; 2Pt 3:17*34625",
        "a": "w"
    },
    {
        "o": 33872,
        "r": "csb:2 Timothy:4:16",
        "w": 12,
        "l": {},
        "c": "2Tm 1:15*33801",
        "a": "x"
    },
    {
        "o": 33874,
        "r": "csb:2 Timothy:4:18",
        "w": 17,
        "l": {},
        "c": "Mk 1:15*27368; Ac 20:25*31292",
        "a": "y"
    },
    {
        "o": 33876,
        "r": "csb:2 Timothy:4:19",
        "w": 3,
        "l": {},
        "c": "Ac 18:2*31188",
        "a": "z"
    },
    {
        "o": 33876,
        "r": "csb:2 Timothy:4:19",
        "w": 8,
        "l": {},
        "c": "2Tm 1:16*33802",
        "a": "a"
    },
    {
        "o": 33877,
        "r": "csb:2 Timothy:4:20",
        "w": 0,
        "l": {},
        "c": "Ac 19:22*31243; Rm 16:23*32103",
        "a": "b"
    },
    {
        "o": 33877,
        "r": "csb:2 Timothy:4:20",
        "w": 7,
        "l": {},
        "c": "Ac 20:4*31268; 21:29*31338",
        "a": "c"
    },
    {
        "o": 33877,
        "r": "csb:2 Timothy:4:20",
        "w": 10,
        "l": {},
        "c": "Ac 20:15,17*31281",
        "a": "d"
    }
]
