[
    {
        "o": 32763,
        "r": "csb:2 Corinthians:8:1",
        "w": 18,
        "l": {},
        "c": "Mt 16:18*26749; 1Co 14:4*32473; Rv 1:4*34824",
        "a": "a"
    },
    {
        "o": 32763,
        "r": "csb:2 Corinthians:8:1",
        "w": 20,
        "l": {},
        "c": "Ac 16:9*31109",
        "a": "b"
    },
    {
        "o": 32764,
        "r": "csb:2 Corinthians:8:2",
        "w": 23,
        "l": {},
        "c": "Php 4:10*33355",
        "a": "c"
    },
    {
        "o": 32766,
        "r": "csb:2 Corinthians:8:4",
        "w": 8,
        "l": {},
        "c": "Ac 24:17*31440; Rm 15:26,31*32067; 2Co 8:19–20*32782; 9:1,12–13*32790",
        "a": "d"
    },
    {
        "o": 32767,
        "r": "csb:2 Corinthians:8:5",
        "w": 21,
        "l": {},
        "c": "Ps 143:10*18254; Pr 16:9*18853; Jn 5:30*29680; Gl 1:4*32906; Eph 1:9*33082; 1Jn 2:17*34661",
        "a": "e"
    },
    {
        "o": 32769,
        "r": "csb:2 Corinthians:8:7",
        "w": 9,
        "l": {},
        "c": "Php 3:8*33328; 1Jn 4:8*34712",
        "a": "f"
    },
    {
        "o": 32769,
        "r": "csb:2 Corinthians:8:7",
        "w": 19,
        "l": {},
        "t": "8:7*r Other mss read in our love for you",
        "a": "g"
    },
    {
        "o": 32771,
        "r": "csb:2 Corinthians:8:9",
        "w": 13,
        "l": {},
        "c": "Mt 20:28*26899; 2Co 6:10*32733; Php 2:6–7*33292",
        "a": "h"
    },
    {
        "o": 32771,
        "r": "csb:2 Corinthians:8:9",
        "w": 19,
        "l": {},
        "c": "Php 2:7*33293",
        "a": "i"
    },
    {
        "o": 32772,
        "r": "csb:2 Corinthians:8:10",
        "w": 29,
        "l": {},
        "c": "1Co 16:1–4*32578; 2Co 9:1–2*32790",
        "a": "j"
    },
    {
        "o": 32774,
        "r": "csb:2 Corinthians:8:12",
        "w": 23,
        "l": {},
        "c": "Lk 21:3*29217",
        "a": "k"
    },
    {
        "o": 32775,
        "r": "csb:2 Corinthians:8:13",
        "w": 20,
        "l": {},
        "t": "8:13*r Lit but from equality",
        "a": "l"
    },
    {
        "o": 32777,
        "r": "csb:2 Corinthians:8:15",
        "w": 24,
        "l": {},
        "t": "8:15*r Ex 16:18",
        "a": "m"
    },
    {
        "o": 32777,
        "r": "csb:2 Corinthians:8:15",
        "w": 24,
        "l": {},
        "c": "Ex 16:18*2166",
        "a": "n"
    },
    {
        "o": 32781,
        "r": "csb:2 Corinthians:8:18",
        "w": 6,
        "l": {},
        "c": "2Co 12:18*32882",
        "a": "o"
    },
    {
        "o": 32781,
        "r": "csb:2 Corinthians:8:18",
        "w": 17,
        "l": {},
        "t": "8:18*r Lit churches, in the gospel",
        "a": "p"
    },
    {
        "o": 32784,
        "r": "csb:2 Corinthians:8:21",
        "w": 5,
        "l": {},
        "c": "1Tm 5:8*33735",
        "a": "q"
    },
    {
        "o": 32784,
        "r": "csb:2 Corinthians:8:21",
        "w": 10,
        "l": {},
        "c": "1Pt 2:12*34476",
        "a": "r"
    },
    {
        "o": 32786,
        "r": "csb:2 Corinthians:8:23",
        "w": 6,
        "l": {},
        "c": "Phm 17*33954",
        "a": "s"
    },
    {
        "o": 32786,
        "r": "csb:2 Corinthians:8:23",
        "w": 8,
        "l": {},
        "c": "1Co 3:9*32174",
        "a": "t"
    },
    {
        "o": 32786,
        "r": "csb:2 Corinthians:8:23",
        "w": 18,
        "l": {},
        "c": "Jn 13:16*30129",
        "a": "u"
    },
    {
        "o": 32786,
        "r": "csb:2 Corinthians:8:23",
        "w": 25,
        "l": {},
        "c": "Mk 10:37*27818",
        "a": "v"
    },
    {
        "o": 32787,
        "r": "csb:2 Corinthians:8:24",
        "w": 13,
        "l": {},
        "c": "2Co 12:5*32867; Jms 4:16*34406",
        "a": "w"
    }
]
