[
    {
        "o": 34727,
        "r": "csb:1 John:5:1",
        "w": 12,
        "l": {},
        "c": "1Jn 2:29*34675",
        "a": "a"
    },
    {
        "o": 34727,
        "r": "csb:1 John:5:1",
        "w": 18,
        "l": {},
        "t": "5:1*r Or loves the one who has given birth",
        "a": "b"
    },
    {
        "o": 34728,
        "r": "csb:1 John:5:2",
        "w": 15,
        "l": {},
        "t": "5:2*r Other mss read keep",
        "a": "c"
    },
    {
        "o": 34729,
        "r": "csb:1 John:5:3",
        "w": 18,
        "l": {},
        "c": "Dt 30:11*6319; Mt 11:30*26513; 23:4,23*27017",
        "a": "d"
    },
    {
        "o": 34732,
        "r": "csb:1 John:5:5",
        "w": 7,
        "l": {},
        "c": "1Co 15:57*32574; 2Pt 2:20*34603",
        "a": "e"
    },
    {
        "o": 34732,
        "r": "csb:1 John:5:5",
        "w": 19,
        "l": {},
        "c": "Jn 5:19*29667; 14:1*30157; Heb 1:2*33967",
        "a": "f"
    },
    {
        "o": 34733,
        "r": "csb:1 John:5:6",
        "w": 18,
        "l": {},
        "c": "Mk 1:11*27362; Jn 1:34*29500",
        "a": "g"
    },
    {
        "o": 34733,
        "r": "csb:1 John:5:6",
        "w": 21,
        "l": {},
        "c": "Jn 17:1*30263; 1Jn 1:7*34636; 4:10*34714",
        "a": "h"
    },
    {
        "o": 34733,
        "r": "csb:1 John:5:6",
        "w": 29,
        "l": {},
        "c": "Jn 15:26*30223; Ac 26:5*31489",
        "a": "i"
    },
    {
        "o": 34734,
        "r": "csb:1 John:5:7",
        "w": 5,
        "l": {},
        "t": "5:7–8*r A few late Gk mss and some late Vg mss add testify in heaven: the Father, the Word, and the Holy Spirit, and these three are one. 8 And there are three who bear witness on earth:",
        "a": "j"
    },
    {
        "o": 34734,
        "r": "csb:1 John:5:7",
        "w": 5,
        "l": {},
        "c": "Dt 19:15*5976; Mt 18:16*26811; Jn 8:17–18*29853",
        "a": "k"
    },
    {
        "o": 34735,
        "r": "csb:1 John:5:8",
        "w": 1,
        "l": {},
        "c": "Jn 1:32*29498; 19:30*30377; 20:22*30416",
        "a": "l"
    },
    {
        "o": 34735,
        "r": "csb:1 John:5:8",
        "w": 6,
        "l": {},
        "c": "Jn 19:34*30381",
        "a": "m"
    },
    {
        "o": 34736,
        "r": "csb:1 John:5:9",
        "w": 6,
        "l": {},
        "c": "Jn 5:36–37*29686; 8:18*29854",
        "a": "n"
    },
    {
        "o": 34737,
        "r": "csb:1 John:5:10",
        "w": 25,
        "l": {},
        "c": "Gn 3:4*66",
        "a": "o"
    },
    {
        "o": 34739,
        "r": "csb:1 John:5:12",
        "w": 7,
        "l": {},
        "c": "Jn 3:15,36*29563; 5:24*29673; 6:40,47*29741",
        "a": "p"
    },
    {
        "o": 34740,
        "r": "csb:1 John:5:13",
        "w": 11,
        "l": {},
        "c": "1Jn 3:23*34700",
        "a": "q"
    },
    {
        "o": 34742,
        "r": "csb:1 John:5:14",
        "w": 10,
        "l": {},
        "c": "Mt 7:7*26320; Jn 14:13*30171; 1Jn 3:22*34699",
        "a": "r"
    },
    {
        "o": 34742,
        "r": "csb:1 John:5:14",
        "w": 18,
        "l": {},
        "c": "Mt 7:8*26321; Jn 9:31*29932; 11:22*30015",
        "a": "s"
    },
    {
        "o": 34743,
        "r": "csb:1 John:5:15",
        "w": 9,
        "l": {},
        "c": "Jms 1:5*34314",
        "a": "t"
    },
    {
        "o": 34743,
        "r": "csb:1 John:5:15",
        "w": 20,
        "l": {},
        "c": "Jn 11:22*30015; 16:24*30251",
        "a": "u"
    },
    {
        "o": 34744,
        "r": "csb:1 John:5:16",
        "w": 5,
        "l": {},
        "t": "5:16*r Lit sees his brother or sister",
        "a": "v"
    },
    {
        "o": 34744,
        "r": "csb:1 John:5:16",
        "w": 36,
        "l": {},
        "t": "5:16*r Or is a sin",
        "a": "w"
    },
    {
        "o": 34747,
        "r": "csb:1 John:5:18",
        "w": 22,
        "l": {},
        "t": "5:18*r Other mss read himself",
        "a": "x"
    },
    {
        "o": 34747,
        "r": "csb:1 John:5:18",
        "w": 22,
        "l": {},
        "c": "Jn 17:12*30275; 1Pt 1:5*34440; Jd 24*34817; Rv 3:10*34889",
        "a": "y"
    },
    {
        "o": 34749,
        "r": "csb:1 John:5:20",
        "w": 9,
        "l": {},
        "c": "Jn 1:14*29478; 8:42*29880; 1Jn 1:2*34630; 3:5,8*34681",
        "a": "z"
    },
    {
        "o": 34749,
        "r": "csb:1 John:5:20",
        "w": 22,
        "l": {},
        "t": "5:20*r Other mss read the true God",
        "a": "a"
    },
    {
        "o": 34749,
        "r": "csb:1 John:5:20",
        "w": 35,
        "l": {},
        "c": "Jn 10:38*29985; 15:9*30204; 17:21*30285; 1Th 1:1*33483; 1Jn 2:23–24*34668",
        "a": "b"
    }
]
