[
    {
        "o": 10482,
        "r": "csb:1 Kings:22:1",
        "w": 1,
        "l": {},
        "c": "2Ch 18:1–8*12811",
        "a": "a"
    },
    {
        "o": 10482,
        "r": "csb:1 Kings:22:1",
        "w": 6,
        "l": {},
        "c": "1Kg 20:1,26*10404",
        "a": "b"
    },
    {
        "o": 10483,
        "r": "csb:1 Kings:22:2",
        "w": 6,
        "l": {},
        "c": "1Kg 15:24*10248",
        "a": "c"
    },
    {
        "o": 10483,
        "r": "csb:1 Kings:22:2",
        "w": 15,
        "l": {},
        "c": "2Ch 18:2*12812",
        "a": "d"
    },
    {
        "o": 10484,
        "r": "csb:1 Kings:22:3",
        "w": 13,
        "l": {},
        "c": "Dt 4:43*5551; Jos 20:8*7059; 1Kg 4:13*9786",
        "a": "e"
    },
    {
        "o": 10485,
        "r": "csb:1 Kings:22:4",
        "w": 0,
        "l": {},
        "c": "2Kg 3:7–8*10597",
        "a": "f"
    },
    {
        "o": 10485,
        "r": "csb:1 Kings:22:4",
        "w": 11,
        "l": {},
        "c": "2Kg 8:18,27*10779",
        "a": "g"
    },
    {
        "o": 10485,
        "r": "csb:1 Kings:22:4",
        "w": 33,
        "l": {},
        "c": "2Kg 3:7*10597",
        "a": "h"
    },
    {
        "o": 10486,
        "r": "csb:1 Kings:22:5",
        "w": 15,
        "l": {},
        "c": "1Sm 23:1–5*8641; Jms 4:15*34405",
        "a": "i"
    },
    {
        "o": 10487,
        "r": "csb:1 Kings:22:6",
        "w": 11,
        "l": {},
        "c": "1Kg 18:19*10348",
        "a": "j"
    },
    {
        "o": 10487,
        "r": "csb:1 Kings:22:6",
        "w": 39,
        "l": {},
        "c": "1Kg 13:18*10170",
        "a": "k"
    },
    {
        "o": 10488,
        "r": "csb:1 Kings:22:7",
        "w": 11,
        "l": {},
        "c": "2Kg 1:3*10543; 3:11*10601; 5:8*10678",
        "a": "l"
    },
    {
        "o": 10489,
        "r": "csb:1 Kings:22:8",
        "w": 21,
        "l": {},
        "c": "1Kg 18:17*10345; 21:20*10470",
        "a": "m"
    },
    {
        "o": 10489,
        "r": "csb:1 Kings:22:8",
        "w": 28,
        "l": {},
        "c": "Am 5:10*25253",
        "a": "n"
    },
    {
        "o": 10491,
        "r": "csb:1 Kings:22:10",
        "w": 9,
        "l": {},
        "c": "2Ch 18:9–11*12819",
        "a": "o"
    },
    {
        "o": 10491,
        "r": "csb:1 Kings:22:10",
        "w": 26,
        "l": {},
        "c": "Jdg 6:37*7410",
        "a": "p"
    },
    {
        "o": 10492,
        "r": "csb:1 Kings:22:11",
        "w": 1,
        "l": {},
        "c": "1Kg 22:24*10506",
        "a": "q"
    },
    {
        "o": 10492,
        "r": "csb:1 Kings:22:11",
        "w": 7,
        "l": {},
        "c": "Dt 33:17*6435; Zch 1:18–21*25809",
        "a": "r"
    },
    {
        "o": 10493,
        "r": "csb:1 Kings:22:12",
        "w": 11,
        "l": {},
        "c": "1Kg 4:13*9786",
        "a": "s"
    },
    {
        "o": 10495,
        "r": "csb:1 Kings:22:13",
        "w": 1,
        "l": {},
        "c": "2Ch 18:12–27*12823",
        "a": "t"
    },
    {
        "o": 10496,
        "r": "csb:1 Kings:22:14",
        "w": 6,
        "l": {},
        "c": "1Kg 18:10,15*10338",
        "a": "u"
    },
    {
        "o": 10496,
        "r": "csb:1 Kings:22:14",
        "w": 15,
        "l": {},
        "c": "Nm 22:28*4843; 24:13*4905",
        "a": "v"
    },
    {
        "o": 10499,
        "r": "csb:1 Kings:22:17",
        "w": 15,
        "l": {},
        "c": "Nm 27:16–17*5026; Mt 9:36*26429; Mk 6:34*27610",
        "a": "w"
    },
    {
        "o": 10499,
        "r": "csb:1 Kings:22:17",
        "w": 29,
        "l": {},
        "c": "1Kg 22:35–36*10518",
        "a": "x"
    },
    {
        "o": 10501,
        "r": "csb:1 Kings:22:19",
        "w": 17,
        "l": {},
        "c": "Is 6:1*19894; Dn 7:9*24686",
        "a": "y"
    },
    {
        "o": 10501,
        "r": "csb:1 Kings:22:19",
        "w": 22,
        "l": {},
        "c": "Jb 1:6*14327; Dn 7:10*24687; Heb 1:7*33973",
        "a": "z"
    },
    {
        "o": 10502,
        "r": "csb:1 Kings:22:20",
        "w": 14,
        "l": {},
        "c": "1Kg 22:4*10485",
        "a": "a"
    },
    {
        "o": 10504,
        "r": "csb:1 Kings:22:22",
        "w": 14,
        "l": {},
        "c": "Jdg 9:23*7508; 1Sm 16:14*8421; Jr 20:7*21790; Ezk 14:9*23349",
        "a": "b"
    },
    {
        "o": 10504,
        "r": "csb:1 Kings:22:22",
        "w": 31,
        "l": {},
        "c": "2Th 2:11*33614",
        "a": "c"
    },
    {
        "o": 10506,
        "r": "csb:1 Kings:22:24",
        "w": 1,
        "l": {},
        "c": "1Kg 22:11*10492",
        "a": "d"
    },
    {
        "o": 10506,
        "r": "csb:1 Kings:22:24",
        "w": 14,
        "l": {},
        "t": "22:24*r Lit “Which way did",
        "a": "e"
    },
    {
        "o": 10506,
        "r": "csb:1 Kings:22:24",
        "w": 25,
        "l": {},
        "c": "2Ch 18:23*12834",
        "a": "f"
    },
    {
        "o": 10507,
        "r": "csb:1 Kings:22:25",
        "w": 17,
        "l": {},
        "c": "1Kg 20:30*10433",
        "a": "g"
    },
    {
        "o": 10508,
        "r": "csb:1 Kings:22:26",
        "w": 23,
        "l": {},
        "c": "1Kg 22:40*10524",
        "a": "h"
    },
    {
        "o": 10509,
        "r": "csb:1 Kings:22:27",
        "w": 12,
        "l": {},
        "c": "2Ch 16:10*12781; Heb 11:36*34241",
        "a": "i"
    },
    {
        "o": 10509,
        "r": "csb:1 Kings:22:27",
        "w": 21,
        "l": {},
        "t": "22:27*r Lit him on bread of oppression and water of oppression",
        "a": "j"
    },
    {
        "o": 10510,
        "r": "csb:1 Kings:22:28",
        "w": 14,
        "l": {},
        "c": "Dt 18:22*5957",
        "a": "k"
    },
    {
        "o": 10510,
        "r": "csb:1 Kings:22:28",
        "w": 21,
        "l": {},
        "t": "22:28*r LXX omits Then he said, “Listen, all you people!”",
        "a": "l"
    },
    {
        "o": 10510,
        "r": "csb:1 Kings:22:28",
        "w": 21,
        "l": {},
        "c": "Mc 1:2*25432",
        "a": "m"
    },
    {
        "o": 10512,
        "r": "csb:1 Kings:22:29",
        "w": 0,
        "l": {},
        "c": "2Ch 18:28–32*12840",
        "a": "n"
    },
    {
        "o": 10512,
        "r": "csb:1 Kings:22:29",
        "w": 12,
        "l": {},
        "c": "1Kg 22:4*10485",
        "a": "o"
    },
    {
        "o": 10513,
        "r": "csb:1 Kings:22:30",
        "w": 10,
        "l": {},
        "c": "1Sm 28:8*8792",
        "a": "p"
    },
    {
        "o": 10513,
        "r": "csb:1 Kings:22:30",
        "w": 32,
        "l": {},
        "c": "2Ch 35:22*13330",
        "a": "q"
    },
    {
        "o": 10514,
        "r": "csb:1 Kings:22:31",
        "w": 10,
        "l": {},
        "c": "1Kg 20:1,16*10404",
        "a": "r"
    },
    {
        "o": 10514,
        "r": "csb:1 Kings:22:31",
        "w": 17,
        "l": {},
        "t": "22:31*r Lit with small or with great",
        "a": "s"
    },
    {
        "o": 10514,
        "r": "csb:1 Kings:22:31",
        "w": 22,
        "l": {},
        "c": "2Ch 18:30*12842",
        "a": "t"
    },
    {
        "o": 10517,
        "r": "csb:1 Kings:22:34",
        "w": 5,
        "l": {},
        "c": "2Kg 9:24*10818",
        "a": "u"
    },
    {
        "o": 10517,
        "r": "csb:1 Kings:22:34",
        "w": 36,
        "l": {},
        "t": "22:34*r LXX; MT reads camp",
        "a": "v"
    },
    {
        "o": 10517,
        "r": "csb:1 Kings:22:34",
        "w": 41,
        "l": {},
        "c": "2Ch 35:23*13331",
        "a": "w"
    },
    {
        "o": 10518,
        "r": "csb:1 Kings:22:35",
        "w": 21,
        "l": {},
        "c": "1Kg 22:17,28*10499; 2Ch 18:33–34*12845",
        "a": "x"
    },
    {
        "o": 10519,
        "r": "csb:1 Kings:22:36",
        "w": 25,
        "l": {},
        "c": "2Sm 20:1*9454; 1Kg 12:16*10130; 22:17*10499; 2Kg 14:12*10967",
        "a": "y"
    },
    {
        "o": 10520,
        "r": "csb:1 Kings:22:37",
        "w": 14,
        "l": {},
        "c": "1Kg 16:28*10292",
        "a": "z"
    },
    {
        "o": 10521,
        "r": "csb:1 Kings:22:38",
        "w": 32,
        "l": {},
        "c": "1Kg 21:19*10469",
        "a": "a"
    },
    {
        "o": 10522,
        "r": "csb:1 Kings:22:39",
        "w": 16,
        "l": {},
        "c": "Am 3:15*25224",
        "a": "b"
    },
    {
        "o": 10522,
        "r": "csb:1 Kings:22:39",
        "w": 33,
        "l": {},
        "c": "1Kg 16:27*10290",
        "a": "c"
    },
    {
        "o": 10523,
        "r": "csb:1 Kings:22:40",
        "w": 4,
        "l": {},
        "c": "1Kg 16:28*10292",
        "a": "d"
    },
    {
        "o": 10523,
        "r": "csb:1 Kings:22:40",
        "w": 8,
        "l": {},
        "c": "2Kg 1:2*10542",
        "a": "e"
    },
    {
        "o": 10525,
        "r": "csb:1 Kings:22:41",
        "w": 0,
        "l": {},
        "c": "2Ch 20:31*12897",
        "a": "f"
    },
    {
        "o": 10527,
        "r": "csb:1 Kings:22:43",
        "w": 9,
        "l": {},
        "c": "1Kg 15:11*10234",
        "a": "g"
    },
    {
        "o": 10527,
        "r": "csb:1 Kings:22:43",
        "w": 33,
        "l": {},
        "t": "22:43*r LXX, Syr, Vg read he did not remove the high places",
        "a": "h"
    },
    {
        "o": 10527,
        "r": "csb:1 Kings:22:43",
        "w": 44,
        "l": {},
        "c": "1Kg 15:14*10237",
        "a": "i"
    },
    {
        "o": 10528,
        "r": "csb:1 Kings:22:44",
        "w": 8,
        "l": {},
        "c": "1Kg 22:2,4*10483",
        "a": "j"
    },
    {
        "o": 10529,
        "r": "csb:1 Kings:22:45",
        "w": 27,
        "l": {},
        "c": "1Kg 15:23*10246; 2Ch 20:34*12901",
        "a": "k"
    },
    {
        "o": 10530,
        "r": "csb:1 Kings:22:46",
        "w": 21,
        "l": {},
        "c": "1Kg 15:12*10235",
        "a": "l"
    },
    {
        "o": 10531,
        "r": "csb:1 Kings:22:47",
        "w": 5,
        "l": {},
        "c": "2Sm 8:14*9089; 2Kg 3:9*10599",
        "a": "m"
    },
    {
        "o": 10532,
        "r": "csb:1 Kings:22:48",
        "w": 4,
        "l": {},
        "c": "1Kg 10:22*10058",
        "a": "n"
    },
    {
        "o": 10532,
        "r": "csb:1 Kings:22:48",
        "w": 8,
        "l": {},
        "c": "1Kg 9:28*10033",
        "a": "o"
    },
    {
        "o": 10532,
        "r": "csb:1 Kings:22:48",
        "w": 22,
        "l": {},
        "c": "1Kg 9:26*10031",
        "a": "p"
    },
    {
        "o": 10533,
        "r": "csb:1 Kings:22:49",
        "w": 3,
        "l": {},
        "c": "1Kg 22:40,51*10524",
        "a": "q"
    },
    {
        "o": 10534,
        "r": "csb:1 Kings:22:50",
        "w": 16,
        "l": {},
        "c": "1Kg 15:24*10248; 2Ch 21:1*12907",
        "a": "r"
    },
    {
        "o": 10534,
        "r": "csb:1 Kings:22:50",
        "w": 19,
        "l": {},
        "c": "2Kg 1:17*10557",
        "a": "s"
    },
    {
        "o": 10536,
        "r": "csb:1 Kings:22:51",
        "w": 0,
        "l": {},
        "c": "1Kg 22:40*10524",
        "a": "t"
    },
    {
        "o": 10536,
        "r": "csb:1 Kings:22:51",
        "w": 9,
        "l": {},
        "c": "1Kg 16:24*10287",
        "a": "u"
    },
    {
        "o": 10536,
        "r": "csb:1 Kings:22:51",
        "w": 17,
        "l": {},
        "c": "1Kg 22:41–50*10525",
        "a": "v"
    },
    {
        "o": 10537,
        "r": "csb:1 Kings:22:52",
        "w": 8,
        "l": {},
        "c": "1Kg 15:26*10250",
        "a": "w"
    },
    {
        "o": 10537,
        "r": "csb:1 Kings:22:52",
        "w": 16,
        "l": {},
        "c": "1Kg 21:25–26*10475",
        "a": "x"
    },
    {
        "o": 10537,
        "r": "csb:1 Kings:22:52",
        "w": 22,
        "l": {},
        "c": "1Kg 16:31*10295; 18:4*10332; 21:25*10475",
        "a": "y"
    },
    {
        "o": 10537,
        "r": "csb:1 Kings:22:52",
        "w": 37,
        "l": {},
        "c": "1Kg 12:28–33*10144",
        "a": "z"
    },
    {
        "o": 10538,
        "r": "csb:1 Kings:22:53",
        "w": 8,
        "l": {},
        "c": "Jdg 2:11*7261; 1Kg 16:32*10296",
        "a": "a"
    },
    {
        "o": 10538,
        "r": "csb:1 Kings:22:53",
        "w": 21,
        "l": {},
        "c": "1Kg 16:33*10297; 21:25*10475",
        "a": "b"
    }
]
