[
    {
        "o": 32607,
        "r": "csb:2 Corinthians:1:1",
        "w": 8,
        "l": {},
        "c": "1Co 1:1*32109; Eph 1:1*33073; Col 1:1*33372; 2Tm 1:1*33784",
        "a": "a"
    },
    {
        "o": 32607,
        "r": "csb:2 Corinthians:1:1",
        "w": 10,
        "l": {},
        "c": "1Th 3:2*33520; 1Tm 1:2*33648",
        "a": "b"
    },
    {
        "o": 32607,
        "r": "csb:2 Corinthians:1:1",
        "w": 11,
        "l": {},
        "t": "1:1*r Lit the",
        "a": "c"
    },
    {
        "o": 32607,
        "r": "csb:2 Corinthians:1:1",
        "w": 19,
        "l": {},
        "c": "1Co 1:2*32110",
        "a": "d"
    },
    {
        "o": 32607,
        "r": "csb:2 Corinthians:1:1",
        "w": 27,
        "l": {},
        "c": "Ac 18:12*31198; Php 1:1*33251",
        "a": "e"
    },
    {
        "o": 32608,
        "r": "csb:2 Corinthians:1:2",
        "w": 4,
        "l": {},
        "c": "Lk 12:51*28848; Rm 1:7*31614; 2Tm 1:2*33786; 3Jn 14*34786",
        "a": "f"
    },
    {
        "o": 32608,
        "r": "csb:2 Corinthians:1:2",
        "w": 8,
        "l": {},
        "c": "Mt 5:16*26231; 11:27*26510; Lk 11:13*28742; Jn 8:42*29880; Eph 5:20*33205",
        "a": "g"
    },
    {
        "o": 32610,
        "r": "csb:2 Corinthians:1:3",
        "w": 1,
        "l": {},
        "c": "Mk 14:61*28040",
        "a": "h"
    },
    {
        "o": 32610,
        "r": "csb:2 Corinthians:1:3",
        "w": 14,
        "l": {},
        "c": "Heb 10:28*34192",
        "a": "i"
    },
    {
        "o": 32610,
        "r": "csb:2 Corinthians:1:3",
        "w": 20,
        "l": {},
        "c": "Lk 2:25*28250",
        "a": "j"
    },
    {
        "o": 32611,
        "r": "csb:2 Corinthians:1:4",
        "w": 6,
        "l": {},
        "t": "1:4*r Or trouble, or tribulation, or trials, or oppression",
        "a": "k"
    },
    {
        "o": 32612,
        "r": "csb:2 Corinthians:1:5",
        "w": 4,
        "l": {},
        "c": "Gl 5:24*33047; Php 3:10*33330",
        "a": "l"
    },
    {
        "o": 32612,
        "r": "csb:2 Corinthians:1:5",
        "w": 6,
        "l": {},
        "c": "Rm 8:17*31842; 2Co 4:10*32689; Gl 6:17*33069; Php 3:10*33330; Col 1:24*33399",
        "a": "m"
    },
    {
        "o": 32612,
        "r": "csb:2 Corinthians:1:5",
        "w": 16,
        "l": {},
        "c": "Php 1:29*33282",
        "a": "n"
    },
    {
        "o": 32613,
        "r": "csb:2 Corinthians:1:6",
        "w": 3,
        "l": {},
        "c": "Heb 11:37*34242",
        "a": "o"
    },
    {
        "o": 32613,
        "r": "csb:2 Corinthians:1:6",
        "w": 32,
        "l": {},
        "c": "Php 1:29*33282",
        "a": "p"
    },
    {
        "o": 32614,
        "r": "csb:2 Corinthians:1:7",
        "w": 2,
        "l": {},
        "c": "1Th 1:3*33485",
        "a": "q"
    },
    {
        "o": 32614,
        "r": "csb:2 Corinthians:1:7",
        "w": 13,
        "l": {},
        "c": "Phm 17*33954",
        "a": "r"
    },
    {
        "o": 32615,
        "r": "csb:2 Corinthians:1:8",
        "w": 17,
        "l": {},
        "c": "Ac 6:9*30674",
        "a": "s"
    },
    {
        "o": 32615,
        "r": "csb:2 Corinthians:1:8",
        "w": 24,
        "l": {},
        "c": "Ac 8:10*30762; 1Co 15:24*32538; Eph 1:21*33096; 1Pt 3:22*34516",
        "a": "t"
    },
    {
        "o": 32615,
        "r": "csb:2 Corinthians:1:8",
        "w": 29,
        "l": {},
        "c": "2Co 4:8*32687",
        "a": "u"
    },
    {
        "o": 32616,
        "r": "csb:2 Corinthians:1:9",
        "w": 21,
        "l": {},
        "c": "Ps 25:2*15847; 26:1*15871; Jr 17:5–7*21711; Lk 18:9*29065",
        "a": "v"
    },
    {
        "o": 32616,
        "r": "csb:2 Corinthians:1:9",
        "w": 23,
        "l": {},
        "c": "Mk 9:27*27749; Jn 2:19*29540",
        "a": "w"
    },
    {
        "o": 32617,
        "r": "csb:2 Corinthians:1:10",
        "w": 2,
        "l": {},
        "c": "Mt 27:43*27297",
        "a": "x"
    },
    {
        "o": 32617,
        "r": "csb:2 Corinthians:1:10",
        "w": 8,
        "l": {},
        "c": "Mt 10:21*26455; Jn 8:51*29890; Php 3:10*33330",
        "a": "y"
    },
    {
        "o": 32618,
        "r": "csb:2 Corinthians:1:11",
        "w": 15,
        "l": {},
        "t": "1:11*r Other mss read your",
        "a": "z"
    },
    {
        "o": 32620,
        "r": "csb:2 Corinthians:1:12",
        "w": 6,
        "l": {},
        "c": "1Tm 2:6*33676",
        "a": "a"
    },
    {
        "o": 32620,
        "r": "csb:2 Corinthians:1:12",
        "w": 9,
        "l": {},
        "c": "Heb 13:18*34298",
        "a": "b"
    },
    {
        "o": 32620,
        "r": "csb:2 Corinthians:1:12",
        "w": 31,
        "l": {},
        "c": "Pr 3:19*18450; 1Co 1:21*32132",
        "a": "c"
    },
    {
        "o": 32620,
        "r": "csb:2 Corinthians:1:12",
        "w": 35,
        "l": {},
        "c": "Ac 23:1*31386; 2Co 4:2*32680; 5:12*32711; 1Th 2:10*33504",
        "a": "d"
    },
    {
        "o": 32622,
        "r": "csb:2 Corinthians:1:14",
        "w": 13,
        "l": {},
        "c": "Rm 2:17*31662; Gl 6:4*33055",
        "a": "e"
    },
    {
        "o": 32622,
        "r": "csb:2 Corinthians:1:14",
        "w": 19,
        "l": {},
        "c": "2Co 9:3*32792; Php 2:16*33303; 4:1*33345; 1Th 2:19–20*33515",
        "a": "f"
    },
    {
        "o": 32622,
        "r": "csb:2 Corinthians:1:14",
        "w": 24,
        "l": {},
        "t": "1:14*r Other mss omit our",
        "a": "g"
    },
    {
        "o": 32622,
        "r": "csb:2 Corinthians:1:14",
        "w": 26,
        "l": {},
        "c": "Php 1:6*33257",
        "a": "h"
    },
    {
        "o": 32624,
        "r": "csb:2 Corinthians:1:15",
        "w": 10,
        "l": {},
        "c": "Ac 18:1–18*31187; 1Co 4:19*32212",
        "a": "i"
    },
    {
        "o": 32624,
        "r": "csb:2 Corinthians:1:15",
        "w": 18,
        "l": {},
        "t": "1:15*r Other mss read a second joy",
        "a": "j"
    },
    {
        "o": 32625,
        "r": "csb:2 Corinthians:1:16",
        "w": 8,
        "l": {},
        "c": "Ac 16:9*31109",
        "a": "k"
    },
    {
        "o": 32625,
        "r": "csb:2 Corinthians:1:16",
        "w": 21,
        "l": {},
        "c": "Ac 20:38*31305",
        "a": "l"
    },
    {
        "o": 32625,
        "r": "csb:2 Corinthians:1:16",
        "w": 24,
        "l": {},
        "c": "Ac 19:21*31242; 1Co 16:5–7*32583",
        "a": "m"
    },
    {
        "o": 32625,
        "r": "csb:2 Corinthians:1:16",
        "w": 26,
        "l": {},
        "c": "Lk 1:5*28140",
        "a": "n"
    },
    {
        "o": 32626,
        "r": "csb:2 Corinthians:1:17",
        "w": 20,
        "l": {},
        "t": "1:17*r Or a worldly, or a fleshly, or a selfish",
        "a": "o"
    },
    {
        "o": 32626,
        "r": "csb:2 Corinthians:1:17",
        "w": 20,
        "l": {},
        "c": "Php 3:3*33323; Col 3:22*33455",
        "a": "p"
    },
    {
        "o": 32627,
        "r": "csb:2 Corinthians:1:18",
        "w": 3,
        "l": {},
        "c": "Nm 23:19*4879",
        "a": "q"
    },
    {
        "o": 32628,
        "r": "csb:2 Corinthians:1:19",
        "w": 4,
        "l": {},
        "c": "Jn 5:19*29667; Heb 1:2*33967",
        "a": "r"
    },
    {
        "o": 32628,
        "r": "csb:2 Corinthians:1:19",
        "w": 12,
        "l": {},
        "t": "1:19*r Or Silas; Ac 15:22–32; 16:19–40; 17:1–16",
        "a": "s"
    },
    {
        "o": 32628,
        "r": "csb:2 Corinthians:1:19",
        "w": 12,
        "l": {},
        "c": "1Th 1:1*33483",
        "a": "t"
    },
    {
        "o": 32628,
        "r": "csb:2 Corinthians:1:19",
        "w": 30,
        "l": {},
        "c": "Heb 13:8*34288",
        "a": "u"
    },
    {
        "o": 32629,
        "r": "csb:2 Corinthians:1:20",
        "w": 5,
        "l": {},
        "c": "Gn 12:7*338",
        "a": "v"
    },
    {
        "o": 32629,
        "r": "csb:2 Corinthians:1:20",
        "w": 16,
        "l": {},
        "c": "Ps 72:19*16752; Rv 22:21*35311",
        "a": "w"
    },
    {
        "o": 32629,
        "r": "csb:2 Corinthians:1:20",
        "w": 21,
        "l": {},
        "c": "Mk 10:37*27818; Lk 9:32*28639; Jn 17:24*30288; 2Co 3:18*32676; 2Pt 3:18*34626",
        "a": "x"
    },
    {
        "o": 32630,
        "r": "csb:2 Corinthians:1:21",
        "w": 15,
        "l": {},
        "c": "Lk 4:18*28345; 1Jn 2:20*34664",
        "a": "y"
    },
    {
        "o": 32631,
        "r": "csb:2 Corinthians:1:22",
        "w": 15,
        "l": {},
        "c": "Jms 4:5*34394",
        "a": "z"
    },
    {
        "o": 32631,
        "r": "csb:2 Corinthians:1:22",
        "w": 19,
        "l": {},
        "c": "Eph 1:14*33088",
        "a": "a"
    },
    {
        "o": 32632,
        "r": "csb:2 Corinthians:1:23",
        "w": 6,
        "l": {},
        "c": "Rm 1:9*31616; Php 1:8*33259; Heb 12:1*34248",
        "a": "b"
    },
    {
        "o": 32632,
        "r": "csb:2 Corinthians:1:23",
        "w": 22,
        "l": {},
        "c": "1Co 4:21*32214; 2Co 13:2,10*32889",
        "a": "c"
    },
    {
        "o": 32633,
        "r": "csb:2 Corinthians:1:24",
        "w": 25,
        "l": {},
        "c": "Pr 24:16*19108",
        "a": "d"
    },
    {
        "o": 32635,
        "r": "csb:2 Corinthians:2:1",
        "w": 18,
        "l": {},
        "t": "2:1*r Lit not again in sorrow to come to you",
        "a": "a"
    },
    {
        "o": 32636,
        "r": "csb:2 Corinthians:2:2",
        "w": 18,
        "l": {},
        "t": "2:2*r Lit the one pained",
        "a": "b"
    },
    {
        "o": 32637,
        "r": "csb:2 Corinthians:2:3",
        "w": 25,
        "l": {},
        "c": "Php 1:25*33278",
        "a": "c"
    },
    {
        "o": 32640,
        "r": "csb:2 Corinthians:2:5",
        "w": 20,
        "l": {},
        "c": "2Th 3:8*33632",
        "a": "d"
    },
    {
        "o": 32642,
        "r": "csb:2 Corinthians:2:7",
        "w": 6,
        "l": {},
        "c": "Mt 6:12*26285",
        "a": "e"
    },
    {
        "o": 32644,
        "r": "csb:2 Corinthians:2:9",
        "w": 8,
        "l": {},
        "c": "Rm 5:4*31747",
        "a": "f"
    },
    {
        "o": 32644,
        "r": "csb:2 Corinthians:2:9",
        "w": 14,
        "l": {},
        "c": "Php 2:8*33294",
        "a": "g"
    },
    {
        "o": 32646,
        "r": "csb:2 Corinthians:2:11",
        "w": 7,
        "l": {},
        "c": "2Co 12:17*32881",
        "a": "h"
    },
    {
        "o": 32648,
        "r": "csb:2 Corinthians:2:12",
        "w": 4,
        "l": {},
        "c": "Ac 16:8*31108",
        "a": "i"
    },
    {
        "o": 32648,
        "r": "csb:2 Corinthians:2:12",
        "w": 17,
        "l": {},
        "c": "Col 4:3*33463",
        "a": "j"
    },
    {
        "o": 32649,
        "r": "csb:2 Corinthians:2:13",
        "w": 3,
        "l": {},
        "c": "2Th 1:7*33596",
        "a": "k"
    },
    {
        "o": 32649,
        "r": "csb:2 Corinthians:2:13",
        "w": 14,
        "l": {},
        "c": "Ti 1:4*33886",
        "a": "l"
    },
    {
        "o": 32649,
        "r": "csb:2 Corinthians:2:13",
        "w": 24,
        "l": {},
        "c": "Ac 16:9*31109",
        "a": "m"
    },
    {
        "o": 32651,
        "r": "csb:2 Corinthians:2:14",
        "w": 4,
        "l": {},
        "c": "1Co 15:57*32574",
        "a": "n"
    },
    {
        "o": 32651,
        "r": "csb:2 Corinthians:2:14",
        "w": 26,
        "l": {},
        "c": "Jn 17:3*30265; 1Jn 4:8*34712",
        "a": "o"
    },
    {
        "o": 32652,
        "r": "csb:2 Corinthians:2:15",
        "w": 6,
        "l": {},
        "c": "Eph 5:2*33185; Php 4:18*33363",
        "a": "p"
    },
    {
        "o": 32652,
        "r": "csb:2 Corinthians:2:15",
        "w": 14,
        "l": {},
        "c": "Mt 9:22*26412; Ac 16:30*31133; Eph 2:8*33108",
        "a": "q"
    },
    {
        "o": 32652,
        "r": "csb:2 Corinthians:2:15",
        "w": 20,
        "l": {},
        "c": "Jn 6:27*29728",
        "a": "r"
    },
    {
        "o": 32653,
        "r": "csb:2 Corinthians:2:16",
        "w": 7,
        "l": {},
        "c": "Mt 10:21*26455; Jn 8:51*29890; Php 3:10*33330",
        "a": "s"
    },
    {
        "o": 32653,
        "r": "csb:2 Corinthians:2:16",
        "w": 17,
        "l": {},
        "c": "1Jn 5:12*34739",
        "a": "t"
    },
    {
        "o": 32654,
        "r": "csb:2 Corinthians:2:17",
        "w": 8,
        "l": {},
        "c": "Mt 12:36*26555; Mk 4:14*27493; Lk 6:47*28475; 8:21*28562; Jn 1:1*29465; 2:22*29543; 18:32*30329; Ac 17:11*31159; 2Tm 2:15*33822; Heb 4:12*34037",
        "a": "u"
    },
    {
        "o": 32654,
        "r": "csb:2 Corinthians:2:17",
        "w": 13,
        "l": {},
        "t": "2:17*r Other mss read like the rest",
        "a": "v"
    },
    {
        "o": 32658,
        "r": "csb:2 Corinthians:3:2",
        "w": 13,
        "l": {},
        "c": "1Co 9:2*32318",
        "a": "a"
    },
    {
        "o": 32659,
        "r": "csb:2 Corinthians:3:3",
        "w": 6,
        "l": {},
        "c": "Phm 13*33950",
        "a": "b"
    },
    {
        "o": 32659,
        "r": "csb:2 Corinthians:3:3",
        "w": 7,
        "l": {},
        "t": "3:3*r Lit ministered to",
        "a": "c"
    },
    {
        "o": 32659,
        "r": "csb:2 Corinthians:3:3",
        "w": 21,
        "l": {},
        "c": "Dt 5:26*5586",
        "a": "d"
    },
    {
        "o": 32659,
        "r": "csb:2 Corinthians:3:3",
        "w": 26,
        "l": {},
        "c": "Ex 24:12*2418",
        "a": "e"
    },
    {
        "o": 32659,
        "r": "csb:2 Corinthians:3:3",
        "w": 32,
        "l": {},
        "t": "3:3*r Lit fleshly hearts",
        "a": "f"
    },
    {
        "o": 32659,
        "r": "csb:2 Corinthians:3:3",
        "w": 32,
        "l": {},
        "c": "Pr 3:3*18433; 7:3*18569; Jr 17:1*21706; 31:33*22133; Ezk 11:19*23274; 36:26*24056; Heb 8:10*34126",
        "a": "g"
    },
    {
        "o": 32662,
        "r": "csb:2 Corinthians:3:5",
        "w": 7,
        "l": {},
        "t": "3:5*r Lit from",
        "a": "h"
    },
    {
        "o": 32662,
        "r": "csb:2 Corinthians:3:5",
        "w": 21,
        "l": {},
        "c": "1Co 15:10*32522",
        "a": "i"
    },
    {
        "o": 32663,
        "r": "csb:2 Corinthians:3:6",
        "w": 11,
        "l": {},
        "c": "Lk 22:20*29282; Heb 7:22*34107",
        "a": "j"
    },
    {
        "o": 32663,
        "r": "csb:2 Corinthians:3:6",
        "w": 15,
        "l": {},
        "c": "Rm 7:6*31801",
        "a": "k"
    },
    {
        "o": 32665,
        "r": "csb:2 Corinthians:3:7",
        "w": 14,
        "l": {},
        "c": "Ex 34:29–35*2793; Mk 10:37*27818; Lk 9:32*28639; Jn 17:24*30288; 2Co 3:18*32676; 2Pt 3:18*34626",
        "a": "l"
    },
    {
        "o": 32669,
        "r": "csb:2 Corinthians:3:11",
        "w": 5,
        "l": {},
        "c": "Heb 2:14*33997",
        "a": "m"
    },
    {
        "o": 32670,
        "r": "csb:2 Corinthians:3:12",
        "w": 6,
        "l": {},
        "c": "1Th 1:3*33485",
        "a": "n"
    },
    {
        "o": 32671,
        "r": "csb:2 Corinthians:3:13",
        "w": 13,
        "l": {},
        "c": "Ex 34:33*2797",
        "a": "o"
    },
    {
        "o": 32671,
        "r": "csb:2 Corinthians:3:13",
        "w": 23,
        "l": {},
        "t": "3:13*r Or at the outcome",
        "a": "p"
    },
    {
        "o": 32672,
        "r": "csb:2 Corinthians:3:14",
        "w": 4,
        "l": {},
        "c": "Mk 8:17*27694; Heb 3:13*34017",
        "a": "q"
    },
    {
        "o": 32672,
        "r": "csb:2 Corinthians:3:14",
        "w": 15,
        "l": {},
        "c": "Ac 13:15*30981; 15:21*31076; Heb 7:22*34107",
        "a": "r"
    },
    {
        "o": 32672,
        "r": "csb:2 Corinthians:3:14",
        "w": 31,
        "l": {},
        "c": "Rm 16:7*32084; 1Pt 5:14*34556",
        "a": "s"
    },
    {
        "o": 32674,
        "r": "csb:2 Corinthians:3:16",
        "w": 4,
        "l": {},
        "c": "1Pt 2:25*34490",
        "a": "t"
    },
    {
        "o": 32674,
        "r": "csb:2 Corinthians:3:16",
        "w": 11,
        "l": {},
        "c": "Ex 34:34*2798",
        "a": "u"
    },
    {
        "o": 32676,
        "r": "csb:2 Corinthians:3:18",
        "w": 11,
        "l": {},
        "t": "3:18*r Or are reflecting",
        "a": "v"
    },
    {
        "o": 32676,
        "r": "csb:2 Corinthians:3:18",
        "w": 11,
        "l": {},
        "c": "1Co 13:12*32466",
        "a": "w"
    },
    {
        "o": 32676,
        "r": "csb:2 Corinthians:3:18",
        "w": 16,
        "l": {},
        "c": "Jn 17:24*30288; 2Co 1:20*32629; 4:4–6*32682; 1Tm 1:11,17*33658",
        "a": "x"
    },
    {
        "o": 32676,
        "r": "csb:2 Corinthians:3:18",
        "w": 20,
        "l": {},
        "c": "Mk 9:2*27723",
        "a": "y"
    },
    {
        "o": 32676,
        "r": "csb:2 Corinthians:3:18",
        "w": 24,
        "l": {},
        "c": "Gn 1:27*29; 1Jn 3:2*34678",
        "a": "z"
    },
    {
        "o": 32676,
        "r": "csb:2 Corinthians:3:18",
        "w": 37,
        "l": {},
        "t": "3:18*r Or from the Spirit of the Lord, or from the Lord, the Spirit",
        "a": "a"
    },
    {
        "o": 32679,
        "r": "csb:2 Corinthians:4:1",
        "w": 10,
        "l": {},
        "c": "Mt 5:7*26220; Mk 5:19*27546; Lk 1:50*28188",
        "a": "a"
    },
    {
        "o": 32679,
        "r": "csb:2 Corinthians:4:1",
        "w": 15,
        "l": {},
        "c": "2Th 3:13*33637",
        "a": "b"
    },
    {
        "o": 32680,
        "r": "csb:2 Corinthians:4:2",
        "w": 9,
        "l": {},
        "c": "2Jn 6*34759",
        "a": "c"
    },
    {
        "o": 32680,
        "r": "csb:2 Corinthians:4:2",
        "w": 16,
        "l": {},
        "c": "2Co 2:17*32654; 2Tm 2:15*33822; Heb 4:12*34037",
        "a": "d"
    },
    {
        "o": 32680,
        "r": "csb:2 Corinthians:4:2",
        "w": 31,
        "l": {},
        "c": "2Co 5:11–12*32710; 6:7*32730; 7:14*32758",
        "a": "e"
    },
    {
        "o": 32682,
        "r": "csb:2 Corinthians:4:4",
        "w": 7,
        "l": {},
        "c": "Lk 16:8*28987",
        "a": "f"
    },
    {
        "o": 32682,
        "r": "csb:2 Corinthians:4:4",
        "w": 29,
        "l": {},
        "t": "4:4*r Or the gospel of the glorious Christ, or the glorious gospel of Christ",
        "a": "g"
    },
    {
        "o": 32682,
        "r": "csb:2 Corinthians:4:4",
        "w": 29,
        "l": {},
        "c": "Mk 10:37*27818",
        "a": "h"
    },
    {
        "o": 32682,
        "r": "csb:2 Corinthians:4:4",
        "w": 35,
        "l": {},
        "c": "Gn 1:27*29",
        "a": "i"
    },
    {
        "o": 32683,
        "r": "csb:2 Corinthians:4:5",
        "w": 10,
        "l": {},
        "c": "Php 2:11*33298",
        "a": "j"
    },
    {
        "o": 32684,
        "r": "csb:2 Corinthians:4:6",
        "w": 9,
        "l": {},
        "c": "Gn 1:3*5; Mt 6:23*26298",
        "a": "k"
    },
    {
        "o": 32684,
        "r": "csb:2 Corinthians:4:6",
        "w": 21,
        "l": {},
        "c": "Php 3:8*33328; 1Jn 4:8*34712",
        "a": "l"
    },
    {
        "o": 32684,
        "r": "csb:2 Corinthians:4:6",
        "w": 24,
        "l": {},
        "c": "Mk 10:37*27818; Lk 9:32*28639; Jn 17:24*30288; 2Co 3:18*32676; 2Pt 3:18*34626",
        "a": "m"
    },
    {
        "o": 32686,
        "r": "csb:2 Corinthians:4:7",
        "w": 12,
        "l": {},
        "c": "Mk 5:30*27558; Lk 1:35*28171; 6:19*28442; Ac 19:11*31231; 2Co 13:4*32891; Rv 11:17*35055",
        "a": "n"
    },
    {
        "o": 32689,
        "r": "csb:2 Corinthians:4:10",
        "w": 6,
        "l": {},
        "c": "Lk 9:23*28629; Rm 5:6–8*31750; 6:5–8*31773; 8:34–36*31860; Gl 6:17*33069",
        "a": "o"
    },
    {
        "o": 32690,
        "r": "csb:2 Corinthians:4:11",
        "w": 10,
        "l": {},
        "c": "Mt 10:21*26455; Jn 8:51*29890; Php 3:10*33330",
        "a": "p"
    },
    {
        "o": 32692,
        "r": "csb:2 Corinthians:4:13",
        "w": 19,
        "l": {},
        "t": "4:13*r Ps 116:10 LXX",
        "a": "q"
    },
    {
        "o": 32692,
        "r": "csb:2 Corinthians:4:13",
        "w": 19,
        "l": {},
        "c": "Ps 116:10 LXX*17712",
        "a": "r"
    },
    {
        "o": 32693,
        "r": "csb:2 Corinthians:4:14",
        "w": 16,
        "l": {},
        "c": "1Th 4:14*33551",
        "a": "s"
    },
    {
        "o": 32694,
        "r": "csb:2 Corinthians:4:15",
        "w": 19,
        "l": {},
        "c": "2Co 9:11*32800",
        "a": "t"
    },
    {
        "o": 32695,
        "r": "csb:2 Corinthians:4:16",
        "w": 5,
        "l": {},
        "c": "2Th 3:13*33637",
        "a": "u"
    },
    {
        "o": 32695,
        "r": "csb:2 Corinthians:4:16",
        "w": 16,
        "l": {},
        "c": "Rm 7:22*31818",
        "a": "v"
    },
    {
        "o": 32696,
        "r": "csb:2 Corinthians:4:17",
        "w": 4,
        "l": {},
        "c": "Gl 6:2*33053",
        "a": "w"
    },
    {
        "o": 32696,
        "r": "csb:2 Corinthians:4:17",
        "w": 15,
        "l": {},
        "c": "Lk 24:26*29433; 1Pt 5:1,4*34542",
        "a": "x"
    },
    {
        "o": 32697,
        "r": "csb:2 Corinthians:4:18",
        "w": 8,
        "l": {},
        "c": "Rm 8:24*31849",
        "a": "y"
    },
    {
        "o": 32700,
        "r": "csb:2 Corinthians:5:1",
        "w": 10,
        "l": {},
        "c": "2Pt 1:13*34572",
        "a": "a"
    },
    {
        "o": 32700,
        "r": "csb:2 Corinthians:5:1",
        "w": 24,
        "l": {},
        "c": "Eph 6:9*33232; Php 2:10*33296",
        "a": "b"
    },
    {
        "o": 32700,
        "r": "csb:2 Corinthians:5:1",
        "w": 28,
        "l": {},
        "c": "Col 2:11*33417",
        "a": "c"
    },
    {
        "o": 32701,
        "r": "csb:2 Corinthians:5:2",
        "w": 6,
        "l": {},
        "c": "1Pt 2:2*34465",
        "a": "d"
    },
    {
        "o": 32702,
        "r": "csb:2 Corinthians:5:3",
        "w": 4,
        "l": {},
        "t": "5:3*r Other mss read when we have taken it off",
        "a": "e"
    },
    {
        "o": 32702,
        "r": "csb:2 Corinthians:5:3",
        "w": 10,
        "l": {},
        "c": "Mt 25:36*27152; Lk 10:30*28712",
        "a": "f"
    },
    {
        "o": 32703,
        "r": "csb:2 Corinthians:5:4",
        "w": 25,
        "l": {},
        "c": "Rm 7:24*31820; 8:23*31848; 1Co 15:26*32540",
        "a": "g"
    },
    {
        "o": 32706,
        "r": "csb:2 Corinthians:5:7",
        "w": 4,
        "l": {},
        "c": "Mt 8:10*26357; Ac 3:16*30560; Rm 1:8*31615; 1Co 2:5*32151; Gl 2:16*32947; 1Tm 1:2*33648; Heb 4:2*34027",
        "a": "h"
    },
    {
        "o": 32706,
        "r": "csb:2 Corinthians:5:7",
        "w": 7,
        "l": {},
        "c": "Lk 3:22*28307",
        "a": "i"
    },
    {
        "o": 32707,
        "r": "csb:2 Corinthians:5:8",
        "w": 20,
        "l": {},
        "c": "Php 1:23*33276",
        "a": "j"
    },
    {
        "o": 32708,
        "r": "csb:2 Corinthians:5:9",
        "w": 15,
        "l": {},
        "c": "Heb 13:21*34302",
        "a": "k"
    },
    {
        "o": 32709,
        "r": "csb:2 Corinthians:5:10",
        "w": 8,
        "l": {},
        "c": "Jn 5:22–30*29670",
        "a": "l"
    },
    {
        "o": 32709,
        "r": "csb:2 Corinthians:5:10",
        "w": 10,
        "l": {},
        "c": "Mt 25:31–46*27147; Php 1:6*33257; Heb 10:31*34195",
        "a": "m"
    },
    {
        "o": 32709,
        "r": "csb:2 Corinthians:5:10",
        "w": 16,
        "l": {},
        "c": "Mt 16:27*26760",
        "a": "n"
    },
    {
        "o": 32710,
        "r": "csb:2 Corinthians:5:11",
        "w": 8,
        "l": {},
        "c": "Ps 147:11*18323; Pr 1:7*18377; 1Pt 1:17*34453; Rv 14:7*35110",
        "a": "o"
    },
    {
        "o": 32712,
        "r": "csb:2 Corinthians:5:13",
        "w": 7,
        "l": {},
        "c": "Ac 10:45*30896",
        "a": "p"
    },
    {
        "o": 32712,
        "r": "csb:2 Corinthians:5:13",
        "w": 18,
        "l": {},
        "c": "1Pt 4:7*34526",
        "a": "q"
    },
    {
        "o": 32713,
        "r": "csb:2 Corinthians:5:14",
        "w": 17,
        "l": {},
        "c": "Jn 11:51*30047; 2Co 4:10*32689",
        "a": "r"
    },
    {
        "o": 32714,
        "r": "csb:2 Corinthians:5:15",
        "w": 4,
        "l": {},
        "c": "Lk 20:38*29201; Heb 2:9*33992",
        "a": "s"
    },
    {
        "o": 32714,
        "r": "csb:2 Corinthians:5:15",
        "w": 15,
        "l": {},
        "c": "Rm 14:7*32019",
        "a": "t"
    },
    {
        "o": 32714,
        "r": "csb:2 Corinthians:5:15",
        "w": 19,
        "l": {},
        "c": "Lk 20:38*29201",
        "a": "u"
    },
    {
        "o": 32716,
        "r": "csb:2 Corinthians:5:16",
        "w": 12,
        "l": {},
        "t": "5:16*r Lit anyone according to the flesh",
        "a": "v"
    },
    {
        "o": 32716,
        "r": "csb:2 Corinthians:5:16",
        "w": 22,
        "l": {},
        "t": "5:16*r Lit Christ according to the flesh",
        "a": "w"
    },
    {
        "o": 32717,
        "r": "csb:2 Corinthians:5:17",
        "w": 10,
        "l": {},
        "c": "Jn 1:3*29467; Rv 3:14*34894",
        "a": "x"
    },
    {
        "o": 32717,
        "r": "csb:2 Corinthians:5:17",
        "w": 17,
        "l": {},
        "c": "Rm 8:24*31849",
        "a": "y"
    },
    {
        "o": 32717,
        "r": "csb:2 Corinthians:5:17",
        "w": 20,
        "l": {},
        "t": "5:17*r Other mss read look, all new things have",
        "a": "z"
    },
    {
        "o": 32717,
        "r": "csb:2 Corinthians:5:17",
        "w": 21,
        "l": {},
        "c": "Is 43:19*20751; 65:17*21191; Rm 6:4*31772; Eph 4:24*33174; Rv 21:5*35264",
        "a": "a"
    },
    {
        "o": 32718,
        "r": "csb:2 Corinthians:5:18",
        "w": 19,
        "l": {},
        "c": "Rm 5:11*31756",
        "a": "b"
    },
    {
        "o": 32719,
        "r": "csb:2 Corinthians:5:19",
        "w": 8,
        "l": {},
        "c": "2Pt 2:20*34603",
        "a": "c"
    },
    {
        "o": 32719,
        "r": "csb:2 Corinthians:5:19",
        "w": 10,
        "l": {},
        "c": "Ti 2:11*33911",
        "a": "d"
    },
    {
        "o": 32720,
        "r": "csb:2 Corinthians:5:20",
        "w": 3,
        "l": {},
        "c": "Eph 6:20*33244",
        "a": "e"
    },
    {
        "o": 32720,
        "r": "csb:2 Corinthians:5:20",
        "w": 18,
        "l": {},
        "c": "2Co 12:10*32873; Php 1:29*33282",
        "a": "f"
    },
    {
        "o": 32721,
        "r": "csb:2 Corinthians:5:21",
        "w": 8,
        "l": {},
        "c": "1Jn 3:5*34681",
        "a": "g"
    },
    {
        "o": 32721,
        "r": "csb:2 Corinthians:5:21",
        "w": 11,
        "l": {},
        "t": "5:21*r Or be a sin offering",
        "a": "h"
    },
    {
        "o": 32721,
        "r": "csb:2 Corinthians:5:21",
        "w": 13,
        "l": {},
        "c": "Rm 8:3*31826; Gl 3:13*32968; 1Pt 2:24*34489",
        "a": "i"
    },
    {
        "o": 32724,
        "r": "csb:2 Corinthians:6:2",
        "w": 19,
        "l": {},
        "t": "6:2*r Is 49:8",
        "a": "a"
    },
    {
        "o": 32724,
        "r": "csb:2 Corinthians:6:2",
        "w": 19,
        "l": {},
        "c": "Is 49:8*20885",
        "a": "b"
    },
    {
        "o": 32724,
        "r": "csb:2 Corinthians:6:2",
        "w": 31,
        "l": {},
        "c": "Is 49:8*20885; 55:6*20999; Lk 4:19*28346; Heb 3:13*34017",
        "a": "c"
    },
    {
        "o": 32728,
        "r": "csb:2 Corinthians:6:5",
        "w": 3,
        "l": {},
        "c": "Jdg 16:21*7720",
        "a": "d"
    },
    {
        "o": 32729,
        "r": "csb:2 Corinthians:6:6",
        "w": 1,
        "l": {},
        "c": "2Co 11:3*32829",
        "a": "e"
    },
    {
        "o": 32729,
        "r": "csb:2 Corinthians:6:6",
        "w": 3,
        "l": {},
        "c": "Php 3:8*33328; 1Jn 4:8*34712",
        "a": "f"
    },
    {
        "o": 32729,
        "r": "csb:2 Corinthians:6:6",
        "w": 5,
        "l": {},
        "c": "Ex 34:6*2768; 2Tm 3:10*33846",
        "a": "g"
    },
    {
        "o": 32729,
        "r": "csb:2 Corinthians:6:6",
        "w": 7,
        "l": {},
        "c": "Rm 2:4*31648; 3:12*31690; 11:22*31952; Gl 5:22*33045; Eph 2:7*33107; Col 3:12*33444; Ti 3:4*33921",
        "a": "h"
    },
    {
        "o": 32729,
        "r": "csb:2 Corinthians:6:6",
        "w": 14,
        "l": {},
        "c": "1Co 13:1*32455",
        "a": "i"
    },
    {
        "o": 32730,
        "r": "csb:2 Corinthians:6:7",
        "w": 4,
        "l": {},
        "t": "6:7*r Or by truthful speech",
        "a": "j"
    },
    {
        "o": 32730,
        "r": "csb:2 Corinthians:6:7",
        "w": 4,
        "l": {},
        "c": "2Th 2:10*33613",
        "a": "k"
    },
    {
        "o": 32730,
        "r": "csb:2 Corinthians:6:7",
        "w": 9,
        "l": {},
        "c": "Mk 5:30*27558; Lk 1:35*28171; 6:19*28442; Ac 19:11*31231; 2Co 13:4*32891; Rv 11:17*35055",
        "a": "l"
    },
    {
        "o": 32731,
        "r": "csb:2 Corinthians:6:8",
        "w": 1,
        "l": {},
        "c": "1Pt 5:4*34545",
        "a": "m"
    },
    {
        "o": 32733,
        "r": "csb:2 Corinthians:6:10",
        "w": 4,
        "l": {},
        "c": "Mt 5:4*26217; Jn 16:22*30248; 2Co 7:4*32748; Php 1:4,25*33255; 2:17–18*33304; 3:1*33321; 4:1,4*33345; Col 1:24*33399; 1Th 1:6*33488; 1Pt 1:6–8*34441",
        "a": "n"
    },
    {
        "o": 32738,
        "r": "csb:2 Corinthians:6:14",
        "w": 19,
        "l": {},
        "c": "Mt 13:41*26621",
        "a": "o"
    },
    {
        "o": 32738,
        "r": "csb:2 Corinthians:6:14",
        "w": 24,
        "l": {},
        "c": "Jn 12:46*30106",
        "a": "p"
    },
    {
        "o": 32738,
        "r": "csb:2 Corinthians:6:14",
        "w": 27,
        "l": {},
        "c": "Mt 6:23*26298",
        "a": "q"
    },
    {
        "o": 32739,
        "r": "csb:2 Corinthians:6:15",
        "w": 6,
        "l": {},
        "t": "6:15*r Or Beliar",
        "a": "r"
    },
    {
        "o": 32740,
        "r": "csb:2 Corinthians:6:16",
        "w": 10,
        "l": {},
        "c": "Gn 31:19*984; 1Co 8:4*32305",
        "a": "s"
    },
    {
        "o": 32740,
        "r": "csb:2 Corinthians:6:16",
        "w": 12,
        "l": {},
        "t": "6:16*r Other mss read you",
        "a": "t"
    },
    {
        "o": 32740,
        "r": "csb:2 Corinthians:6:16",
        "w": 25,
        "l": {},
        "c": "Jms 4:5*34394",
        "a": "u"
    },
    {
        "o": 32740,
        "r": "csb:2 Corinthians:6:16",
        "w": 35,
        "l": {},
        "c": "Heb 3:6*34010",
        "a": "v"
    },
    {
        "o": 32740,
        "r": "csb:2 Corinthians:6:16",
        "w": 41,
        "l": {},
        "t": "6:16*r Lv 26:12; Jr 31:33; 32:38; Ezk 37:26",
        "a": "w"
    },
    {
        "o": 32740,
        "r": "csb:2 Corinthians:6:16",
        "w": 41,
        "l": {},
        "c": "Lv 26:12*3903",
        "a": "x"
    },
    {
        "o": 32741,
        "r": "csb:2 Corinthians:6:17",
        "w": 22,
        "l": {},
        "t": "6:17*r Is 52:11",
        "a": "y"
    },
    {
        "o": 32741,
        "r": "csb:2 Corinthians:6:17",
        "w": 22,
        "l": {},
        "c": "Is 52:11*20954",
        "a": "z"
    },
    {
        "o": 32742,
        "r": "csb:2 Corinthians:6:18",
        "w": 5,
        "l": {},
        "c": "Mt 5:16*26231; 11:27*26510; Lk 11:13*28742; Jn 8:42*29880; Eph 5:20*33205",
        "a": "a"
    },
    {
        "o": 32742,
        "r": "csb:2 Corinthians:6:18",
        "w": 12,
        "l": {},
        "c": "Mt 5:9*26222",
        "a": "b"
    },
    {
        "o": 32742,
        "r": "csb:2 Corinthians:6:18",
        "w": 20,
        "l": {},
        "t": "6:18*r 2Sm 7:14; Is 43:6; 49:22; 60:4; Hs 1:10",
        "a": "c"
    },
    {
        "o": 32742,
        "r": "csb:2 Corinthians:6:18",
        "w": 20,
        "l": {},
        "c": "2Sm 7:14*9057; Rv 1:8*34829",
        "a": "d"
    },
    {
        "o": 32744,
        "r": "csb:2 Corinthians:7:1",
        "w": 8,
        "l": {},
        "c": "Gn 12:7*338",
        "a": "a"
    },
    {
        "o": 32744,
        "r": "csb:2 Corinthians:7:1",
        "w": 20,
        "l": {},
        "c": "Ps 51:12*16374",
        "a": "b"
    },
    {
        "o": 32744,
        "r": "csb:2 Corinthians:7:1",
        "w": 24,
        "l": {},
        "t": "7:1*r Or spirit, perfecting holiness",
        "a": "c"
    },
    {
        "o": 32744,
        "r": "csb:2 Corinthians:7:1",
        "w": 29,
        "l": {},
        "c": "Ps 147:11*18323; Pr 1:7*18377; Rv 14:7*35110",
        "a": "d"
    },
    {
        "o": 32746,
        "r": "csb:2 Corinthians:7:2",
        "w": 12,
        "l": {},
        "c": "1Co 3:17*32183; 15:33*32548; 2Co 11:3*32829; Eph 4:22*33172; 2Pt 2:12*34595; Jd 10*34801; Rv 19:2*35216",
        "a": "e"
    },
    {
        "o": 32749,
        "r": "csb:2 Corinthians:7:5",
        "w": 6,
        "l": {},
        "c": "Ac 16:9*31109",
        "a": "f"
    },
    {
        "o": 32749,
        "r": "csb:2 Corinthians:7:5",
        "w": 7,
        "l": {},
        "t": "7:5*r Lit our flesh",
        "a": "g"
    },
    {
        "o": 32749,
        "r": "csb:2 Corinthians:7:5",
        "w": 18,
        "l": {},
        "c": "Jms 4:1*34390; Ti 3:9*33926",
        "a": "h"
    },
    {
        "o": 32749,
        "r": "csb:2 Corinthians:7:5",
        "w": 22,
        "l": {},
        "c": "Jn 7:13*29789; Ac 27:29*31551",
        "a": "i"
    },
    {
        "o": 32750,
        "r": "csb:2 Corinthians:7:6",
        "w": 5,
        "l": {},
        "c": "Mt 11:29*26512",
        "a": "j"
    },
    {
        "o": 32751,
        "r": "csb:2 Corinthians:7:7",
        "w": 26,
        "l": {},
        "c": "Nm 25:13*4934",
        "a": "k"
    },
    {
        "o": 32752,
        "r": "csb:2 Corinthians:7:8",
        "w": 8,
        "l": {},
        "c": "2Co 2:2,4*32636",
        "a": "l"
    },
    {
        "o": 32754,
        "r": "csb:2 Corinthians:7:10",
        "w": 16,
        "l": {},
        "c": "Mt 10:21*26455; Jn 8:51*29890; Php 3:10*33330",
        "a": "m"
    },
    {
        "o": 32755,
        "r": "csb:2 Corinthians:7:11",
        "w": 42,
        "l": {},
        "c": "Php 4:8*33352",
        "a": "n"
    },
    {
        "o": 32757,
        "r": "csb:2 Corinthians:7:13",
        "w": 20,
        "l": {},
        "c": "Ti 1:4*33886",
        "a": "o"
    },
    {
        "o": 32758,
        "r": "csb:2 Corinthians:7:14",
        "w": 25,
        "l": {},
        "c": "Ps 119:142*17918; Jn 8:14*29850; 14:6*30162; 2Co 11:10*32836; 1Jn 5:20*34749; 3Jn 3*34772",
        "a": "p"
    },
    {
        "o": 32763,
        "r": "csb:2 Corinthians:8:1",
        "w": 18,
        "l": {},
        "c": "Mt 16:18*26749; 1Co 14:4*32473; Rv 1:4*34824",
        "a": "a"
    },
    {
        "o": 32763,
        "r": "csb:2 Corinthians:8:1",
        "w": 20,
        "l": {},
        "c": "Ac 16:9*31109",
        "a": "b"
    },
    {
        "o": 32764,
        "r": "csb:2 Corinthians:8:2",
        "w": 23,
        "l": {},
        "c": "Php 4:10*33355",
        "a": "c"
    },
    {
        "o": 32766,
        "r": "csb:2 Corinthians:8:4",
        "w": 8,
        "l": {},
        "c": "Ac 24:17*31440; Rm 15:26,31*32067; 2Co 8:19–20*32782; 9:1,12–13*32790",
        "a": "d"
    },
    {
        "o": 32767,
        "r": "csb:2 Corinthians:8:5",
        "w": 21,
        "l": {},
        "c": "Ps 143:10*18254; Pr 16:9*18853; Jn 5:30*29680; Gl 1:4*32906; Eph 1:9*33082; 1Jn 2:17*34661",
        "a": "e"
    },
    {
        "o": 32769,
        "r": "csb:2 Corinthians:8:7",
        "w": 9,
        "l": {},
        "c": "Php 3:8*33328; 1Jn 4:8*34712",
        "a": "f"
    },
    {
        "o": 32769,
        "r": "csb:2 Corinthians:8:7",
        "w": 19,
        "l": {},
        "t": "8:7*r Other mss read in our love for you",
        "a": "g"
    },
    {
        "o": 32771,
        "r": "csb:2 Corinthians:8:9",
        "w": 13,
        "l": {},
        "c": "Mt 20:28*26899; 2Co 6:10*32733; Php 2:6–7*33292",
        "a": "h"
    },
    {
        "o": 32771,
        "r": "csb:2 Corinthians:8:9",
        "w": 19,
        "l": {},
        "c": "Php 2:7*33293",
        "a": "i"
    },
    {
        "o": 32772,
        "r": "csb:2 Corinthians:8:10",
        "w": 29,
        "l": {},
        "c": "1Co 16:1–4*32578; 2Co 9:1–2*32790",
        "a": "j"
    },
    {
        "o": 32774,
        "r": "csb:2 Corinthians:8:12",
        "w": 23,
        "l": {},
        "c": "Lk 21:3*29217",
        "a": "k"
    },
    {
        "o": 32775,
        "r": "csb:2 Corinthians:8:13",
        "w": 20,
        "l": {},
        "t": "8:13*r Lit but from equality",
        "a": "l"
    },
    {
        "o": 32777,
        "r": "csb:2 Corinthians:8:15",
        "w": 24,
        "l": {},
        "t": "8:15*r Ex 16:18",
        "a": "m"
    },
    {
        "o": 32777,
        "r": "csb:2 Corinthians:8:15",
        "w": 24,
        "l": {},
        "c": "Ex 16:18*2166",
        "a": "n"
    },
    {
        "o": 32781,
        "r": "csb:2 Corinthians:8:18",
        "w": 6,
        "l": {},
        "c": "2Co 12:18*32882",
        "a": "o"
    },
    {
        "o": 32781,
        "r": "csb:2 Corinthians:8:18",
        "w": 17,
        "l": {},
        "t": "8:18*r Lit churches, in the gospel",
        "a": "p"
    },
    {
        "o": 32784,
        "r": "csb:2 Corinthians:8:21",
        "w": 5,
        "l": {},
        "c": "1Tm 5:8*33735",
        "a": "q"
    },
    {
        "o": 32784,
        "r": "csb:2 Corinthians:8:21",
        "w": 10,
        "l": {},
        "c": "1Pt 2:12*34476",
        "a": "r"
    },
    {
        "o": 32786,
        "r": "csb:2 Corinthians:8:23",
        "w": 6,
        "l": {},
        "c": "Phm 17*33954",
        "a": "s"
    },
    {
        "o": 32786,
        "r": "csb:2 Corinthians:8:23",
        "w": 8,
        "l": {},
        "c": "1Co 3:9*32174",
        "a": "t"
    },
    {
        "o": 32786,
        "r": "csb:2 Corinthians:8:23",
        "w": 18,
        "l": {},
        "c": "Jn 13:16*30129",
        "a": "u"
    },
    {
        "o": 32786,
        "r": "csb:2 Corinthians:8:23",
        "w": 25,
        "l": {},
        "c": "Mk 10:37*27818",
        "a": "v"
    },
    {
        "o": 32787,
        "r": "csb:2 Corinthians:8:24",
        "w": 13,
        "l": {},
        "c": "2Co 12:5*32867; Jms 4:16*34406",
        "a": "w"
    },
    {
        "o": 32791,
        "r": "csb:2 Corinthians:9:2",
        "w": 12,
        "l": {},
        "c": "Ac 16:9*31109",
        "a": "a"
    },
    {
        "o": 32791,
        "r": "csb:2 Corinthians:9:2",
        "w": 13,
        "l": {},
        "c": "Ac 18:12*31198",
        "a": "b"
    },
    {
        "o": 32791,
        "r": "csb:2 Corinthians:9:2",
        "w": 22,
        "l": {},
        "c": "Nm 25:13*4934",
        "a": "c"
    },
    {
        "o": 32791,
        "r": "csb:2 Corinthians:9:2",
        "w": 28,
        "l": {},
        "c": "2Co 8:18*32781; 12:18*32882",
        "a": "d"
    },
    {
        "o": 32793,
        "r": "csb:2 Corinthians:9:4",
        "w": 23,
        "l": {},
        "t": "9:4*r Or in this confidence",
        "a": "e"
    },
    {
        "o": 32794,
        "r": "csb:2 Corinthians:9:5",
        "w": 21,
        "l": {},
        "c": "Ac 11:30*30933",
        "a": "f"
    },
    {
        "o": 32794,
        "r": "csb:2 Corinthians:9:5",
        "w": 37,
        "l": {},
        "c": "Eph 5:3*33186",
        "a": "g"
    },
    {
        "o": 32795,
        "r": "csb:2 Corinthians:9:6",
        "w": 3,
        "l": {},
        "t": "9:6*r Lit And this",
        "a": "h"
    },
    {
        "o": 32796,
        "r": "csb:2 Corinthians:9:7",
        "w": 19,
        "l": {},
        "c": "Lk 6:35*28460; Jn 3:16*29564; 12:43*30103; 2Th 2:13*33617; Rv 12:11*35071",
        "a": "i"
    },
    {
        "o": 32797,
        "r": "csb:2 Corinthians:9:8",
        "w": 3,
        "l": {},
        "c": "Eph 3:20*33146",
        "a": "j"
    },
    {
        "o": 32798,
        "r": "csb:2 Corinthians:9:9",
        "w": 6,
        "l": {},
        "c": "Jn 16:32*30259",
        "a": "k"
    },
    {
        "o": 32798,
        "r": "csb:2 Corinthians:9:9",
        "w": 15,
        "l": {},
        "t": "9:9*r Ps 112:9",
        "a": "l"
    },
    {
        "o": 32798,
        "r": "csb:2 Corinthians:9:9",
        "w": 15,
        "l": {},
        "c": "Ps 112:9*17658; 1Jn 2:17*34661",
        "a": "m"
    },
    {
        "o": 32799,
        "r": "csb:2 Corinthians:9:10",
        "w": 26,
        "l": {},
        "c": "Is 55:10–11*21003; Hs 10:12*25022",
        "a": "n"
    },
    {
        "o": 32800,
        "r": "csb:2 Corinthians:9:11",
        "w": 3,
        "l": {},
        "c": "1Co 1:5*32114; 2Co 6:10*32733",
        "a": "o"
    },
    {
        "o": 32801,
        "r": "csb:2 Corinthians:9:12",
        "w": 5,
        "l": {},
        "c": "Heb 8:6*34122",
        "a": "p"
    },
    {
        "o": 32802,
        "r": "csb:2 Corinthians:9:13",
        "w": 24,
        "l": {},
        "c": "Php 4:10*33355",
        "a": "q"
    },
    {
        "o": 32808,
        "r": "csb:2 Corinthians:10:2",
        "w": 34,
        "l": {},
        "c": "Php 3:3*33323",
        "a": "a"
    },
    {
        "o": 32810,
        "r": "csb:2 Corinthians:10:4",
        "w": 5,
        "l": {},
        "c": "1Tm 1:18*33666",
        "a": "b"
    },
    {
        "o": 32810,
        "r": "csb:2 Corinthians:10:4",
        "w": 13,
        "l": {},
        "c": "Ac 25:5*31458",
        "a": "c"
    },
    {
        "o": 32811,
        "r": "csb:2 Corinthians:10:5",
        "w": 10,
        "l": {},
        "c": "Jn 17:3*30265; 1Jn 4:8*34712",
        "a": "d"
    },
    {
        "o": 32813,
        "r": "csb:2 Corinthians:10:7",
        "w": 4,
        "l": {},
        "t": "10:7*r Or You are looking at things outwardly",
        "a": "e"
    },
    {
        "o": 32813,
        "r": "csb:2 Corinthians:10:7",
        "w": 13,
        "l": {},
        "c": "1Co 3:23*32189; Gl 5:24*33047",
        "a": "f"
    },
    {
        "o": 32814,
        "r": "csb:2 Corinthians:10:8",
        "w": 18,
        "l": {},
        "c": "1Co 14:3*32472",
        "a": "g"
    },
    {
        "o": 32818,
        "r": "csb:2 Corinthians:10:12",
        "w": 11,
        "l": {},
        "c": "Gl 2:18*32949",
        "a": "h"
    },
    {
        "o": 32818,
        "r": "csb:2 Corinthians:10:12",
        "w": 23,
        "l": {},
        "c": "Pr 26:12*19169; 27:2*19188",
        "a": "i"
    },
    {
        "o": 32818,
        "r": "csb:2 Corinthians:10:12",
        "w": 26,
        "l": {},
        "c": "Mt 13:13*26588",
        "a": "j"
    },
    {
        "o": 32819,
        "r": "csb:2 Corinthians:10:13",
        "w": 20,
        "l": {},
        "c": "Rm 12:3*31973; 1Co 7:17*32275; Heb 7:2*34086",
        "a": "k"
    },
    {
        "o": 32821,
        "r": "csb:2 Corinthians:10:15",
        "w": 16,
        "l": {},
        "c": "1Th 1:3*33485",
        "a": "l"
    },
    {
        "o": 32822,
        "r": "csb:2 Corinthians:10:16",
        "w": 11,
        "l": {},
        "c": "Ac 19:21*31242",
        "a": "m"
    },
    {
        "o": 32822,
        "r": "csb:2 Corinthians:10:16",
        "w": 25,
        "l": {},
        "c": "Rm 15:20*32060",
        "a": "n"
    },
    {
        "o": 32823,
        "r": "csb:2 Corinthians:10:17",
        "w": 9,
        "l": {},
        "t": "10:17*r Jr 9:24",
        "a": "o"
    },
    {
        "o": 32823,
        "r": "csb:2 Corinthians:10:17",
        "w": 9,
        "l": {},
        "c": "Jr 9:24*21517",
        "a": "p"
    },
    {
        "o": 32824,
        "r": "csb:2 Corinthians:10:18",
        "w": 16,
        "l": {},
        "c": "1Th 2:4*33498",
        "a": "q"
    },
    {
        "o": 32827,
        "r": "csb:2 Corinthians:11:1",
        "w": 9,
        "l": {},
        "c": "Mk 7:22*27657; 2Co 11:17,21*32844",
        "a": "a"
    },
    {
        "o": 32827,
        "r": "csb:2 Corinthians:11:1",
        "w": 17,
        "l": {},
        "t": "11:1*r Or Yes, you are putting up with me",
        "a": "b"
    },
    {
        "o": 32828,
        "r": "csb:2 Corinthians:11:2",
        "w": 3,
        "l": {},
        "c": "Jms 3:16*34385",
        "a": "c"
    },
    {
        "o": 32828,
        "r": "csb:2 Corinthians:11:2",
        "w": 9,
        "l": {},
        "c": "Nm 25:13*4934; Gl 4:17*33005",
        "a": "d"
    },
    {
        "o": 32828,
        "r": "csb:2 Corinthians:11:2",
        "w": 23,
        "l": {},
        "c": "Php 4:8*33352",
        "a": "e"
    },
    {
        "o": 32829,
        "r": "csb:2 Corinthians:11:3",
        "w": 6,
        "l": {},
        "c": "Gn 3:1*63; Lk 10:19*28699",
        "a": "f"
    },
    {
        "o": 32829,
        "r": "csb:2 Corinthians:11:3",
        "w": 7,
        "l": {},
        "c": "Rm 7:11*31806; 16:18*32097; 1Co 3:18*32184; 2Th 2:3*33606; 1Tm 2:14*33685",
        "a": "g"
    },
    {
        "o": 32829,
        "r": "csb:2 Corinthians:11:3",
        "w": 8,
        "l": {},
        "c": "Gn 3:20*83",
        "a": "h"
    },
    {
        "o": 32829,
        "r": "csb:2 Corinthians:11:3",
        "w": 21,
        "l": {},
        "t": "11:3*r Other mss omit and pure",
        "a": "i"
    },
    {
        "o": 32829,
        "r": "csb:2 Corinthians:11:3",
        "w": 24,
        "l": {},
        "c": "1Th 3:5*33524",
        "a": "j"
    },
    {
        "o": 32830,
        "r": "csb:2 Corinthians:11:4",
        "w": 8,
        "l": {},
        "c": "1Co 3:11*32176",
        "a": "k"
    },
    {
        "o": 32830,
        "r": "csb:2 Corinthians:11:4",
        "w": 19,
        "l": {},
        "c": "1Jn 4:1*34704",
        "a": "l"
    },
    {
        "o": 32830,
        "r": "csb:2 Corinthians:11:4",
        "w": 28,
        "l": {},
        "c": "Gl 1:6*32909",
        "a": "m"
    },
    {
        "o": 32831,
        "r": "csb:2 Corinthians:11:5",
        "w": 10,
        "l": {},
        "c": "Jd 17*34809",
        "a": "n"
    },
    {
        "o": 32832,
        "r": "csb:2 Corinthians:11:6",
        "w": 7,
        "l": {},
        "c": "1Co 1:17*32128",
        "a": "o"
    },
    {
        "o": 32832,
        "r": "csb:2 Corinthians:11:6",
        "w": 14,
        "l": {},
        "c": "Php 3:8*33328; 1Jn 4:8*34712",
        "a": "p"
    },
    {
        "o": 32833,
        "r": "csb:2 Corinthians:11:7",
        "w": 7,
        "l": {},
        "c": "Lk 14:11*28915",
        "a": "q"
    },
    {
        "o": 32833,
        "r": "csb:2 Corinthians:11:7",
        "w": 14,
        "l": {},
        "c": "Lk 1:52*28190",
        "a": "r"
    },
    {
        "o": 32833,
        "r": "csb:2 Corinthians:11:7",
        "w": 26,
        "l": {},
        "c": "Ac 18:3*31189",
        "a": "s"
    },
    {
        "o": 32835,
        "r": "csb:2 Corinthians:11:9",
        "w": 20,
        "l": {},
        "c": "Ac 16:9*31109",
        "a": "t"
    },
    {
        "o": 32835,
        "r": "csb:2 Corinthians:11:9",
        "w": 23,
        "l": {},
        "c": "Php 4:10*33355",
        "a": "u"
    },
    {
        "o": 32836,
        "r": "csb:2 Corinthians:11:10",
        "w": 15,
        "l": {},
        "t": "11:10*r Or silenced",
        "a": "v"
    },
    {
        "o": 32836,
        "r": "csb:2 Corinthians:11:10",
        "w": 20,
        "l": {},
        "c": "Ac 18:12*31198",
        "a": "w"
    },
    {
        "o": 32838,
        "r": "csb:2 Corinthians:11:12",
        "w": 13,
        "l": {},
        "t": "11:12*r Lit cut off",
        "a": "x"
    },
    {
        "o": 32839,
        "r": "csb:2 Corinthians:11:13",
        "w": 5,
        "l": {},
        "c": "Rv 2:2*34846",
        "a": "y"
    },
    {
        "o": 32841,
        "r": "csb:2 Corinthians:11:15",
        "w": 23,
        "l": {},
        "c": "Gl 3:10*32965",
        "a": "z"
    },
    {
        "o": 32844,
        "r": "csb:2 Corinthians:11:17",
        "w": 6,
        "l": {},
        "t": "11:17*r Or business, or confidence",
        "a": "a"
    },
    {
        "o": 32846,
        "r": "csb:2 Corinthians:11:19",
        "w": 9,
        "l": {},
        "c": "Pr 3:7*18437",
        "a": "b"
    },
    {
        "o": 32847,
        "r": "csb:2 Corinthians:11:20",
        "w": 13,
        "l": {},
        "c": "Gl 5:15*33038",
        "a": "c"
    },
    {
        "o": 32847,
        "r": "csb:2 Corinthians:11:20",
        "w": 29,
        "l": {},
        "c": "Mt 5:39*26259",
        "a": "d"
    },
    {
        "o": 32849,
        "r": "csb:2 Corinthians:11:22",
        "w": 2,
        "l": {},
        "c": "Php 3:5*33325",
        "a": "e"
    },
    {
        "o": 32849,
        "r": "csb:2 Corinthians:11:22",
        "w": 17,
        "l": {},
        "c": "Gn 16:15*439; Gl 3:29*32986",
        "a": "f"
    },
    {
        "o": 32851,
        "r": "csb:2 Corinthians:11:24",
        "w": 11,
        "l": {},
        "c": "Dt 25:3*6131",
        "a": "g"
    },
    {
        "o": 32852,
        "r": "csb:2 Corinthians:11:25",
        "w": 6,
        "l": {},
        "c": "Ac 16:22*31124",
        "a": "h"
    },
    {
        "o": 32852,
        "r": "csb:2 Corinthians:11:25",
        "w": 11,
        "l": {},
        "c": "Ac 14:19*31041",
        "a": "i"
    },
    {
        "o": 32852,
        "r": "csb:2 Corinthians:11:25",
        "w": 16,
        "l": {},
        "c": "Ac 27:1–44*31521; 1Tm 1:19*33667",
        "a": "j"
    },
    {
        "o": 32853,
        "r": "csb:2 Corinthians:11:26",
        "w": 10,
        "l": {},
        "c": "Mk 14:48*28026",
        "a": "k"
    },
    {
        "o": 32853,
        "r": "csb:2 Corinthians:11:26",
        "w": 15,
        "l": {},
        "c": "Ac 9:23*30821; 13:50*31017; 14:5*31026; 17:5*31152; 18:12*31198; 20:3,19*31267; 21:27*31336; 23:10–12*31395; 25:3*31456",
        "a": "l"
    },
    {
        "o": 32854,
        "r": "csb:2 Corinthians:11:27",
        "w": 15,
        "l": {},
        "c": "Rm 8:35*31861",
        "a": "m"
    },
    {
        "o": 32855,
        "r": "csb:2 Corinthians:11:28",
        "w": 2,
        "l": {},
        "t": "11:28*r Lit Apart from",
        "a": "n"
    },
    {
        "o": 32856,
        "r": "csb:2 Corinthians:11:29",
        "w": 12,
        "l": {},
        "c": "Jn 16:1*30226",
        "a": "o"
    },
    {
        "o": 32858,
        "r": "csb:2 Corinthians:11:31",
        "w": 3,
        "l": {},
        "c": "Mt 5:16*26231; 11:27*26510; Lk 11:13*28742; Jn 8:42*29880; Eph 5:20*33205",
        "a": "p"
    },
    {
        "o": 32859,
        "r": "csb:2 Corinthians:11:32",
        "w": 1,
        "l": {},
        "c": "2Sm 8:5*9080",
        "a": "q"
    },
    {
        "o": 32859,
        "r": "csb:2 Corinthians:11:32",
        "w": 3,
        "l": {},
        "t": "11:32*r Gk ethnarches; a leader of an ethnic community",
        "a": "r"
    },
    {
        "o": 32860,
        "r": "csb:2 Corinthians:11:33",
        "w": 18,
        "l": {},
        "c": "Ac 9:19–25*30817",
        "a": "s"
    },
    {
        "o": 32863,
        "r": "csb:2 Corinthians:12:1",
        "w": 13,
        "l": {},
        "c": "Lk 1:22*28157",
        "a": "a"
    },
    {
        "o": 32863,
        "r": "csb:2 Corinthians:12:1",
        "w": 15,
        "l": {},
        "c": "1Pt 4:13*34533",
        "a": "b"
    },
    {
        "o": 32864,
        "r": "csb:2 Corinthians:12:2",
        "w": 9,
        "l": {},
        "c": "1Th 4:17*33554",
        "a": "c"
    },
    {
        "o": 32866,
        "r": "csb:2 Corinthians:12:4",
        "w": 4,
        "l": {},
        "c": "Lk 23:43*29390",
        "a": "d"
    },
    {
        "o": 32868,
        "r": "csb:2 Corinthians:12:6",
        "w": 17,
        "l": {},
        "c": "Ps 119:142*17918; Jn 8:14*29850; 14:6*30162; 2Co 11:10*32836; 1Jn 5:20*34749; 3Jn 3*34772",
        "a": "e"
    },
    {
        "o": 32869,
        "r": "csb:2 Corinthians:12:7",
        "w": 18,
        "l": {},
        "c": "Nm 33:55*5292; Ezk 28:24*23830; Php 3:3*33323",
        "a": "f"
    },
    {
        "o": 32869,
        "r": "csb:2 Corinthians:12:7",
        "w": 26,
        "l": {},
        "c": "Mt 4:1,10*26183; Ac 13:10*30975",
        "a": "g"
    },
    {
        "o": 32871,
        "r": "csb:2 Corinthians:12:9",
        "w": 13,
        "l": {},
        "c": "Mk 5:30*27558; Lk 1:35*28171; 6:19*28442; Ac 19:11*31231; 2Co 13:4*32891; Rv 11:17*35055",
        "a": "h"
    },
    {
        "o": 32871,
        "r": "csb:2 Corinthians:12:9",
        "w": 17,
        "l": {},
        "c": "Is 40:29–31*20667; 1Co 2:5*32151; Php 4:13*33358",
        "a": "i"
    },
    {
        "o": 32872,
        "r": "csb:2 Corinthians:12:10",
        "w": 16,
        "l": {},
        "c": "Mt 5:11–12*26224; Rm 5:3*31746; 2Co 13:4*32891",
        "a": "j"
    },
    {
        "o": 32872,
        "r": "csb:2 Corinthians:12:10",
        "w": 25,
        "l": {},
        "c": "Eph 6:10*33233",
        "a": "k"
    },
    {
        "o": 32874,
        "r": "csb:2 Corinthians:12:11",
        "w": 31,
        "l": {},
        "c": "Gl 6:3*33054",
        "a": "l"
    },
    {
        "o": 32875,
        "r": "csb:2 Corinthians:12:12",
        "w": 1,
        "l": {},
        "c": "Heb 2:4*33987",
        "a": "m"
    },
    {
        "o": 32875,
        "r": "csb:2 Corinthians:12:12",
        "w": 4,
        "l": {},
        "c": "Ac 1:2*30461; Jd 17*34809",
        "a": "n"
    },
    {
        "o": 32875,
        "r": "csb:2 Corinthians:12:12",
        "w": 15,
        "l": {},
        "c": "Mk 13:22*27951",
        "a": "o"
    },
    {
        "o": 32875,
        "r": "csb:2 Corinthians:12:12",
        "w": 17,
        "l": {},
        "c": "Ac 19:11*31231",
        "a": "p"
    },
    {
        "o": 32878,
        "r": "csb:2 Corinthians:12:14",
        "w": 10,
        "l": {},
        "c": "Ac 18*31186; 2Co 2:1*32635; 13:1*32888",
        "a": "q"
    },
    {
        "o": 32879,
        "r": "csb:2 Corinthians:12:15",
        "w": 9,
        "l": {},
        "t": "12:15*r Lit for your souls, or for your lives",
        "a": "r"
    },
    {
        "o": 32879,
        "r": "csb:2 Corinthians:12:15",
        "w": 9,
        "l": {},
        "c": "2Co 1:6*32613; Php 2:17*33304; Col 1:24*33399; 1Th 2:8*33502; 2Tm 2:10*33816",
        "a": "s"
    },
    {
        "o": 32880,
        "r": "csb:2 Corinthians:12:16",
        "w": 5,
        "l": {},
        "c": "1Th 2:7*33501",
        "a": "t"
    },
    {
        "o": 32880,
        "r": "csb:2 Corinthians:12:16",
        "w": 17,
        "l": {},
        "c": "Ps 10:7*15597",
        "a": "u"
    },
    {
        "o": 32882,
        "r": "csb:2 Corinthians:12:18",
        "w": 2,
        "l": {},
        "c": "Ti 1:4*33886",
        "a": "v"
    },
    {
        "o": 32882,
        "r": "csb:2 Corinthians:12:18",
        "w": 26,
        "l": {},
        "c": "Ps 51:12*16374",
        "a": "w"
    },
    {
        "o": 32883,
        "r": "csb:2 Corinthians:12:19",
        "w": 32,
        "l": {},
        "c": "1Co 14:3–4*32472",
        "a": "x"
    },
    {
        "o": 32884,
        "r": "csb:2 Corinthians:12:20",
        "w": 33,
        "l": {},
        "c": "Ti 3:9*33926",
        "a": "y"
    },
    {
        "o": 32884,
        "r": "csb:2 Corinthians:12:20",
        "w": 34,
        "l": {},
        "c": "Jms 3:14*34383",
        "a": "z"
    },
    {
        "o": 32884,
        "r": "csb:2 Corinthians:12:20",
        "w": 38,
        "l": {},
        "c": "Rm 2:8*31652",
        "a": "a"
    },
    {
        "o": 32884,
        "r": "csb:2 Corinthians:12:20",
        "w": 39,
        "l": {},
        "c": "1Pt 2:1*34464",
        "a": "b"
    },
    {
        "o": 32884,
        "r": "csb:2 Corinthians:12:20",
        "w": 43,
        "l": {},
        "c": "1Co 14:33,40*32503",
        "a": "c"
    },
    {
        "o": 32885,
        "r": "csb:2 Corinthians:12:21",
        "w": 9,
        "l": {},
        "t": "12:21*r Or come again my God will",
        "a": "d"
    },
    {
        "o": 32885,
        "r": "csb:2 Corinthians:12:21",
        "w": 27,
        "l": {},
        "c": "Ac 3:19*30563",
        "a": "e"
    },
    {
        "o": 32885,
        "r": "csb:2 Corinthians:12:21",
        "w": 33,
        "l": {},
        "c": "1Th 4:3*33538",
        "a": "f"
    },
    {
        "o": 32885,
        "r": "csb:2 Corinthians:12:21",
        "w": 35,
        "l": {},
        "c": "Mk 7:21–22*27656",
        "a": "g"
    },
    {
        "o": 32888,
        "r": "csb:2 Corinthians:13:1",
        "w": 9,
        "l": {},
        "c": "2Co 12:14*32878",
        "a": "a"
    },
    {
        "o": 32888,
        "r": "csb:2 Corinthians:13:1",
        "w": 22,
        "l": {},
        "t": "13:1*r Dt 17:6; 19:15",
        "a": "b"
    },
    {
        "o": 32888,
        "r": "csb:2 Corinthians:13:1",
        "w": 22,
        "l": {},
        "c": "Dt 17:6*5916; 19:15*5976",
        "a": "c"
    },
    {
        "o": 32889,
        "r": "csb:2 Corinthians:13:2",
        "w": 16,
        "l": {},
        "c": "Gl 5:21*33044; 1Th 3:4*33522",
        "a": "d"
    },
    {
        "o": 32890,
        "r": "csb:2 Corinthians:13:3",
        "w": 8,
        "l": {},
        "c": "Mt 10:20*26454; 1Co 5:4*32220",
        "a": "e"
    },
    {
        "o": 32891,
        "r": "csb:2 Corinthians:13:4",
        "w": 3,
        "l": {},
        "c": "Mt 27:22*27274; Php 2:7–8*33293",
        "a": "f"
    },
    {
        "o": 32891,
        "r": "csb:2 Corinthians:13:4",
        "w": 8,
        "l": {},
        "c": "Rm 14:9*32021; Php 1:21*33274; 1Pt 3:18*34512",
        "a": "g"
    },
    {
        "o": 32891,
        "r": "csb:2 Corinthians:13:4",
        "w": 20,
        "l": {},
        "c": "2Co 12:10*32873",
        "a": "h"
    },
    {
        "o": 32891,
        "r": "csb:2 Corinthians:13:4",
        "w": 28,
        "l": {},
        "c": "Rm 6:4,8*31772",
        "a": "i"
    },
    {
        "o": 32892,
        "r": "csb:2 Corinthians:13:5",
        "w": 0,
        "l": {},
        "c": "Jms 1:13*34322",
        "a": "j"
    },
    {
        "o": 32892,
        "r": "csb:2 Corinthians:13:5",
        "w": 28,
        "l": {},
        "t": "13:5*r Or you are disqualified, or you are counterfeit",
        "a": "k"
    },
    {
        "o": 32894,
        "r": "csb:2 Corinthians:13:7",
        "w": 26,
        "l": {},
        "c": "1Pt 2:12*34476",
        "a": "l"
    },
    {
        "o": 32895,
        "r": "csb:2 Corinthians:13:8",
        "w": 7,
        "l": {},
        "c": "2Th 2:10*33613",
        "a": "m"
    },
    {
        "o": 32896,
        "r": "csb:2 Corinthians:13:9",
        "w": 9,
        "l": {},
        "c": "Ac 25:5*31458",
        "a": "n"
    },
    {
        "o": 32896,
        "r": "csb:2 Corinthians:13:9",
        "w": 17,
        "l": {},
        "t": "13:9*r Or become complete, or be restored",
        "a": "o"
    },
    {
        "o": 32897,
        "r": "csb:2 Corinthians:13:10",
        "w": 36,
        "l": {},
        "c": "1Co 14:3*32472",
        "a": "p"
    },
    {
        "o": 32897,
        "r": "csb:2 Corinthians:13:10",
        "w": 41,
        "l": {},
        "c": "2Co 10:4,8*32810",
        "a": "q"
    },
    {
        "o": 32898,
        "r": "csb:2 Corinthians:13:11",
        "w": 4,
        "l": {},
        "t": "13:11*r Or farewell",
        "a": "r"
    },
    {
        "o": 32898,
        "r": "csb:2 Corinthians:13:11",
        "w": 8,
        "l": {},
        "t": "13:11*r Or listen to my appeal",
        "a": "s"
    },
    {
        "o": 32898,
        "r": "csb:2 Corinthians:13:11",
        "w": 13,
        "l": {},
        "c": "Rm 12:16*31987; Php 1:7*33258",
        "a": "t"
    },
    {
        "o": 32898,
        "r": "csb:2 Corinthians:13:11",
        "w": 16,
        "l": {},
        "c": "Mk 9:50*27774; Rm 16:20*32099; 2Tm 1:2*33786",
        "a": "u"
    },
    {
        "o": 32898,
        "r": "csb:2 Corinthians:13:11",
        "w": 21,
        "l": {},
        "c": "1Jn 4:16*34720",
        "a": "v"
    },
    {
        "o": 32899,
        "r": "csb:2 Corinthians:13:12",
        "w": 6,
        "l": {},
        "c": "Rm 16:16*32094; 1Co 16:20*32600; 1Th 5:26*33584; 1Pt 5:14*34556",
        "a": "w"
    },
    {
        "o": 32900,
        "r": "csb:2 Corinthians:13:13",
        "w": 9,
        "l": {},
        "c": "1Co 13:1*32455; 1Jn 4:16*34720",
        "a": "x"
    },
    {
        "o": 32900,
        "r": "csb:2 Corinthians:13:13",
        "w": 22,
        "l": {},
        "t": "13:12–13*r Some translations divide these two vv. into three vv. so that v. 13 begins with All the saints...  and v. 14 begins with The grace of...",
        "a": "y"
    },
    {
        "o": 32900,
        "r": "csb:2 Corinthians:13:13",
        "w": 22,
        "l": {},
        "c": "2Th 3:16*33641",
        "a": "z"
    }
]
