[
    {
        "o": 10450,
        "r": "csb:1 Kings:21:1",
        "w": 15,
        "l": {},
        "c": "Jdg 6:33*7406; 1Kg 18:45*10374",
        "a": "a"
    },
    {
        "o": 10450,
        "r": "csb:1 Kings:21:1",
        "w": 24,
        "l": {},
        "c": "1Kg 20:1*10404",
        "a": "b"
    },
    {
        "o": 10451,
        "r": "csb:1 Kings:21:2",
        "w": 9,
        "l": {},
        "c": "1Sm 8:14*8173",
        "a": "c"
    },
    {
        "o": 10452,
        "r": "csb:1 Kings:21:3",
        "w": 17,
        "l": {},
        "c": "Lv 25:23*3857; Nm 36:7*5371",
        "a": "d"
    },
    {
        "o": 10453,
        "r": "csb:1 Kings:21:4",
        "w": 8,
        "l": {},
        "c": "1Kg 20:43*10447",
        "a": "e"
    },
    {
        "o": 10453,
        "r": "csb:1 Kings:21:4",
        "w": 38,
        "l": {},
        "c": "2Kg 20:2*11193",
        "a": "f"
    },
    {
        "o": 10453,
        "r": "csb:1 Kings:21:4",
        "w": 43,
        "l": {},
        "c": "1Sm 28:23*8807",
        "a": "g"
    },
    {
        "o": 10456,
        "r": "csb:1 Kings:21:7",
        "w": 32,
        "l": {},
        "c": "1Sm 8:14*8173",
        "a": "h"
    },
    {
        "o": 10457,
        "r": "csb:1 Kings:21:8",
        "w": 3,
        "l": {},
        "c": "2Sm 11:14*9146",
        "a": "i"
    },
    {
        "o": 10457,
        "r": "csb:1 Kings:21:8",
        "w": 12,
        "l": {},
        "c": "Est 3:12*14194; 8:8,10*14270",
        "a": "j"
    },
    {
        "o": 10457,
        "r": "csb:1 Kings:21:8",
        "w": 19,
        "l": {},
        "c": "1Kg 20:7*10410",
        "a": "k"
    },
    {
        "o": 10458,
        "r": "csb:1 Kings:21:9",
        "w": 7,
        "l": {},
        "c": "1Sm 7:5–6*8145; 2Ch 20:2–4*12864",
        "a": "l"
    },
    {
        "o": 10459,
        "r": "csb:1 Kings:21:10",
        "w": 4,
        "l": {},
        "c": "Dt 13:13*5814",
        "a": "m"
    },
    {
        "o": 10459,
        "r": "csb:1 Kings:21:10",
        "w": 20,
        "l": {},
        "c": "Ex 20:16*2277; 23:1*2370; Dt 5:20*5579; Ac 6:11*30676",
        "a": "n"
    },
    {
        "o": 10459,
        "r": "csb:1 Kings:21:10",
        "w": 29,
        "l": {},
        "c": "Lv 24:15–16*3824",
        "a": "o"
    },
    {
        "o": 10463,
        "r": "csb:1 Kings:21:14",
        "w": 11,
        "l": {},
        "c": "Lv 24:16*3825",
        "a": "p"
    },
    {
        "o": 10464,
        "r": "csb:1 Kings:21:15",
        "w": 34,
        "l": {},
        "c": "1Kg 21:2–3*10451",
        "a": "q"
    },
    {
        "o": 10467,
        "r": "csb:1 Kings:21:17",
        "w": 10,
        "l": {},
        "c": "1Kg 17:2,8*10302",
        "a": "r"
    },
    {
        "o": 10468,
        "r": "csb:1 Kings:21:18",
        "w": 9,
        "l": {},
        "c": "1Kg 18:1*10329",
        "a": "s"
    },
    {
        "o": 10468,
        "r": "csb:1 Kings:21:18",
        "w": 13,
        "l": {},
        "c": "1Kg 16:29*10293; 2Ch 22:9*12941",
        "a": "t"
    },
    {
        "o": 10469,
        "r": "csb:1 Kings:21:19",
        "w": 10,
        "l": {},
        "c": "Ex 20:13*2274; Dt 5:17*5576",
        "a": "u"
    },
    {
        "o": 10469,
        "r": "csb:1 Kings:21:19",
        "w": 14,
        "l": {},
        "c": "Lv 25:23*3857",
        "a": "v"
    },
    {
        "o": 10469,
        "r": "csb:1 Kings:21:19",
        "w": 41,
        "l": {},
        "c": "1Kg 22:38*10521",
        "a": "w"
    },
    {
        "o": 10470,
        "r": "csb:1 Kings:21:20",
        "w": 11,
        "l": {},
        "c": "1Kg 18:17*10345",
        "a": "x"
    },
    {
        "o": 10470,
        "r": "csb:1 Kings:21:20",
        "w": 20,
        "l": {},
        "c": "2Kg 17:17*11078; Rm 7:14*31810",
        "a": "y"
    },
    {
        "o": 10471,
        "r": "csb:1 Kings:21:21",
        "w": 5,
        "l": {},
        "t": "21:21*r LXX; MT omits This is what the Lord says",
        "a": "z"
    },
    {
        "o": 10471,
        "r": "csb:1 Kings:21:21",
        "w": 26,
        "l": {},
        "t": "21:21*r Lit eliminate Ahab’s one who urinates against the wall",
        "a": "a"
    },
    {
        "o": 10471,
        "r": "csb:1 Kings:21:21",
        "w": 30,
        "l": {},
        "t": "21:21*r Or males, even the weak and impaired; Hb obscure",
        "a": "b"
    },
    {
        "o": 10471,
        "r": "csb:1 Kings:21:21",
        "w": 32,
        "l": {},
        "c": "2Kg 9:8*10801",
        "a": "c"
    },
    {
        "o": 10472,
        "r": "csb:1 Kings:21:22",
        "w": 9,
        "l": {},
        "c": "1Kg 14:10–11*10198",
        "a": "d"
    },
    {
        "o": 10472,
        "r": "csb:1 Kings:21:22",
        "w": 18,
        "l": {},
        "c": "1Kg 16:3–4*10263",
        "a": "e"
    },
    {
        "o": 10472,
        "r": "csb:1 Kings:21:22",
        "w": 31,
        "l": {},
        "c": "1Kg 12:30*10146",
        "a": "f"
    },
    {
        "o": 10473,
        "r": "csb:1 Kings:21:23",
        "w": 15,
        "l": {},
        "t": "21:23*r Some Hb mss, Syr, Tg, Vg, 2Kg 9:36; other Hb mss, LXX read the rampart",
        "a": "g"
    },
    {
        "o": 10473,
        "r": "csb:1 Kings:21:23",
        "w": 17,
        "l": {},
        "c": "2Kg 9:10,30–37*10803",
        "a": "h"
    },
    {
        "o": 10474,
        "r": "csb:1 Kings:21:24",
        "w": 22,
        "l": {},
        "t": "21:24*r Lit birds of the sky",
        "a": "i"
    },
    {
        "o": 10474,
        "r": "csb:1 Kings:21:24",
        "w": 24,
        "l": {},
        "c": "1Kg 14:11*10199; 16:4*10264",
        "a": "j"
    },
    {
        "o": 10475,
        "r": "csb:1 Kings:21:25",
        "w": 24,
        "l": {},
        "c": "1Kg 16:30–33*10294",
        "a": "k"
    },
    {
        "o": 10476,
        "r": "csb:1 Kings:21:26",
        "w": 8,
        "l": {},
        "c": "2Kg 17:12*11073",
        "a": "l"
    },
    {
        "o": 10476,
        "r": "csb:1 Kings:21:26",
        "w": 11,
        "l": {},
        "c": "Gn 15:16*417; 2Kg 21:11*11227",
        "a": "m"
    },
    {
        "o": 10477,
        "r": "csb:1 Kings:21:27",
        "w": 20,
        "l": {},
        "c": "Gn 37:34*1230; 2Sm 3:31*8967; 2Kg 6:30*10733",
        "a": "n"
    },
    {
        "o": 10479,
        "r": "csb:1 Kings:21:29",
        "w": 18,
        "l": {},
        "c": "2Kg 20:19*11212; 2Ch 32:26*13227",
        "a": "o"
    },
    {
        "o": 10479,
        "r": "csb:1 Kings:21:29",
        "w": 37,
        "l": {},
        "c": "2Kg 9:25–37*10819; 10:6–11*10840",
        "a": "p"
    }
]
