[
    {
        "o": 10378,
        "r": "csb:1 Kings:19:1",
        "w": 2,
        "l": {},
        "c": "1Kg 16:31*10295; 18:4,14*10332",
        "a": "a"
    },
    {
        "o": 10378,
        "r": "csb:1 Kings:19:1",
        "w": 7,
        "l": {},
        "c": "1Kg 18:30–38*10359",
        "a": "b"
    },
    {
        "o": 10378,
        "r": "csb:1 Kings:19:1",
        "w": 18,
        "l": {},
        "c": "1Kg 18:40*10369",
        "a": "c"
    },
    {
        "o": 10379,
        "r": "csb:1 Kings:19:2",
        "w": 16,
        "l": {},
        "c": "1Sm 3:17*8071; 1Kg 20:10*10413; 2Kg 6:31*10734",
        "a": "d"
    },
    {
        "o": 10380,
        "r": "csb:1 Kings:19:3",
        "w": 3,
        "l": {},
        "t": "19:3*r Some Hb mss, LXX, Syr, Vg; other Hb mss read He saw",
        "a": "e"
    },
    {
        "o": 10380,
        "r": "csb:1 Kings:19:3",
        "w": 3,
        "l": {},
        "c": "Pr 29:25*19268",
        "a": "f"
    },
    {
        "o": 10380,
        "r": "csb:1 Kings:19:3",
        "w": 9,
        "l": {},
        "c": "Gn 31:21*987",
        "a": "g"
    },
    {
        "o": 10380,
        "r": "csb:1 Kings:19:3",
        "w": 14,
        "l": {},
        "c": "Gn 21:31*602; Jdg 20:1*7813",
        "a": "h"
    },
    {
        "o": 10380,
        "r": "csb:1 Kings:19:3",
        "w": 23,
        "l": {},
        "c": "Gn 22:5*612; Mt 14:23*26669; 26:36*27205",
        "a": "i"
    },
    {
        "o": 10381,
        "r": "csb:1 Kings:19:4",
        "w": 16,
        "l": {},
        "c": "Jb 30:4*15066",
        "a": "j"
    },
    {
        "o": 10381,
        "r": "csb:1 Kings:19:4",
        "w": 32,
        "l": {},
        "c": "Nm 11:15*4444; Jnh 4:3,8*25420",
        "a": "k"
    },
    {
        "o": 10382,
        "r": "csb:1 Kings:19:5",
        "w": 14,
        "l": {},
        "c": "Gn 28:11–16*868",
        "a": "l"
    },
    {
        "o": 10383,
        "r": "csb:1 Kings:19:6",
        "w": 21,
        "l": {},
        "c": "1Kg 17:10–11*10311",
        "a": "m"
    },
    {
        "o": 10384,
        "r": "csb:1 Kings:19:7",
        "w": 5,
        "l": {},
        "c": "Gn 16:7,9,11*431",
        "a": "n"
    },
    {
        "o": 10385,
        "r": "csb:1 Kings:19:8",
        "w": 20,
        "l": {},
        "c": "Ex 24:18*2424; Mt 4:2*26184",
        "a": "o"
    },
    {
        "o": 10385,
        "r": "csb:1 Kings:19:8",
        "w": 26,
        "l": {},
        "c": "Ex 3:1*1741; 4:27*1793",
        "a": "p"
    },
    {
        "o": 10386,
        "r": "csb:1 Kings:19:9",
        "w": 3,
        "l": {},
        "c": "Ex 33:22*2759",
        "a": "q"
    },
    {
        "o": 10388,
        "r": "csb:1 Kings:19:9",
        "w": 19,
        "l": {},
        "c": "Gn 3:9*72",
        "a": "r"
    },
    {
        "o": 10389,
        "r": "csb:1 Kings:19:10",
        "w": 6,
        "l": {},
        "c": "Nm 25:13*4934; Ac 22:3*31354",
        "a": "s"
    },
    {
        "o": 10389,
        "r": "csb:1 Kings:19:10",
        "w": 19,
        "l": {},
        "c": "Dt 31:16*6346",
        "a": "t"
    },
    {
        "o": 10389,
        "r": "csb:1 Kings:19:10",
        "w": 23,
        "l": {},
        "c": "1Kg 18:30*10359",
        "a": "u"
    },
    {
        "o": 10389,
        "r": "csb:1 Kings:19:10",
        "w": 27,
        "l": {},
        "c": "1Kg 18:4,13*10332; Ac 7:52*30739",
        "a": "v"
    },
    {
        "o": 10389,
        "r": "csb:1 Kings:19:10",
        "w": 34,
        "l": {},
        "c": "1Kg 18:22*10351",
        "a": "w"
    },
    {
        "o": 10389,
        "r": "csb:1 Kings:19:10",
        "w": 44,
        "l": {},
        "c": "1Kg 19:2,14*10379; Rm 11:3*31932",
        "a": "x"
    },
    {
        "o": 10390,
        "r": "csb:1 Kings:19:11",
        "w": 13,
        "l": {},
        "c": "Ex 19:20*2254",
        "a": "y"
    },
    {
        "o": 10390,
        "r": "csb:1 Kings:19:11",
        "w": 20,
        "l": {},
        "c": "Ex 33:21–22*2758",
        "a": "z"
    },
    {
        "o": 10390,
        "r": "csb:1 Kings:19:11",
        "w": 25,
        "l": {},
        "c": "Ezk 1:4*23045; Ac 2:2*30493",
        "a": "a"
    },
    {
        "o": 10390,
        "r": "csb:1 Kings:19:11",
        "w": 52,
        "l": {},
        "c": "Am 1:1*25173; Rv 6:12*34951; 16:18*35160",
        "a": "b"
    },
    {
        "o": 10391,
        "r": "csb:1 Kings:19:12",
        "w": 6,
        "l": {},
        "c": "Ex 3:2*1742",
        "a": "c"
    },
    {
        "o": 10391,
        "r": "csb:1 Kings:19:12",
        "w": 25,
        "l": {},
        "c": "Zch 4:6,10*25847",
        "a": "d"
    },
    {
        "o": 10392,
        "r": "csb:1 Kings:19:13",
        "w": 10,
        "l": {},
        "c": "Ex 3:6*1746",
        "a": "e"
    },
    {
        "o": 10393,
        "r": "csb:1 Kings:19:14",
        "w": 43,
        "l": {},
        "c": "1Kg 19:10*10389; Rm 11:3*31932",
        "a": "f"
    },
    {
        "o": 10394,
        "r": "csb:1 Kings:19:15",
        "w": 26,
        "l": {},
        "c": "2Kg 8:8–15*10768",
        "a": "g"
    },
    {
        "o": 10395,
        "r": "csb:1 Kings:19:16",
        "w": 4,
        "l": {},
        "c": "2Kg 19:1–10*11149",
        "a": "h"
    },
    {
        "o": 10395,
        "r": "csb:1 Kings:19:16",
        "w": 13,
        "l": {},
        "c": "1Kg 19:19*10399",
        "a": "i"
    },
    {
        "o": 10396,
        "r": "csb:1 Kings:19:17",
        "w": 11,
        "l": {},
        "c": "2Kg 9:14–10:25*10807",
        "a": "j"
    },
    {
        "o": 10396,
        "r": "csb:1 Kings:19:17",
        "w": 23,
        "l": {},
        "c": "2Kg 2:24*10586; 8:1*10760",
        "a": "k"
    },
    {
        "o": 10397,
        "r": "csb:1 Kings:19:18",
        "w": 7,
        "l": {},
        "c": "Rm 11:4*31933",
        "a": "l"
    },
    {
        "o": 10397,
        "r": "csb:1 Kings:19:18",
        "w": 15,
        "l": {},
        "c": "1Kg 16:31*10295",
        "a": "m"
    },
    {
        "o": 10397,
        "r": "csb:1 Kings:19:18",
        "w": 23,
        "l": {},
        "c": "Hs 13:2*25060",
        "a": "n"
    },
    {
        "o": 10399,
        "r": "csb:1 Kings:19:19",
        "w": 5,
        "l": {},
        "c": "1Kg 19:16–17*10395",
        "a": "o"
    },
    {
        "o": 10399,
        "r": "csb:1 Kings:19:19",
        "w": 38,
        "l": {},
        "c": "2Kg 2:8,13–14*10568",
        "a": "p"
    },
    {
        "o": 10400,
        "r": "csb:1 Kings:19:20",
        "w": 23,
        "l": {},
        "c": "Mt 8:21–22*26370",
        "a": "q"
    },
    {
        "o": 10401,
        "r": "csb:1 Kings:19:21",
        "w": 13,
        "l": {},
        "t": "19:21*r Or sacrificed",
        "a": "r"
    },
    {
        "o": 10401,
        "r": "csb:1 Kings:19:21",
        "w": 21,
        "l": {},
        "c": "1Sm 6:14*8131; 2Sm 24:22*9626",
        "a": "s"
    },
    {
        "o": 10401,
        "r": "csb:1 Kings:19:21",
        "w": 42,
        "l": {},
        "c": "Lk 14:26,33*28932",
        "a": "t"
    }
]
