[
    {
        "o": 34493,
        "r": "csb:1 Peter:3:1",
        "w": 4,
        "l": {},
        "c": "Eph 5:22–33*33208; Col 3:18–19*33451; 1Tm 3:11*33699",
        "a": "a"
    },
    {
        "o": 34493,
        "r": "csb:1 Peter:3:1",
        "w": 18,
        "l": {},
        "c": "1Co 7:16*32274; 1Pt 1:24–25*34460",
        "a": "b"
    },
    {
        "o": 34493,
        "r": "csb:1 Peter:3:1",
        "w": 23,
        "l": {},
        "c": "1Co 9:19–22*32335; Php 3:8*33328",
        "a": "c"
    },
    {
        "o": 34493,
        "r": "csb:1 Peter:3:1",
        "w": 32,
        "l": {},
        "c": "2Pt 3:11*34618",
        "a": "d"
    },
    {
        "o": 34494,
        "r": "csb:1 Peter:3:2",
        "w": 6,
        "l": {},
        "c": "Ti 2:5*33905",
        "a": "e"
    },
    {
        "o": 34495,
        "r": "csb:1 Peter:3:3",
        "w": 17,
        "l": {},
        "c": "Is 3:18–24*19842; 1Tm 2:9*33680",
        "a": "f"
    },
    {
        "o": 34496,
        "r": "csb:1 Peter:3:4",
        "w": 6,
        "l": {},
        "t": "3:4*r Or rather, the hidden person of the heart",
        "a": "g"
    },
    {
        "o": 34496,
        "r": "csb:1 Peter:3:4",
        "w": 6,
        "l": {},
        "c": "Rm 2:29*31675; 7:22*31818",
        "a": "h"
    },
    {
        "o": 34496,
        "r": "csb:1 Peter:3:4",
        "w": 12,
        "l": {},
        "c": "Mt 5:5*26218",
        "a": "i"
    },
    {
        "o": 34496,
        "r": "csb:1 Peter:3:4",
        "w": 14,
        "l": {},
        "c": "1Tm 2:2*33672",
        "a": "j"
    },
    {
        "o": 34497,
        "r": "csb:1 Peter:3:5",
        "w": 5,
        "l": {},
        "c": "Ps 20:6*15767; 1Co 7:14*32271",
        "a": "k"
    },
    {
        "o": 34497,
        "r": "csb:1 Peter:3:5",
        "w": 10,
        "l": {},
        "c": "1Tm 5:5*33732; 1Pt 1:3*34438",
        "a": "l"
    },
    {
        "o": 34498,
        "r": "csb:1 Peter:3:6",
        "w": 2,
        "l": {},
        "c": "Gn 17:15–21*457; 18:6–15*477; Heb 11:11*34216",
        "a": "m"
    },
    {
        "o": 34498,
        "r": "csb:1 Peter:3:6",
        "w": 24,
        "l": {},
        "c": "Pr 3:25*18456",
        "a": "n"
    },
    {
        "o": 34499,
        "r": "csb:1 Peter:3:7",
        "w": 0,
        "l": {},
        "c": "Mt 1:19*26126; 1Co 14:35*32505; Eph 5:22–28*33208; Col 3:18–19*33451; Ti 2:4–5*33904",
        "a": "o"
    },
    {
        "o": 34499,
        "r": "csb:1 Peter:3:7",
        "w": 17,
        "l": {},
        "c": "1Th 4:4*33539",
        "a": "p"
    },
    {
        "o": 34501,
        "r": "csb:1 Peter:3:8",
        "w": 10,
        "l": {},
        "c": "Heb 13:1*34281",
        "a": "q"
    },
    {
        "o": 34501,
        "r": "csb:1 Peter:3:8",
        "w": 13,
        "l": {},
        "c": "Eph 4:32*33182",
        "a": "r"
    },
    {
        "o": 34501,
        "r": "csb:1 Peter:3:8",
        "w": 15,
        "l": {},
        "t": "3:8*r Other mss read courteous",
        "a": "s"
    },
    {
        "o": 34502,
        "r": "csb:1 Peter:3:9",
        "w": 5,
        "l": {},
        "c": "Rm 12:17*31988",
        "a": "t"
    },
    {
        "o": 34502,
        "r": "csb:1 Peter:3:9",
        "w": 16,
        "l": {},
        "c": "Lk 6:28*28453; Rm 12:14*31985; 1Co 4:12*32204",
        "a": "u"
    },
    {
        "o": 34503,
        "r": "csb:1 Peter:3:10",
        "w": 1,
        "l": {},
        "c": "Ps 34:12–16*16020",
        "a": "v"
    },
    {
        "o": 34503,
        "r": "csb:1 Peter:3:10",
        "w": 19,
        "l": {},
        "c": "Jms 1:26*34336",
        "a": "w"
    },
    {
        "o": 34503,
        "r": "csb:1 Peter:3:10",
        "w": 25,
        "l": {},
        "c": "Rm 3:13*31691; Jms 3:5–8*34373",
        "a": "x"
    },
    {
        "o": 34504,
        "r": "csb:1 Peter:3:11",
        "w": 4,
        "l": {},
        "c": "Ps 37:27*16106",
        "a": "y"
    },
    {
        "o": 34504,
        "r": "csb:1 Peter:3:11",
        "w": 15,
        "l": {},
        "c": "Lk 12:51*28848; 2Tm 1:2*33786; Heb 12:14*34263; 3Jn 14*34786",
        "a": "z"
    },
    {
        "o": 34505,
        "r": "csb:1 Peter:3:12",
        "w": 31,
        "l": {},
        "c": "Ps 34:12–16*16020",
        "a": "a"
    },
    {
        "o": 34508,
        "r": "csb:1 Peter:3:14",
        "w": 7,
        "l": {},
        "c": "Mt 6:33*26309; Rm 1:17*31626; 2Pt 1:1*34559",
        "a": "b"
    },
    {
        "o": 34508,
        "r": "csb:1 Peter:3:14",
        "w": 14,
        "l": {},
        "t": "3:14*r Or Do not fear what they fear",
        "a": "c"
    },
    {
        "o": 34508,
        "r": "csb:1 Peter:3:14",
        "w": 14,
        "l": {},
        "c": "Jn 6:20*29720; 7:13*29789",
        "a": "d"
    },
    {
        "o": 34508,
        "r": "csb:1 Peter:3:14",
        "w": 17,
        "l": {},
        "t": "3:14*r Is 8:12",
        "a": "e"
    },
    {
        "o": 34508,
        "r": "csb:1 Peter:3:14",
        "w": 17,
        "l": {},
        "c": "Is 8:12–13*19949",
        "a": "f"
    },
    {
        "o": 34509,
        "r": "csb:1 Peter:3:15",
        "w": 4,
        "l": {},
        "t": "3:15*r Or sanctify, or set apart",
        "a": "g"
    },
    {
        "o": 34509,
        "r": "csb:1 Peter:3:15",
        "w": 5,
        "l": {},
        "t": "3:15*r Other mss read set God",
        "a": "h"
    },
    {
        "o": 34509,
        "r": "csb:1 Peter:3:15",
        "w": 32,
        "l": {},
        "c": "1Jn 4:4*34707",
        "a": "i"
    },
    {
        "o": 34510,
        "r": "csb:1 Peter:3:16",
        "w": 10,
        "l": {},
        "c": "Ac 23:1*31386; 24:16*31439; Rm 9:1*31868; 2Co 1:12*32620; 1Tm 1:5,19*33651; 3:9*33697; Heb 10:22*34185; 1Pt 3:21*34515",
        "a": "j"
    },
    {
        "o": 34510,
        "r": "csb:1 Peter:3:16",
        "w": 16,
        "l": {},
        "t": "3:16*r Other mss read when they speak against you as evildoers",
        "a": "k"
    },
    {
        "o": 34511,
        "r": "csb:1 Peter:3:17",
        "w": 5,
        "l": {},
        "c": "Php 1:29*33282; 1Pt 2:19*34484",
        "a": "l"
    },
    {
        "o": 34512,
        "r": "csb:1 Peter:3:18",
        "w": 3,
        "l": {},
        "c": "Mk 8:31*27711; Rm 5:8*31752",
        "a": "m"
    },
    {
        "o": 34512,
        "r": "csb:1 Peter:3:18",
        "w": 8,
        "l": {},
        "c": "Rm 6:10*31778; Heb 9:28*34160; 10:10*34172; 1Pt 2:21*34486; 4:1*34519",
        "a": "n"
    },
    {
        "o": 34512,
        "r": "csb:1 Peter:3:18",
        "w": 20,
        "l": {},
        "c": "Rm 5:2*31745",
        "a": "o"
    },
    {
        "o": 34512,
        "r": "csb:1 Peter:3:18",
        "w": 28,
        "l": {},
        "t": "3:18*r Or by the flesh, or in the fleshly realm",
        "a": "p"
    },
    {
        "o": 34512,
        "r": "csb:1 Peter:3:18",
        "w": 28,
        "l": {},
        "c": "Eph 2:14*33115",
        "a": "q"
    },
    {
        "o": 34512,
        "r": "csb:1 Peter:3:18",
        "w": 34,
        "l": {},
        "t": "3:18*r Or in the spirit, or in the Spirit, or in the spiritual realm",
        "a": "r"
    },
    {
        "o": 34513,
        "r": "csb:1 Peter:3:19",
        "w": 1,
        "l": {},
        "t": "3:19*r Or by whom, or in whom, or at that time",
        "a": "s"
    },
    {
        "o": 34513,
        "r": "csb:1 Peter:3:19",
        "w": 10,
        "l": {},
        "c": "1Jn 4:1*34704",
        "a": "t"
    },
    {
        "o": 34514,
        "r": "csb:1 Peter:3:20",
        "w": 14,
        "l": {},
        "c": "Gn 5:29*147",
        "a": "u"
    },
    {
        "o": 34514,
        "r": "csb:1 Peter:3:20",
        "w": 28,
        "l": {},
        "t": "3:20*r Or souls",
        "a": "v"
    },
    {
        "o": 34514,
        "r": "csb:1 Peter:3:20",
        "w": 28,
        "l": {},
        "c": "Gn 5:32*150; 6:18*172; 7:7,13*185; 8:16,18*222",
        "a": "w"
    },
    {
        "o": 34515,
        "r": "csb:1 Peter:3:21",
        "w": 16,
        "l": {},
        "c": "Heb 9:14*34146; 10:22*34185",
        "a": "x"
    },
    {
        "o": 34515,
        "r": "csb:1 Peter:3:21",
        "w": 19,
        "l": {},
        "t": "3:21*r Or the appeal",
        "a": "y"
    },
    {
        "o": 34515,
        "r": "csb:1 Peter:3:21",
        "w": 31,
        "l": {},
        "c": "1Pt 1:3*34438",
        "a": "z"
    },
    {
        "o": 34516,
        "r": "csb:1 Peter:3:22",
        "w": 4,
        "l": {},
        "c": "Ac 1:10,12*30471; 1Tm 3:16*33705; Heb 4:14*34040; 6:20*34082",
        "a": "a"
    },
    {
        "o": 34516,
        "r": "csb:1 Peter:3:22",
        "w": 12,
        "l": {},
        "c": "Ps 110:1*17629; Mk 16:19*28131; Ac 2:33–34*30525; Rm 8:34*31860; Heb 10:12*34174",
        "a": "b"
    },
    {
        "o": 34516,
        "r": "csb:1 Peter:3:22",
        "w": 20,
        "l": {},
        "c": "Eph 1:20–22*33095",
        "a": "c"
    }
]
